date,city,gmv,placed,orders,bad_orders,failed_orders,active_time,working_time,availability_observations,online_hours,scheduled_hours,availability_pct,bad_order_rate_pct,failed_order_rate_pct,currency
2026-07-01,Brovary,72.18273,7.0,7.0,0.0,0.0,700.5666666666667,700.5666666666667,1,11.676111111111112,11.676111111111112,100.0,0.0,0.0,EUR
2026-07-01,Dnipro,1018.1059889999999,76.0,75.0,18.0,1.0,11209.066666666671,11209.066666666671,17,186.81777777777785,186.81777777777785,100.0,24.0,1.3157894736842104,EUR
2026-07-01,Irpin,63.367128,5.0,5.0,2.0,0.0,700.5666666666667,700.5666666666667,1,11.676111111111112,11.676111111111112,100.0,40.0,0.0,EUR
2026-07-01,Kamianske,23.06509,2.0,1.0,0.0,1.0,1201.1333333333334,1201.1333333333334,2,20.018888888888892,20.018888888888892,100.0,0.0,50.0,EUR
2026-07-01,Kryvyi Rih,312.47065499999997,26.0,25.0,1.0,1.0,5604.533333333334,5604.533333333334,8,93.4088888888889,93.4088888888889,100.0,4.0,3.8461538461538463,EUR
2026-07-01,Kyiv,1689.3757929999997,120.0,108.0,11.0,12.0,12130.316666666671,12630.150000000005,18,202.1719444444445,210.50250000000008,96.04253842327024,10.185185185185185,10.0,EUR
2026-07-01,Odesa,111.77777600000002,10.0,8.0,2.0,2.0,3502.8333333333335,3502.8333333333335,5,58.38055555555556,58.38055555555556,100.0,25.0,20.0,EUR
2026-07-01,Pavlohrad,38.109355,3.0,3.0,0.0,0.0,1281.1333333333334,1281.1333333333334,2,21.352222222222224,21.352222222222224,100.0,0.0,0.0,EUR
2026-07-01,Vinnytsia,0.0,0.0,0.0,0.0,0.0,0.0,0.0,1,0.0,0.0,,,,EUR
2026-07-01,Vyshhorod,0.0,0.0,0.0,0.0,0.0,700.5666666666667,700.5666666666667,1,11.676111111111112,11.676111111111112,100.0,,,EUR
2026-07-01,Zaporizhia,405.717625,24.0,24.0,3.0,0.0,2802.266666666667,2802.266666666667,4,46.70444444444445,46.70444444444445,100.0,12.5,0.0,EUR
2026-07-02,Brovary,109.787144,7.0,7.0,0.0,0.0,701.0,701.0,1,11.683333333333334,11.683333333333334,100.0,0.0,0.0,EUR
2026-07-02,Dnipro,1175.0224129999997,94.0,91.0,13.0,3.0,11216.0,11216.0,17,186.93333333333334,186.93333333333334,100.0,14.285714285714285,3.1914893617021276,EUR
2026-07-02,Irpin,154.128147,9.0,9.0,0.0,0.0,701.0,701.0,1,11.683333333333334,11.683333333333334,100.0,0.0,0.0,EUR
2026-07-02,Kamianske,37.08573,3.0,3.0,1.0,0.0,1202.0,1202.0,2,20.033333333333335,20.033333333333335,100.0,33.33333333333333,0.0,EUR
2026-07-02,Kryvyi Rih,232.45844400000001,20.0,20.0,3.0,0.0,5608.0,5608.0,8,93.46666666666667,93.46666666666667,100.0,15.0,0.0,EUR
2026-07-02,Kyiv,1761.4695279999999,119.0,117.0,16.0,2.0,11937.683333333332,12057.766666666666,18,198.96138888888888,200.96277777777777,99.00409970890132,13.675213675213676,1.680672268907563,EUR
2026-07-02,Odesa,177.326344,13.0,13.0,3.0,0.0,3505.0,3505.0,5,58.416666666666664,58.416666666666664,100.0,23.076923076923077,0.0,EUR
2026-07-02,Pavlohrad,43.019845999999994,3.0,3.0,2.0,0.0,1282.0,1282.0,2,21.366666666666667,21.366666666666667,100.0,66.66666666666666,0.0,EUR
2026-07-02,Vinnytsia,0.0,2.0,0.0,0.0,2.0,462.73333333333335,506.0,1,7.7122222222222225,8.433333333333334,91.44927536231884,,100.0,EUR
2026-07-02,Vyshhorod,6.091636,1.0,1.0,0.0,0.0,701.0,701.0,1,11.683333333333334,11.683333333333334,100.0,0.0,0.0,EUR
2026-07-02,Zaporizhia,319.881085,27.0,27.0,4.0,0.0,2804.0,2804.0,4,46.733333333333334,46.733333333333334,100.0,14.814814814814813,0.0,EUR
2026-07-03,Brovary,108.814317,7.0,7.0,0.0,0.0,701.0,701.0,1,11.683333333333334,11.683333333333334,100.0,0.0,0.0,EUR
2026-07-03,Dnipro,1184.660194,92.0,82.0,11.0,10.0,11216.0,11216.0,17,186.93333333333334,186.93333333333334,100.0,13.414634146341465,10.869565217391305,EUR
2026-07-03,Irpin,163.689735,10.0,10.0,1.0,0.0,701.0,701.0,1,11.683333333333334,11.683333333333334,100.0,10.0,0.0,EUR
2026-07-03,Kamianske,0.0,0.0,0.0,0.0,0.0,1202.0,1202.0,2,20.033333333333335,20.033333333333335,100.0,,,EUR
2026-07-03,Kryvyi Rih,309.899023,23.0,22.0,2.0,1.0,5608.0,5608.0,8,93.46666666666667,93.46666666666667,100.0,9.090909090909092,4.3478260869565215,EUR
2026-07-03,Kyiv,1833.823917,120.0,112.0,12.0,8.0,12638.0,12638.0,18,210.63333333333333,210.63333333333333,100.0,10.714285714285714,6.666666666666667,EUR
2026-07-03,Odesa,225.785586,14.0,14.0,4.0,0.0,3505.0,3505.0,5,58.416666666666664,58.416666666666664,100.0,28.57142857142857,0.0,EUR
2026-07-03,Pavlohrad,56.597328000000005,5.0,5.0,0.0,0.0,1282.0,1282.0,2,21.366666666666667,21.366666666666667,100.0,0.0,0.0,EUR
2026-07-03,Vinnytsia,222.805131,13.0,12.0,2.0,1.0,701.0,701.0,1,11.683333333333334,11.683333333333334,100.0,16.666666666666664,7.6923076923076925,EUR
2026-07-03,Vyshhorod,0.0,0.0,0.0,0.0,0.0,701.0,701.0,1,11.683333333333334,11.683333333333334,100.0,,,EUR
2026-07-03,Zaporizhia,396.428546,26.0,23.0,2.0,3.0,2633.166666666667,2804.0,4,43.88611111111111,46.733333333333334,93.90751307655731,8.695652173913043,11.538461538461538,EUR
2026-07-04,Brovary,138.122227,10.0,10.0,0.0,0.0,701.0,701.0,1,11.683333333333334,11.683333333333334,100.0,0.0,0.0,EUR
2026-07-04,Dnipro,1100.788328,92.0,84.0,21.0,8.0,11216.0,11216.0,17,186.93333333333334,186.93333333333334,100.0,25.0,8.695652173913043,EUR
2026-07-04,Irpin,42.613756,6.0,3.0,0.0,3.0,701.0,701.0,1,11.683333333333334,11.683333333333334,100.0,0.0,50.0,EUR
2026-07-04,Kamianske,42.502761,2.0,2.0,2.0,0.0,1202.0,1202.0,2,20.033333333333335,20.033333333333335,100.0,100.0,0.0,EUR
2026-07-04,Kryvyi Rih,290.571973,18.0,18.0,3.0,0.0,5608.0,5608.0,8,93.46666666666667,93.46666666666667,100.0,16.666666666666664,0.0,EUR
2026-07-04,Kyiv,2776.880864,163.0,160.0,21.0,3.0,12638.0,12638.0,18,210.63333333333333,210.63333333333333,100.0,13.125,1.8404907975460123,EUR
2026-07-04,Odesa,251.22154799999998,15.0,15.0,6.0,0.0,3505.0,3505.0,5,58.416666666666664,58.416666666666664,100.0,40.0,0.0,EUR
2026-07-04,Pavlohrad,4.301839,2.0,1.0,0.0,1.0,1282.0,1282.0,2,21.366666666666667,21.366666666666667,100.0,0.0,50.0,EUR
2026-07-04,Vinnytsia,38.565426,4.0,3.0,1.0,1.0,701.0,701.0,1,11.683333333333334,11.683333333333334,100.0,33.33333333333333,25.0,EUR
2026-07-04,Vyshhorod,5.645149,1.0,1.0,0.0,0.0,701.0,701.0,1,11.683333333333334,11.683333333333334,100.0,0.0,0.0,EUR
2026-07-04,Zaporizhia,270.80387,20.0,20.0,2.0,0.0,2323.4833333333336,2804.0,4,38.724722222222226,46.733333333333334,82.863171659534,10.0,0.0,EUR
2026-07-05,Brovary,47.056348,6.0,6.0,0.0,0.0,701.8,701.8,1,11.696666666666665,11.696666666666665,100.0,0.0,0.0,EUR
2026-07-05,Dnipro,1487.0026639999999,106.0,103.0,18.0,3.0,11228.799999999997,11228.799999999997,17,187.14666666666662,187.14666666666662,100.0,17.475728155339805,2.8301886792452833,EUR
2026-07-05,Irpin,81.642941,6.0,6.0,1.0,0.0,701.8,701.8,1,11.696666666666665,11.696666666666665,100.0,16.666666666666664,0.0,EUR
2026-07-05,Kamianske,49.973572,3.0,3.0,1.0,0.0,1203.6,1203.6,2,20.06,20.06,100.0,33.33333333333333,0.0,EUR
2026-07-05,Kryvyi Rih,256.287244,17.0,17.0,1.0,0.0,5614.400000000001,5614.400000000001,8,93.57333333333334,93.57333333333334,100.0,5.88235294117647,0.0,EUR
2026-07-05,Kyiv,2253.1548730000004,160.0,154.0,22.0,6.0,12652.399999999996,12652.399999999996,18,210.87333333333328,210.87333333333328,100.0,14.285714285714285,3.75,EUR
2026-07-05,Odesa,152.359305,11.0,8.0,1.0,3.0,3509.0,3509.0,5,58.483333333333334,58.483333333333334,100.0,12.5,27.27272727272727,EUR
2026-07-05,Pavlohrad,61.677315,5.0,5.0,1.0,0.0,1283.6,1283.6,2,21.39333333333333,21.39333333333333,100.0,20.0,0.0,EUR
2026-07-05,Vinnytsia,39.348077,4.0,3.0,1.0,1.0,701.8,701.8,1,11.696666666666665,11.696666666666665,100.0,33.33333333333333,25.0,EUR
2026-07-05,Vyshhorod,0.0,0.0,0.0,0.0,0.0,701.8,701.8,1,11.696666666666665,11.696666666666665,100.0,,,EUR
2026-07-05,Zaporizhia,536.5430299999999,26.0,26.0,0.0,0.0,2807.2,2807.2,4,46.78666666666666,46.78666666666666,100.0,0.0,0.0,EUR
2026-07-06,Brovary,228.33784,14.0,14.0,1.0,0.0,700.1,700.1,1,11.668333333333333,11.668333333333333,100.0,7.142857142857142,0.0,EUR
2026-07-06,Dnipro,1192.968125,86.0,81.0,15.0,5.0,11201.600000000004,11201.600000000004,17,186.6933333333334,186.6933333333334,100.0,18.51851851851852,5.813953488372093,EUR
2026-07-06,Irpin,97.090545,9.0,9.0,0.0,0.0,700.1,700.1,1,11.668333333333333,11.668333333333333,100.0,0.0,0.0,EUR
2026-07-06,Kamianske,0.0,0.0,0.0,0.0,0.0,1202.2,1202.2,2,20.03666666666667,20.03666666666667,100.0,,,EUR
2026-07-06,Kryvyi Rih,224.692443,21.0,20.0,1.0,1.0,5600.800000000001,5600.800000000001,8,93.34666666666668,93.34666666666668,100.0,5.0,4.761904761904762,EUR
2026-07-06,Kyiv,1858.6061670000004,118.0,114.0,15.0,4.0,12621.800000000005,12621.800000000005,18,210.3633333333334,210.3633333333334,100.0,13.157894736842104,3.389830508474576,EUR
2026-07-06,Odesa,130.621892,17.0,12.0,1.0,5.0,3500.5,3500.5,5,58.34166666666667,58.34166666666667,100.0,8.333333333333332,29.411764705882355,EUR
2026-07-06,Pavlohrad,38.483007,4.0,4.0,0.0,0.0,1280.2,1280.2,2,21.336666666666666,21.336666666666666,100.0,0.0,0.0,EUR
2026-07-06,Vinnytsia,244.971026,14.0,14.0,4.0,0.0,700.1,700.1,1,11.668333333333333,11.668333333333333,100.0,28.57142857142857,0.0,EUR
2026-07-06,Vyshhorod,10.655524,1.0,1.0,0.0,0.0,700.1,700.1,1,11.668333333333333,11.668333333333333,100.0,0.0,0.0,EUR
2026-07-06,Zaporizhia,455.928182,25.0,25.0,2.0,0.0,2800.4,2800.4,4,46.67333333333333,46.67333333333333,100.0,8.0,0.0,EUR
2026-07-07,Brovary,113.353554,6.0,6.0,0.0,0.0,701.0333333333333,701.0333333333333,1,11.68388888888889,11.68388888888889,100.0,0.0,0.0,EUR
2026-07-07,Dnipro,991.5995069999999,78.0,73.0,14.0,5.0,11216.53333333333,11216.53333333333,17,186.94222222222214,186.94222222222214,100.0,19.17808219178082,6.41025641025641,EUR
2026-07-07,Irpin,59.238721,4.0,4.0,1.0,0.0,701.0333333333333,701.0333333333333,1,11.68388888888889,11.68388888888889,100.0,25.0,0.0,EUR
2026-07-07,Kamianske,27.818579,1.0,1.0,0.0,0.0,1202.0666666666666,1202.0666666666666,2,20.034444444444443,20.034444444444443,100.0,0.0,0.0,EUR
2026-07-07,Kryvyi Rih,221.257687,17.0,16.0,1.0,1.0,5608.266666666666,5608.266666666666,8,93.47111111111111,93.47111111111111,100.0,6.25,5.88235294117647,EUR
2026-07-07,Kyiv,1648.8995419999999,101.0,98.0,13.0,3.0,12638.599999999995,12638.599999999995,18,210.64333333333326,210.64333333333326,100.0,13.26530612244898,2.9702970297029703,EUR
2026-07-07,Odesa,112.740419,9.0,8.0,0.0,1.0,3505.1666666666665,3505.1666666666665,5,58.419444444444444,58.419444444444444,100.0,0.0,11.11111111111111,EUR
2026-07-07,Pavlohrad,33.864625,3.0,3.0,0.0,0.0,1282.0666666666666,1282.0666666666666,2,21.36777777777778,21.36777777777778,100.0,0.0,0.0,EUR
2026-07-07,Vinnytsia,318.417877,23.0,22.0,0.0,1.0,701.0333333333333,701.0333333333333,1,11.68388888888889,11.68388888888889,100.0,0.0,4.3478260869565215,EUR
2026-07-07,Vyshhorod,49.516607,2.0,2.0,0.0,0.0,701.0333333333333,701.0333333333333,1,11.68388888888889,11.68388888888889,100.0,0.0,0.0,EUR
2026-07-07,Zaporizhia,227.136638,18.0,18.0,2.0,0.0,2804.133333333333,2804.133333333333,4,46.73555555555556,46.73555555555556,100.0,11.11111111111111,0.0,EUR
2026-07-08,Brovary,75.264131,5.0,5.0,1.0,0.0,701.6833333333333,701.6833333333333,1,11.694722222222222,11.694722222222222,100.0,20.0,0.0,EUR
2026-07-08,Dnipro,901.970969,81.0,72.0,18.0,9.0,11226.933333333329,11226.933333333329,17,187.1155555555555,187.1155555555555,100.0,25.0,11.11111111111111,EUR
2026-07-08,Irpin,29.690313,2.0,2.0,0.0,0.0,701.6833333333333,701.6833333333333,1,11.694722222222222,11.694722222222222,100.0,0.0,0.0,EUR
2026-07-08,Kamianske,35.794832,2.0,2.0,1.0,0.0,1202.0,1202.0,2,20.033333333333335,20.033333333333335,100.0,50.0,0.0,EUR
2026-07-08,Kryvyi Rih,426.349158,37.0,37.0,6.0,0.0,5613.466666666666,5613.466666666666,8,93.55777777777777,93.55777777777777,100.0,16.216216216216218,0.0,EUR
2026-07-08,Kyiv,1773.461205,106.0,99.0,18.0,7.0,12650.299999999994,12650.299999999994,18,210.83833333333322,210.83833333333322,100.0,18.181818181818183,6.60377358490566,EUR
2026-07-08,Odesa,117.262535,9.0,9.0,2.0,0.0,3508.4166666666665,3508.4166666666665,5,58.47361111111111,58.47361111111111,100.0,22.22222222222222,0.0,EUR
2026-07-08,Pavlohrad,14.211652,2.0,2.0,0.0,0.0,1283.3666666666666,1283.3666666666666,2,21.389444444444443,21.389444444444443,100.0,0.0,0.0,EUR
2026-07-08,Vinnytsia,386.974191,32.0,29.0,6.0,3.0,701.6833333333333,701.6833333333333,1,11.694722222222222,11.694722222222222,100.0,20.689655172413794,9.375,EUR
2026-07-08,Vyshhorod,5.832724,1.0,1.0,0.0,0.0,701.6833333333333,701.6833333333333,1,11.694722222222222,11.694722222222222,100.0,0.0,0.0,EUR
2026-07-08,Zaporizhia,374.236301,27.0,26.0,2.0,1.0,2806.733333333333,2806.733333333333,4,46.778888888888886,46.778888888888886,100.0,7.6923076923076925,3.7037037037037033,EUR
2026-07-09,Brovary,87.039792,6.0,6.0,1.0,0.0,701.7166666666667,701.7166666666667,1,11.695277777777779,11.695277777777779,100.0,16.666666666666664,0.0,EUR
2026-07-09,Dnipro,1133.684001,91.0,81.0,12.0,10.0,11227.46666666667,11227.46666666667,17,187.12444444444452,187.12444444444452,100.0,14.814814814814813,10.989010989010989,EUR
2026-07-09,Irpin,102.906633,8.0,8.0,0.0,0.0,701.7166666666667,701.7166666666667,1,11.695277777777779,11.695277777777779,100.0,0.0,0.0,EUR
2026-07-09,Kamianske,0.0,0.0,0.0,0.0,0.0,1203.4333333333334,1203.4333333333334,2,20.057222222222222,20.057222222222222,100.0,,,EUR
2026-07-09,Kryvyi Rih,329.123533,23.0,23.0,1.0,0.0,5613.733333333334,5613.733333333334,8,93.56222222222223,93.56222222222223,100.0,4.3478260869565215,0.0,EUR
2026-07-09,Kyiv,1869.9288260000003,117.0,112.0,15.0,5.0,12631.900000000005,12631.900000000005,18,210.53166666666675,210.53166666666675,100.0,13.392857142857142,4.273504273504273,EUR
2026-07-09,Odesa,103.68640300000001,8.0,8.0,3.0,0.0,3508.5833333333335,3508.5833333333335,5,58.47638888888889,58.47638888888889,100.0,37.5,0.0,EUR
2026-07-09,Pavlohrad,49.34253,4.0,4.0,0.0,0.0,1283.4333333333334,1283.4333333333334,2,21.390555555555558,21.390555555555558,100.0,0.0,0.0,EUR
2026-07-09,Vinnytsia,327.273626,32.0,26.0,2.0,6.0,701.7166666666667,701.7166666666667,1,11.695277777777779,11.695277777777779,100.0,7.6923076923076925,18.75,EUR
2026-07-09,Vyshhorod,15.207992,2.0,1.0,0.0,1.0,393.18333333333334,701.7166666666667,1,6.553055555555556,11.695277777777779,56.03163670047265,0.0,50.0,EUR
2026-07-09,Zaporizhia,470.720237,26.0,26.0,4.0,0.0,2806.866666666667,2806.866666666667,4,46.781111111111116,46.781111111111116,100.0,15.384615384615385,0.0,EUR
2026-07-10,Brovary,146.061271,8.0,8.0,0.0,0.0,700.4833333333333,700.4833333333333,1,11.674722222222222,11.674722222222222,100.0,0.0,0.0,EUR
2026-07-10,Dnipro,980.2440399999998,86.0,76.0,19.0,10.0,11207.733333333335,11207.733333333335,17,186.79555555555558,186.79555555555558,100.0,25.0,11.627906976744185,EUR
2026-07-10,Irpin,140.743718,11.0,10.0,1.0,1.0,700.4833333333333,700.4833333333333,1,11.674722222222222,11.674722222222222,100.0,10.0,9.090909090909092,EUR
2026-07-10,Kamianske,22.500236,2.0,1.0,0.0,1.0,1200.9666666666667,1200.9666666666667,2,20.016111111111112,20.016111111111112,100.0,0.0,50.0,EUR
2026-07-10,Kryvyi Rih,321.56247800000006,26.0,26.0,5.0,0.0,5603.866666666668,5603.866666666668,8,93.39777777777779,93.39777777777779,100.0,19.230769230769234,0.0,EUR
2026-07-10,Kyiv,1964.32304,125.0,119.0,14.0,6.0,12588.700000000003,12588.700000000003,18,209.8116666666667,209.8116666666667,100.0,11.76470588235294,4.8,EUR
2026-07-10,Odesa,172.73963700000002,12.0,11.0,1.0,1.0,3502.416666666667,3502.416666666667,5,58.37361111111112,58.37361111111112,100.0,9.090909090909092,8.333333333333332,EUR
2026-07-10,Pavlohrad,73.524673,7.0,7.0,3.0,0.0,1280.9666666666667,1280.9666666666667,2,21.349444444444444,21.349444444444444,100.0,42.857142857142854,0.0,EUR
2026-07-10,Vinnytsia,400.384265,27.0,27.0,1.0,0.0,700.4833333333333,700.4833333333333,1,11.674722222222222,11.674722222222222,100.0,3.7037037037037033,0.0,EUR
2026-07-10,Vyshhorod,0.0,0.0,0.0,0.0,0.0,0.0,700.4833333333333,1,0.0,11.674722222222222,0.0,,,EUR
2026-07-10,Zaporizhia,292.282729,19.0,16.0,3.0,3.0,2801.9333333333334,2801.9333333333334,4,46.69888888888889,46.69888888888889,100.0,18.75,15.789473684210526,EUR
2026-07-11,Brovary,109.082136,9.0,9.0,0.0,0.0,701.0,701.0,1,11.683333333333334,11.683333333333334,100.0,0.0,0.0,EUR
2026-07-11,Dnipro,1624.2352129999997,105.0,99.0,21.0,6.0,11216.0,11216.0,17,186.93333333333334,186.93333333333334,100.0,21.21212121212121,5.714285714285714,EUR
2026-07-11,Irpin,86.250512,6.0,6.0,0.0,0.0,701.0,701.0,1,11.683333333333334,11.683333333333334,100.0,0.0,0.0,EUR
2026-07-11,Kamianske,13.994001,2.0,1.0,0.0,1.0,1202.0,1202.0,2,20.033333333333335,20.033333333333335,100.0,0.0,50.0,EUR
2026-07-11,Kryvyi Rih,346.625965,28.0,28.0,3.0,0.0,5608.0,5608.0,8,93.46666666666667,93.46666666666667,100.0,10.714285714285714,0.0,EUR
2026-07-11,Kyiv,3211.843317,186.0,179.0,19.0,7.0,12598.0,12598.0,18,209.96666666666667,209.96666666666667,100.0,10.614525139664805,3.763440860215054,EUR
2026-07-11,Odesa,310.707237,15.0,13.0,1.0,2.0,3505.0,3505.0,5,58.416666666666664,58.416666666666664,100.0,7.6923076923076925,13.333333333333334,EUR
2026-07-11,Pavlohrad,118.22795500000001,6.0,6.0,1.0,0.0,1282.0,1282.0,2,21.366666666666667,21.366666666666667,100.0,16.666666666666664,0.0,EUR
2026-07-11,Vinnytsia,490.040448,32.0,32.0,1.0,0.0,701.0,701.0,1,11.683333333333334,11.683333333333334,100.0,3.125,0.0,EUR
2026-07-11,Vyshhorod,0.0,0.0,0.0,0.0,0.0,0.0,701.0,1,0.0,11.683333333333334,0.0,,,EUR
2026-07-11,Zaporizhia,454.926215,29.0,28.0,0.0,1.0,2804.0,2804.0,4,46.733333333333334,46.733333333333334,100.0,0.0,3.4482758620689653,EUR
2026-07-12,Brovary,131.791899,8.0,8.0,1.0,0.0,701.0,701.0,1,11.683333333333334,11.683333333333334,100.0,12.5,0.0,EUR
2026-07-12,Dnipro,1428.4326039999999,117.0,105.0,27.0,12.0,11191.05,11216.0,17,186.51749999999998,186.93333333333334,99.77754992867331,25.71428571428571,10.256410256410255,EUR
2026-07-12,Irpin,5.493466,2.0,1.0,0.0,1.0,676.4666666666667,700.9166666666666,1,11.274444444444445,11.681944444444444,96.51171085483297,0.0,50.0,EUR
2026-07-12,Kamianske,46.549704,3.0,3.0,1.0,0.0,1202.0,1202.0,2,20.033333333333335,20.033333333333335,100.0,33.33333333333333,0.0,EUR
2026-07-12,Kryvyi Rih,486.54415900000004,27.0,27.0,0.0,0.0,5608.0,5608.0,8,93.46666666666667,93.46666666666667,100.0,0.0,0.0,EUR
2026-07-12,Kyiv,3037.38699,182.0,175.0,13.0,7.0,12325.816666666666,12598.0,18,205.43027777777777,209.96666666666667,97.8394718738424,7.428571428571429,3.8461538461538463,EUR
2026-07-12,Odesa,157.994015,11.0,11.0,2.0,0.0,3505.0,3505.0,5,58.416666666666664,58.416666666666664,100.0,18.181818181818183,0.0,EUR
2026-07-12,Pavlohrad,100.574131,6.0,6.0,0.0,0.0,1282.0,1282.0,2,21.366666666666667,21.366666666666667,100.0,0.0,0.0,EUR
2026-07-12,Vinnytsia,368.27375,23.0,22.0,1.0,1.0,701.0,701.0,1,11.683333333333334,11.683333333333334,100.0,4.545454545454546,4.3478260869565215,EUR
2026-07-12,Vyshhorod,15.906661,1.0,1.0,0.0,0.0,501.1333333333333,701.0,1,8.352222222222222,11.683333333333334,71.48834997622444,0.0,0.0,EUR
2026-07-12,Zaporizhia,416.296819,25.0,24.0,0.0,1.0,2804.0,2804.0,4,46.733333333333334,46.733333333333334,100.0,0.0,4.0,EUR
2026-07-13,Brovary,92.82442,6.0,6.0,0.0,0.0,701.0,701.0,1,11.683333333333334,11.683333333333334,100.0,0.0,0.0,EUR
2026-07-13,Dnipro,1258.069998,83.0,78.0,11.0,5.0,11216.0,11216.0,17,186.93333333333334,186.93333333333334,100.0,14.102564102564102,6.024096385542169,EUR
2026-07-13,Irpin,0.0,0.0,0.0,0.0,0.0,701.0,701.0,1,11.683333333333334,11.683333333333334,100.0,,,EUR
2026-07-13,Kamianske,62.38085100000001,3.0,3.0,0.0,0.0,1202.0,1202.0,2,20.033333333333335,20.033333333333335,100.0,0.0,0.0,EUR
2026-07-13,Kryvyi Rih,236.052695,22.0,21.0,4.0,1.0,5608.0,5608.0,8,93.46666666666667,93.46666666666667,100.0,19.047619047619047,4.545454545454546,EUR
2026-07-13,Kyiv,1688.4311760000003,114.0,104.0,10.0,10.0,11897.0,12598.0,18,198.28333333333333,209.96666666666667,94.43562470233371,9.615384615384617,8.771929824561402,EUR
2026-07-13,Odesa,186.96480599999998,10.0,10.0,2.0,0.0,3505.0,3505.0,5,58.416666666666664,58.416666666666664,100.0,20.0,0.0,EUR
2026-07-13,Pavlohrad,68.507668,5.0,5.0,0.0,0.0,1282.0,1282.0,2,21.366666666666667,21.366666666666667,100.0,0.0,0.0,EUR
2026-07-13,Vinnytsia,205.105976,16.0,14.0,1.0,2.0,701.0,701.0,1,11.683333333333334,11.683333333333334,100.0,7.142857142857142,12.5,EUR
2026-07-13,Vyshhorod,0.0,0.0,0.0,0.0,0.0,701.0,701.0,1,11.683333333333334,11.683333333333334,100.0,,,EUR
2026-07-13,Zaporizhia,510.25678099999993,23.0,23.0,2.0,0.0,2804.0,2804.0,4,46.733333333333334,46.733333333333334,100.0,8.695652173913043,0.0,EUR
2026-07-14,Brovary,72.459999,7.0,7.0,1.0,0.0,701.0,701.0,1,11.683333333333334,11.683333333333334,100.0,14.285714285714285,0.0,EUR
2026-07-14,Dnipro,1287.3775099999998,93.0,87.0,18.0,6.0,11216.0,11216.0,17,186.93333333333334,186.93333333333334,100.0,20.689655172413794,6.451612903225806,EUR
2026-07-14,Irpin,0.0,0.0,0.0,0.0,0.0,149.38333333333333,700.9166666666666,1,2.489722222222222,11.681944444444444,21.31256687670907,,,EUR
2026-07-14,Kamianske,0.0,0.0,0.0,0.0,0.0,1202.0,1202.0,2,20.033333333333335,20.033333333333335,100.0,,,EUR
2026-07-14,Kryvyi Rih,418.00658699999997,33.0,31.0,3.0,2.0,5608.0,5608.0,8,93.46666666666667,93.46666666666667,100.0,9.67741935483871,6.0606060606060606,EUR
2026-07-14,Kyiv,1815.750747,123.0,118.0,13.0,5.0,11897.0,12598.0,18,198.28333333333333,209.96666666666667,94.43562470233371,11.016949152542372,4.0650406504065035,EUR
2026-07-14,Odesa,179.291576,11.0,8.0,2.0,3.0,3505.0,3505.0,5,58.416666666666664,58.416666666666664,100.0,25.0,27.27272727272727,EUR
2026-07-14,Pavlohrad,59.181535,5.0,5.0,0.0,0.0,1282.0,1282.0,2,21.366666666666667,21.366666666666667,100.0,0.0,0.0,EUR
2026-07-14,Vinnytsia,374.095718,23.0,22.0,3.0,1.0,701.0,701.0,1,11.683333333333334,11.683333333333334,100.0,13.636363636363635,4.3478260869565215,EUR
2026-07-14,Vyshhorod,0.0,0.0,0.0,0.0,0.0,701.0,701.0,1,11.683333333333334,11.683333333333334,100.0,,,EUR
2026-07-14,Zaporizhia,368.677152,28.0,26.0,4.0,2.0,2804.0,2804.0,4,46.733333333333334,46.733333333333334,100.0,15.384615384615385,7.142857142857142,EUR
2026-07-15,Brovary,126.813532,10.0,10.0,0.0,0.0,701.3666666666667,701.3666666666667,1,11.689444444444444,11.689444444444444,100.0,0.0,0.0,EUR
2026-07-15,Dnipro,1227.458281,83.0,81.0,8.0,2.0,11221.866666666667,11221.866666666667,17,187.0311111111111,187.0311111111111,100.0,9.876543209876543,2.4096385542168677,EUR
2026-07-15,Irpin,57.451796,4.0,4.0,0.0,0.0,274.6666666666667,701.3666666666667,1,4.577777777777778,11.689444444444444,39.1616368043344,0.0,0.0,EUR
2026-07-15,Kamianske,50.809009,2.0,2.0,0.0,0.0,1202.7333333333333,1202.7333333333333,2,20.045555555555556,20.045555555555556,100.0,0.0,0.0,EUR
2026-07-15,Kryvyi Rih,471.79580100000004,36.0,35.0,3.0,1.0,5610.933333333333,5610.933333333333,8,93.51555555555555,93.51555555555555,100.0,8.571428571428571,2.7777777777777777,EUR
2026-07-15,Kyiv,2203.7135889999995,137.0,132.0,14.0,5.0,12177.983333333334,12604.6,18,202.9663888888889,210.07666666666668,96.61538909075522,10.606060606060606,3.64963503649635,EUR
2026-07-15,Odesa,313.244554,15.0,14.0,1.0,1.0,3506.8333333333335,3506.8333333333335,5,58.44722222222222,58.44722222222222,100.0,7.142857142857142,6.666666666666667,EUR
2026-07-15,Pavlohrad,42.339212,5.0,5.0,2.0,0.0,1282.7333333333333,1282.7333333333333,2,21.378888888888888,21.378888888888888,100.0,40.0,0.0,EUR
2026-07-15,Vinnytsia,304.737648,22.0,20.0,1.0,2.0,701.3666666666667,701.3666666666667,1,11.689444444444444,11.689444444444444,100.0,5.0,9.090909090909092,EUR
2026-07-15,Vyshhorod,0.0,0.0,0.0,0.0,0.0,701.3666666666667,701.3666666666667,1,11.689444444444444,11.689444444444444,100.0,,,EUR
2026-07-15,Zaporizhia,376.58013,21.0,21.0,3.0,0.0,2805.4666666666667,2805.4666666666667,4,46.757777777777775,46.757777777777775,100.0,14.285714285714285,0.0,EUR
2026-07-16,Brovary,69.735089,6.0,6.0,0.0,0.0,700.5,700.5,1,11.675,11.675,100.0,0.0,0.0,EUR
2026-07-16,Dnipro,379.780639,27.0,26.0,2.0,1.0,11208.0,11208.0,17,186.8,186.8,100.0,7.6923076923076925,3.7037037037037033,EUR
2026-07-16,Irpin,14.325858,1.0,1.0,0.0,0.0,700.5,700.5,1,11.675,11.675,100.0,0.0,0.0,EUR
2026-07-16,Kamianske,12.697586,1.0,1.0,1.0,0.0,1201.0,1201.0,2,20.016666666666666,20.016666666666666,100.0,100.0,0.0,EUR
2026-07-16,Kryvyi Rih,331.29337400000003,19.0,19.0,1.0,0.0,5604.0,5604.0,8,93.4,93.4,100.0,5.263157894736842,0.0,EUR
2026-07-16,Kyiv,1115.34669,79.0,74.0,13.0,5.0,12589.0,12589.0,18,209.81666666666666,209.81666666666666,100.0,17.56756756756757,6.329113924050633,EUR
2026-07-16,Odesa,155.835934,9.0,9.0,0.0,0.0,3502.5,3502.5,5,58.375,58.375,100.0,0.0,0.0,EUR
2026-07-16,Pavlohrad,116.22456199999999,9.0,9.0,3.0,0.0,1281.0,1281.0,2,21.35,21.35,100.0,33.33333333333333,0.0,EUR
2026-07-16,Vinnytsia,327.982,20.0,20.0,2.0,0.0,700.5,700.5,1,11.675,11.675,100.0,10.0,0.0,EUR
2026-07-16,Vyshhorod,25.667562,1.0,1.0,0.0,0.0,700.5,700.5,1,11.675,11.675,100.0,0.0,0.0,EUR
2026-07-16,Zaporizhia,40.507653000000005,3.0,2.0,0.0,1.0,2802.0,2802.0,4,46.7,46.7,100.0,0.0,33.33333333333333,EUR
2026-07-17,Brovary,77.017643,8.0,8.0,1.0,0.0,701.0,701.0,1,11.683333333333334,11.683333333333334,100.0,12.5,0.0,EUR
2026-07-17,Dnipro,1059.064712,72.0,71.0,7.0,1.0,11216.0,11216.0,17,186.93333333333334,186.93333333333334,100.0,9.859154929577464,1.3888888888888888,EUR
2026-07-17,Irpin,128.563525,7.0,7.0,1.0,0.0,701.0,701.0,1,11.683333333333334,11.683333333333334,100.0,14.285714285714285,0.0,EUR
2026-07-17,Kamianske,67.225969,4.0,3.0,1.0,1.0,1202.0,1202.0,2,20.033333333333335,20.033333333333335,100.0,33.33333333333333,25.0,EUR
2026-07-17,Kryvyi Rih,286.888864,18.0,18.0,1.0,0.0,5608.0,5608.0,8,93.46666666666667,93.46666666666667,100.0,5.555555555555555,0.0,EUR
2026-07-17,Kyiv,2107.09138,113.0,109.0,17.0,4.0,12598.0,12598.0,18,209.96666666666667,209.96666666666667,100.0,15.59633027522936,3.5398230088495577,EUR
2026-07-17,Odesa,185.4322,12.0,11.0,0.0,1.0,3505.0,3505.0,5,58.416666666666664,58.416666666666664,100.0,0.0,8.333333333333332,EUR
2026-07-17,Pavlohrad,68.964075,6.0,6.0,3.0,0.0,1282.0,1282.0,2,21.366666666666667,21.366666666666667,100.0,50.0,0.0,EUR
2026-07-17,Vinnytsia,407.202984,24.0,23.0,3.0,1.0,701.0,701.0,1,11.683333333333334,11.683333333333334,100.0,13.043478260869565,4.166666666666666,EUR
2026-07-17,Vyshhorod,26.62763,3.0,2.0,1.0,1.0,701.0,701.0,1,11.683333333333334,11.683333333333334,100.0,50.0,33.33333333333333,EUR
2026-07-17,Zaporizhia,247.22143599999998,15.0,15.0,0.0,0.0,2804.0,2804.0,4,46.733333333333334,46.733333333333334,100.0,0.0,0.0,EUR
2026-07-18,Brovary,144.37124,9.0,9.0,1.0,0.0,701.0,701.0,1,11.683333333333334,11.683333333333334,100.0,11.11111111111111,0.0,EUR
2026-07-18,Dnipro,1412.9313270000002,98.0,93.0,14.0,5.0,11216.0,11216.0,17,186.93333333333334,186.93333333333334,100.0,15.053763440860216,5.1020408163265305,EUR
2026-07-18,Irpin,77.291659,5.0,5.0,0.0,0.0,701.0,701.0,1,11.683333333333334,11.683333333333334,100.0,0.0,0.0,EUR
2026-07-18,Kamianske,59.441334999999995,2.0,2.0,0.0,0.0,1202.0,1202.0,2,20.033333333333335,20.033333333333335,100.0,0.0,0.0,EUR
2026-07-18,Kryvyi Rih,334.863742,20.0,20.0,0.0,0.0,5608.0,5608.0,8,93.46666666666667,93.46666666666667,100.0,0.0,0.0,EUR
2026-07-18,Kyiv,2402.755594999999,136.0,133.0,16.0,3.0,12598.0,12598.0,18,209.96666666666667,209.96666666666667,100.0,12.030075187969924,2.2058823529411766,EUR
2026-07-18,Odesa,100.887525,9.0,8.0,0.0,1.0,3505.0,3505.0,5,58.416666666666664,58.416666666666664,100.0,0.0,11.11111111111111,EUR
2026-07-18,Pavlohrad,11.388276,2.0,2.0,0.0,0.0,1282.0,1282.0,2,21.366666666666667,21.366666666666667,100.0,0.0,0.0,EUR
2026-07-18,Vinnytsia,484.365454,35.0,34.0,3.0,1.0,701.0,701.0,1,11.683333333333334,11.683333333333334,100.0,8.823529411764707,2.857142857142857,EUR
2026-07-18,Vyshhorod,0.0,0.0,0.0,0.0,0.0,701.0,701.0,1,11.683333333333334,11.683333333333334,100.0,,,EUR
2026-07-18,Zaporizhia,405.37126,26.0,25.0,5.0,1.0,2804.0,2804.0,4,46.733333333333334,46.733333333333334,100.0,20.0,3.8461538461538463,EUR
2026-07-19,Brovary,164.897028,12.0,12.0,0.0,0.0,701.0,701.0,1,11.683333333333334,11.683333333333334,100.0,0.0,0.0,EUR
2026-07-19,Dnipro,1516.7839670000003,119.0,102.0,12.0,17.0,11216.0,11216.0,17,186.93333333333334,186.93333333333334,100.0,11.76470588235294,14.285714285714285,EUR
2026-07-19,Irpin,95.394108,8.0,7.0,0.0,1.0,701.0,701.0,1,11.683333333333334,11.683333333333334,100.0,0.0,12.5,EUR
2026-07-19,Kamianske,35.273596,2.0,2.0,0.0,0.0,1202.0,1202.0,2,20.033333333333335,20.033333333333335,100.0,0.0,0.0,EUR
2026-07-19,Kryvyi Rih,315.948236,25.0,25.0,2.0,0.0,5608.0,5608.0,8,93.46666666666667,93.46666666666667,100.0,8.0,0.0,EUR
2026-07-19,Kyiv,2777.7456810000003,182.0,174.0,17.0,8.0,12598.0,12598.0,18,209.96666666666667,209.96666666666667,100.0,9.770114942528735,4.395604395604396,EUR
2026-07-19,Odesa,227.824546,11.0,10.0,1.0,1.0,3505.0,3505.0,5,58.416666666666664,58.416666666666664,100.0,10.0,9.090909090909092,EUR
2026-07-19,Pavlohrad,62.803405999999995,3.0,3.0,0.0,0.0,1282.0,1282.0,2,21.366666666666667,21.366666666666667,100.0,0.0,0.0,EUR
2026-07-19,Vinnytsia,468.901724,28.0,26.0,3.0,2.0,701.0,701.0,1,11.683333333333334,11.683333333333334,100.0,11.538461538461538,7.142857142857142,EUR
2026-07-19,Vyshhorod,28.292052,2.0,2.0,0.0,0.0,701.0,701.0,1,11.683333333333334,11.683333333333334,100.0,0.0,0.0,EUR
2026-07-19,Zaporizhia,563.986446,31.0,29.0,3.0,2.0,2697.2,2803.9,4,44.95333333333333,46.73166666666667,96.19458611220085,10.344827586206897,6.451612903225806,EUR
2026-07-20,Brovary,77.179956,6.0,6.0,0.0,0.0,701.15,701.15,1,11.685833333333333,11.685833333333333,100.0,0.0,0.0,EUR
2026-07-20,Dnipro,1153.136438,82.0,79.0,9.0,3.0,11218.399999999996,11218.399999999996,17,186.97333333333327,186.97333333333327,100.0,11.39240506329114,3.6585365853658534,EUR
2026-07-20,Irpin,141.346469,10.0,10.0,1.0,0.0,701.15,701.15,1,11.685833333333333,11.685833333333333,100.0,10.0,0.0,EUR
2026-07-20,Kamianske,57.537383,3.0,3.0,0.0,0.0,1202.3,1202.3,2,20.038333333333334,20.038333333333334,100.0,0.0,0.0,EUR
2026-07-20,Kryvyi Rih,353.433542,25.0,25.0,2.0,0.0,5609.199999999999,5609.199999999999,8,93.48666666666665,93.48666666666665,100.0,8.0,0.0,EUR
2026-07-20,Kyiv,2861.2056549999998,162.0,154.0,17.0,8.0,12600.699999999995,12600.699999999995,18,210.0116666666666,210.0116666666666,100.0,11.03896103896104,4.938271604938271,EUR
2026-07-20,Odesa,257.148231,16.0,13.0,1.0,3.0,3505.75,3505.75,5,58.42916666666667,58.42916666666667,100.0,7.6923076923076925,18.75,EUR
2026-07-20,Pavlohrad,67.133442,4.0,4.0,2.0,0.0,1282.3,1282.3,2,21.371666666666666,21.371666666666666,100.0,50.0,0.0,EUR
2026-07-20,Vinnytsia,359.489816,26.0,26.0,7.0,0.0,701.15,701.15,1,11.685833333333333,11.685833333333333,100.0,26.923076923076923,0.0,EUR
2026-07-20,Vyshhorod,4.084842,1.0,1.0,1.0,0.0,701.15,701.15,1,11.685833333333333,11.685833333333333,100.0,100.0,0.0,EUR
2026-07-20,Zaporizhia,243.64182999999997,17.0,17.0,1.0,0.0,2678.7833333333333,2804.6,4,44.646388888888886,46.74333333333333,95.51391761154294,5.88235294117647,0.0,EUR
2026-07-21,Brovary,47.549589,6.0,6.0,0.0,0.0,701.0,701.0,1,11.683333333333334,11.683333333333334,100.0,0.0,0.0,EUR
2026-07-21,Dnipro,1570.791158,121.0,107.0,18.0,14.0,11216.0,11216.0,17,186.93333333333334,186.93333333333334,100.0,16.822429906542055,11.570247933884298,EUR
2026-07-21,Irpin,128.97398,9.0,9.0,1.0,0.0,701.0,701.0,1,11.683333333333334,11.683333333333334,100.0,11.11111111111111,0.0,EUR
2026-07-21,Kamianske,69.035828,5.0,5.0,1.0,0.0,1202.0,1202.0,2,20.033333333333335,20.033333333333335,100.0,20.0,0.0,EUR
2026-07-21,Kryvyi Rih,520.2491420000001,39.0,37.0,2.0,2.0,5608.0,5608.0,8,93.46666666666667,93.46666666666667,100.0,5.405405405405405,5.128205128205128,EUR
2026-07-21,Kyiv,2019.0954180000003,128.0,119.0,9.0,9.0,12598.0,12598.0,18,209.96666666666667,209.96666666666667,100.0,7.563025210084033,7.03125,EUR
2026-07-21,Odesa,163.25508100000002,10.0,9.0,4.0,1.0,3505.0,3505.0,5,58.416666666666664,58.416666666666664,100.0,44.44444444444444,10.0,EUR
2026-07-21,Pavlohrad,56.533158,2.0,2.0,0.0,0.0,1282.0,1282.0,2,21.366666666666667,21.366666666666667,100.0,0.0,0.0,EUR
2026-07-21,Vinnytsia,349.613762,22.0,22.0,3.0,0.0,701.0,701.0,1,11.683333333333334,11.683333333333334,100.0,13.636363636363635,0.0,EUR
2026-07-21,Vyshhorod,22.031686,2.0,2.0,1.0,0.0,701.0,701.0,1,11.683333333333334,11.683333333333334,100.0,50.0,0.0,EUR
2026-07-21,Zaporizhia,204.989286,14.0,14.0,1.0,0.0,2792.5166666666664,2803.95,4,46.54194444444444,46.732499999999995,99.5922418968479,7.142857142857142,0.0,EUR
2026-07-22,Brovary,105.040306,10.0,10.0,0.0,0.0,701.0,701.0,1,11.683333333333334,11.683333333333334,100.0,0.0,0.0,EUR
2026-07-22,Dnipro,1121.623112,77.0,75.0,11.0,2.0,11216.0,11216.0,17,186.93333333333334,186.93333333333334,100.0,14.666666666666666,2.5974025974025974,EUR
2026-07-22,Irpin,139.504406,8.0,8.0,0.0,0.0,701.0,701.0,1,11.683333333333334,11.683333333333334,100.0,0.0,0.0,EUR
2026-07-22,Kamianske,0.0,0.0,0.0,0.0,0.0,1202.0,1202.0,2,20.033333333333335,20.033333333333335,100.0,,,EUR
2026-07-22,Kryvyi Rih,328.509673,25.0,24.0,2.0,1.0,5608.0,5608.0,8,93.46666666666667,93.46666666666667,100.0,8.333333333333332,4.0,EUR
2026-07-22,Kyiv,2362.194487,161.0,154.0,9.0,7.0,12598.0,12598.0,18,209.96666666666667,209.96666666666667,100.0,5.844155844155844,4.3478260869565215,EUR
2026-07-22,Odesa,144.80969000000002,11.0,10.0,4.0,1.0,3505.0,3505.0,5,58.416666666666664,58.416666666666664,100.0,40.0,9.090909090909092,EUR
2026-07-22,Pavlohrad,95.715888,7.0,7.0,1.0,0.0,1282.0,1282.0,2,21.366666666666667,21.366666666666667,100.0,14.285714285714285,0.0,EUR
2026-07-22,Vinnytsia,388.779029,19.0,18.0,1.0,1.0,701.0,701.0,1,11.683333333333334,11.683333333333334,100.0,5.555555555555555,5.263157894736842,EUR
2026-07-22,Vyshhorod,0.0,0.0,0.0,0.0,0.0,701.0,701.0,1,11.683333333333334,11.683333333333334,100.0,,,EUR
2026-07-22,Zaporizhia,209.575893,14.0,14.0,3.0,0.0,2804.0,2804.0,4,46.733333333333334,46.733333333333334,100.0,21.428571428571427,0.0,EUR
2026-07-23,Brovary,49.273194,7.0,7.0,0.0,0.0,700.75,700.75,1,11.679166666666667,11.679166666666667,100.0,0.0,0.0,EUR
2026-07-23,Dnipro,920.863229,71.0,66.0,12.0,5.0,11212.0,11212.0,17,186.86666666666667,186.86666666666667,100.0,18.181818181818183,7.042253521126761,EUR
2026-07-23,Irpin,66.873785,6.0,6.0,2.0,0.0,700.75,700.75,1,11.679166666666667,11.679166666666667,100.0,33.33333333333333,0.0,EUR
2026-07-23,Kamianske,95.445106,1.0,1.0,1.0,0.0,1201.5,1201.5,2,20.025,20.025,100.0,100.0,0.0,EUR
2026-07-23,Kryvyi Rih,293.479799,20.0,20.0,2.0,0.0,5606.0,5606.0,8,93.43333333333334,93.43333333333334,100.0,10.0,0.0,EUR
2026-07-23,Kyiv,2102.056951,121.0,117.0,12.0,4.0,12593.5,12593.5,18,209.89166666666668,209.89166666666668,100.0,10.256410256410255,3.3057851239669422,EUR
2026-07-23,Odesa,204.48400900000001,13.0,13.0,2.0,0.0,3503.75,3503.75,5,58.395833333333336,58.395833333333336,100.0,15.384615384615385,0.0,EUR
2026-07-23,Pavlohrad,114.277044,7.0,6.0,1.0,1.0,1281.5,1281.5,2,21.358333333333334,21.358333333333334,100.0,16.666666666666664,14.285714285714285,EUR
2026-07-23,Vinnytsia,441.821449,28.0,28.0,7.0,0.0,700.75,700.75,1,11.679166666666667,11.679166666666667,100.0,25.0,0.0,EUR
2026-07-23,Vyshhorod,6.033381,1.0,1.0,0.0,0.0,700.75,700.75,1,11.679166666666667,11.679166666666667,100.0,0.0,0.0,EUR
2026-07-23,Zaporizhia,189.90500600000001,15.0,14.0,2.0,1.0,2611.866666666667,2802.9333333333334,4,43.531111111111116,46.715555555555554,93.1833317476929,14.285714285714285,6.666666666666667,EUR
2026-07-24,Brovary,77.176412,5.0,5.0,1.0,0.0,701.0,701.0,1,11.683333333333334,11.683333333333334,100.0,20.0,0.0,EUR
2026-07-24,Dnipro,1264.6860289999997,89.0,86.0,12.0,3.0,11216.0,11216.0,17,186.93333333333334,186.93333333333334,100.0,13.953488372093023,3.3707865168539324,EUR
2026-07-24,Irpin,199.715224,12.0,12.0,0.0,0.0,701.0,701.0,1,11.683333333333334,11.683333333333334,100.0,0.0,0.0,EUR
2026-07-24,Kamianske,0.0,0.0,0.0,0.0,0.0,1202.0,1202.0,2,20.033333333333335,20.033333333333335,100.0,,,EUR
2026-07-24,Kryvyi Rih,345.127573,25.0,25.0,4.0,0.0,5608.0,5608.0,8,93.46666666666667,93.46666666666667,100.0,16.0,0.0,EUR
2026-07-24,Kyiv,2733.9404280000003,165.0,158.0,15.0,7.0,12598.0,12598.0,18,209.96666666666667,209.96666666666667,100.0,9.49367088607595,4.242424242424243,EUR
2026-07-24,Odesa,227.071921,13.0,11.0,2.0,2.0,3505.0,3505.0,5,58.416666666666664,58.416666666666664,100.0,18.181818181818183,15.384615384615385,EUR
2026-07-24,Pavlohrad,38.222246,3.0,3.0,0.0,0.0,1282.0,1282.0,2,21.366666666666667,21.366666666666667,100.0,0.0,0.0,EUR
2026-07-24,Vinnytsia,387.455765,25.0,24.0,2.0,1.0,701.0,701.0,1,11.683333333333334,11.683333333333334,100.0,8.333333333333332,4.0,EUR
2026-07-24,Vyshhorod,11.399456,2.0,2.0,0.0,0.0,701.0,701.0,1,11.683333333333334,11.683333333333334,100.0,0.0,0.0,EUR
2026-07-24,Zaporizhia,310.73981000000003,18.0,18.0,2.0,0.0,2103.0,2804.0,4,35.05,46.733333333333334,75.0,11.11111111111111,0.0,EUR
2026-07-25,Brovary,88.259948,7.0,7.0,0.0,0.0,701.0,701.0,1,11.683333333333334,11.683333333333334,100.0,0.0,0.0,EUR
2026-07-25,Dnipro,1702.5347750000003,110.0,105.0,7.0,5.0,11216.0,11216.0,17,186.93333333333334,186.93333333333334,100.0,6.666666666666667,4.545454545454546,EUR
2026-07-25,Irpin,101.925274,9.0,9.0,0.0,0.0,701.0,701.0,1,11.683333333333334,11.683333333333334,100.0,0.0,0.0,EUR
2026-07-25,Kamianske,29.548139,1.0,1.0,0.0,0.0,1202.0,1202.0,2,20.033333333333335,20.033333333333335,100.0,0.0,0.0,EUR
2026-07-25,Kryvyi Rih,465.46535,32.0,32.0,1.0,0.0,5608.0,5608.0,8,93.46666666666667,93.46666666666667,100.0,3.125,0.0,EUR
2026-07-25,Kyiv,3266.1005159999995,184.0,177.0,14.0,7.0,12598.0,12598.0,18,209.96666666666667,209.96666666666667,100.0,7.909604519774012,3.804347826086957,EUR
2026-07-25,Odesa,268.229867,15.0,14.0,2.0,1.0,3505.0,3505.0,5,58.416666666666664,58.416666666666664,100.0,14.285714285714285,6.666666666666667,EUR
2026-07-25,Pavlohrad,141.523997,4.0,4.0,1.0,0.0,1280.0,1280.0,2,21.333333333333332,21.333333333333332,100.0,25.0,0.0,EUR
2026-07-25,Vinnytsia,530.144719,31.0,31.0,1.0,0.0,701.0,701.0,1,11.683333333333334,11.683333333333334,100.0,3.225806451612903,0.0,EUR
2026-07-25,Vyshhorod,16.043222,1.0,1.0,0.0,0.0,700.0,700.0,1,11.666666666666666,11.666666666666666,100.0,0.0,0.0,EUR
2026-07-25,Zaporizhia,254.408642,14.0,14.0,0.0,0.0,2420.8,2799.85,4,40.34666666666667,46.66416666666667,86.4617747379324,0.0,0.0,EUR
2026-07-26,Brovary,120.101571,12.0,12.0,1.0,0.0,701.0,701.0,1,11.683333333333334,11.683333333333334,100.0,8.333333333333332,0.0,EUR
2026-07-26,Dnipro,1405.507693,98.0,91.0,12.0,7.0,11216.0,11216.0,17,186.93333333333334,186.93333333333334,100.0,13.186813186813188,7.142857142857142,EUR
2026-07-26,Irpin,108.44613,8.0,8.0,1.0,0.0,701.0,701.0,1,11.683333333333334,11.683333333333334,100.0,12.5,0.0,EUR
2026-07-26,Kamianske,30.680778,2.0,2.0,0.0,0.0,1202.0,1202.0,2,20.033333333333335,20.033333333333335,100.0,0.0,0.0,EUR
2026-07-26,Kryvyi Rih,336.26583200000005,24.0,24.0,1.0,0.0,5608.0,5608.0,8,93.46666666666667,93.46666666666667,100.0,4.166666666666666,0.0,EUR
2026-07-26,Kyiv,3342.055149,210.0,199.0,25.0,11.0,12598.0,12598.0,18,209.96666666666667,209.96666666666667,100.0,12.562814070351758,5.238095238095238,EUR
2026-07-26,Odesa,430.50842200000005,21.0,21.0,2.0,0.0,3505.0,3505.0,5,58.416666666666664,58.416666666666664,100.0,9.523809523809524,0.0,EUR
2026-07-26,Pavlohrad,39.840219,4.0,4.0,0.0,0.0,1280.0,1280.0,2,21.333333333333332,21.333333333333332,100.0,0.0,0.0,EUR
2026-07-26,Vinnytsia,546.430213,31.0,30.0,2.0,1.0,701.0,701.0,1,11.683333333333334,11.683333333333334,100.0,6.666666666666667,3.225806451612903,EUR
2026-07-26,Vyshhorod,14.340638,1.0,1.0,0.0,0.0,700.0,700.0,1,11.666666666666666,11.666666666666666,100.0,0.0,0.0,EUR
2026-07-26,Zaporizhia,374.863343,22.0,22.0,3.0,0.0,2800.0,2800.0,4,46.666666666666664,46.666666666666664,100.0,13.636363636363635,0.0,EUR
2026-07-27,Brovary,84.136068,7.0,7.0,0.0,0.0,701.0,701.0,1,11.683333333333334,11.683333333333334,100.0,0.0,0.0,EUR
2026-07-27,Dnipro,1146.164931,79.0,77.0,6.0,2.0,11216.0,11216.0,17,186.93333333333334,186.93333333333334,100.0,7.792207792207792,2.5316455696202533,EUR
2026-07-27,Irpin,220.112507,14.0,13.0,2.0,1.0,701.0,701.0,1,11.683333333333334,11.683333333333334,100.0,15.384615384615385,7.142857142857142,EUR
2026-07-27,Kamianske,43.989733,3.0,3.0,1.0,0.0,1202.0,1202.0,2,20.033333333333335,20.033333333333335,100.0,33.33333333333333,0.0,EUR
2026-07-27,Kryvyi Rih,226.636554,16.0,16.0,1.0,0.0,5608.0,5608.0,8,93.46666666666667,93.46666666666667,100.0,6.25,0.0,EUR
2026-07-27,Kyiv,2567.4113669999997,161.0,156.0,19.0,5.0,12598.0,12598.0,18,209.96666666666667,209.96666666666667,100.0,12.179487179487179,3.1055900621118013,EUR
2026-07-27,Odesa,270.58390899999995,16.0,14.0,3.0,2.0,3505.0,3505.0,5,58.416666666666664,58.416666666666664,100.0,21.428571428571427,12.5,EUR
2026-07-27,Pavlohrad,30.063396,4.0,4.0,0.0,0.0,1280.0,1280.0,2,21.333333333333332,21.333333333333332,100.0,0.0,0.0,EUR
2026-07-27,Vinnytsia,449.04121,31.0,30.0,12.0,1.0,701.0,701.0,1,11.683333333333334,11.683333333333334,100.0,40.0,3.225806451612903,EUR
2026-07-27,Vyshhorod,0.0,0.0,0.0,0.0,0.0,700.0,700.0,1,11.666666666666666,11.666666666666666,100.0,,,EUR
2026-07-27,Zaporizhia,221.44360700000001,16.0,16.0,1.0,0.0,2800.0,2800.0,4,46.666666666666664,46.666666666666664,100.0,6.25,0.0,EUR
2026-07-28,Brovary,125.98132,9.0,9.0,0.0,0.0,701.0,701.0,1,11.683333333333334,11.683333333333334,100.0,0.0,0.0,EUR
2026-07-28,Dnipro,1485.380237,96.0,88.0,19.0,8.0,11216.0,11216.0,17,186.93333333333334,186.93333333333334,100.0,21.59090909090909,8.333333333333332,EUR
2026-07-28,Irpin,171.13365,15.0,15.0,2.0,0.0,701.0,701.0,1,11.683333333333334,11.683333333333334,100.0,13.333333333333334,0.0,EUR
2026-07-28,Kamianske,46.157144,3.0,3.0,1.0,0.0,1202.0,1202.0,2,20.033333333333335,20.033333333333335,100.0,33.33333333333333,0.0,EUR
2026-07-28,Kryvyi Rih,455.649449,24.0,24.0,2.0,0.0,5608.0,5608.0,8,93.46666666666667,93.46666666666667,100.0,8.333333333333332,0.0,EUR
2026-07-28,Kyiv,1815.8393770000002,114.0,107.0,11.0,7.0,12598.0,12598.0,18,209.96666666666667,209.96666666666667,100.0,10.2803738317757,6.140350877192982,EUR
2026-07-28,Odesa,242.883268,15.0,14.0,3.0,1.0,3505.0,3505.0,5,58.416666666666664,58.416666666666664,100.0,21.428571428571427,6.666666666666667,EUR
2026-07-28,Pavlohrad,45.653757,3.0,3.0,1.0,0.0,1282.0,1282.0,2,21.366666666666667,21.366666666666667,100.0,33.33333333333333,0.0,EUR
2026-07-28,Vinnytsia,275.179155,18.0,18.0,3.0,0.0,701.0,701.0,1,11.683333333333334,11.683333333333334,100.0,16.666666666666664,0.0,EUR
2026-07-28,Vyshhorod,11.371539,2.0,2.0,0.0,0.0,701.0,701.0,1,11.683333333333334,11.683333333333334,100.0,0.0,0.0,EUR
2026-07-28,Zaporizhia,435.459528,29.0,28.0,5.0,1.0,2804.0,2804.0,4,46.733333333333334,46.733333333333334,100.0,17.857142857142858,3.4482758620689653,EUR
2026-07-29,Brovary,67.620274,6.0,6.0,0.0,0.0,701.6,701.6,1,11.693333333333333,11.693333333333333,100.0,0.0,0.0,EUR
2026-07-29,Dnipro,1454.49692,98.0,96.0,11.0,2.0,11225.600000000004,11225.600000000004,17,187.0933333333334,187.0933333333334,100.0,11.458333333333332,2.0408163265306123,EUR
2026-07-29,Irpin,136.638842,10.0,9.0,0.0,1.0,701.6,701.6,1,11.693333333333333,11.693333333333333,100.0,0.0,10.0,EUR
2026-07-29,Kamianske,15.346401,1.0,1.0,1.0,0.0,1203.2,1203.2,2,20.053333333333335,20.053333333333335,100.0,100.0,0.0,EUR
2026-07-29,Kryvyi Rih,407.529182,25.0,25.0,1.0,0.0,5612.800000000001,5612.800000000001,8,93.54666666666668,93.54666666666668,100.0,4.0,0.0,EUR
2026-07-29,Kyiv,2364.2156849999997,140.0,135.0,16.0,5.0,12608.800000000005,12608.800000000005,18,210.14666666666673,210.14666666666673,100.0,11.851851851851853,3.571428571428571,EUR
2026-07-29,Odesa,344.022534,18.0,17.0,6.0,1.0,3508.0,3508.0,5,58.46666666666667,58.46666666666667,100.0,35.294117647058826,5.555555555555555,EUR
2026-07-29,Pavlohrad,52.71817,6.0,6.0,1.0,0.0,1283.2,1283.2,2,21.386666666666667,21.386666666666667,100.0,16.666666666666664,0.0,EUR
2026-07-29,Vinnytsia,326.387083,23.0,23.0,1.0,0.0,701.6,701.6,1,11.693333333333333,11.693333333333333,100.0,4.3478260869565215,0.0,EUR
2026-07-29,Vyshhorod,0.0,0.0,0.0,0.0,0.0,701.6,701.6,1,11.693333333333333,11.693333333333333,100.0,,,EUR
2026-07-29,Zaporizhia,460.160016,28.0,27.0,0.0,1.0,2806.4,2806.4,4,46.77333333333333,46.77333333333333,100.0,0.0,3.571428571428571,EUR
2026-07-30,Brovary,114.237918,9.0,9.0,2.0,0.0,701.1166666666667,701.1166666666667,1,11.685277777777777,11.685277777777777,100.0,22.22222222222222,0.0,EUR
2026-07-30,Dnipro,1341.5959349999998,95.0,88.0,21.0,7.0,11171.7,11217.866666666667,17,186.19500000000002,186.96444444444444,99.58845413269309,23.863636363636363,7.368421052631578,EUR
2026-07-30,Irpin,209.11979,14.0,14.0,3.0,0.0,701.1166666666667,701.1166666666667,1,11.685277777777777,11.685277777777777,100.0,21.428571428571427,0.0,EUR
2026-07-30,Kamianske,37.869706,3.0,2.0,1.0,1.0,1202.2333333333333,1202.2333333333333,2,20.037222222222223,20.037222222222223,100.0,50.0,33.33333333333333,EUR
2026-07-30,Kryvyi Rih,351.464331,21.0,21.0,1.0,0.0,5608.933333333333,5608.933333333333,8,93.48222222222222,93.48222222222222,100.0,4.761904761904762,0.0,EUR
2026-07-30,Kyiv,2174.415642,143.0,133.0,17.0,10.0,12560.1,12560.1,18,209.335,209.335,100.0,12.781954887218044,6.993006993006993,EUR
2026-07-30,Odesa,265.025882,15.0,15.0,4.0,0.0,3505.5833333333335,3505.5833333333335,5,58.426388888888894,58.426388888888894,100.0,26.666666666666668,0.0,EUR
2026-07-30,Pavlohrad,35.725276,2.0,2.0,0.0,0.0,1282.2333333333333,1282.2333333333333,2,21.370555555555555,21.370555555555555,100.0,0.0,0.0,EUR
2026-07-30,Vinnytsia,305.963838,22.0,22.0,1.0,0.0,701.1166666666667,701.1166666666667,1,11.685277777777777,11.685277777777777,100.0,4.545454545454546,0.0,EUR
2026-07-30,Vyshhorod,25.735887,1.0,1.0,0.0,0.0,701.1166666666667,701.1166666666667,1,11.685277777777777,11.685277777777777,100.0,0.0,0.0,EUR
2026-07-30,Zaporizhia,574.43051,37.0,36.0,3.0,1.0,2804.4666666666667,2804.4666666666667,4,46.74111111111111,46.74111111111111,100.0,8.333333333333332,2.7027027027027026,EUR
2026-07-31,Brovary,136.39202,11.0,11.0,0.0,0.0,701.0,701.0,1,11.683333333333334,11.683333333333334,100.0,0.0,0.0,EUR
2026-07-31,Dnipro,1563.992566,107.0,101.0,11.0,6.0,11216.0,11216.0,17,186.93333333333334,186.93333333333334,100.0,10.891089108910892,5.607476635514018,EUR
2026-07-31,Irpin,92.971973,7.0,7.0,0.0,0.0,701.0,701.0,1,11.683333333333334,11.683333333333334,100.0,0.0,0.0,EUR
2026-07-31,Kamianske,69.794263,3.0,3.0,1.0,0.0,1202.0,1202.0,2,20.033333333333335,20.033333333333335,100.0,33.33333333333333,0.0,EUR
2026-07-31,Kryvyi Rih,314.345864,22.0,22.0,3.0,0.0,5608.0,5608.0,8,93.46666666666667,93.46666666666667,100.0,13.636363636363635,0.0,EUR
2026-07-31,Kyiv,2461.307236,149.0,136.0,15.0,13.0,12558.0,12558.0,18,209.3,209.3,100.0,11.029411764705882,8.724832214765101,EUR
2026-07-31,Odesa,267.14597599999996,12.0,12.0,1.0,0.0,3505.0,3505.0,5,58.416666666666664,58.416666666666664,100.0,8.333333333333332,0.0,EUR
2026-07-31,Pavlohrad,37.10524,2.0,2.0,0.0,0.0,1282.0,1282.0,2,21.366666666666667,21.366666666666667,100.0,0.0,0.0,EUR
2026-07-31,Vinnytsia,543.59109,28.0,28.0,8.0,0.0,701.0,701.0,1,11.683333333333334,11.683333333333334,100.0,28.57142857142857,0.0,EUR
2026-07-31,Vyshhorod,38.007049,1.0,1.0,0.0,0.0,701.0,701.0,1,11.683333333333334,11.683333333333334,100.0,0.0,0.0,EUR
2026-07-31,Zaporizhia,340.16074499999996,19.0,17.0,3.0,2.0,2324.7,2804.0,4,38.745,46.733333333333334,82.90656205420827,17.647058823529413,10.526315789473683,EUR
2026-08-01,Brovary,105.30476,8.0,8.0,0.0,0.0,701.0,701.0,1,11.683333333333334,11.683333333333334,100.0,0.0,0.0,EUR
2026-08-01,Dnipro,1370.335071,90.0,83.0,11.0,7.0,11216.0,11216.0,17,186.93333333333334,186.93333333333334,100.0,13.253012048192772,7.777777777777778,EUR
2026-08-01,Irpin,252.583631,9.0,9.0,2.0,0.0,701.0,701.0,1,11.683333333333334,11.683333333333334,100.0,22.22222222222222,0.0,EUR
2026-08-01,Kamianske,78.68948800000001,3.0,3.0,0.0,0.0,1202.0,1202.0,2,20.033333333333335,20.033333333333335,100.0,0.0,0.0,EUR
2026-08-01,Kryvyi Rih,515.4649360000001,28.0,28.0,3.0,0.0,5608.0,5608.0,8,93.46666666666667,93.46666666666667,100.0,10.714285714285714,0.0,EUR
2026-08-01,Kyiv,3073.330131,169.0,161.0,14.0,8.0,12558.0,12558.0,18,209.3,209.3,100.0,8.695652173913043,4.733727810650888,EUR
2026-08-01,Odesa,297.737874,14.0,14.0,2.0,0.0,3505.0,3505.0,5,58.416666666666664,58.416666666666664,100.0,14.285714285714285,0.0,EUR
2026-08-01,Pavlohrad,72.696865,4.0,4.0,0.0,0.0,1282.0,1282.0,2,21.366666666666667,21.366666666666667,100.0,0.0,0.0,EUR
2026-08-01,Vinnytsia,404.3068,29.0,27.0,15.0,2.0,701.0,701.0,1,11.683333333333334,11.683333333333334,100.0,55.55555555555556,6.896551724137931,EUR
2026-08-01,Vyshhorod,31.338652,2.0,2.0,0.0,0.0,701.0,701.0,1,11.683333333333334,11.683333333333334,100.0,0.0,0.0,EUR
2026-08-01,Zaporizhia,540.6648909999999,26.0,26.0,2.0,0.0,2367.633333333333,2804.0,4,39.46055555555555,46.733333333333334,84.43770803613884,7.6923076923076925,0.0,EUR
2026-08-02,Brovary,92.454955,8.0,8.0,0.0,0.0,701.0,701.0,1,11.683333333333334,11.683333333333334,100.0,0.0,0.0,EUR
2026-08-02,Dnipro,1944.5205879999999,123.0,116.0,17.0,7.0,11216.0,11216.0,17,186.93333333333334,186.93333333333334,100.0,14.655172413793101,5.691056910569105,EUR
2026-08-02,Irpin,170.481935,12.0,12.0,1.0,0.0,701.0,701.0,1,11.683333333333334,11.683333333333334,100.0,8.333333333333332,0.0,EUR
2026-08-02,Kamianske,12.895054,2.0,1.0,1.0,1.0,1202.0,1202.0,2,20.033333333333335,20.033333333333335,100.0,100.0,50.0,EUR
2026-08-02,Kryvyi Rih,579.1819350000001,32.0,30.0,1.0,2.0,5608.0,5608.0,8,93.46666666666667,93.46666666666667,100.0,3.3333333333333335,6.25,EUR
2026-08-02,Kyiv,3261.3261500000003,195.0,189.0,15.0,6.0,12558.0,12558.0,18,209.3,209.3,100.0,7.936507936507936,3.076923076923077,EUR
2026-08-02,Odesa,310.431456,18.0,17.0,3.0,1.0,3505.0,3505.0,5,58.416666666666664,58.416666666666664,100.0,17.647058823529413,5.555555555555555,EUR
2026-08-02,Pavlohrad,105.85083900000001,7.0,7.0,0.0,0.0,1282.0,1282.0,2,21.366666666666667,21.366666666666667,100.0,0.0,0.0,EUR
2026-08-02,Vinnytsia,467.336524,33.0,30.0,2.0,3.0,701.0,701.0,1,11.683333333333334,11.683333333333334,100.0,6.666666666666667,9.090909090909092,EUR
2026-08-02,Vyshhorod,42.982406,2.0,2.0,0.0,0.0,701.0,701.0,1,11.683333333333334,11.683333333333334,100.0,0.0,0.0,EUR
2026-08-02,Zaporizhia,563.283453,27.0,26.0,5.0,1.0,2804.0,2804.0,4,46.733333333333334,46.733333333333334,100.0,19.230769230769234,3.7037037037037033,EUR
2026-08-03,Brovary,181.541517,12.0,12.0,0.0,0.0,701.0,701.0,1,11.683333333333334,11.683333333333334,100.0,0.0,0.0,EUR
2026-08-03,Dnipro,1519.949136,113.0,102.0,15.0,11.0,11176.0,11176.0,17,186.26666666666668,186.26666666666668,100.0,14.705882352941178,9.734513274336283,EUR
2026-08-03,Irpin,135.454988,11.0,11.0,3.0,0.0,701.0,701.0,1,11.683333333333334,11.683333333333334,100.0,27.27272727272727,0.0,EUR
2026-08-03,Kamianske,37.502072,1.0,1.0,1.0,0.0,1202.0,1202.0,2,20.033333333333335,20.033333333333335,100.0,100.0,0.0,EUR
2026-08-03,Kryvyi Rih,242.455567,15.0,14.0,1.0,1.0,5608.0,5608.0,8,93.46666666666667,93.46666666666667,100.0,7.142857142857142,6.666666666666667,EUR
2026-08-03,Kyiv,3250.6115259999997,183.0,175.0,25.0,8.0,12558.0,12558.0,18,209.3,209.3,100.0,14.285714285714285,4.371584699453552,EUR
2026-08-03,Odesa,140.045522,12.0,10.0,2.0,2.0,3505.0,3505.0,5,58.416666666666664,58.416666666666664,100.0,20.0,16.666666666666664,EUR
2026-08-03,Pavlohrad,131.114874,5.0,5.0,0.0,0.0,1282.0,1282.0,2,21.366666666666667,21.366666666666667,100.0,0.0,0.0,EUR
2026-08-03,Vinnytsia,417.438258,30.0,29.0,1.0,1.0,701.0,701.0,1,11.683333333333334,11.683333333333334,100.0,3.4482758620689653,3.3333333333333335,EUR
2026-08-03,Vyshhorod,43.875224,3.0,3.0,0.0,0.0,701.0,701.0,1,11.683333333333334,11.683333333333334,100.0,0.0,0.0,EUR
2026-08-03,Zaporizhia,72.254543,7.0,7.0,1.0,0.0,1951.0166666666664,2804.0,4,32.51694444444444,46.733333333333334,69.57976699952448,14.285714285714285,0.0,EUR
2026-08-04,Brovary,153.28442,12.0,12.0,3.0,0.0,701.1833333333333,701.1833333333333,1,11.686388888888889,11.686388888888889,100.0,25.0,0.0,EUR
2026-08-04,Dnipro,1612.568374,113.0,108.0,8.0,5.0,11178.933333333329,11178.933333333329,17,186.31555555555548,186.31555555555548,100.0,7.4074074074074066,4.424778761061947,EUR
2026-08-04,Irpin,79.978816,6.0,6.0,0.0,0.0,701.1833333333333,701.1833333333333,1,11.686388888888889,11.686388888888889,100.0,0.0,0.0,EUR
2026-08-04,Kamianske,0.0,2.0,0.0,0.0,2.0,1202.3666666666666,1202.3666666666666,2,20.03944444444444,20.03944444444444,100.0,,100.0,EUR
2026-08-04,Kryvyi Rih,306.969287,20.0,20.0,3.0,0.0,5609.466666666666,5609.466666666666,8,93.49111111111111,93.49111111111111,100.0,15.0,0.0,EUR
2026-08-04,Kyiv,2233.459402,138.0,136.0,14.0,2.0,12561.299999999994,12561.299999999994,18,209.3549999999999,209.3549999999999,100.0,10.294117647058822,1.4492753623188406,EUR
2026-08-04,Odesa,114.503422,10.0,10.0,3.0,0.0,3505.9166666666665,3505.9166666666665,5,58.43194444444444,58.43194444444444,100.0,30.0,0.0,EUR
2026-08-04,Pavlohrad,141.075048,9.0,9.0,1.0,0.0,1282.3666666666666,1282.3666666666666,2,21.372777777777777,21.372777777777777,100.0,11.11111111111111,0.0,EUR
2026-08-04,Vinnytsia,272.295968,25.0,25.0,3.0,0.0,701.1833333333333,701.1833333333333,1,11.686388888888889,11.686388888888889,100.0,12.0,0.0,EUR
2026-08-04,Vyshhorod,8.438431,1.0,1.0,0.0,0.0,701.1833333333333,701.1833333333333,1,11.686388888888889,11.686388888888889,100.0,0.0,0.0,EUR
2026-08-04,Zaporizhia,166.137644,13.0,12.0,1.0,1.0,2804.733333333333,2804.733333333333,4,46.745555555555555,46.745555555555555,100.0,8.333333333333332,7.6923076923076925,EUR
2026-08-05,Brovary,78.920857,7.0,7.0,1.0,0.0,701.0,701.0,1,11.683333333333334,11.683333333333334,100.0,14.285714285714285,0.0,EUR
2026-08-05,Dnipro,1663.806332,122.0,113.0,11.0,9.0,11176.0,11176.0,17,186.26666666666668,186.26666666666668,100.0,9.734513274336283,7.377049180327869,EUR
2026-08-05,Irpin,207.329656,10.0,10.0,2.0,0.0,701.0,701.0,1,11.683333333333334,11.683333333333334,100.0,20.0,0.0,EUR
2026-08-05,Kamianske,47.789946,4.0,4.0,1.0,0.0,1202.0,1202.0,2,20.033333333333335,20.033333333333335,100.0,25.0,0.0,EUR
2026-08-05,Kryvyi Rih,539.979276,38.0,37.0,3.0,1.0,5608.0,5608.0,8,93.46666666666667,93.46666666666667,100.0,8.108108108108109,2.631578947368421,EUR
2026-08-05,Kyiv,2655.8262829999994,166.0,160.0,21.0,6.0,12558.0,12558.0,18,209.3,209.3,100.0,13.125,3.614457831325301,EUR
2026-08-05,Odesa,225.268154,15.0,14.0,1.0,1.0,3505.0,3505.0,5,58.416666666666664,58.416666666666664,100.0,7.142857142857142,6.666666666666667,EUR
2026-08-05,Pavlohrad,59.335394,3.0,3.0,0.0,0.0,1282.0,1282.0,2,21.366666666666667,21.366666666666667,100.0,0.0,0.0,EUR
2026-08-05,Vinnytsia,505.969862,35.0,35.0,11.0,0.0,701.0,701.0,1,11.683333333333334,11.683333333333334,100.0,31.428571428571427,0.0,EUR
2026-08-05,Vyshhorod,96.994209,5.0,5.0,0.0,0.0,701.0,701.0,1,11.683333333333334,11.683333333333334,100.0,0.0,0.0,EUR
2026-08-05,Zaporizhia,343.113326,23.0,23.0,3.0,0.0,2804.0,2804.0,4,46.733333333333334,46.733333333333334,100.0,13.043478260869565,0.0,EUR
2026-08-06,Brovary,179.669271,11.0,11.0,0.0,0.0,701.0166666666667,701.0166666666667,1,11.68361111111111,11.68361111111111,100.0,0.0,0.0,EUR
2026-08-06,Dnipro,1884.0618910000003,135.0,129.0,29.0,6.0,11176.266666666665,11176.266666666665,17,186.27111111111108,186.27111111111108,100.0,22.48062015503876,4.444444444444445,EUR
2026-08-06,Irpin,168.334907,15.0,15.0,4.0,0.0,701.0166666666667,701.0166666666667,1,11.68361111111111,11.68361111111111,100.0,26.666666666666668,0.0,EUR
2026-08-06,Kamianske,123.694585,8.0,4.0,1.0,4.0,1202.0333333333333,1202.0333333333333,2,20.03388888888889,20.03388888888889,100.0,25.0,50.0,EUR
2026-08-06,Kryvyi Rih,561.062502,36.0,36.0,4.0,0.0,5608.133333333332,5608.133333333332,8,93.46888888888887,93.46888888888887,100.0,11.11111111111111,0.0,EUR
2026-08-06,Kyiv,2621.1799180000003,167.0,163.0,18.0,4.0,12558.299999999997,12558.299999999997,18,209.30499999999995,209.30499999999995,100.0,11.042944785276074,2.3952095808383236,EUR
2026-08-06,Odesa,264.97531000000004,16.0,14.0,3.0,2.0,3505.083333333333,3505.083333333333,5,58.41805555555555,58.41805555555555,100.0,21.428571428571427,12.5,EUR
2026-08-06,Pavlohrad,54.854693999999995,5.0,5.0,1.0,0.0,1280.0333333333333,1280.0333333333333,2,21.33388888888889,21.33388888888889,100.0,20.0,0.0,EUR
2026-08-06,Vinnytsia,436.906902,31.0,30.0,4.0,1.0,701.0166666666667,701.0166666666667,1,11.68361111111111,11.68361111111111,100.0,13.333333333333334,3.225806451612903,EUR
2026-08-06,Vyshhorod,68.938873,6.0,6.0,0.0,0.0,700.0166666666667,700.0166666666667,1,11.666944444444445,11.666944444444445,100.0,0.0,0.0,EUR
2026-08-06,Zaporizhia,283.053464,24.0,24.0,2.0,0.0,2800.0666666666666,2800.0666666666666,4,46.66777777777778,46.66777777777778,100.0,8.333333333333332,0.0,EUR
2026-08-07,Brovary,156.882976,14.0,14.0,1.0,0.0,701.0333333333333,701.0333333333333,1,11.68388888888889,11.68388888888889,100.0,7.142857142857142,0.0,EUR
2026-08-07,Dnipro,2204.0021920000004,146.0,135.0,21.0,11.0,11176.53333333333,11176.53333333333,17,186.27555555555548,186.27555555555548,100.0,15.555555555555555,7.534246575342466,EUR
2026-08-07,Irpin,177.979436,11.0,11.0,0.0,0.0,701.0333333333333,701.0333333333333,1,11.68388888888889,11.68388888888889,100.0,0.0,0.0,EUR
2026-08-07,Kamianske,160.883422,8.0,7.0,3.0,1.0,1200.0666666666666,1200.0666666666666,2,20.00111111111111,20.00111111111111,100.0,42.857142857142854,12.5,EUR
2026-08-07,Kryvyi Rih,488.15154,34.0,32.0,4.0,2.0,5543.8499999999985,5608.266666666666,8,92.39749999999998,93.47111111111111,98.8513979363796,12.5,5.88235294117647,EUR
2026-08-07,Kyiv,2971.4780080000005,190.0,169.0,16.0,21.0,12558.599999999995,12558.599999999995,18,209.30999999999992,209.30999999999992,100.0,9.467455621301776,11.052631578947368,EUR
2026-08-07,Odesa,242.284655,18.0,15.0,4.0,3.0,2917.133333333333,2917.133333333333,5,48.61888888888889,48.61888888888889,100.0,26.666666666666668,16.666666666666664,EUR
2026-08-07,Pavlohrad,35.520604,3.0,3.0,0.0,0.0,1280.0666666666666,1280.0666666666666,2,21.334444444444443,21.334444444444443,100.0,0.0,0.0,EUR
2026-08-07,Vinnytsia,379.392975,25.0,25.0,6.0,0.0,701.0333333333333,701.0333333333333,1,11.68388888888889,11.68388888888889,100.0,24.0,0.0,EUR
2026-08-07,Vyshhorod,19.579189,1.0,1.0,0.0,0.0,700.0333333333333,700.0333333333333,1,11.667222222222222,11.667222222222222,100.0,0.0,0.0,EUR
2026-08-07,Zaporizhia,152.632291,16.0,13.0,5.0,3.0,2800.133333333333,2800.133333333333,4,46.66888888888889,46.66888888888889,100.0,38.46153846153847,18.75,EUR
2026-08-08,Brovary,99.956264,8.0,8.0,0.0,0.0,701.0,701.0,1,11.683333333333334,11.683333333333334,100.0,0.0,0.0,EUR
2026-08-08,Dnipro,2077.509737,150.0,129.0,25.0,21.0,11176.0,11176.0,17,186.26666666666668,186.26666666666668,100.0,19.379844961240313,14.000000000000002,EUR
2026-08-08,Irpin,155.97687,15.0,13.0,3.0,2.0,701.0,701.0,1,11.683333333333334,11.683333333333334,100.0,23.076923076923077,13.333333333333334,EUR
2026-08-08,Kamianske,47.275975,6.0,3.0,3.0,3.0,1202.0,1202.0,2,20.033333333333335,20.033333333333335,100.0,100.0,50.0,EUR
2026-08-08,Kryvyi Rih,600.521757,40.0,40.0,7.0,0.0,4907.0,5608.0,8,81.78333333333333,93.46666666666667,87.5,17.5,0.0,EUR
2026-08-08,Kyiv,2809.44114,171.0,156.0,22.0,15.0,12537.3,12558.0,18,208.95499999999998,209.3,99.83516483516482,14.102564102564102,8.771929824561402,EUR
2026-08-08,Odesa,181.330981,11.0,9.0,1.0,2.0,2845.0,2845.0,5,47.416666666666664,47.416666666666664,100.0,11.11111111111111,18.181818181818183,EUR
2026-08-08,Pavlohrad,85.075971,5.0,5.0,0.0,0.0,1282.0,1282.0,2,21.366666666666667,21.366666666666667,100.0,0.0,0.0,EUR
2026-08-08,Vinnytsia,311.842074,32.0,20.0,2.0,12.0,701.0,701.0,1,11.683333333333334,11.683333333333334,100.0,10.0,37.5,EUR
2026-08-08,Vyshhorod,114.309186,7.0,7.0,0.0,0.0,701.0,701.0,1,11.683333333333334,11.683333333333334,100.0,0.0,0.0,EUR
2026-08-08,Zaporizhia,235.233405,28.0,19.0,3.0,9.0,2804.0,2804.0,4,46.733333333333334,46.733333333333334,100.0,15.789473684210526,32.142857142857146,EUR
2026-08-09,Brovary,188.840699,14.0,14.0,0.0,0.0,700.9333333333333,700.9333333333333,1,11.68222222222222,11.68222222222222,100.0,0.0,0.0,EUR
2026-08-09,Dnipro,2148.627769,140.0,132.0,21.0,8.0,11174.933333333329,11174.933333333329,17,186.2488888888888,186.2488888888888,100.0,15.909090909090908,5.714285714285714,EUR
2026-08-09,Irpin,157.948354,10.0,10.0,4.0,0.0,700.9333333333333,700.9333333333333,1,11.68222222222222,11.68222222222222,100.0,40.0,0.0,EUR
2026-08-09,Kamianske,17.275801,2.0,1.0,1.0,1.0,1201.8666666666666,1201.8666666666666,2,20.03111111111111,20.03111111111111,100.0,100.0,50.0,EUR
2026-08-09,Kryvyi Rih,457.56671500000004,31.0,29.0,5.0,2.0,4509.499999999999,5607.466666666666,8,75.15833333333332,93.45777777777776,80.41955963477267,17.24137931034483,6.451612903225806,EUR
2026-08-09,Kyiv,3416.7521119999997,214.0,201.0,29.0,13.0,11895.866666666661,12556.799999999994,18,198.26444444444436,209.2799999999999,94.73645090044172,14.427860696517413,6.074766355140187,EUR
2026-08-09,Odesa,102.964872,8.0,7.0,0.0,1.0,2844.733333333333,2844.733333333333,5,47.41222222222222,47.41222222222222,100.0,0.0,12.5,EUR
2026-08-09,Pavlohrad,192.15818299999998,6.0,6.0,0.0,0.0,1281.8666666666666,1281.8666666666666,2,21.36444444444444,21.36444444444444,100.0,0.0,0.0,EUR
2026-08-09,Vinnytsia,438.187827,36.0,32.0,11.0,4.0,700.9333333333333,700.9333333333333,1,11.68222222222222,11.68222222222222,100.0,34.375,11.11111111111111,EUR
2026-08-09,Vyshhorod,74.476164,4.0,4.0,0.0,0.0,700.9333333333333,700.9333333333333,1,11.68222222222222,11.68222222222222,100.0,0.0,0.0,EUR
2026-08-09,Zaporizhia,166.743691,23.0,14.0,2.0,9.0,2617.35,2803.733333333333,4,43.622499999999995,46.72888888888888,93.35231595967282,14.285714285714285,39.130434782608695,EUR
2026-08-10,Brovary,169.888674,14.0,13.0,2.0,1.0,701.0,701.0,1,11.683333333333334,11.683333333333334,100.0,15.384615384615385,7.142857142857142,EUR
2026-08-10,Dnipro,1959.177986,137.0,129.0,30.0,8.0,11176.0,11176.0,17,186.26666666666668,186.26666666666668,100.0,23.25581395348837,5.839416058394161,EUR
2026-08-10,Irpin,251.532699,15.0,15.0,3.0,0.0,701.0,701.0,1,11.683333333333334,11.683333333333334,100.0,20.0,0.0,EUR
2026-08-10,Kamianske,30.207033,3.0,2.0,0.0,1.0,1202.0,1202.0,2,20.033333333333335,20.033333333333335,100.0,0.0,33.33333333333333,EUR
2026-08-10,Kryvyi Rih,451.442225,28.0,27.0,7.0,1.0,4206.0,5608.0,8,70.1,93.46666666666667,75.0,25.925925925925924,3.571428571428571,EUR
2026-08-10,Kyiv,3048.4762159999996,179.0,171.0,33.0,8.0,11695.483333333334,12558.0,18,194.92472222222221,209.3,93.1317354143441,19.298245614035086,4.4692737430167595,EUR
2026-08-10,Odesa,117.009849,9.0,7.0,3.0,2.0,3123.416666666667,3504.866666666667,5,52.05694444444445,58.41444444444445,89.11656173320907,42.857142857142854,22.22222222222222,EUR
2026-08-10,Pavlohrad,76.559242,5.0,4.0,0.0,1.0,1282.0,1282.0,2,21.366666666666667,21.366666666666667,100.0,0.0,20.0,EUR
2026-08-10,Vinnytsia,468.922092,27.0,26.0,3.0,1.0,701.0,701.0,1,11.683333333333334,11.683333333333334,100.0,11.538461538461538,3.7037037037037033,EUR
2026-08-10,Vyshhorod,35.530701,4.0,4.0,0.0,0.0,701.0,701.0,1,11.683333333333334,11.683333333333334,100.0,0.0,0.0,EUR
2026-08-10,Zaporizhia,288.53468899999996,17.0,16.0,1.0,1.0,2103.0,2804.0,4,35.05,46.733333333333334,75.0,6.25,5.88235294117647,EUR
2026-08-11,Brovary,174.422908,12.0,12.0,0.0,0.0,701.0,701.0,1,11.683333333333334,11.683333333333334,100.0,0.0,0.0,EUR
2026-08-11,Dnipro,1992.3285349999996,152.0,140.0,19.0,12.0,11176.0,11176.0,17,186.26666666666668,186.26666666666668,100.0,13.571428571428571,7.894736842105263,EUR
2026-08-11,Irpin,240.523738,18.0,17.0,2.0,1.0,701.0,701.0,1,11.683333333333334,11.683333333333334,100.0,11.76470588235294,5.555555555555555,EUR
2026-08-11,Kamianske,0.0,0.0,0.0,0.0,0.0,1202.0,1202.0,2,20.033333333333335,20.033333333333335,100.0,,,EUR
2026-08-11,Kryvyi Rih,379.368114,35.0,27.0,3.0,8.0,4206.0,5608.0,8,70.1,93.46666666666667,75.0,11.11111111111111,22.857142857142858,EUR
2026-08-11,Kyiv,2629.6889810000002,167.0,160.0,19.0,7.0,10981.533333333333,12557.916666666666,18,183.02555555555554,209.29861111111111,87.44709512591659,11.875,4.191616766467066,EUR
2026-08-11,Odesa,111.215975,11.0,10.0,2.0,1.0,2804.0,3505.0,5,46.733333333333334,58.416666666666664,80.0,20.0,9.090909090909092,EUR
2026-08-11,Pavlohrad,128.762011,7.0,7.0,0.0,0.0,1282.0,1282.0,2,21.366666666666667,21.366666666666667,100.0,0.0,0.0,EUR
2026-08-11,Vinnytsia,807.041705,46.0,44.0,5.0,2.0,701.0,701.0,1,11.683333333333334,11.683333333333334,100.0,11.363636363636363,4.3478260869565215,EUR
2026-08-11,Vyshhorod,52.332011,4.0,4.0,0.0,0.0,701.0,701.0,1,11.683333333333334,11.683333333333334,100.0,0.0,0.0,EUR
2026-08-11,Zaporizhia,335.906646,18.0,18.0,4.0,0.0,2103.0,2804.0,4,35.05,46.733333333333334,75.0,22.22222222222222,0.0,EUR
2026-08-12,Brovary,202.102988,18.0,16.0,2.0,2.0,701.0,701.0,1,11.683333333333334,11.683333333333334,100.0,12.5,11.11111111111111,EUR
2026-08-12,Dnipro,1809.9021040000002,137.0,121.0,26.0,16.0,11176.0,11176.0,17,186.26666666666668,186.26666666666668,100.0,21.487603305785125,11.678832116788321,EUR
2026-08-12,Irpin,204.479547,14.0,14.0,4.0,0.0,701.0,701.0,1,11.683333333333334,11.683333333333334,100.0,28.57142857142857,0.0,EUR
2026-08-12,Kamianske,67.127898,4.0,4.0,2.0,0.0,1202.0,1202.0,2,20.033333333333335,20.033333333333335,100.0,50.0,0.0,EUR
2026-08-12,Kryvyi Rih,245.954671,35.0,20.0,6.0,15.0,5091.933333333333,5608.0,8,84.86555555555556,93.46666666666667,90.79766999524489,30.0,42.857142857142854,EUR
2026-08-12,Kyiv,2521.371071,155.0,146.0,19.0,9.0,11266.116666666667,12201.616666666667,18,187.7686111111111,203.36027777777778,92.33298319758174,13.013698630136986,5.806451612903226,EUR
2026-08-12,Odesa,122.864315,12.0,10.0,3.0,2.0,3246.616666666667,3505.0,5,54.11027777777778,58.416666666666664,92.62815026153115,30.0,16.666666666666664,EUR
2026-08-12,Pavlohrad,40.093547,4.0,4.0,0.0,0.0,1282.0,1282.0,2,21.366666666666667,21.366666666666667,100.0,0.0,0.0,EUR
2026-08-12,Vinnytsia,894.410712,71.0,58.0,10.0,13.0,701.0,701.0,1,11.683333333333334,11.683333333333334,100.0,17.24137931034483,18.30985915492958,EUR
2026-08-12,Vyshhorod,107.751397,6.0,6.0,0.0,0.0,701.0,701.0,1,11.683333333333334,11.683333333333334,100.0,0.0,0.0,EUR
2026-08-12,Zaporizhia,382.425323,15.0,15.0,4.0,0.0,1878.2000081380208,3002.25,4,31.303333468967015,50.0375,62.55974712758834,26.666666666666668,0.0,EUR
2026-08-13,Brovary,186.614253,14.0,14.0,3.0,0.0,700.4333333333333,700.4333333333333,1,11.673888888888888,11.673888888888888,100.0,21.428571428571427,0.0,EUR
2026-08-13,Dnipro,1782.65797,113.0,109.0,11.0,4.0,11043.33333333333,11166.849999999997,17,184.05555555555551,186.11416666666662,98.89389875688607,10.091743119266056,3.5398230088495577,EUR
2026-08-13,Irpin,169.251499,11.0,11.0,0.0,0.0,700.4333333333333,700.4333333333333,1,11.673888888888888,11.673888888888888,100.0,0.0,0.0,EUR
2026-08-13,Kamianske,48.774581,2.0,2.0,2.0,0.0,1202.0,1202.0,2,20.033333333333335,20.033333333333335,100.0,100.0,0.0,EUR
2026-08-13,Kryvyi Rih,508.305648,54.0,45.0,4.0,9.0,5603.466666666666,5603.466666666666,8,93.3911111111111,93.3911111111111,100.0,8.88888888888889,16.666666666666664,EUR
2026-08-13,Kyiv,3405.2389620000004,218.0,200.0,23.0,18.0,12235.566666666662,12547.683333333329,18,203.92611111111103,209.12805555555548,97.51255543852052,11.5,8.256880733944955,EUR
2026-08-13,Odesa,114.76992,8.0,8.0,3.0,0.0,3502.1666666666665,3502.1666666666665,5,58.36944444444444,58.36944444444444,100.0,37.5,0.0,EUR
2026-08-13,Pavlohrad,43.591421999999994,3.0,3.0,0.0,0.0,1282.0,1282.0,2,21.366666666666667,21.366666666666667,100.0,0.0,0.0,EUR
2026-08-13,Vinnytsia,776.716559,76.0,55.0,17.0,21.0,700.4333333333333,700.4333333333333,1,11.673888888888888,11.673888888888888,100.0,30.909090909090907,27.631578947368425,EUR
2026-08-13,Vyshhorod,89.272575,5.0,5.0,0.0,0.0,700.4333333333333,700.4333333333333,1,11.673888888888888,11.673888888888888,100.0,0.0,0.0,EUR
2026-08-13,Zaporizhia,340.594469,28.0,23.0,6.0,5.0,3233.9,3342.333333333333,4,53.89833333333333,55.70555555555555,96.7557594494864,26.08695652173913,17.857142857142858,EUR
2026-08-14,Brovary,342.421294,25.0,25.0,5.0,0.0,701.0,701.0,1,11.683333333333334,11.683333333333334,100.0,20.0,0.0,EUR
2026-08-14,Dnipro,2654.0397239999998,174.0,165.0,29.0,9.0,11176.0,11176.0,17,186.26666666666668,186.26666666666668,100.0,17.575757575757574,5.172413793103448,EUR
2026-08-14,Irpin,194.087396,14.0,12.0,1.0,2.0,701.0,701.0,1,11.683333333333334,11.683333333333334,100.0,8.333333333333332,14.285714285714285,EUR
2026-08-14,Kamianske,140.604373,8.0,8.0,4.0,0.0,1202.0,1202.0,2,20.033333333333335,20.033333333333335,100.0,50.0,0.0,EUR
2026-08-14,Kryvyi Rih,886.24848,65.0,64.0,8.0,1.0,5608.0,5608.0,8,93.46666666666667,93.46666666666667,100.0,12.5,1.5384615384615385,EUR
2026-08-14,Kyiv,4065.0882659999993,291.0,263.0,32.0,28.0,12558.0,12558.0,18,209.3,209.3,100.0,12.167300380228136,9.621993127147768,EUR
2026-08-14,Odesa,118.978824,11.0,10.0,2.0,1.0,3505.0,3505.0,5,58.416666666666664,58.416666666666664,100.0,20.0,9.090909090909092,EUR
2026-08-14,Pavlohrad,164.904383,12.0,11.0,2.0,1.0,1282.0,1282.0,2,21.366666666666667,21.366666666666667,100.0,18.181818181818183,8.333333333333332,EUR
2026-08-14,Vinnytsia,1577.561916,130.0,121.0,7.0,9.0,701.0,701.0,1,11.683333333333334,11.683333333333334,100.0,5.785123966942149,6.923076923076923,EUR
2026-08-14,Vyshhorod,104.869432,7.0,7.0,0.0,0.0,701.0,701.0,1,11.683333333333334,11.683333333333334,100.0,0.0,0.0,EUR
2026-08-14,Zaporizhia,264.504414,21.0,18.0,4.0,3.0,2804.0,2804.0,4,46.733333333333334,46.733333333333334,100.0,22.22222222222222,14.285714285714285,EUR
2026-08-15,Brovary,582.55276,42.0,41.0,3.0,1.0,701.0,701.0,1,11.683333333333334,11.683333333333334,100.0,7.317073170731707,2.380952380952381,EUR
2026-08-15,Dnipro,3984.600128,311.0,272.0,43.0,39.0,11176.0,11176.0,17,186.26666666666668,186.26666666666668,100.0,15.808823529411764,12.540192926045016,EUR
2026-08-15,Irpin,435.270187,30.0,26.0,15.0,4.0,701.0,701.0,1,11.683333333333334,11.683333333333334,100.0,57.692307692307686,13.333333333333334,EUR
2026-08-15,Kamianske,183.843055,34.0,10.0,3.0,24.0,1202.0,1202.0,2,20.033333333333335,20.033333333333335,100.0,30.0,70.58823529411765,EUR
2026-08-15,Kryvyi Rih,1369.2749159999998,91.0,86.0,15.0,5.0,5565.316666666667,5608.0,8,92.75527777777778,93.46666666666667,99.23888492629577,17.441860465116278,5.4945054945054945,EUR
2026-08-15,Kyiv,5898.964802,399.0,356.0,65.0,43.0,12289.266666666666,12558.0,18,204.8211111111111,209.3,97.86006264267134,18.258426966292134,10.776942355889723,EUR
2026-08-15,Odesa,819.512237,55.0,51.0,10.0,4.0,3505.0,3505.0,5,58.416666666666664,58.416666666666664,100.0,19.607843137254903,7.2727272727272725,EUR
2026-08-15,Pavlohrad,159.351596,12.0,11.0,2.0,1.0,1282.0,1282.0,2,21.366666666666667,21.366666666666667,100.0,18.181818181818183,8.333333333333332,EUR
2026-08-15,Vinnytsia,2161.148736,174.0,154.0,32.0,20.0,701.0,701.0,1,11.683333333333334,11.683333333333334,100.0,20.77922077922078,11.494252873563218,EUR
2026-08-15,Vyshhorod,152.694344,8.0,8.0,0.0,0.0,701.0,701.0,1,11.683333333333334,11.683333333333334,100.0,0.0,0.0,EUR
2026-08-15,Zaporizhia,618.6287110000001,44.0,42.0,7.0,2.0,2804.0,2804.0,4,46.733333333333334,46.733333333333334,100.0,16.666666666666664,4.545454545454546,EUR
2026-08-16,Brovary,133.980677,11.0,11.0,0.0,0.0,701.0166666666667,701.0166666666667,1,11.68361111111111,11.68361111111111,100.0,0.0,0.0,EUR
2026-08-16,Dnipro,2192.0549789999995,128.0,123.0,13.0,5.0,11176.266666666665,11176.266666666665,17,186.27111111111108,186.27111111111108,100.0,10.569105691056912,3.90625,EUR
2026-08-16,Irpin,341.961774,16.0,15.0,3.0,1.0,701.0166666666667,701.0166666666667,1,11.68361111111111,11.68361111111111,100.0,20.0,6.25,EUR
2026-08-16,Kamianske,93.028323,5.0,5.0,1.0,0.0,1202.0333333333333,1202.0333333333333,2,20.03388888888889,20.03388888888889,100.0,20.0,0.0,EUR
2026-08-16,Kryvyi Rih,407.247309,27.0,26.0,0.0,1.0,5608.133333333332,5608.133333333332,8,93.46888888888887,93.46888888888887,100.0,0.0,3.7037037037037033,EUR
2026-08-16,Kyiv,3680.652051,221.0,210.0,27.0,11.0,12022.216666666664,12558.299999999997,18,200.37027777777772,209.30499999999995,95.7312428168356,12.857142857142856,4.97737556561086,EUR
2026-08-16,Odesa,422.988963,21.0,21.0,3.0,0.0,3505.083333333333,3505.083333333333,5,58.41805555555555,58.41805555555555,100.0,14.285714285714285,0.0,EUR
2026-08-16,Pavlohrad,53.048923,4.0,4.0,0.0,0.0,1282.0333333333333,1282.0333333333333,2,21.36722222222222,21.36722222222222,100.0,0.0,0.0,EUR
2026-08-16,Vinnytsia,440.749464,30.0,27.0,9.0,3.0,449.3666666666667,701.0166666666667,1,7.489444444444445,11.68361111111111,64.10213737191222,33.33333333333333,10.0,EUR
2026-08-16,Vyshhorod,18.851386,5.0,2.0,0.0,3.0,701.0166666666667,701.0166666666667,1,11.68361111111111,11.68361111111111,100.0,0.0,60.0,EUR
2026-08-16,Zaporizhia,482.06745,26.0,26.0,1.0,0.0,2804.0666666666666,2804.0666666666666,4,46.73444444444444,46.73444444444444,100.0,3.8461538461538463,0.0,EUR
2026-08-17,Brovary,228.302197,17.0,17.0,0.0,0.0,701.0,701.0,1,11.683333333333334,11.683333333333334,100.0,0.0,0.0,EUR
2026-08-17,Dnipro,1845.857509,121.0,116.0,19.0,5.0,11176.0,11176.0,17,186.26666666666668,186.26666666666668,100.0,16.379310344827587,4.132231404958678,EUR
2026-08-17,Irpin,193.048079,11.0,11.0,2.0,0.0,701.0,701.0,1,11.683333333333334,11.683333333333334,100.0,18.181818181818183,0.0,EUR
2026-08-17,Kamianske,24.250214,2.0,1.0,0.0,1.0,1202.0,1202.0,2,20.033333333333335,20.033333333333335,100.0,0.0,50.0,EUR
2026-08-17,Kryvyi Rih,382.89761999999996,26.0,26.0,5.0,0.0,5608.0,5608.0,8,93.46666666666667,93.46666666666667,100.0,19.230769230769234,0.0,EUR
2026-08-17,Kyiv,3293.7042599999995,226.0,190.0,30.0,36.0,12558.0,12558.0,18,209.3,209.3,100.0,15.789473684210526,15.929203539823009,EUR
2026-08-17,Odesa,410.834497,27.0,23.0,4.0,4.0,3505.0,3505.0,5,58.416666666666664,58.416666666666664,100.0,17.391304347826086,14.814814814814813,EUR
2026-08-17,Pavlohrad,81.033883,8.0,7.0,0.0,1.0,1282.0,1282.0,2,21.366666666666667,21.366666666666667,100.0,0.0,12.5,EUR
2026-08-17,Vinnytsia,345.474588,34.0,32.0,8.0,2.0,701.0,701.0,1,11.683333333333334,11.683333333333334,100.0,25.0,5.88235294117647,EUR
2026-08-17,Vyshhorod,64.03303,5.0,5.0,0.0,0.0,701.0,701.0,1,11.683333333333334,11.683333333333334,100.0,0.0,0.0,EUR
2026-08-17,Zaporizhia,267.925853,18.0,18.0,1.0,0.0,2804.0,2804.0,4,46.733333333333334,46.733333333333334,100.0,5.555555555555555,0.0,EUR
2026-08-18,Brovary,139.785982,13.0,13.0,2.0,0.0,700.6,700.6,1,11.676666666666668,11.676666666666668,100.0,15.384615384615385,0.0,EUR
2026-08-18,Dnipro,1786.6828090000004,122.0,117.0,14.0,5.0,11169.600000000004,11169.600000000004,17,186.16000000000005,186.16000000000005,100.0,11.965811965811966,4.098360655737705,EUR
2026-08-18,Irpin,225.664471,13.0,13.0,6.0,0.0,700.6,700.6,1,11.676666666666668,11.676666666666668,100.0,46.15384615384615,0.0,EUR
2026-08-18,Kamianske,116.094556,6.0,5.0,4.0,1.0,1201.2,1201.2,2,20.02,20.02,100.0,80.0,16.666666666666664,EUR
2026-08-18,Kryvyi Rih,490.34921,39.0,39.0,2.0,0.0,5604.800000000001,5604.800000000001,8,93.41333333333336,93.41333333333336,100.0,5.128205128205128,0.0,EUR
2026-08-18,Kyiv,3179.891595,216.0,188.0,29.0,28.0,12450.800000000005,12450.800000000005,18,207.5133333333334,207.5133333333334,100.0,15.425531914893616,12.962962962962962,EUR
2026-08-18,Odesa,322.502613,20.0,20.0,4.0,0.0,3503.0,3503.0,5,58.38333333333333,58.38333333333333,100.0,20.0,0.0,EUR
2026-08-18,Pavlohrad,74.586263,4.0,4.0,0.0,0.0,1281.2,1281.2,2,21.353333333333335,21.353333333333335,100.0,0.0,0.0,EUR
2026-08-18,Vinnytsia,433.077196,35.0,35.0,7.0,0.0,700.6,700.6,1,11.676666666666668,11.676666666666668,100.0,20.0,0.0,EUR
2026-08-18,Vyshhorod,29.168163,2.0,2.0,0.0,0.0,700.6,700.6,1,11.676666666666668,11.676666666666668,100.0,0.0,0.0,EUR
2026-08-18,Zaporizhia,349.26671999999996,24.0,24.0,3.0,0.0,2802.4,2802.4,4,46.70666666666667,46.70666666666667,100.0,12.5,0.0,EUR
2026-08-19,Brovary,89.686941,9.0,9.0,0.0,0.0,701.0,701.0,1,11.683333333333334,11.683333333333334,100.0,0.0,0.0,EUR
2026-08-19,Dnipro,1857.5291700000002,148.0,138.0,20.0,10.0,11176.0,11176.0,17,186.26666666666668,186.26666666666668,100.0,14.492753623188406,6.756756756756757,EUR
2026-08-19,Irpin,124.062712,10.0,10.0,2.0,0.0,701.0,701.0,1,11.683333333333334,11.683333333333334,100.0,20.0,0.0,EUR
2026-08-19,Kamianske,68.293319,3.0,3.0,1.0,0.0,1202.0,1202.0,2,20.033333333333335,20.033333333333335,100.0,33.33333333333333,0.0,EUR
2026-08-19,Kryvyi Rih,333.085599,18.0,18.0,1.0,0.0,5608.0,5608.0,8,93.46666666666667,93.46666666666667,100.0,5.555555555555555,0.0,EUR
2026-08-19,Kyiv,3019.6664460000006,209.0,194.0,19.0,15.0,12458.0,12458.0,18,207.63333333333333,207.63333333333333,100.0,9.793814432989691,7.177033492822966,EUR
2026-08-19,Odesa,355.846953,26.0,24.0,5.0,2.0,3505.0,3505.0,5,58.416666666666664,58.416666666666664,100.0,20.833333333333336,7.6923076923076925,EUR
2026-08-19,Pavlohrad,125.89407,7.0,6.0,0.0,1.0,1282.0,1282.0,2,21.366666666666667,21.366666666666667,100.0,0.0,14.285714285714285,EUR
2026-08-19,Vinnytsia,329.082736,27.0,26.0,2.0,1.0,701.0,701.0,1,11.683333333333334,11.683333333333334,100.0,7.6923076923076925,3.7037037037037033,EUR
2026-08-19,Vyshhorod,42.631351,3.0,3.0,0.0,0.0,701.0,701.0,1,11.683333333333334,11.683333333333334,100.0,0.0,0.0,EUR
2026-08-19,Zaporizhia,382.286456,23.0,23.0,1.0,0.0,2804.0,2804.0,4,46.733333333333334,46.733333333333334,100.0,4.3478260869565215,0.0,EUR
2026-08-20,Brovary,130.660774,10.0,10.0,0.0,0.0,701.0166666666667,701.0166666666667,1,11.68361111111111,11.68361111111111,100.0,0.0,0.0,EUR
2026-08-20,Dnipro,1482.189375,121.0,117.0,12.0,4.0,11176.266666666665,11176.266666666665,17,186.27111111111108,186.27111111111108,100.0,10.256410256410255,3.3057851239669422,EUR
2026-08-20,Irpin,194.700965,14.0,14.0,2.0,0.0,701.0166666666667,701.0166666666667,1,11.68361111111111,11.68361111111111,100.0,14.285714285714285,0.0,EUR
2026-08-20,Kamianske,88.349249,6.0,5.0,0.0,1.0,1202.0333333333333,1202.0333333333333,2,20.03388888888889,20.03388888888889,100.0,0.0,16.666666666666664,EUR
2026-08-20,Kryvyi Rih,327.87678100000005,23.0,22.0,1.0,1.0,5608.133333333332,5608.133333333332,8,93.46888888888887,93.46888888888887,100.0,4.545454545454546,4.3478260869565215,EUR
2026-08-20,Kyiv,3004.630809,219.0,183.0,32.0,36.0,12458.299999999997,12458.299999999997,18,207.6383333333333,207.6383333333333,100.0,17.48633879781421,16.43835616438356,EUR
2026-08-20,Odesa,70.577178,8.0,6.0,0.0,2.0,3505.083333333333,3505.083333333333,5,58.41805555555555,58.41805555555555,100.0,0.0,25.0,EUR
2026-08-20,Pavlohrad,17.918212,3.0,2.0,0.0,1.0,1282.0333333333333,1282.0333333333333,2,21.36722222222222,21.36722222222222,100.0,0.0,33.33333333333333,EUR
2026-08-20,Vinnytsia,363.772005,29.0,26.0,4.0,3.0,701.0166666666667,701.0166666666667,1,11.68361111111111,11.68361111111111,100.0,15.384615384615385,10.344827586206897,EUR
2026-08-20,Vyshhorod,29.417424,3.0,3.0,0.0,0.0,701.0166666666667,701.0166666666667,1,11.68361111111111,11.68361111111111,100.0,0.0,0.0,EUR
2026-08-20,Zaporizhia,376.18121999999994,22.0,22.0,5.0,0.0,2804.0666666666666,2804.0666666666666,4,46.73444444444444,46.73444444444444,100.0,22.727272727272727,0.0,EUR
2026-08-21,Brovary,215.06174,13.0,13.0,0.0,0.0,700.7333333333333,700.7333333333333,1,11.678888888888888,11.678888888888888,100.0,0.0,0.0,EUR
2026-08-21,Dnipro,2057.6864419999997,134.0,124.0,21.0,10.0,11171.733333333335,11171.733333333335,17,186.1955555555556,186.1955555555556,100.0,16.93548387096774,7.462686567164178,EUR
2026-08-21,Irpin,106.750802,11.0,11.0,0.0,0.0,700.7333333333333,700.7333333333333,1,11.678888888888888,11.678888888888888,100.0,0.0,0.0,EUR
2026-08-21,Kamianske,44.005479,2.0,2.0,1.0,0.0,1201.4666666666667,1201.4666666666667,2,20.024444444444445,20.024444444444445,100.0,50.0,0.0,EUR
2026-08-21,Kryvyi Rih,480.304083,31.0,31.0,2.0,0.0,5416.183333333334,5605.866666666668,8,90.26972222222224,93.43111111111112,96.61634240319665,6.451612903225806,0.0,EUR
2026-08-21,Kyiv,3381.309271,229.0,199.0,38.0,30.0,12453.200000000003,12453.200000000003,18,207.55333333333337,207.55333333333337,100.0,19.09547738693467,13.100436681222707,EUR
2026-08-21,Odesa,187.73415,14.0,13.0,2.0,1.0,3503.666666666667,3503.666666666667,5,58.39444444444445,58.39444444444445,100.0,15.384615384615385,7.142857142857142,EUR
2026-08-21,Pavlohrad,45.831102,4.0,4.0,0.0,0.0,1281.4666666666667,1281.4666666666667,2,21.357777777777777,21.357777777777777,100.0,0.0,0.0,EUR
2026-08-21,Vinnytsia,416.280807,32.0,30.0,6.0,2.0,700.7333333333333,700.7333333333333,1,11.678888888888888,11.678888888888888,100.0,20.0,6.25,EUR
2026-08-21,Vyshhorod,54.747641,4.0,4.0,0.0,0.0,700.7333333333333,700.7333333333333,1,11.678888888888888,11.678888888888888,100.0,0.0,0.0,EUR
2026-08-21,Zaporizhia,695.07866,37.0,37.0,6.0,0.0,2802.9333333333334,2802.9333333333334,4,46.715555555555554,46.715555555555554,100.0,16.216216216216218,0.0,EUR
2026-08-22,Brovary,250.487148,21.0,19.0,2.0,2.0,701.0,701.0,1,11.683333333333334,11.683333333333334,100.0,10.526315789473683,9.523809523809524,EUR
2026-08-22,Dnipro,2348.27902,160.0,147.0,18.0,13.0,11176.0,11176.0,17,186.26666666666668,186.26666666666668,100.0,12.244897959183673,8.125,EUR
2026-08-22,Irpin,156.876543,14.0,12.0,3.0,2.0,701.0,701.0,1,11.683333333333334,11.683333333333334,100.0,25.0,14.285714285714285,EUR
2026-08-22,Kamianske,79.38216,3.0,3.0,0.0,0.0,1202.0,1202.0,2,20.033333333333335,20.033333333333335,100.0,0.0,0.0,EUR
2026-08-22,Kryvyi Rih,656.7658630000001,39.0,39.0,9.0,0.0,4907.0,5608.0,8,81.78333333333333,93.46666666666667,87.5,23.076923076923077,0.0,EUR
2026-08-22,Kyiv,3737.979781,235.0,217.0,29.0,18.0,11648.633333333333,12458.0,18,194.14388888888888,207.63333333333333,93.50323754481725,13.36405529953917,7.659574468085106,EUR
2026-08-22,Odesa,376.67393400000003,20.0,19.0,6.0,1.0,3505.0,3505.0,5,58.416666666666664,58.416666666666664,100.0,31.57894736842105,5.0,EUR
2026-08-22,Pavlohrad,74.684301,5.0,5.0,0.0,0.0,1280.0,1280.0,2,21.333333333333332,21.333333333333332,100.0,0.0,0.0,EUR
2026-08-22,Vinnytsia,806.417215,61.0,58.0,4.0,3.0,701.0,701.0,1,11.683333333333334,11.683333333333334,100.0,6.896551724137931,4.918032786885246,EUR
2026-08-22,Vyshhorod,88.046445,4.0,4.0,2.0,0.0,700.0,700.0,1,11.666666666666666,11.666666666666666,100.0,50.0,0.0,EUR
2026-08-22,Zaporizhia,711.359275,34.0,34.0,4.0,0.0,2800.0,2800.0,4,46.666666666666664,46.666666666666664,100.0,11.76470588235294,0.0,EUR
2026-08-23,Brovary,166.894558,14.0,14.0,0.0,0.0,701.0,701.0,1,11.683333333333334,11.683333333333334,100.0,0.0,0.0,EUR
2026-08-23,Dnipro,2435.6147379999998,178.0,156.0,20.0,22.0,11176.0,11176.0,17,186.26666666666668,186.26666666666668,100.0,12.82051282051282,12.359550561797752,EUR
2026-08-23,Irpin,288.085577,18.0,18.0,1.0,0.0,701.0,701.0,1,11.683333333333334,11.683333333333334,100.0,5.555555555555555,0.0,EUR
2026-08-23,Kamianske,77.996588,4.0,4.0,1.0,0.0,1202.0,1202.0,2,20.033333333333335,20.033333333333335,100.0,25.0,0.0,EUR
2026-08-23,Kryvyi Rih,541.084519,38.0,35.0,3.0,3.0,4907.0,5608.0,8,81.78333333333333,93.46666666666667,87.5,8.571428571428571,7.894736842105263,EUR
2026-08-23,Kyiv,3188.8060870000004,244.0,204.0,55.0,40.0,11857.0,12458.0,18,197.61666666666667,207.63333333333333,95.1757906566062,26.96078431372549,16.39344262295082,EUR
2026-08-23,Odesa,269.393307,19.0,16.0,6.0,3.0,3505.0,3505.0,5,58.416666666666664,58.416666666666664,100.0,37.5,15.789473684210526,EUR
2026-08-23,Pavlohrad,71.021924,4.0,4.0,0.0,0.0,1282.0,1282.0,2,21.366666666666667,21.366666666666667,100.0,0.0,0.0,EUR
2026-08-23,Vinnytsia,630.832093,42.0,41.0,6.0,1.0,701.0,701.0,1,11.683333333333334,11.683333333333334,100.0,14.634146341463413,2.380952380952381,EUR
2026-08-23,Vyshhorod,87.376582,5.0,5.0,1.0,0.0,701.0,701.0,1,11.683333333333334,11.683333333333334,100.0,20.0,0.0,EUR
2026-08-23,Zaporizhia,813.922849,38.0,38.0,5.0,0.0,2804.0,2804.0,4,46.733333333333334,46.733333333333334,100.0,13.157894736842104,0.0,EUR
2026-08-24,Brovary,160.626192,14.0,14.0,0.0,0.0,701.2,701.2,1,11.686666666666667,11.686666666666667,100.0,0.0,0.0,EUR
2026-08-24,Dnipro,1683.7113370000002,127.0,116.0,17.0,11.0,11179.200000000003,11179.200000000003,17,186.32000000000005,186.32000000000005,100.0,14.655172413793101,8.661417322834646,EUR
2026-08-24,Irpin,244.62748,17.0,17.0,2.0,0.0,701.2,701.2,1,11.686666666666667,11.686666666666667,100.0,11.76470588235294,0.0,EUR
2026-08-24,Kamianske,50.252637,2.0,2.0,1.0,0.0,1202.4,1202.4,2,20.040000000000003,20.040000000000003,100.0,50.0,0.0,EUR
2026-08-24,Kryvyi Rih,492.57673200000005,33.0,33.0,6.0,0.0,5319.1833333333325,5609.599999999999,8,88.65305555555554,93.49333333333333,94.82286318691766,18.181818181818183,0.0,EUR
2026-08-24,Kyiv,2829.851363,213.0,184.0,28.0,29.0,12081.600000000004,12461.600000000004,18,201.36000000000007,207.6933333333334,96.95063234255633,15.217391304347828,13.615023474178404,EUR
2026-08-24,Odesa,327.909516,23.0,21.0,10.0,2.0,3506.0,3506.0,5,58.43333333333333,58.43333333333333,100.0,47.61904761904761,8.695652173913043,EUR
2026-08-24,Pavlohrad,86.432518,5.0,5.0,2.0,0.0,1282.4,1282.4,2,21.373333333333335,21.373333333333335,100.0,40.0,0.0,EUR
2026-08-24,Vinnytsia,507.132742,39.0,36.0,8.0,3.0,701.2,701.2,1,11.686666666666667,11.686666666666667,100.0,22.22222222222222,7.6923076923076925,EUR
2026-08-24,Vyshhorod,24.264295,3.0,3.0,1.0,0.0,701.2,701.2,1,11.686666666666667,11.686666666666667,100.0,33.33333333333333,0.0,EUR
2026-08-24,Zaporizhia,516.573461,34.0,34.0,3.0,0.0,2804.8,2804.8,4,46.74666666666667,46.74666666666667,100.0,8.823529411764707,0.0,EUR
2026-08-25,Brovary,103.870827,10.0,9.0,2.0,1.0,701.0,701.0,1,11.683333333333334,11.683333333333334,100.0,22.22222222222222,10.0,EUR
2026-08-25,Dnipro,2236.075179,154.0,137.0,25.0,17.0,10971.083333333334,11176.0,17,182.8513888888889,186.26666666666668,98.16645788594607,18.248175182481752,11.03896103896104,EUR
2026-08-25,Irpin,222.639066,15.0,15.0,3.0,0.0,701.0,701.0,1,11.683333333333334,11.683333333333334,100.0,20.0,0.0,EUR
2026-08-25,Kamianske,16.945939,2.0,1.0,0.0,1.0,1202.0,1202.0,2,20.033333333333335,20.033333333333335,100.0,0.0,50.0,EUR
2026-08-25,Kryvyi Rih,348.54273700000005,32.0,30.0,4.0,2.0,5608.0,5608.0,8,93.46666666666667,93.46666666666667,100.0,13.333333333333334,6.25,EUR
2026-08-25,Kyiv,3601.193656,226.0,209.0,28.0,17.0,12266.283333333333,12458.0,18,204.43805555555554,207.63333333333333,98.46109594905549,13.397129186602871,7.52212389380531,EUR
2026-08-25,Odesa,375.26658699999996,23.0,22.0,3.0,1.0,3505.0,3505.0,5,58.416666666666664,58.416666666666664,100.0,13.636363636363635,4.3478260869565215,EUR
2026-08-25,Pavlohrad,41.15078,5.0,3.0,1.0,2.0,1282.0,1282.0,2,21.366666666666667,21.366666666666667,100.0,33.33333333333333,40.0,EUR
2026-08-25,Vinnytsia,506.981484,35.0,33.0,5.0,2.0,701.0,701.0,1,11.683333333333334,11.683333333333334,100.0,15.151515151515152,5.714285714285714,EUR
2026-08-25,Vyshhorod,50.039494,4.0,4.0,0.0,0.0,701.0,701.0,1,11.683333333333334,11.683333333333334,100.0,0.0,0.0,EUR
2026-08-25,Zaporizhia,606.20981,39.0,38.0,3.0,1.0,2398.133333333333,2804.0,4,39.968888888888884,46.733333333333334,85.52543984783641,7.894736842105263,2.564102564102564,EUR
2026-08-26,Brovary,173.306676,11.0,10.0,0.0,1.0,701.0166666666667,701.0166666666667,1,11.68361111111111,11.68361111111111,100.0,0.0,9.090909090909092,EUR
2026-08-26,Dnipro,2034.2349279999999,148.0,127.0,17.0,21.0,10475.249999999998,11176.266666666665,17,174.58749999999998,186.27111111111108,93.72763117081433,13.385826771653544,14.18918918918919,EUR
2026-08-26,Irpin,176.320893,14.0,14.0,3.0,0.0,701.0166666666667,701.0166666666667,1,11.68361111111111,11.68361111111111,100.0,21.428571428571427,0.0,EUR
2026-08-26,Kamianske,52.150516,2.0,2.0,0.0,0.0,1202.0333333333333,1202.0333333333333,2,20.03388888888889,20.03388888888889,100.0,0.0,0.0,EUR
2026-08-26,Kryvyi Rih,685.621179,46.0,45.0,4.0,1.0,5608.133333333332,5608.133333333332,8,93.46888888888887,93.46888888888887,100.0,8.88888888888889,2.1739130434782608,EUR
2026-08-26,Kyiv,3656.481901,241.0,219.0,25.0,22.0,11978.299999999997,12458.099999999999,18,199.6383333333333,207.63499999999996,96.14869041025517,11.415525114155251,9.12863070539419,EUR
2026-08-26,Odesa,382.17674700000003,24.0,17.0,5.0,7.0,3501.0499999999993,3504.9666666666662,5,58.35083333333332,58.41611111111111,99.8882538112583,29.411764705882355,29.166666666666668,EUR
2026-08-26,Pavlohrad,81.53765200000001,6.0,6.0,3.0,0.0,1282.0333333333333,1282.0333333333333,2,21.36722222222222,21.36722222222222,100.0,50.0,0.0,EUR
2026-08-26,Vinnytsia,485.010697,45.0,38.0,3.0,7.0,701.0166666666667,701.0166666666667,1,11.68361111111111,11.68361111111111,100.0,7.894736842105263,15.555555555555555,EUR
2026-08-26,Vyshhorod,5.608392,1.0,1.0,0.0,0.0,701.0166666666667,701.0166666666667,1,11.68361111111111,11.68361111111111,100.0,0.0,0.0,EUR
2026-08-26,Zaporizhia,602.1161569999999,37.0,37.0,5.0,0.0,1402.0333333333333,2804.0666666666666,4,23.36722222222222,46.73444444444444,50.0,13.513513513513514,0.0,EUR
2026-08-27,Brovary,5.475312,10.0,1.0,0.0,9.0,189.76666666666668,701.0,1,3.162777777777778,11.683333333333334,27.07085116500238,0.0,90.0,EUR
2026-08-27,Dnipro,1613.392367,129.0,109.0,21.0,20.0,9924.533333333335,11176.0,17,165.40888888888892,186.26666666666668,88.80219518014795,19.26605504587156,15.503875968992247,EUR
2026-08-27,Irpin,238.080296,14.0,14.0,4.0,0.0,701.0,701.0,1,11.683333333333334,11.683333333333334,100.0,28.57142857142857,0.0,EUR
2026-08-27,Kamianske,80.387634,2.0,2.0,0.0,0.0,1202.0,1202.0,2,20.033333333333335,20.033333333333335,100.0,0.0,0.0,EUR
2026-08-27,Kryvyi Rih,630.741997,52.0,43.0,5.0,9.0,5608.0,5608.0,8,93.46666666666667,93.46666666666667,100.0,11.627906976744185,17.307692307692307,EUR
2026-08-27,Kyiv,3226.3967050000006,302.0,204.0,44.0,98.0,12458.0,12458.0,18,207.63333333333333,207.63333333333333,100.0,21.568627450980394,32.450331125827816,EUR
2026-08-27,Odesa,243.65232600000002,18.0,16.0,2.0,2.0,2804.0,3505.0,5,46.733333333333334,58.416666666666664,80.0,12.5,11.11111111111111,EUR
2026-08-27,Pavlohrad,54.655054,5.0,5.0,0.0,0.0,1282.0,1282.0,2,21.366666666666667,21.366666666666667,100.0,0.0,0.0,EUR
2026-08-27,Vinnytsia,611.013113,47.0,38.0,6.0,9.0,701.0,701.0,1,11.683333333333334,11.683333333333334,100.0,15.789473684210526,19.148936170212767,EUR
2026-08-27,Vyshhorod,59.50969,4.0,4.0,0.0,0.0,701.0,701.0,1,11.683333333333334,11.683333333333334,100.0,0.0,0.0,EUR
2026-08-27,Zaporizhia,357.646903,26.0,26.0,4.0,0.0,1402.0,2804.0,4,23.366666666666667,46.733333333333334,50.0,15.384615384615385,0.0,EUR
2026-08-28,Bila Tserkva,0.0,0.0,0.0,0.0,0.0,336.0,336.0,1,5.6,5.6,100.0,,,EUR
2026-08-28,Brovary,76.501509,7.0,5.0,0.0,2.0,310.9,701.0,1,5.181666666666667,11.683333333333334,44.35092724679029,0.0,28.57142857142857,EUR
2026-08-28,Dnipro,2200.7397189999997,160.0,127.0,23.0,33.0,9774.716666666667,11176.0,17,162.91194444444446,186.26666666666668,87.4616738248628,18.11023622047244,20.625,EUR
2026-08-28,Irpin,255.698468,14.0,14.0,0.0,0.0,701.0,701.0,1,11.683333333333334,11.683333333333334,100.0,0.0,0.0,EUR
2026-08-28,Kamianske,11.599797,3.0,1.0,0.0,2.0,1202.0,1202.0,2,20.033333333333335,20.033333333333335,100.0,0.0,66.66666666666666,EUR
2026-08-28,Kryvyi Rih,478.52782299999996,33.0,32.0,1.0,1.0,5339.1,5608.0,8,88.985,93.46666666666667,95.20506419400857,3.125,3.0303030303030303,EUR
2026-08-28,Kyiv,3120.19563,307.0,184.0,38.0,123.0,11061.366634114585,12458.0,18,184.3561105685764,207.63333333333333,88.78926500332787,20.652173913043477,40.06514657980456,EUR
2026-08-28,Odesa,166.827749,14.0,12.0,1.0,2.0,3384.9,3505.0,5,56.415,58.416666666666664,96.5734664764622,8.333333333333332,14.285714285714285,EUR
2026-08-28,Pavlohrad,117.96470400000001,8.0,7.0,0.0,1.0,1282.0,1282.0,2,21.366666666666667,21.366666666666667,100.0,0.0,12.5,EUR
2026-08-28,Vinnytsia,307.867279,29.0,24.0,2.0,5.0,435.1,701.0,1,7.251666666666667,11.683333333333334,62.06847360912982,8.333333333333332,17.24137931034483,EUR
2026-08-28,Vyshhorod,24.170905,3.0,3.0,3.0,0.0,701.0,701.0,1,11.683333333333334,11.683333333333334,100.0,100.0,0.0,EUR
2026-08-28,Zaporizhia,535.824696,28.0,27.0,3.0,1.0,2565.983333333333,2804.0,4,42.76638888888888,46.733333333333334,91.51153114598193,11.11111111111111,3.571428571428571,EUR
2026-08-29,Bila Tserkva,0.0,0.0,0.0,0.0,0.0,701.0,701.0,1,11.683333333333334,11.683333333333334,100.0,,,EUR
2026-08-29,Brovary,0.0,0.0,0.0,0.0,0.0,0.0,701.0,1,0.0,11.683333333333334,0.0,,,EUR
2026-08-29,Dnipro,2361.712604,175.0,139.0,11.0,36.0,7008.35,11176.0,17,116.80583333333334,186.26666666666668,62.70892984967789,7.913669064748201,20.57142857142857,EUR
2026-08-29,Irpin,240.936559,15.0,15.0,1.0,0.0,701.0,701.0,1,11.683333333333334,11.683333333333334,100.0,6.666666666666667,0.0,EUR
2026-08-29,Kamianske,73.02913000000001,7.0,4.0,0.0,3.0,1202.0,1202.0,2,20.033333333333335,20.033333333333335,100.0,0.0,42.857142857142854,EUR
2026-08-29,Kryvyi Rih,595.3308910000001,34.0,31.0,3.0,3.0,4907.0,5608.0,8,81.78333333333333,93.46666666666667,87.5,9.67741935483871,8.823529411764707,EUR
2026-08-29,Kyiv,2973.7027080000003,220.0,163.0,43.0,57.0,7220.516674804688,11757.0,18,120.34194458007813,195.95,61.41461831083345,26.380368098159508,25.90909090909091,EUR
2026-08-29,Odesa,295.03198999999995,22.0,21.0,3.0,1.0,3505.0,3505.0,5,58.416666666666664,58.416666666666664,100.0,14.285714285714285,4.545454545454546,EUR
2026-08-29,Pavlohrad,95.278434,7.0,6.0,2.0,1.0,1282.0,1282.0,2,21.366666666666667,21.366666666666667,100.0,33.33333333333333,14.285714285714285,EUR
2026-08-29,Vinnytsia,0.0,0.0,0.0,0.0,0.0,0.0,701.0,1,0.0,11.683333333333334,0.0,,,EUR
2026-08-29,Vyshhorod,24.20928,2.0,2.0,1.0,0.0,701.0,701.0,1,11.683333333333334,11.683333333333334,100.0,50.0,0.0,EUR
2026-08-29,Zaporizhia,575.0592919999999,34.0,33.0,7.0,1.0,2804.0,2804.0,4,46.733333333333334,46.733333333333334,100.0,21.21212121212121,2.941176470588235,EUR
2026-08-30,Bila Tserkva,0.0,0.0,0.0,0.0,0.0,701.0,701.0,1,11.683333333333334,11.683333333333334,100.0,,,EUR
2026-08-30,Brovary,0.0,0.0,0.0,0.0,0.0,0.0,701.0,1,0.0,11.683333333333334,0.0,,,EUR
2026-08-30,Dnipro,2331.1042850000003,171.0,144.0,23.0,27.0,6309.0,11176.0,17,105.15,186.26666666666668,56.4513242662849,15.972222222222221,15.789473684210526,EUR
2026-08-30,Irpin,175.141253,15.0,13.0,6.0,2.0,701.0,701.0,1,11.683333333333334,11.683333333333334,100.0,46.15384615384615,13.333333333333334,EUR
2026-08-30,Kamianske,17.353994,4.0,2.0,1.0,2.0,1202.0,1202.0,2,20.033333333333335,20.033333333333335,100.0,50.0,50.0,EUR
2026-08-30,Kryvyi Rih,819.010255,46.0,45.0,11.0,1.0,4907.0,5608.0,8,81.78333333333333,93.46666666666667,87.5,24.444444444444443,2.1739130434782608,EUR
2026-08-30,Kyiv,2985.255439,198.0,165.0,35.0,33.0,6756.0,11757.0,18,112.6,195.95,57.46363868333758,21.21212121212121,16.666666666666664,EUR
2026-08-30,Odesa,360.68730500000004,19.0,18.0,2.0,1.0,3505.0,3505.0,5,58.416666666666664,58.416666666666664,100.0,11.11111111111111,5.263157894736842,EUR
2026-08-30,Pavlohrad,125.257532,10.0,6.0,2.0,4.0,1282.0,1282.0,2,21.366666666666667,21.366666666666667,100.0,33.33333333333333,40.0,EUR
2026-08-30,Vinnytsia,0.0,0.0,0.0,0.0,0.0,0.0,701.0,1,0.0,11.683333333333334,0.0,,,EUR
2026-08-30,Vyshhorod,31.244673,3.0,3.0,0.0,0.0,701.0,701.0,1,11.683333333333334,11.683333333333334,100.0,0.0,0.0,EUR
2026-08-30,Zaporizhia,442.034562,34.0,26.0,2.0,8.0,2804.0,2804.0,4,46.733333333333334,46.733333333333334,100.0,7.6923076923076925,23.52941176470588,EUR
2026-08-31,Bila Tserkva,0.0,0.0,0.0,0.0,0.0,701.3333333333334,701.3333333333334,1,11.68888888888889,11.68888888888889,100.0,,,EUR
2026-08-31,Brovary,0.0,0.0,0.0,0.0,0.0,0.0,701.3333333333334,1,0.0,11.68888888888889,0.0,,,EUR
2026-08-31,Dnipro,1648.3278890000001,148.0,113.0,12.0,35.0,6311.999999999999,11181.333333333334,17,105.19999999999999,186.35555555555555,56.45122823753874,10.619469026548673,23.64864864864865,EUR
2026-08-31,Irpin,236.145442,15.0,15.0,1.0,0.0,701.3333333333334,701.3333333333334,1,11.68888888888889,11.68888888888889,100.0,6.666666666666667,0.0,EUR
2026-08-31,Kamianske,85.520927,4.0,3.0,0.0,1.0,1202.6666666666667,1202.6666666666667,2,20.044444444444444,20.044444444444444,100.0,0.0,25.0,EUR
2026-08-31,Kryvyi Rih,535.383295,34.0,34.0,4.0,0.0,4909.333333333333,5610.666666666666,8,81.82222222222222,93.5111111111111,87.5,11.76470588235294,0.0,EUR
2026-08-31,Kyiv,2229.862922,170.0,137.0,34.0,33.0,7501.0166666666655,11762.666666666668,18,125.01694444444442,196.04444444444445,63.7696950804806,24.817518248175183,19.411764705882355,EUR
2026-08-31,Odesa,305.06203,21.0,18.0,4.0,3.0,3506.666666666667,3506.666666666667,5,58.44444444444445,58.44444444444445,100.0,22.22222222222222,14.285714285714285,EUR
2026-08-31,Pavlohrad,99.503282,8.0,8.0,4.0,0.0,1282.6666666666667,1282.6666666666667,2,21.37777777777778,21.37777777777778,100.0,50.0,0.0,EUR
2026-08-31,Vinnytsia,0.0,0.0,0.0,0.0,0.0,0.0,701.3333333333334,1,0.0,11.68888888888889,0.0,,,EUR
2026-08-31,Vyshhorod,69.397306,4.0,4.0,1.0,0.0,701.3333333333334,701.3333333333334,1,11.68888888888889,11.68888888888889,100.0,25.0,0.0,EUR
2026-08-31,Zaporizhia,323.847539,30.0,25.0,4.0,5.0,2805.3333333333335,2805.3333333333335,4,46.75555555555556,46.75555555555556,100.0,16.0,16.666666666666664,EUR
2026-09-01,Bila Tserkva,0.0,3.0,0.0,0.0,3.0,701.0,701.0,1,11.683333333333334,11.683333333333334,100.0,,100.0,EUR
2026-09-01,Brovary,92.152511,9.0,8.0,0.0,1.0,450.6666666666667,701.0,1,7.511111111111111,11.683333333333334,64.28911079410366,0.0,11.11111111111111,EUR
2026-09-01,Dnipro,1876.2629,204.0,116.0,22.0,88.0,9422.000000000002,11176.0,17,157.03333333333336,186.26666666666668,84.30565497494634,18.96551724137931,43.13725490196079,EUR
2026-09-01,Irpin,324.247001,15.0,15.0,2.0,0.0,701.0,701.0,1,11.683333333333334,11.683333333333334,100.0,13.333333333333334,0.0,EUR
2026-09-01,Kamianske,70.194185,2.0,2.0,1.0,0.0,1202.0,1202.0,2,20.033333333333335,20.033333333333335,100.0,50.0,0.0,EUR
2026-09-01,Kryvyi Rih,610.860443,38.0,36.0,3.0,2.0,5357.533333333333,5608.0,8,89.29222222222221,93.46666666666667,95.53376129339038,8.333333333333332,5.263157894736842,EUR
2026-09-01,Kyiv,2681.008555,191.0,148.0,35.0,43.0,10272.983333333334,12458.0,18,171.2163888888889,207.63333333333333,82.46093540964307,23.64864864864865,22.5130890052356,EUR
2026-09-01,Odesa,380.971938,19.0,19.0,4.0,0.0,3505.0,3505.0,5,58.416666666666664,58.416666666666664,100.0,21.052631578947366,0.0,EUR
2026-09-01,Pavlohrad,33.655971,4.0,3.0,1.0,1.0,1282.0,1282.0,2,21.366666666666667,21.366666666666667,100.0,33.33333333333333,25.0,EUR
2026-09-01,Vinnytsia,365.813014,28.0,22.0,4.0,6.0,450.46666666666664,701.0,1,7.507777777777777,11.683333333333334,64.2605801236329,18.181818181818183,21.428571428571427,EUR
2026-09-01,Vyshhorod,45.113863,4.0,4.0,1.0,0.0,701.0,701.0,1,11.683333333333334,11.683333333333334,100.0,25.0,0.0,EUR
2026-09-01,Zaporizhia,545.2376099999999,36.0,31.0,6.0,5.0,2804.0,2804.0,4,46.733333333333334,46.733333333333334,100.0,19.35483870967742,13.88888888888889,EUR
2026-09-02,Bila Tserkva,0.0,2.0,0.0,0.0,2.0,701.0,701.0,1,11.683333333333334,11.683333333333334,100.0,,100.0,EUR
2026-09-02,Brovary,341.381803,25.0,25.0,1.0,0.0,701.0,701.0,1,11.683333333333334,11.683333333333334,100.0,4.0,0.0,EUR
2026-09-02,Dnipro,2069.7124590000003,217.0,123.0,24.0,94.0,9852.066666666666,11176.0,17,164.2011111111111,186.26666666666668,88.15378191362443,19.51219512195122,43.31797235023041,EUR
2026-09-02,Irpin,137.469948,9.0,9.0,1.0,0.0,701.0,701.0,1,11.683333333333334,11.683333333333334,100.0,11.11111111111111,0.0,EUR
2026-09-02,Kamianske,161.394722,8.0,7.0,1.0,1.0,1202.0,1202.0,2,20.033333333333335,20.033333333333335,100.0,14.285714285714285,12.5,EUR
2026-09-02,Kryvyi Rih,396.437613,33.0,31.0,4.0,2.0,5608.0,5608.0,8,93.46666666666667,93.46666666666667,100.0,12.903225806451612,6.0606060606060606,EUR
2026-09-02,Kyiv,2969.706246,207.0,162.0,35.0,45.0,10672.349999999999,12458.0,18,177.87249999999997,207.63333333333333,85.66663991009791,21.604938271604937,21.73913043478261,EUR
2026-09-02,Odesa,180.678636,10.0,9.0,0.0,1.0,3505.0,3505.0,5,58.416666666666664,58.416666666666664,100.0,0.0,10.0,EUR
2026-09-02,Pavlohrad,91.338432,10.0,9.0,2.0,1.0,1282.0,1282.0,2,21.366666666666667,21.366666666666667,100.0,22.22222222222222,10.0,EUR
2026-09-02,Vinnytsia,420.846133,28.0,25.0,3.0,3.0,701.0,701.0,1,11.683333333333334,11.683333333333334,100.0,12.0,10.714285714285714,EUR
2026-09-02,Vyshhorod,167.681236,7.0,7.0,0.0,0.0,701.0,701.0,1,11.683333333333334,11.683333333333334,100.0,0.0,0.0,EUR
2026-09-02,Zaporizhia,293.55999699999995,22.0,20.0,1.0,2.0,2405.133333333333,2405.4,4,40.08555555555555,40.09,99.98891383276516,5.0,9.090909090909092,EUR
2026-09-03,Bila Tserkva,0.0,5.0,0.0,0.0,5.0,701.0,701.0,1,11.683333333333334,11.683333333333334,100.0,,100.0,EUR
2026-09-03,Brovary,182.660479,14.0,14.0,1.0,0.0,701.0,701.0,1,11.683333333333334,11.683333333333334,100.0,7.142857142857142,0.0,EUR
2026-09-03,Dnipro,1408.698125,133.0,84.0,22.0,49.0,6271.133333333332,11176.0,17,104.51888888888887,186.26666666666668,56.11250298258172,26.190476190476193,36.84210526315789,EUR
2026-09-03,Irpin,219.238317,12.0,12.0,1.0,0.0,701.0,701.0,1,11.683333333333334,11.683333333333334,100.0,8.333333333333332,0.0,EUR
2026-09-03,Kamianske,205.95934,12.0,10.0,2.0,2.0,1202.0,1202.0,2,20.033333333333335,20.033333333333335,100.0,20.0,16.666666666666664,EUR
2026-09-03,Kryvyi Rih,476.60877800000003,34.0,33.0,2.0,1.0,5608.0,5608.0,8,93.46666666666667,93.46666666666667,100.0,6.0606060606060606,2.941176470588235,EUR
2026-09-03,Kyiv,2389.0394320000005,164.0,127.0,38.0,37.0,8486.116650390624,12087.9,18,141.4352775065104,201.465,70.20339885663039,29.92125984251969,22.5609756097561,EUR
2026-09-03,Odesa,148.722101,9.0,8.0,0.0,1.0,3505.0,3505.0,5,58.416666666666664,58.416666666666664,100.0,0.0,11.11111111111111,EUR
2026-09-03,Pavlohrad,101.472604,5.0,5.0,0.0,0.0,1282.0,1282.0,2,21.366666666666667,21.366666666666667,100.0,0.0,0.0,EUR
2026-09-03,Vinnytsia,261.092917,22.0,18.0,1.0,4.0,701.0,701.0,1,11.683333333333334,11.683333333333334,100.0,5.555555555555555,18.181818181818183,EUR
2026-09-03,Vyshhorod,147.758369,7.0,7.0,0.0,0.0,701.0,701.0,1,11.683333333333334,11.683333333333334,100.0,0.0,0.0,EUR
2026-09-03,Zaporizhia,267.272618,24.0,19.0,5.0,5.0,1928.7666666666667,2103.0,4,32.14611111111111,35.05,91.71501030274212,26.31578947368421,20.833333333333336,EUR
2026-09-04,Bila Tserkva,0.0,2.0,0.0,0.0,2.0,120.06666666666666,701.0333333333333,1,2.001111111111111,11.68388888888889,17.127098093290858,,100.0,EUR
2026-09-04,Brovary,196.458676,19.0,17.0,2.0,2.0,701.0333333333333,701.0333333333333,1,11.68388888888889,11.68388888888889,100.0,11.76470588235294,10.526315789473683,EUR
2026-09-04,Dnipro,2341.714963,178.0,133.0,34.0,45.0,10160.566666666662,11176.53333333333,17,169.3427777777777,186.27555555555548,90.9098229623974,25.563909774436087,25.280898876404496,EUR
2026-09-04,Irpin,140.646384,8.0,8.0,0.0,0.0,701.0333333333333,701.0333333333333,1,11.68388888888889,11.68388888888889,100.0,0.0,0.0,EUR
2026-09-04,Kamianske,45.646365,5.0,3.0,1.0,2.0,1202.0666666666666,1202.0666666666666,2,20.034444444444443,20.034444444444443,100.0,33.33333333333333,40.0,EUR
2026-09-04,Kryvyi Rih,824.755965,48.0,47.0,7.0,1.0,5608.266666666666,5608.266666666666,8,93.47111111111111,93.47111111111111,100.0,14.893617021276595,2.083333333333333,EUR
2026-09-04,Kyiv,2731.883851,183.0,152.0,19.0,31.0,9966.749999999998,11757.566666666662,18,166.11249999999998,195.95944444444436,84.76881554289864,12.5,16.939890710382514,EUR
2026-09-04,Odesa,195.55433299999999,14.0,11.0,2.0,3.0,3505.1666666666665,3505.1666666666665,5,58.419444444444444,58.419444444444444,100.0,18.181818181818183,21.428571428571427,EUR
2026-09-04,Pavlohrad,133.287444,8.0,7.0,0.0,1.0,1282.0666666666666,1282.0666666666666,2,21.36777777777778,21.36777777777778,100.0,0.0,12.5,EUR
2026-09-04,Vinnytsia,505.50943,35.0,34.0,2.0,1.0,701.0333333333333,701.0333333333333,1,11.68388888888889,11.68388888888889,100.0,5.88235294117647,2.857142857142857,EUR
2026-09-04,Vyshhorod,230.361657,11.0,11.0,1.0,0.0,701.0333333333333,701.0333333333333,1,11.68388888888889,11.68388888888889,100.0,9.090909090909092,0.0,EUR
2026-09-04,Zaporizhia,212.40185300000002,25.0,20.0,1.0,5.0,1808.0833333333333,1808.0833333333333,4,30.13472222222222,30.13472222222222,100.0,5.0,20.0,EUR
2026-09-05,Bila Tserkva,0.0,0.0,0.0,0.0,0.0,0.0,701.0,1,0.0,11.683333333333334,0.0,,,EUR
2026-09-05,Brovary,175.235954,14.0,14.0,1.0,0.0,701.0,701.0,1,11.683333333333334,11.683333333333334,100.0,7.142857142857142,0.0,EUR
2026-09-05,Dnipro,2143.3931110000003,164.0,126.0,10.0,38.0,9487.65,11176.0,17,158.1275,186.26666666666668,84.89307444523979,7.936507936507936,23.170731707317074,EUR
2026-09-05,Irpin,360.994408,20.0,19.0,3.0,1.0,701.0,701.0,1,11.683333333333334,11.683333333333334,100.0,15.789473684210526,5.0,EUR
2026-09-05,Kamianske,9.116218,3.0,2.0,2.0,1.0,1202.0,1202.0,2,20.033333333333335,20.033333333333335,100.0,100.0,33.33333333333333,EUR
2026-09-05,Kryvyi Rih,696.252477,42.0,42.0,5.0,0.0,5608.0,5608.0,8,93.46666666666667,93.46666666666667,100.0,11.904761904761903,0.0,EUR
2026-09-05,Kyiv,3170.627222,212.0,183.0,29.0,29.0,9036.133333333333,11757.0,18,150.60222222222222,195.95,76.85747497944487,15.846994535519126,13.679245283018867,EUR
2026-09-05,Odesa,284.25282300000003,14.0,11.0,1.0,3.0,3505.0,3505.0,5,58.416666666666664,58.416666666666664,100.0,9.090909090909092,21.428571428571427,EUR
2026-09-05,Pavlohrad,67.114188,7.0,6.0,1.0,1.0,1282.0,1282.0,2,21.366666666666667,21.366666666666667,100.0,16.666666666666664,14.285714285714285,EUR
2026-09-05,Vinnytsia,540.56128,37.0,29.0,2.0,8.0,701.0,701.0,1,11.683333333333334,11.683333333333334,100.0,6.896551724137931,21.62162162162162,EUR
2026-09-05,Vyshhorod,21.480722,1.0,1.0,0.0,0.0,701.0,701.0,1,11.683333333333334,11.683333333333334,100.0,0.0,0.0,EUR
2026-09-05,Zaporizhia,471.340172,29.0,28.0,3.0,1.0,2103.0,2103.0,4,35.05,35.05,100.0,10.714285714285714,3.4482758620689653,EUR
2026-09-06,Bila Tserkva,0.0,0.0,0.0,0.0,0.0,0.0,701.3333333333334,1,0.0,11.68888888888889,0.0,,,EUR
2026-09-06,Brovary,161.448222,11.0,11.0,2.0,0.0,701.3333333333334,701.3333333333334,1,11.68888888888889,11.68888888888889,100.0,18.181818181818183,0.0,EUR
2026-09-06,Dnipro,2095.239533,166.0,133.0,31.0,33.0,9077.333333333332,11181.333333333334,17,151.28888888888886,186.35555555555555,81.1829239208204,23.308270676691727,19.879518072289155,EUR
2026-09-06,Irpin,200.869882,16.0,15.0,1.0,1.0,701.3333333333334,701.3333333333334,1,11.68888888888889,11.68888888888889,100.0,6.666666666666667,6.25,EUR
2026-09-06,Kamianske,24.672398,1.0,1.0,0.0,0.0,1202.6666666666667,1202.6666666666667,2,20.044444444444444,20.044444444444444,100.0,0.0,0.0,EUR
2026-09-06,Kryvyi Rih,880.861292,63.0,60.0,8.0,3.0,5610.666666666666,5610.666666666666,8,93.5111111111111,93.5111111111111,100.0,13.333333333333334,4.761904761904762,EUR
2026-09-06,Kyiv,2771.3952369999997,187.0,169.0,24.0,18.0,8997.333333333332,11762.666666666668,18,149.95555555555555,196.04444444444445,76.49059170256176,14.201183431952662,9.62566844919786,EUR
2026-09-06,Odesa,392.13045400000004,19.0,18.0,9.0,1.0,3506.666666666667,3506.666666666667,5,58.44444444444445,58.44444444444445,100.0,50.0,5.263157894736842,EUR
2026-09-06,Pavlohrad,87.38173499999999,9.0,9.0,0.0,0.0,1282.6666666666667,1282.6666666666667,2,21.37777777777778,21.37777777777778,100.0,0.0,0.0,EUR
2026-09-06,Vinnytsia,520.554238,38.0,33.0,4.0,5.0,701.3333333333334,701.3333333333334,1,11.68888888888889,11.68888888888889,100.0,12.121212121212121,13.157894736842104,EUR
2026-09-06,Vyshhorod,106.824455,6.0,5.0,2.0,1.0,701.3333333333334,701.3333333333334,1,11.68888888888889,11.68888888888889,100.0,40.0,16.666666666666664,EUR
2026-09-06,Zaporizhia,514.911757,34.0,33.0,5.0,1.0,2104.0,2104.0,4,35.06666666666667,35.06666666666667,100.0,15.151515151515152,2.941176470588235,EUR
2026-09-07,Bila Tserkva,0.0,0.0,0.0,0.0,0.0,452.25,701.0,1,7.5375,11.683333333333334,64.51497860199714,,,EUR
2026-09-07,Brovary,142.501188,14.0,14.0,1.0,0.0,701.0,701.0,1,11.683333333333334,11.683333333333334,100.0,7.142857142857142,0.0,EUR
2026-09-07,Dnipro,1658.2806469999998,122.0,109.0,22.0,13.0,10430.216666666667,11176.0,17,173.83694444444444,186.26666666666668,93.32692078262946,20.18348623853211,10.655737704918032,EUR
2026-09-07,Irpin,132.571898,10.0,10.0,0.0,0.0,701.0,701.0,1,11.683333333333334,11.683333333333334,100.0,0.0,0.0,EUR
2026-09-07,Kamianske,64.388026,5.0,2.0,2.0,3.0,1202.0,1202.0,2,20.033333333333335,20.033333333333335,100.0,100.0,60.0,EUR
2026-09-07,Kryvyi Rih,408.16073700000004,34.0,31.0,4.0,3.0,5608.0,5608.0,8,93.46666666666667,93.46666666666667,100.0,12.903225806451612,8.823529411764707,EUR
2026-09-07,Kyiv,2107.286791,181.0,134.0,15.0,47.0,9436.383333333335,11295.483333333334,18,157.27305555555557,188.25805555555556,83.5412089492998,11.194029850746269,25.96685082872928,EUR
2026-09-07,Odesa,151.891165,13.0,12.0,0.0,1.0,3505.0,3505.0,5,58.416666666666664,58.416666666666664,100.0,0.0,7.6923076923076925,EUR
2026-09-07,Pavlohrad,307.088096,14.0,14.0,1.0,0.0,1282.0,1282.0,2,21.366666666666667,21.366666666666667,100.0,7.142857142857142,0.0,EUR
2026-09-07,Vinnytsia,252.55734,22.0,19.0,4.0,3.0,701.0,701.0,1,11.683333333333334,11.683333333333334,100.0,21.052631578947366,13.636363636363635,EUR
2026-09-07,Vyshhorod,32.702237,4.0,4.0,1.0,0.0,701.0,701.0,1,11.683333333333334,11.683333333333334,100.0,25.0,0.0,EUR
2026-09-07,Zaporizhia,404.189561,32.0,27.0,1.0,5.0,2103.0,2103.0,4,35.05,35.05,100.0,3.7037037037037033,15.625,EUR
2026-09-08,Bila Tserkva,0.0,0.0,0.0,0.0,0.0,701.0,701.0,1,11.683333333333334,11.683333333333334,100.0,,,EUR
2026-09-08,Brovary,154.147795,13.0,13.0,1.0,0.0,701.0,701.0,1,11.683333333333334,11.683333333333334,100.0,7.6923076923076925,0.0,EUR
2026-09-08,Dnipro,1557.976613,127.0,113.0,24.0,14.0,9979.416674804688,11176.0,17,166.3236112467448,186.26666666666668,89.29327733361389,21.238938053097346,11.023622047244094,EUR
2026-09-08,Irpin,278.920195,20.0,20.0,1.0,0.0,701.0,701.0,1,11.683333333333334,11.683333333333334,100.0,5.0,0.0,EUR
2026-09-08,Kamianske,11.145144,2.0,1.0,0.0,1.0,1202.0,1202.0,2,20.033333333333335,20.033333333333335,100.0,0.0,50.0,EUR
2026-09-08,Kryvyi Rih,415.080194,33.0,33.0,1.0,0.0,5608.0,5608.0,8,93.46666666666667,93.46666666666667,100.0,3.0303030303030303,0.0,EUR
2026-09-08,Kyiv,3082.9450380000003,207.0,168.0,28.0,39.0,9448.5,10439.733333333334,18,157.475,173.99555555555557,90.50518531763262,16.666666666666664,18.84057971014493,EUR
2026-09-08,Odesa,101.996257,8.0,6.0,3.0,2.0,3505.0,3505.0,5,58.416666666666664,58.416666666666664,100.0,50.0,25.0,EUR
2026-09-08,Pavlohrad,68.068194,5.0,5.0,0.0,0.0,1282.0,1282.0,2,21.366666666666667,21.366666666666667,100.0,0.0,0.0,EUR
2026-09-08,Vinnytsia,312.465145,25.0,22.0,0.0,3.0,701.0,701.0,1,11.683333333333334,11.683333333333334,100.0,0.0,12.0,EUR
2026-09-08,Vyshhorod,83.147807,7.0,7.0,2.0,0.0,701.0,701.0,1,11.683333333333334,11.683333333333334,100.0,28.57142857142857,0.0,EUR
2026-09-08,Zaporizhia,355.354796,30.0,23.0,5.0,7.0,1909.75,2103.0,4,31.829166666666666,35.05,90.81074655254399,21.73913043478261,23.333333333333332,EUR
2026-09-09,Bila Tserkva,32.307609,4.0,2.0,0.0,2.0,657.1333333333333,700.5,1,10.952222222222222,11.675,93.80918391625029,0.0,50.0,EUR
2026-09-09,Brovary,153.626474,14.0,14.0,1.0,0.0,700.5,700.5,1,11.675,11.675,100.0,7.142857142857142,0.0,EUR
2026-09-09,Dnipro,1651.035178,144.0,113.0,17.0,31.0,10908.9,11168.0,17,181.815,186.13333333333333,97.67997851002865,15.04424778761062,21.52777777777778,EUR
2026-09-09,Irpin,231.246771,15.0,15.0,2.0,0.0,700.5,700.5,1,11.675,11.675,100.0,13.333333333333334,0.0,EUR
2026-09-09,Kamianske,0.0,1.0,0.0,0.0,1.0,1201.0,1201.0,2,20.016666666666666,20.016666666666666,100.0,,100.0,EUR
2026-09-09,Kryvyi Rih,405.04334300000005,25.0,24.0,4.0,1.0,5604.0,5604.0,8,93.4,93.4,100.0,16.666666666666664,4.0,EUR
2026-09-09,Kyiv,2454.181304,176.0,151.0,29.0,25.0,9957.833333333332,10788.0,18,165.96388888888887,179.8,92.30472129526633,19.205298013245034,14.204545454545455,EUR
2026-09-09,Odesa,177.241698,15.0,12.0,0.0,3.0,3502.5,3502.5,5,58.375,58.375,100.0,0.0,20.0,EUR
2026-09-09,Pavlohrad,92.296609,6.0,6.0,1.0,0.0,1281.0,1281.0,2,21.35,21.35,100.0,16.666666666666664,0.0,EUR
2026-09-09,Vinnytsia,399.628373,25.0,24.0,3.0,1.0,700.5,700.5,1,11.675,11.675,100.0,12.5,4.0,EUR
2026-09-09,Vyshhorod,139.529574,9.0,9.0,1.0,0.0,700.5,700.5,1,11.675,11.675,100.0,11.11111111111111,0.0,EUR
2026-09-09,Zaporizhia,424.85461100000003,28.0,23.0,2.0,5.0,2481.25,2626.0166666666664,4,41.354166666666664,43.76694444444444,94.48721447566341,8.695652173913043,17.857142857142858,EUR
2026-09-10,Bila Tserkva,68.329405,3.0,3.0,0.0,0.0,701.0,701.0,1,11.683333333333334,11.683333333333334,100.0,0.0,0.0,EUR
2026-09-10,Brovary,182.716073,15.0,15.0,0.0,0.0,701.0,701.0,1,11.683333333333334,11.683333333333334,100.0,0.0,0.0,EUR
2026-09-10,Dnipro,2032.381871,153.0,129.0,18.0,24.0,8588.849999999999,11176.0,17,143.14749999999998,186.26666666666668,76.8508410880458,13.953488372093023,15.686274509803921,EUR
2026-09-10,Irpin,291.617315,19.0,19.0,2.0,0.0,701.0,701.0,1,11.683333333333334,11.683333333333334,100.0,10.526315789473683,0.0,EUR
2026-09-10,Kamianske,0.0,0.0,0.0,0.0,0.0,1202.0,1202.0,2,20.033333333333335,20.033333333333335,100.0,,,EUR
2026-09-10,Kryvyi Rih,472.85811900000004,33.0,31.0,6.0,2.0,5608.0,5608.0,8,93.46666666666667,93.46666666666667,100.0,19.35483870967742,6.0606060606060606,EUR
2026-09-10,Kyiv,2993.445533,202.0,179.0,19.0,23.0,10725.966666666667,11542.0,18,178.76611111111112,192.36666666666667,92.9298792814648,10.614525139664805,11.386138613861387,EUR
2026-09-10,Odesa,70.32342399999999,7.0,6.0,1.0,1.0,3505.0,3505.0,5,58.416666666666664,58.416666666666664,100.0,16.666666666666664,14.285714285714285,EUR
2026-09-10,Pavlohrad,94.928495,7.0,5.0,1.0,2.0,1120.9833333333333,1121.0,2,18.683055555555555,18.683333333333334,99.99851323223312,20.0,28.57142857142857,EUR
2026-09-10,Vinnytsia,574.808282,37.0,37.0,3.0,0.0,701.0,701.0,1,11.683333333333334,11.683333333333334,100.0,8.108108108108109,0.0,EUR
2026-09-10,Vyshhorod,93.666534,4.0,4.0,0.0,0.0,701.0,701.0,1,11.683333333333334,11.683333333333334,100.0,0.0,0.0,EUR
2026-09-10,Zaporizhia,519.819777,29.0,28.0,4.0,1.0,2103.0,2103.0,4,35.05,35.05,100.0,14.285714285714285,3.4482758620689653,EUR
2026-09-11,Bila Tserkva,61.919121,4.0,4.0,2.0,0.0,701.0,701.0,1,11.683333333333334,11.683333333333334,100.0,50.0,0.0,EUR
2026-09-11,Brovary,110.599004,10.0,10.0,0.0,0.0,701.0,701.0,1,11.683333333333334,11.683333333333334,100.0,0.0,0.0,EUR
2026-09-11,Dnipro,2039.3952909999998,159.0,122.0,16.0,37.0,9632.516666666666,10680.016666666666,17,160.54194444444445,178.00027777777777,90.19196287146868,13.114754098360656,23.270440251572328,EUR
2026-09-11,Irpin,156.34385,12.0,11.0,1.0,1.0,701.0,701.0,1,11.683333333333334,11.683333333333334,100.0,9.090909090909092,8.333333333333332,EUR
2026-09-11,Kamianske,60.81508,2.0,2.0,1.0,0.0,1202.0,1202.0,2,20.033333333333335,20.033333333333335,100.0,50.0,0.0,EUR
2026-09-11,Kryvyi Rih,467.57243600000004,36.0,36.0,1.0,0.0,5608.0,5608.0,8,93.46666666666667,93.46666666666667,100.0,2.7777777777777777,0.0,EUR
2026-09-11,Kyiv,2879.1253889999994,185.0,165.0,33.0,20.0,10395.0,11096.0,18,173.25,184.93333333333334,93.68240807498196,20.0,10.81081081081081,EUR
2026-09-11,Odesa,143.10306500000002,15.0,10.0,1.0,5.0,3505.0,3505.0,5,58.416666666666664,58.416666666666664,100.0,10.0,33.33333333333333,EUR
2026-09-11,Pavlohrad,53.865115,5.0,5.0,1.0,0.0,641.0,641.0,2,10.683333333333334,10.683333333333334,100.0,20.0,0.0,EUR
2026-09-11,Vinnytsia,442.816769,39.0,35.0,5.0,4.0,701.0,701.0,1,11.683333333333334,11.683333333333334,100.0,14.285714285714285,10.256410256410255,EUR
2026-09-11,Vyshhorod,101.376626,8.0,8.0,1.0,0.0,701.0,701.0,1,11.683333333333334,11.683333333333334,100.0,12.5,0.0,EUR
2026-09-11,Zaporizhia,426.136929,34.0,28.0,1.0,6.0,2103.0,2103.0,4,35.05,35.05,100.0,3.571428571428571,17.647058823529413,EUR
2026-09-12,Bila Tserkva,69.856444,4.0,4.0,1.0,0.0,701.0,701.0,1,11.683333333333334,11.683333333333334,100.0,25.0,0.0,EUR
2026-09-12,Brovary,259.816709,20.0,15.0,4.0,5.0,701.0,701.0,1,11.683333333333334,11.683333333333334,100.0,26.666666666666668,25.0,EUR
2026-09-12,Dnipro,2081.23823,159.0,147.0,18.0,12.0,8552.0,9307.0,17,142.53333333333333,155.11666666666667,91.88782636725045,12.244897959183673,7.547169811320755,EUR
2026-09-12,Irpin,398.729046,18.0,18.0,3.0,0.0,701.0,701.0,1,11.683333333333334,11.683333333333334,100.0,16.666666666666664,0.0,EUR
2026-09-12,Kamianske,38.876601,2.0,1.0,0.0,1.0,1202.0,1202.0,2,20.033333333333335,20.033333333333335,100.0,0.0,50.0,EUR
2026-09-12,Kryvyi Rih,626.365463,58.0,43.0,5.0,15.0,5608.0,5608.0,8,93.46666666666667,93.46666666666667,100.0,11.627906976744185,25.862068965517242,EUR
2026-09-12,Kyiv,3877.195681,247.0,217.0,42.0,30.0,10223.733333333334,11096.0,18,170.39555555555555,184.93333333333334,92.13890891612594,19.35483870967742,12.145748987854251,EUR
2026-09-12,Odesa,190.949746,15.0,15.0,2.0,0.0,3505.0,3505.0,5,58.416666666666664,58.416666666666664,100.0,13.333333333333334,0.0,EUR
2026-09-12,Pavlohrad,166.73402399999998,8.0,8.0,2.0,0.0,1282.0,1282.0,2,21.366666666666667,21.366666666666667,100.0,25.0,0.0,EUR
2026-09-12,Vinnytsia,628.734089,48.0,43.0,7.0,5.0,701.0,701.0,1,11.683333333333334,11.683333333333334,100.0,16.27906976744186,10.416666666666668,EUR
2026-09-12,Vyshhorod,53.886173,5.0,5.0,1.0,0.0,701.0,701.0,1,11.683333333333334,11.683333333333334,100.0,20.0,0.0,EUR
2026-09-12,Zaporizhia,508.675863,38.0,33.0,7.0,5.0,2103.0,2103.0,4,35.05,35.05,100.0,21.21212121212121,13.157894736842104,EUR
2026-09-13,Bila Tserkva,49.738333,4.0,4.0,1.0,0.0,701.0,701.0,1,11.683333333333334,11.683333333333334,100.0,25.0,0.0,EUR
2026-09-13,Brovary,207.025499,14.0,14.0,2.0,0.0,701.0,701.0,1,11.683333333333334,11.683333333333334,100.0,14.285714285714285,0.0,EUR
2026-09-13,Dnipro,1973.633762,155.0,134.0,20.0,21.0,9073.0,9774.0,17,151.21666666666667,162.9,92.82791078371189,14.925373134328357,13.548387096774196,EUR
2026-09-13,Irpin,109.791496,8.0,8.0,1.0,0.0,701.0,701.0,1,11.683333333333334,11.683333333333334,100.0,12.5,0.0,EUR
2026-09-13,Kamianske,63.883604000000005,7.0,5.0,4.0,2.0,1202.0,1202.0,2,20.033333333333335,20.033333333333335,100.0,80.0,28.57142857142857,EUR
2026-09-13,Kryvyi Rih,422.54333900000006,35.0,34.0,2.0,1.0,5608.0,5608.0,8,93.46666666666667,93.46666666666667,100.0,5.88235294117647,2.857142857142857,EUR
2026-09-13,Kyiv,2684.277387,198.0,181.0,30.0,17.0,10319.35,11757.0,18,171.98916666666668,195.95,87.77196563749257,16.574585635359114,8.585858585858585,EUR
2026-09-13,Odesa,201.26148899999998,14.0,12.0,4.0,2.0,3505.0,3505.0,5,58.416666666666664,58.416666666666664,100.0,33.33333333333333,14.285714285714285,EUR
2026-09-13,Pavlohrad,231.689023,9.0,9.0,2.0,0.0,1282.0,1282.0,2,21.366666666666667,21.366666666666667,100.0,22.22222222222222,0.0,EUR
2026-09-13,Vinnytsia,71.674879,21.0,7.0,3.0,14.0,248.03333333333333,701.0,1,4.1338888888888885,11.683333333333334,35.38278649548264,42.857142857142854,66.66666666666666,EUR
2026-09-13,Vyshhorod,79.679818,6.0,6.0,1.0,0.0,701.0,701.0,1,11.683333333333334,11.683333333333334,100.0,16.666666666666664,0.0,EUR
2026-09-13,Zaporizhia,473.29375,34.0,26.0,3.0,8.0,2103.0,2103.0,4,35.05,35.05,100.0,11.538461538461538,23.52941176470588,EUR
2026-09-14,Bila Tserkva,56.585772,6.0,6.0,0.0,0.0,701.45,701.45,1,11.690833333333334,11.690833333333334,100.0,0.0,0.0,EUR
2026-09-14,Brovary,88.390274,8.0,7.0,0.0,1.0,701.45,701.45,1,11.690833333333334,11.690833333333334,100.0,0.0,12.5,EUR
2026-09-14,Dnipro,1734.855712,141.0,123.0,16.0,18.0,9604.166666666668,9780.300000000001,17,160.06944444444446,163.00500000000002,98.19910091374156,13.008130081300814,12.76595744680851,EUR
2026-09-14,Irpin,139.558975,9.0,9.0,2.0,0.0,701.45,701.45,1,11.690833333333334,11.690833333333334,100.0,22.22222222222222,0.0,EUR
2026-09-14,Kamianske,0.0,0.0,0.0,0.0,0.0,1202.9,1202.9,2,20.048333333333336,20.048333333333336,100.0,,,EUR
2026-09-14,Kryvyi Rih,436.363692,39.0,32.0,3.0,7.0,5611.599999999999,5611.599999999999,8,93.52666666666666,93.52666666666666,100.0,9.375,17.94871794871795,EUR
2026-09-14,Kyiv,2201.3668160000007,154.0,129.0,19.0,25.0,10610.683300781251,11764.650000000003,18,176.84472167968752,196.07750000000004,90.19123646501382,14.728682170542637,16.233766233766232,EUR
2026-09-14,Odesa,262.73427499999997,15.0,13.0,4.0,2.0,3507.25,3507.25,5,58.454166666666666,58.454166666666666,100.0,30.76923076923077,13.333333333333334,EUR
2026-09-14,Oleksandriia,0.0,0.0,0.0,0.0,0.0,0.0,0.0,1,0.0,0.0,,,,EUR
2026-09-14,Pavlohrad,97.577974,8.0,8.0,1.0,0.0,1282.9,1282.9,2,21.381666666666668,21.381666666666668,100.0,12.5,0.0,EUR
2026-09-14,Vinnytsia,336.477363,25.0,23.0,3.0,2.0,525.0333333333333,701.45,1,8.750555555555556,11.690833333333334,74.8497160643429,13.043478260869565,8.0,EUR
2026-09-14,Vyshhorod,21.692494,3.0,3.0,1.0,0.0,701.45,701.45,1,11.690833333333334,11.690833333333334,100.0,33.33333333333333,0.0,EUR
2026-09-14,Zaporizhia,391.128533,30.0,29.0,5.0,1.0,2104.3500000000004,2104.3500000000004,4,35.072500000000005,35.072500000000005,100.0,17.24137931034483,3.3333333333333335,EUR
2026-09-15,Bila Tserkva,46.518358,3.0,2.0,0.0,1.0,701.0,701.0,1,11.683333333333334,11.683333333333334,100.0,0.0,33.33333333333333,EUR
2026-09-15,Brovary,117.565906,13.0,13.0,0.0,0.0,701.0,701.0,1,11.683333333333334,11.683333333333334,100.0,0.0,0.0,EUR
2026-09-15,Dnipro,1253.2762930000001,129.0,91.0,22.0,38.0,7432.016666666667,9774.0,17,123.86694444444446,162.9,76.0386399290635,24.175824175824175,29.457364341085274,EUR
2026-09-15,Irpin,93.577443,7.0,6.0,1.0,1.0,400.06666666666666,701.0,1,6.667777777777777,11.683333333333334,57.07085116500238,16.666666666666664,14.285714285714285,EUR
2026-09-15,Kamianske,0.0,0.0,0.0,0.0,0.0,1202.0,1202.0,2,20.033333333333335,20.033333333333335,100.0,,,EUR
2026-09-15,Kryvyi Rih,379.680569,35.0,31.0,7.0,4.0,4675.2,5608.0,8,77.92,93.46666666666667,83.36661911554921,22.58064516129032,11.428571428571429,EUR
2026-09-15,Kyiv,1992.289671,152.0,126.0,20.0,26.0,9587.333333333332,11757.0,18,159.78888888888886,195.95,81.54574579683025,15.873015873015872,17.105263157894736,EUR
2026-09-15,Odesa,83.196275,8.0,6.0,0.0,2.0,3315.2166666666667,3505.0,5,55.25361111111111,58.416666666666664,94.58535425582501,0.0,25.0,EUR
2026-09-15,Oleksandriia,0.0,0.0,0.0,0.0,0.0,0.0,0.0,1,0.0,0.0,,,,EUR
2026-09-15,Pavlohrad,30.531937,5.0,3.0,2.0,2.0,678.1,1282.0,2,11.301666666666668,21.366666666666667,52.89391575663027,66.66666666666666,40.0,EUR
2026-09-15,Vinnytsia,331.697239,24.0,21.0,2.0,3.0,701.0,701.0,1,11.683333333333334,11.683333333333334,100.0,9.523809523809524,12.5,EUR
2026-09-15,Vyshhorod,49.964772,3.0,3.0,1.0,0.0,701.0,701.0,1,11.683333333333334,11.683333333333334,100.0,33.33333333333333,0.0,EUR
2026-09-15,Zaporizhia,303.27193,23.0,23.0,4.0,0.0,2103.0,2103.0,4,35.05,35.05,100.0,17.391304347826086,0.0,EUR
2026-09-16,Bila Tserkva,42.233223,4.0,4.0,0.0,0.0,701.0,701.0,1,11.683333333333334,11.683333333333334,100.0,0.0,0.0,EUR
2026-09-16,Brovary,114.697649,8.0,8.0,0.0,0.0,701.0,701.0,1,11.683333333333334,11.683333333333334,100.0,0.0,0.0,EUR
2026-09-16,Dnipro,1130.566075,79.0,75.0,10.0,4.0,4867.0,9774.0,17,81.11666666666666,162.9,49.79537548598322,13.333333333333334,5.063291139240507,EUR
2026-09-16,Irpin,0.0,0.0,0.0,0.0,0.0,0.0,701.0,1,0.0,11.683333333333334,0.0,,,EUR
2026-09-16,Kamianske,37.210026,2.0,1.0,0.0,1.0,1202.0,1202.0,2,20.033333333333335,20.033333333333335,100.0,0.0,50.0,EUR
2026-09-16,Kryvyi Rih,221.942034,15.0,13.0,3.0,2.0,3505.0,5608.0,8,58.416666666666664,93.46666666666667,62.5,23.076923076923077,13.333333333333334,EUR
2026-09-16,Kyiv,1999.9718520000001,153.0,138.0,15.0,15.0,9754.0,11757.0,18,162.56666666666666,195.95,82.96334098834737,10.869565217391305,9.803921568627452,EUR
2026-09-16,Odesa,63.006038,5.0,4.0,0.0,1.0,3505.0,3505.0,5,58.416666666666664,58.416666666666664,100.0,0.0,20.0,EUR
2026-09-16,Oleksandriia,0.0,0.0,0.0,0.0,0.0,0.0,0.0,1,0.0,0.0,,,,EUR
2026-09-16,Pavlohrad,0.0,0.0,0.0,0.0,0.0,0.0,1282.0,2,0.0,21.366666666666667,0.0,,,EUR
2026-09-16,Vinnytsia,261.043231,21.0,20.0,6.0,1.0,701.0,701.0,1,11.683333333333334,11.683333333333334,100.0,30.0,4.761904761904762,EUR
2026-09-16,Vyshhorod,67.450158,5.0,5.0,0.0,0.0,701.0,701.0,1,11.683333333333334,11.683333333333334,100.0,0.0,0.0,EUR
2026-09-16,Zaporizhia,277.778235,20.0,19.0,4.0,1.0,2103.0,2103.0,4,35.05,35.05,100.0,21.052631578947366,5.0,EUR
2026-09-17,Bila Tserkva,34.554607,4.0,4.0,0.0,0.0,700.6833333333333,700.6833333333333,1,11.678055555555554,11.678055555555554,100.0,0.0,0.0,EUR
2026-09-17,Brovary,143.40337,12.0,12.0,1.0,0.0,700.6833333333333,700.6833333333333,1,11.678055555555554,11.678055555555554,100.0,8.333333333333332,0.0,EUR
2026-09-17,Dnipro,1161.888078,108.0,92.0,15.0,16.0,6851.35,9769.566666666664,17,114.18916666666668,162.82611111111106,70.12951785647267,16.304347826086957,14.814814814814813,EUR
2026-09-17,Irpin,16.881378,3.0,3.0,0.0,0.0,278.93333333333334,700.6833333333333,1,4.648888888888889,11.678055555555554,39.808758117076195,0.0,0.0,EUR
2026-09-17,Kamianske,0.0,1.0,0.0,0.0,1.0,1201.3666666666666,1201.3666666666666,2,20.022777777777776,20.022777777777776,100.0,,100.0,EUR
2026-09-17,Kryvyi Rih,330.658121,26.0,24.0,5.0,2.0,4344.25,5605.466666666666,8,72.40416666666667,93.42444444444443,77.50023786303846,20.833333333333336,7.6923076923076925,EUR
2026-09-17,Kyiv,2076.626169,153.0,135.0,11.0,18.0,10093.93333333333,11771.599999999995,18,168.2322222222222,196.19333333333324,85.74818489698372,8.148148148148149,11.76470588235294,EUR
2026-09-17,Odesa,111.07932,11.0,9.0,1.0,2.0,3503.4166666666665,3503.4166666666665,5,58.390277777777776,58.390277777777776,100.0,11.11111111111111,18.181818181818183,EUR
2026-09-17,Oleksandriia,0.0,0.0,0.0,0.0,0.0,0.0,0.0,1,0.0,0.0,,,,EUR
2026-09-17,Pavlohrad,15.40477,1.0,1.0,0.0,0.0,559.1333333333333,1281.3666666666666,2,9.318888888888889,21.356111111111108,43.63570146458209,0.0,0.0,EUR
2026-09-17,Vinnytsia,316.695754,20.0,20.0,2.0,0.0,700.6833333333333,700.6833333333333,1,11.678055555555554,11.678055555555554,100.0,10.0,0.0,EUR
2026-09-17,Vyshhorod,16.276118,2.0,2.0,0.0,0.0,700.6833333333333,700.6833333333333,1,11.678055555555554,11.678055555555554,100.0,0.0,0.0,EUR
2026-09-17,Zaporizhia,397.980912,23.0,23.0,3.0,0.0,2102.0499999999997,2102.0499999999997,4,35.034166666666664,35.034166666666664,100.0,13.043478260869565,0.0,EUR
2026-09-18,Bila Tserkva,66.064304,6.0,6.0,0.0,0.0,701.0,701.0,1,11.683333333333334,11.683333333333334,100.0,0.0,0.0,EUR
2026-09-18,Brovary,195.223001,15.0,15.0,0.0,0.0,701.0,701.0,1,11.683333333333334,11.683333333333334,100.0,0.0,0.0,EUR
2026-09-18,Dnipro,1101.313695,94.0,79.0,11.0,15.0,9774.0,9774.0,17,162.9,162.9,100.0,13.924050632911392,15.957446808510639,EUR
2026-09-18,Irpin,157.147345,12.0,11.0,2.0,1.0,701.0,701.0,1,11.683333333333334,11.683333333333334,100.0,18.181818181818183,8.333333333333332,EUR
2026-09-18,Kamianske,0.0,1.0,0.0,0.0,1.0,1202.0,1202.0,2,20.033333333333335,20.033333333333335,100.0,,100.0,EUR
2026-09-18,Kryvyi Rih,467.18673,38.0,36.0,3.0,2.0,5608.0,5608.0,8,93.46666666666667,93.46666666666667,100.0,8.333333333333332,5.263157894736842,EUR
2026-09-18,Kyiv,2180.2615989999995,166.0,137.0,17.0,29.0,11757.0,11757.0,18,195.95,195.95,100.0,12.408759124087592,17.46987951807229,EUR
2026-09-18,Odesa,178.93268799999998,15.0,11.0,3.0,4.0,3505.0,3505.0,5,58.416666666666664,58.416666666666664,100.0,27.27272727272727,26.666666666666668,EUR
2026-09-18,Oleksandriia,0.0,0.0,0.0,0.0,0.0,0.0,0.0,1,0.0,0.0,,,,EUR
2026-09-18,Pavlohrad,26.512963,3.0,3.0,1.0,0.0,1282.0,1282.0,2,21.366666666666667,21.366666666666667,100.0,33.33333333333333,0.0,EUR
2026-09-18,Vinnytsia,559.039134,37.0,35.0,6.0,2.0,701.0,701.0,1,11.683333333333334,11.683333333333334,100.0,17.142857142857142,5.405405405405405,EUR
2026-09-18,Vyshhorod,41.840498,3.0,3.0,1.0,0.0,701.0,701.0,1,11.683333333333334,11.683333333333334,100.0,33.33333333333333,0.0,EUR
2026-09-18,Zaporizhia,354.097805,26.0,24.0,5.0,2.0,2103.0,2103.0,4,35.05,35.05,100.0,20.833333333333336,7.6923076923076925,EUR
2026-09-19,Bila Tserkva,73.212628,6.0,6.0,1.0,0.0,701.0,701.0,1,11.683333333333334,11.683333333333334,100.0,16.666666666666664,0.0,EUR
2026-09-19,Brovary,159.294419,11.0,11.0,0.0,0.0,701.0,701.0,1,11.683333333333334,11.683333333333334,100.0,0.0,0.0,EUR
2026-09-19,Dnipro,2096.573394,143.0,116.0,17.0,27.0,9606.41669921875,10095.0,17,160.10694498697916,168.25,95.16014560890291,14.655172413793101,18.88111888111888,EUR
2026-09-19,Irpin,182.715295,9.0,9.0,3.0,0.0,701.0,701.0,1,11.683333333333334,11.683333333333334,100.0,33.33333333333333,0.0,EUR
2026-09-19,Kamianske,28.750399,2.0,1.0,0.0,1.0,1202.0,1202.0,2,20.033333333333335,20.033333333333335,100.0,0.0,50.0,EUR
2026-09-19,Kryvyi Rih,604.802765,46.0,38.0,5.0,8.0,5608.0,5608.0,8,93.46666666666667,93.46666666666667,100.0,13.157894736842104,17.391304347826086,EUR
2026-09-19,Kyiv,3199.012044,224.0,176.0,19.0,48.0,11757.0,11757.0,18,195.95,195.95,100.0,10.795454545454545,21.428571428571427,EUR
2026-09-19,Odesa,367.285491,26.0,22.0,8.0,4.0,3505.0,3505.0,5,58.416666666666664,58.416666666666664,100.0,36.36363636363637,15.384615384615385,EUR
2026-09-19,Oleksandriia,0.0,0.0,0.0,0.0,0.0,0.0,0.0,1,0.0,0.0,,,,EUR
2026-09-19,Pavlohrad,87.971045,10.0,8.0,3.0,2.0,1282.0,1282.0,2,21.366666666666667,21.366666666666667,100.0,37.5,20.0,EUR
2026-09-19,Vinnytsia,580.126548,38.0,37.0,7.0,1.0,701.0,701.0,1,11.683333333333334,11.683333333333334,100.0,18.91891891891892,2.631578947368421,EUR
2026-09-19,Vyshhorod,19.207919,2.0,2.0,0.0,0.0,701.0,701.0,1,11.683333333333334,11.683333333333334,100.0,0.0,0.0,EUR
2026-09-19,Zaporizhia,421.862824,27.0,26.0,6.0,1.0,2103.0,2103.0,4,35.05,35.05,100.0,23.076923076923077,3.7037037037037033,EUR
2026-09-20,Bila Tserkva,52.614506,6.0,5.0,1.0,1.0,701.0,701.0,1,11.683333333333334,11.683333333333334,100.0,20.0,16.666666666666664,EUR
2026-09-20,Brovary,262.069161,18.0,18.0,0.0,0.0,701.0,701.0,1,11.683333333333334,11.683333333333334,100.0,0.0,0.0,EUR
2026-09-20,Dnipro,1623.540323,127.0,112.0,10.0,15.0,9941.766666666666,10475.0,17,165.6961111111111,174.58333333333334,94.90946698488465,8.928571428571429,11.811023622047244,EUR
2026-09-20,Irpin,235.981866,16.0,16.0,3.0,0.0,701.0,701.0,1,11.683333333333334,11.683333333333334,100.0,18.75,0.0,EUR
2026-09-20,Kamianske,10.057732,2.0,2.0,2.0,0.0,1202.0,1202.0,2,20.033333333333335,20.033333333333335,100.0,100.0,0.0,EUR
2026-09-20,Kryvyi Rih,555.26141,38.0,35.0,5.0,3.0,5608.0,5608.0,8,93.46666666666667,93.46666666666667,100.0,14.285714285714285,7.894736842105263,EUR
2026-09-20,Kyiv,3106.01048,252.0,195.0,25.0,57.0,12115.216666666667,12128.0,18,201.92027777777778,202.13333333333333,99.89459652594547,12.82051282051282,22.61904761904762,EUR
2026-09-20,Odesa,169.624215,10.0,10.0,0.0,0.0,3505.0,3505.0,5,58.416666666666664,58.416666666666664,100.0,0.0,0.0,EUR
2026-09-20,Oleksandriia,0.0,0.0,0.0,0.0,0.0,0.0,0.0,1,0.0,0.0,,,,EUR
2026-09-20,Pavlohrad,249.054007,11.0,11.0,2.0,0.0,1282.0,1282.0,2,21.366666666666667,21.366666666666667,100.0,18.181818181818183,0.0,EUR
2026-09-20,Vinnytsia,428.901267,33.0,31.0,1.0,2.0,701.0,701.0,1,11.683333333333334,11.683333333333334,100.0,3.225806451612903,6.0606060606060606,EUR
2026-09-20,Vyshhorod,59.71345,4.0,4.0,1.0,0.0,701.0,701.0,1,11.683333333333334,11.683333333333334,100.0,25.0,0.0,EUR
2026-09-20,Zaporizhia,669.9649830000001,38.0,38.0,3.0,0.0,2103.0,2103.0,4,35.05,35.05,100.0,7.894736842105263,0.0,EUR
2026-09-21,Bila Tserkva,93.671446,6.0,6.0,1.0,0.0,701.0,701.0,1,11.683333333333334,11.683333333333334,100.0,16.666666666666664,0.0,EUR
2026-09-21,Brovary,179.733232,16.0,13.0,3.0,3.0,701.0,701.0,1,11.683333333333334,11.683333333333334,100.0,23.076923076923077,18.75,EUR
2026-09-21,Dnipro,1801.146327,131.0,116.0,18.0,15.0,10475.0,10475.0,17,174.58333333333334,174.58333333333334,100.0,15.517241379310345,11.450381679389313,EUR
2026-09-21,Irpin,107.53739,7.0,6.0,2.0,1.0,701.0,701.0,1,11.683333333333334,11.683333333333334,100.0,33.33333333333333,14.285714285714285,EUR
2026-09-21,Kamianske,22.414503,1.0,1.0,0.0,0.0,1202.0,1202.0,2,20.033333333333335,20.033333333333335,100.0,0.0,0.0,EUR
2026-09-21,Kryvyi Rih,313.603043,30.0,28.0,2.0,2.0,5608.0,5608.0,8,93.46666666666667,93.46666666666667,100.0,7.142857142857142,6.666666666666667,EUR
2026-09-21,Kyiv,2414.882782,159.0,134.0,28.0,25.0,12332.983333333334,12458.0,18,205.54972222222221,207.63333333333333,98.99649488949537,20.8955223880597,15.723270440251572,EUR
2026-09-21,Odesa,120.774404,10.0,10.0,1.0,0.0,3505.0,3505.0,5,58.416666666666664,58.416666666666664,100.0,10.0,0.0,EUR
2026-09-21,Oleksandriia,0.0,0.0,0.0,0.0,0.0,194.0,194.0,1,3.2333333333333334,3.2333333333333334,100.0,,,EUR
2026-09-21,Pavlohrad,46.174565,5.0,5.0,1.0,0.0,1282.0,1282.0,2,21.366666666666667,21.366666666666667,100.0,20.0,0.0,EUR
2026-09-21,Vinnytsia,339.978045,28.0,23.0,8.0,5.0,701.0,701.0,1,11.683333333333334,11.683333333333334,100.0,34.78260869565217,17.857142857142858,EUR
2026-09-21,Vyshhorod,37.595535,5.0,3.0,1.0,2.0,701.0,701.0,1,11.683333333333334,11.683333333333334,100.0,33.33333333333333,40.0,EUR
2026-09-21,Zaporizhia,292.055367,20.0,19.0,2.0,1.0,2103.0,2103.0,4,35.05,35.05,100.0,10.526315789473683,5.0,EUR
2026-09-22,Bila Tserkva,64.039044,6.0,6.0,0.0,0.0,701.3,701.3,1,11.688333333333333,11.688333333333333,100.0,0.0,0.0,EUR
2026-09-22,Brovary,179.463119,13.0,13.0,0.0,0.0,701.3,701.3,1,11.688333333333333,11.688333333333333,100.0,0.0,0.0,EUR
2026-09-22,Dnipro,1459.690539,103.0,94.0,10.0,9.0,10224.766666666666,10479.499999999998,17,170.41277777777776,174.6583333333333,97.56922245018053,10.638297872340425,8.737864077669903,EUR
2026-09-22,Irpin,271.028929,16.0,16.0,1.0,0.0,701.3,701.3,1,11.688333333333333,11.688333333333333,100.0,6.25,0.0,EUR
2026-09-22,Kamianske,0.0,0.0,0.0,0.0,0.0,663.2666666666667,1202.5833333333333,2,11.054444444444444,20.043055555555554,55.15348901670016,,,EUR
2026-09-22,Kryvyi Rih,534.0145739999999,39.0,35.0,4.0,4.0,5610.400000000001,5610.400000000001,8,93.50666666666667,93.50666666666667,100.0,11.428571428571429,10.256410256410255,EUR
2026-09-22,Kyiv,2832.2924510000007,220.0,163.0,33.0,57.0,12463.399999999996,12463.399999999996,18,207.72333333333327,207.72333333333327,100.0,20.245398773006134,25.90909090909091,EUR
2026-09-22,Odesa,164.35481,10.0,10.0,3.0,0.0,3506.5,3506.5,5,58.44166666666667,58.44166666666667,100.0,30.0,0.0,EUR
2026-09-22,Oleksandriia,62.768386,5.0,5.0,0.0,0.0,701.3,701.3,1,11.688333333333333,11.688333333333333,100.0,0.0,0.0,EUR
2026-09-22,Pavlohrad,110.56571100000001,7.0,7.0,0.0,0.0,1282.6,1282.6,2,21.376666666666665,21.376666666666665,100.0,0.0,0.0,EUR
2026-09-22,Vinnytsia,308.405963,26.0,26.0,5.0,0.0,701.3,701.3,1,11.688333333333333,11.688333333333333,100.0,19.230769230769234,0.0,EUR
2026-09-22,Vyshhorod,49.577648,6.0,5.0,0.0,1.0,701.3,701.3,1,11.688333333333333,11.688333333333333,100.0,0.0,16.666666666666664,EUR
2026-09-22,Zaporizhia,354.888826,25.0,22.0,1.0,3.0,2103.8999999999996,2103.8999999999996,4,35.06499999999999,35.06499999999999,100.0,4.545454545454546,12.0,EUR
2026-09-23,Bila Tserkva,75.88347,7.0,7.0,2.0,0.0,700.7833333333333,700.7833333333333,1,11.679722222222221,11.679722222222221,100.0,28.57142857142857,0.0,EUR
2026-09-23,Brovary,58.466723,6.0,6.0,0.0,0.0,700.7833333333333,700.7833333333333,1,11.679722222222221,11.679722222222221,100.0,0.0,0.0,EUR
2026-09-23,Dnipro,1618.744702,132.0,104.0,31.0,28.0,10471.766666666663,10471.766666666663,17,174.52944444444438,174.52944444444438,100.0,29.807692307692307,21.21212121212121,EUR
2026-09-23,Irpin,113.820337,8.0,8.0,0.0,0.0,700.7833333333333,700.7833333333333,1,11.679722222222221,11.679722222222221,100.0,0.0,0.0,EUR
2026-09-23,Kamianske,49.11648,3.0,2.0,2.0,1.0,1201.6,1201.6,2,20.026666666666664,20.026666666666664,100.0,100.0,33.33333333333333,EUR
2026-09-23,Kryvyi Rih,625.605392,44.0,40.0,12.0,4.0,5606.266666666666,5606.266666666666,8,93.43777777777777,93.43777777777777,100.0,30.0,9.090909090909092,EUR
2026-09-23,Kyiv,3003.6034379999996,191.0,152.0,24.0,39.0,12454.149999999996,12454.149999999996,18,207.5691666666666,207.5691666666666,100.0,15.789473684210526,20.418848167539267,EUR
2026-09-23,Odesa,156.915136,13.0,11.0,2.0,2.0,3503.9166666666665,3503.9166666666665,5,58.39861111111111,58.39861111111111,100.0,18.181818181818183,15.384615384615385,EUR
2026-09-23,Oleksandriia,48.114036,7.0,6.0,1.0,1.0,700.7833333333333,700.7833333333333,1,11.679722222222221,11.679722222222221,100.0,16.666666666666664,14.285714285714285,EUR
2026-09-23,Pavlohrad,51.575841,4.0,4.0,2.0,0.0,1281.5666666666666,1281.5666666666666,2,21.359444444444442,21.359444444444442,100.0,50.0,0.0,EUR
2026-09-23,Vinnytsia,311.914988,27.0,23.0,1.0,4.0,700.7833333333333,700.7833333333333,1,11.679722222222221,11.679722222222221,100.0,4.3478260869565215,14.814814814814813,EUR
2026-09-23,Vyshhorod,29.062522,4.0,4.0,0.0,0.0,700.7833333333333,700.7833333333333,1,11.679722222222221,11.679722222222221,100.0,0.0,0.0,EUR
2026-09-23,Zaporizhia,403.71796500000005,33.0,31.0,11.0,2.0,2102.35,2102.35,4,35.03916666666667,35.03916666666667,100.0,35.483870967741936,6.0606060606060606,EUR
2026-09-24,Bila Tserkva,46.602222,4.0,4.0,0.0,0.0,700.8666666666667,700.8666666666667,1,11.681111111111111,11.681111111111111,100.0,0.0,0.0,EUR
2026-09-24,Brovary,68.901896,7.0,7.0,0.0,0.0,700.8666666666667,700.8666666666667,1,11.681111111111111,11.681111111111111,100.0,0.0,0.0,EUR
2026-09-24,Dnipro,1890.6312979999998,121.0,109.0,11.0,12.0,10473.0,10473.0,17,174.55,174.55,100.0,10.091743119266056,9.917355371900827,EUR
2026-09-24,Irpin,152.960358,7.0,7.0,1.0,0.0,700.8666666666667,700.8666666666667,1,11.681111111111111,11.681111111111111,100.0,14.285714285714285,0.0,EUR
2026-09-24,Kamianske,0.0,0.0,0.0,0.0,0.0,1201.7333333333333,1201.7333333333333,2,20.02888888888889,20.02888888888889,100.0,,,EUR
2026-09-24,Kryvyi Rih,598.3913709999999,41.0,41.0,3.0,0.0,5606.933333333333,5606.933333333333,8,93.44888888888889,93.44888888888889,100.0,7.317073170731707,0.0,EUR
2026-09-24,Kyiv,2516.918555,171.0,137.0,22.0,34.0,12258.216666666667,12455.6,18,204.3036111111111,207.59333333333333,98.41530449489922,16.05839416058394,19.883040935672515,EUR
2026-09-24,Odesa,141.521381,9.0,8.0,1.0,1.0,3504.3333333333335,3504.3333333333335,5,58.40555555555556,58.40555555555556,100.0,12.5,11.11111111111111,EUR
2026-09-24,Oleksandriia,81.692403,8.0,8.0,1.0,0.0,700.8666666666667,700.8666666666667,1,11.681111111111111,11.681111111111111,100.0,12.5,0.0,EUR
2026-09-24,Pavlohrad,134.09597,6.0,6.0,2.0,0.0,1281.7333333333333,1281.7333333333333,2,21.362222222222222,21.362222222222222,100.0,33.33333333333333,0.0,EUR
2026-09-24,Vinnytsia,400.050792,28.0,25.0,8.0,3.0,700.8666666666667,700.8666666666667,1,11.681111111111111,11.681111111111111,100.0,32.0,10.714285714285714,EUR
2026-09-24,Vyshhorod,41.613202,5.0,5.0,0.0,0.0,700.8666666666667,700.8666666666667,1,11.681111111111111,11.681111111111111,100.0,0.0,0.0,EUR
2026-09-24,Zaporizhia,322.94964799999997,19.0,17.0,1.0,2.0,1791.35,1818.9166666666665,4,29.855833333333333,30.315277777777776,98.48444586979429,5.88235294117647,10.526315789473683,EUR
2026-09-25,Bila Tserkva,11.600485,1.0,1.0,0.0,0.0,701.0166666666667,701.0166666666667,1,11.68361111111111,11.68361111111111,100.0,0.0,0.0,EUR
2026-09-25,Brovary,116.190291,10.0,10.0,0.0,0.0,701.0166666666667,701.0166666666667,1,11.68361111111111,11.68361111111111,100.0,0.0,0.0,EUR
2026-09-25,Dnipro,1585.283434,116.0,110.0,8.0,6.0,10475.249999999998,10475.249999999998,17,174.58749999999998,174.58749999999998,100.0,7.2727272727272725,5.172413793103448,EUR
2026-09-25,Irpin,135.645907,9.0,9.0,1.0,0.0,701.0166666666667,701.0166666666667,1,11.68361111111111,11.68361111111111,100.0,11.11111111111111,0.0,EUR
2026-09-25,Kamianske,26.334651,1.0,1.0,0.0,0.0,1202.0333333333333,1202.0333333333333,2,20.03388888888889,20.03388888888889,100.0,0.0,0.0,EUR
2026-09-25,Kryvyi Rih,472.16443100000004,26.0,25.0,3.0,1.0,5608.133333333332,5608.133333333332,8,93.46888888888887,93.46888888888887,100.0,12.0,3.8461538461538463,EUR
2026-09-25,Kyiv,2508.4372679999997,174.0,146.0,20.0,28.0,11216.666666666666,12458.283333333331,18,186.94444444444443,207.63805555555552,90.03380615574378,13.698630136986301,16.091954022988507,EUR
2026-09-25,Odesa,233.414577,13.0,11.0,0.0,2.0,3505.083333333333,3505.083333333333,5,58.41805555555555,58.41805555555555,100.0,0.0,15.384615384615385,EUR
2026-09-25,Oleksandriia,61.230194,6.0,6.0,0.0,0.0,701.0166666666667,701.0166666666667,1,11.68361111111111,11.68361111111111,100.0,0.0,0.0,EUR
2026-09-25,Pavlohrad,63.9261,5.0,4.0,0.0,1.0,1282.0333333333333,1282.0333333333333,2,21.36722222222222,21.36722222222222,100.0,0.0,20.0,EUR
2026-09-25,Vinnytsia,459.517824,30.0,29.0,1.0,1.0,701.0166666666667,701.0166666666667,1,11.68361111111111,11.68361111111111,100.0,3.4482758620689653,3.3333333333333335,EUR
2026-09-25,Vyshhorod,108.892846,7.0,7.0,1.0,0.0,701.0166666666667,701.0166666666667,1,11.68361111111111,11.68361111111111,100.0,14.285714285714285,0.0,EUR
2026-09-25,Zaporizhia,495.47787300000005,28.0,26.0,0.0,2.0,1402.0333333333333,1402.0333333333333,4,23.36722222222222,23.36722222222222,100.0,0.0,7.142857142857142,EUR
2026-09-26,Bila Tserkva,172.820117,7.0,7.0,2.0,0.0,701.0,701.0,1,11.683333333333334,11.683333333333334,100.0,28.57142857142857,0.0,EUR
2026-09-26,Brovary,87.368646,10.0,9.0,2.0,1.0,701.0,701.0,1,11.683333333333334,11.683333333333334,100.0,22.22222222222222,10.0,EUR
2026-09-26,Dnipro,1640.0424489999998,113.0,105.0,10.0,8.0,10475.0,10475.0,17,174.58333333333334,174.58333333333334,100.0,9.523809523809524,7.079646017699115,EUR
2026-09-26,Irpin,155.069053,9.0,9.0,1.0,0.0,701.0,701.0,1,11.683333333333334,11.683333333333334,100.0,11.11111111111111,0.0,EUR
2026-09-26,Kamianske,45.896876,1.0,1.0,0.0,0.0,1202.0,1202.0,2,20.033333333333335,20.033333333333335,100.0,0.0,0.0,EUR
2026-09-26,Kryvyi Rih,336.740151,27.0,26.0,1.0,1.0,5608.0,5608.0,8,93.46666666666667,93.46666666666667,100.0,3.8461538461538463,3.7037037037037033,EUR
2026-09-26,Kyiv,2778.036842,188.0,171.0,26.0,17.0,11810.583333333334,12458.0,18,196.84305555555557,207.63333333333333,94.80320543693477,15.204678362573098,9.042553191489363,EUR
2026-09-26,Odesa,142.281992,10.0,10.0,2.0,0.0,3505.0,3505.0,5,58.416666666666664,58.416666666666664,100.0,20.0,0.0,EUR
2026-09-26,Oleksandriia,26.288291,4.0,3.0,0.0,1.0,701.0,701.0,1,11.683333333333334,11.683333333333334,100.0,0.0,25.0,EUR
2026-09-26,Pavlohrad,56.310004,5.0,4.0,0.0,1.0,1282.0,1282.0,2,21.366666666666667,21.366666666666667,100.0,0.0,20.0,EUR
2026-09-26,Vinnytsia,382.566019,29.0,25.0,1.0,4.0,701.0,701.0,1,11.683333333333334,11.683333333333334,100.0,4.0,13.793103448275861,EUR
2026-09-26,Vyshhorod,124.171397,5.0,5.0,0.0,0.0,701.0,701.0,1,11.683333333333334,11.683333333333334,100.0,0.0,0.0,EUR
2026-09-26,Zaporizhia,485.610702,23.0,23.0,2.0,0.0,1402.0,1402.0,4,23.366666666666667,23.366666666666667,100.0,8.695652173913043,0.0,EUR
2026-09-27,Bila Tserkva,64.862877,6.0,6.0,2.0,0.0,701.0,701.0,1,11.683333333333334,11.683333333333334,100.0,33.33333333333333,0.0,EUR
2026-09-27,Brovary,83.591604,10.0,9.0,0.0,1.0,701.0,701.0,1,11.683333333333334,11.683333333333334,100.0,0.0,10.0,EUR
2026-09-27,Dnipro,1712.6886719999998,130.0,116.0,18.0,14.0,10475.0,10475.0,17,174.58333333333334,174.58333333333334,100.0,15.517241379310345,10.76923076923077,EUR
2026-09-27,Irpin,183.707995,12.0,12.0,3.0,0.0,701.0,701.0,1,11.683333333333334,11.683333333333334,100.0,25.0,0.0,EUR
2026-09-27,Kamianske,0.0,0.0,0.0,0.0,0.0,1202.0,1202.0,2,20.033333333333335,20.033333333333335,100.0,,,EUR
2026-09-27,Kryvyi Rih,397.21216100000004,32.0,32.0,4.0,0.0,5608.0,5608.0,8,93.46666666666667,93.46666666666667,100.0,12.5,0.0,EUR
2026-09-27,Kyiv,3003.8590030000005,214.0,185.0,34.0,29.0,12458.0,12458.0,18,207.63333333333333,207.63333333333333,100.0,18.37837837837838,13.551401869158877,EUR
2026-09-27,Odesa,117.509097,10.0,9.0,2.0,1.0,3505.0,3505.0,5,58.416666666666664,58.416666666666664,100.0,22.22222222222222,10.0,EUR
2026-09-27,Oleksandriia,91.631783,5.0,4.0,0.0,1.0,701.0,701.0,1,11.683333333333334,11.683333333333334,100.0,0.0,20.0,EUR
2026-09-27,Pavlohrad,148.89304199999998,7.0,7.0,0.0,0.0,1282.0,1282.0,2,21.366666666666667,21.366666666666667,100.0,0.0,0.0,EUR
2026-09-27,Vinnytsia,420.553381,35.0,30.0,2.0,5.0,701.0,701.0,1,11.683333333333334,11.683333333333334,100.0,6.666666666666667,14.285714285714285,EUR
2026-09-27,Vyshhorod,56.932827,6.0,6.0,0.0,0.0,701.0,701.0,1,11.683333333333334,11.683333333333334,100.0,0.0,0.0,EUR
2026-09-27,Zaporizhia,426.439892,28.0,28.0,1.0,0.0,1593.0,1593.0,4,26.55,26.55,100.0,3.571428571428571,0.0,EUR
2026-09-28,Bila Tserkva,15.045233,2.0,2.0,0.0,0.0,701.0,701.0,1,11.683333333333334,11.683333333333334,100.0,0.0,0.0,EUR
2026-09-28,Brovary,233.519959,15.0,15.0,2.0,0.0,701.0,701.0,1,11.683333333333334,11.683333333333334,100.0,13.333333333333334,0.0,EUR
2026-09-28,Dnipro,1614.4998269999999,135.0,112.0,10.0,23.0,10209.6,10209.6,17,170.16,170.16,100.0,8.928571428571429,17.037037037037038,EUR
2026-09-28,Irpin,158.072424,10.0,9.0,1.0,1.0,701.0,701.0,1,11.683333333333334,11.683333333333334,100.0,11.11111111111111,10.0,EUR
2026-09-28,Kamianske,8.661056,2.0,1.0,0.0,1.0,1202.0,1202.0,2,20.033333333333335,20.033333333333335,100.0,0.0,50.0,EUR
2026-09-28,Kryvyi Rih,616.130185,44.0,39.0,3.0,5.0,5052.0,5052.0,8,84.2,84.2,100.0,7.6923076923076925,11.363636363636363,EUR
2026-09-28,Kyiv,2454.6970949999995,170.0,133.0,19.0,37.0,12458.0,12458.0,18,207.63333333333333,207.63333333333333,100.0,14.285714285714285,21.764705882352942,EUR
2026-09-28,Odesa,166.877807,10.0,8.0,0.0,2.0,3241.75,3505.0,5,54.02916666666667,58.416666666666664,92.48930099857347,0.0,20.0,EUR
2026-09-28,Oleksandriia,29.956117,4.0,4.0,0.0,0.0,701.0,701.0,1,11.683333333333334,11.683333333333334,100.0,0.0,0.0,EUR
2026-09-28,Pavlohrad,43.349473,3.0,3.0,0.0,0.0,1282.0,1282.0,2,21.366666666666667,21.366666666666667,100.0,0.0,0.0,EUR
2026-09-28,Vinnytsia,238.202,20.0,18.0,2.0,2.0,701.0,701.0,1,11.683333333333334,11.683333333333334,100.0,11.11111111111111,10.0,EUR
2026-09-28,Vyshhorod,23.622393,2.0,2.0,0.0,0.0,701.0,701.0,1,11.683333333333334,11.683333333333334,100.0,0.0,0.0,EUR
2026-09-28,Zaporizhia,262.03853000000004,20.0,20.0,2.0,0.0,2103.0,2103.0,4,35.05,35.05,100.0,10.0,0.0,EUR
2026-09-29,Bila Tserkva,156.209503,12.0,11.0,0.0,1.0,700.95,700.95,1,11.682500000000001,11.682500000000001,100.0,0.0,8.333333333333332,EUR
2026-09-29,Brovary,97.840677,6.0,6.0,0.0,0.0,700.95,700.95,1,11.682500000000001,11.682500000000001,100.0,0.0,0.0,EUR
2026-09-29,Dnipro,1107.848068,90.0,78.0,4.0,12.0,9773.300000000001,9773.300000000001,17,162.88833333333335,162.88833333333335,100.0,5.128205128205128,13.333333333333334,EUR
2026-09-29,Irpin,139.762781,10.0,10.0,2.0,0.0,700.95,700.95,1,11.682500000000001,11.682500000000001,100.0,20.0,0.0,EUR
2026-09-29,Kamianske,46.035354999999996,2.0,2.0,0.0,0.0,1201.9,1201.9,2,20.03166666666667,20.03166666666667,100.0,0.0,0.0,EUR
2026-09-29,Kryvyi Rih,457.01186900000005,29.0,29.0,3.0,0.0,4205.7,4205.7,8,70.095,70.095,100.0,10.344827586206897,0.0,EUR
2026-09-29,Kyiv,2117.7487499999997,163.0,130.0,21.0,33.0,12457.100000000004,12457.100000000004,18,207.6183333333334,207.6183333333334,100.0,16.153846153846153,20.245398773006134,EUR
2026-09-29,Odesa,150.688681,9.0,8.0,1.0,1.0,2803.8,3504.75,5,46.730000000000004,58.4125,80.0,12.5,11.11111111111111,EUR
2026-09-29,Oleksandriia,35.794312,3.0,3.0,0.0,0.0,700.95,700.95,1,11.682500000000001,11.682500000000001,100.0,0.0,0.0,EUR
2026-09-29,Pavlohrad,206.788517,10.0,10.0,3.0,0.0,1281.9,1281.9,2,21.365000000000002,21.365000000000002,100.0,30.0,0.0,EUR
2026-09-29,Vinnytsia,403.618293,28.0,25.0,2.0,3.0,700.95,700.95,1,11.682500000000001,11.682500000000001,100.0,8.0,10.714285714285714,EUR
2026-09-29,Vyshhorod,32.443213,4.0,4.0,0.0,0.0,700.95,700.95,1,11.682500000000001,11.682500000000001,100.0,0.0,0.0,EUR
2026-09-29,Zaporizhia,286.823556,18.0,18.0,3.0,0.0,2102.8500000000004,2102.8500000000004,4,35.04750000000001,35.04750000000001,100.0,16.666666666666664,0.0,EUR
2026-09-30,Bila Tserkva,55.380165,3.0,3.0,0.0,0.0,701.0,701.0,1,11.683333333333334,11.683333333333334,100.0,0.0,0.0,EUR
2026-09-30,Brovary,81.799333,7.0,7.0,0.0,0.0,701.0,701.0,1,11.683333333333334,11.683333333333334,100.0,0.0,0.0,EUR
2026-09-30,Dnipro,1391.8561169999998,130.0,97.0,13.0,33.0,10280.0,10280.0,17,171.33333333333334,171.33333333333334,100.0,13.402061855670103,25.384615384615383,EUR
2026-09-30,Irpin,140.375787,8.0,8.0,2.0,0.0,701.0,701.0,1,11.683333333333334,11.683333333333334,100.0,25.0,0.0,EUR
2026-09-30,Kamianske,33.142409,2.0,2.0,1.0,0.0,1202.0,1202.0,2,20.033333333333335,20.033333333333335,100.0,50.0,0.0,EUR
2026-09-30,Kryvyi Rih,409.533299,26.0,26.0,4.0,0.0,4206.0,4206.0,8,70.1,70.1,100.0,15.384615384615385,0.0,EUR
2026-09-30,Kyiv,2620.904895,183.0,153.0,32.0,30.0,12458.0,12458.0,18,207.63333333333333,207.63333333333333,100.0,20.915032679738562,16.39344262295082,EUR
2026-09-30,Odesa,87.498183,8.0,7.0,1.0,1.0,2842.766666666667,3505.0,5,47.379444444444445,58.416666666666664,81.10603899191632,14.285714285714285,12.5,EUR
2026-09-30,Oleksandriia,36.161979,3.0,3.0,0.0,0.0,701.0,701.0,1,11.683333333333334,11.683333333333334,100.0,0.0,0.0,EUR
2026-09-30,Pavlohrad,121.324111,8.0,7.0,1.0,1.0,1282.0,1282.0,2,21.366666666666667,21.366666666666667,100.0,14.285714285714285,12.5,EUR
2026-09-30,Vinnytsia,400.106819,34.0,25.0,4.0,9.0,701.0,701.0,1,11.683333333333334,11.683333333333334,100.0,16.0,26.47058823529412,EUR
2026-09-30,Vyshhorod,92.874223,8.0,8.0,1.0,0.0,701.0,701.0,1,11.683333333333334,11.683333333333334,100.0,12.5,0.0,EUR
2026-09-30,Zaporizhia,265.324435,16.0,16.0,3.0,0.0,2103.0,2103.0,4,35.05,35.05,100.0,18.75,0.0,EUR
2026-10-01,Bila Tserkva,52.844434,4.0,4.0,0.0,0.0,701.0,701.0,1,11.683333333333334,11.683333333333334,100.0,0.0,0.0,EUR
2026-10-01,Brovary,160.561041,9.0,9.0,1.0,0.0,701.0,701.0,1,11.683333333333334,11.683333333333334,100.0,11.11111111111111,0.0,EUR
2026-10-01,Dnipro,1851.926598,132.0,117.0,14.0,15.0,10475.0,10475.0,17,174.58333333333334,174.58333333333334,100.0,11.965811965811966,11.363636363636363,EUR
2026-10-01,Irpin,176.834806,11.0,11.0,0.0,0.0,701.0,701.0,1,11.683333333333334,11.683333333333334,100.0,0.0,0.0,EUR
2026-10-01,Kamianske,15.086974,3.0,2.0,0.0,1.0,1202.0,1202.0,2,20.033333333333335,20.033333333333335,100.0,0.0,33.33333333333333,EUR
2026-10-01,Kryvyi Rih,363.274353,32.0,30.0,5.0,2.0,4206.0,4206.0,8,70.1,70.1,100.0,16.666666666666664,6.25,EUR
2026-10-01,Kyiv,2798.405661,166.0,146.0,20.0,20.0,12271.83330078125,12458.0,18,204.53055501302086,207.63333333333333,98.50564537470903,13.698630136986301,12.048192771084338,EUR
2026-10-01,Odesa,44.084973999999995,4.0,3.0,0.0,1.0,2804.0,3505.0,5,46.733333333333334,58.416666666666664,80.0,0.0,25.0,EUR
2026-10-01,Oleksandriia,93.711329,6.0,5.0,1.0,1.0,701.0,701.0,1,11.683333333333334,11.683333333333334,100.0,20.0,16.666666666666664,EUR
2026-10-01,Pavlohrad,60.626699,4.0,4.0,1.0,0.0,1282.0,1282.0,2,21.366666666666667,21.366666666666667,100.0,25.0,0.0,EUR
2026-10-01,Vinnytsia,187.890751,19.0,16.0,4.0,3.0,514.33330078125,701.0,1,8.5722216796875,11.683333333333334,73.37136958363052,25.0,15.789473684210526,EUR
2026-10-01,Vyshhorod,132.073722,6.0,5.0,0.0,1.0,701.0,701.0,1,11.683333333333334,11.683333333333334,100.0,0.0,16.666666666666664,EUR
2026-10-01,Zaporizhia,411.19791499999997,28.0,26.0,5.0,2.0,2804.0,2804.0,4,46.733333333333334,46.733333333333334,100.0,19.230769230769234,7.142857142857142,EUR
2026-10-02,Bila Tserkva,90.799154,6.0,6.0,1.0,0.0,701.0,701.0,1,11.683333333333334,11.683333333333334,100.0,16.666666666666664,0.0,EUR
2026-10-02,Brovary,66.421619,6.0,6.0,1.0,0.0,701.0,701.0,1,11.683333333333334,11.683333333333334,100.0,16.666666666666664,0.0,EUR
2026-10-02,Dnipro,1836.756448,124.0,109.0,20.0,15.0,10475.0,10475.0,17,174.58333333333334,174.58333333333334,100.0,18.34862385321101,12.096774193548388,EUR
2026-10-02,Irpin,202.861481,10.0,10.0,1.0,0.0,701.0,701.0,1,11.683333333333334,11.683333333333334,100.0,10.0,0.0,EUR
2026-10-02,Kamianske,24.723113,2.0,2.0,0.0,0.0,1202.0,1202.0,2,20.033333333333335,20.033333333333335,100.0,0.0,0.0,EUR
2026-10-02,Kryvyi Rih,412.610685,29.0,27.0,1.0,2.0,4206.0,4206.0,8,70.1,70.1,100.0,3.7037037037037033,6.896551724137931,EUR
2026-10-02,Kyiv,2884.332757,179.0,163.0,26.0,16.0,12438.233333333334,12458.0,18,207.3038888888889,207.63333333333333,99.84133354738589,15.950920245398773,8.938547486033519,EUR
2026-10-02,Odesa,18.94334,3.0,2.0,0.0,1.0,2875.05,3505.0,5,47.917500000000004,58.416666666666664,82.02710413694723,0.0,33.33333333333333,EUR
2026-10-02,Oleksandriia,189.682922,13.0,11.0,2.0,2.0,701.0,701.0,1,11.683333333333334,11.683333333333334,100.0,18.181818181818183,15.384615384615385,EUR
2026-10-02,Pavlohrad,65.668917,5.0,3.0,2.0,2.0,1282.0,1282.0,2,21.366666666666667,21.366666666666667,100.0,66.66666666666666,40.0,EUR
2026-10-02,Vinnytsia,335.355984,28.0,26.0,3.0,2.0,682.5666666666667,701.0,1,11.376111111111111,11.683333333333334,97.37042320494533,11.538461538461538,7.142857142857142,EUR
2026-10-02,Vyshhorod,8.107303,3.0,1.0,0.0,2.0,701.0,701.0,1,11.683333333333334,11.683333333333334,100.0,0.0,66.66666666666666,EUR
2026-10-02,Zaporizhia,591.88658,44.0,36.0,10.0,8.0,2804.0,2804.0,4,46.733333333333334,46.733333333333334,100.0,27.77777777777778,18.181818181818183,EUR
2026-10-03,Bila Tserkva,143.616746,9.0,9.0,0.0,0.0,701.0,701.0,1,11.683333333333334,11.683333333333334,100.0,0.0,0.0,EUR
2026-10-03,Brovary,82.16914,6.0,6.0,0.0,0.0,701.0,701.0,1,11.683333333333334,11.683333333333334,100.0,0.0,0.0,EUR
2026-10-03,Dnipro,1510.043098,114.0,103.0,9.0,11.0,10475.0,10475.0,17,174.58333333333334,174.58333333333334,100.0,8.737864077669903,9.649122807017543,EUR
2026-10-03,Irpin,162.577245,10.0,10.0,1.0,0.0,701.0,701.0,1,11.683333333333334,11.683333333333334,100.0,10.0,0.0,EUR
2026-10-03,Kamianske,21.89674,2.0,2.0,0.0,0.0,1202.0,1202.0,2,20.033333333333335,20.033333333333335,100.0,0.0,0.0,EUR
2026-10-03,Kryvyi Rih,525.792397,35.0,33.0,2.0,2.0,4206.0,4206.0,8,70.1,70.1,100.0,6.0606060606060606,5.714285714285714,EUR
2026-10-03,Kyiv,2651.246902000001,165.0,152.0,19.0,13.0,12458.0,12458.0,18,207.63333333333333,207.63333333333333,100.0,12.5,7.878787878787878,EUR
2026-10-03,Odesa,65.6417,3.0,3.0,0.0,0.0,2804.0,3505.0,5,46.733333333333334,58.416666666666664,80.0,0.0,0.0,EUR
2026-10-03,Oleksandriia,119.456385,7.0,7.0,0.0,0.0,701.0,701.0,1,11.683333333333334,11.683333333333334,100.0,0.0,0.0,EUR
2026-10-03,Pavlohrad,66.790866,6.0,5.0,1.0,1.0,1282.0,1282.0,2,21.366666666666667,21.366666666666667,100.0,20.0,16.666666666666664,EUR
2026-10-03,Vinnytsia,373.303809,28.0,27.0,3.0,1.0,701.0,701.0,1,11.683333333333334,11.683333333333334,100.0,11.11111111111111,3.571428571428571,EUR
2026-10-03,Vyshhorod,55.681248,4.0,4.0,1.0,0.0,701.0,701.0,1,11.683333333333334,11.683333333333334,100.0,25.0,0.0,EUR
2026-10-03,Zaporizhia,463.664876,31.0,29.0,4.0,2.0,2804.0,2804.0,4,46.733333333333334,46.733333333333334,100.0,13.793103448275861,6.451612903225806,EUR
2026-10-04,Bila Tserkva,56.294888,4.0,4.0,1.0,0.0,701.0,701.0,1,11.683333333333334,11.683333333333334,100.0,25.0,0.0,EUR
2026-10-04,Brovary,209.495933,12.0,12.0,2.0,0.0,701.0,701.0,1,11.683333333333334,11.683333333333334,100.0,16.666666666666664,0.0,EUR
2026-10-04,Dnipro,2245.715666,152.0,135.0,14.0,17.0,10475.0,10475.0,17,174.58333333333334,174.58333333333334,100.0,10.37037037037037,11.18421052631579,EUR
2026-10-04,Irpin,190.255533,11.0,11.0,1.0,0.0,701.0,701.0,1,11.683333333333334,11.683333333333334,100.0,9.090909090909092,0.0,EUR
2026-10-04,Kamianske,13.596331,1.0,1.0,0.0,0.0,1202.0,1202.0,2,20.033333333333335,20.033333333333335,100.0,0.0,0.0,EUR
2026-10-04,Kryvyi Rih,767.0766769999999,46.0,44.0,2.0,2.0,4206.0,4206.0,8,70.1,70.1,100.0,4.545454545454546,4.3478260869565215,EUR
2026-10-04,Kyiv,3329.357843,208.0,190.0,22.0,18.0,12458.0,12458.0,18,207.63333333333333,207.63333333333333,100.0,11.578947368421053,8.653846153846153,EUR
2026-10-04,Odesa,77.036738,9.0,7.0,3.0,2.0,2804.0,3505.0,5,46.733333333333334,58.416666666666664,80.0,42.857142857142854,22.22222222222222,EUR
2026-10-04,Oleksandriia,112.821935,9.0,8.0,1.0,1.0,701.0,701.0,1,11.683333333333334,11.683333333333334,100.0,12.5,11.11111111111111,EUR
2026-10-04,Pavlohrad,62.010357,5.0,5.0,0.0,0.0,1282.0,1282.0,2,21.366666666666667,21.366666666666667,100.0,0.0,0.0,EUR
2026-10-04,Vinnytsia,328.586613,27.0,26.0,3.0,1.0,701.0,701.0,1,11.683333333333334,11.683333333333334,100.0,11.538461538461538,3.7037037037037033,EUR
2026-10-04,Vyshhorod,65.265939,3.0,3.0,0.0,0.0,701.0,701.0,1,11.683333333333334,11.683333333333334,100.0,0.0,0.0,EUR
2026-10-04,Zaporizhia,370.596185,29.0,24.0,3.0,5.0,2804.0,2804.0,4,46.733333333333334,46.733333333333334,100.0,12.5,17.24137931034483,EUR
2026-10-05,Bila Tserkva,87.613315,5.0,5.0,1.0,0.0,701.0,701.0,1,11.683333333333334,11.683333333333334,100.0,20.0,0.0,EUR
2026-10-05,Brovary,148.736773,8.0,8.0,0.0,0.0,701.0,701.0,1,11.683333333333334,11.683333333333334,100.0,0.0,0.0,EUR
2026-10-05,Dnipro,2130.829772,157.0,137.0,14.0,20.0,10475.0,10475.0,17,174.58333333333334,174.58333333333334,100.0,10.218978102189782,12.738853503184714,EUR
2026-10-05,Irpin,182.46483,14.0,14.0,3.0,0.0,701.0,701.0,1,11.683333333333334,11.683333333333334,100.0,21.428571428571427,0.0,EUR
2026-10-05,Kamianske,20.389327,2.0,1.0,0.0,1.0,1202.0,1202.0,2,20.033333333333335,20.033333333333335,100.0,0.0,50.0,EUR
2026-10-05,Kryvyi Rih,495.05059100000005,34.0,34.0,4.0,0.0,4206.0,4206.0,8,70.1,70.1,100.0,11.76470588235294,0.0,EUR
2026-10-05,Kyiv,2688.0694520000006,174.0,156.0,30.0,18.0,12458.0,12458.0,18,207.63333333333333,207.63333333333333,100.0,19.230769230769234,10.344827586206897,EUR
2026-10-05,Odesa,235.22746,10.0,10.0,0.0,0.0,3475.3,3505.0,5,57.92166666666667,58.416666666666664,99.15263908701854,0.0,0.0,EUR
2026-10-05,Oleksandriia,94.479286,6.0,6.0,0.0,0.0,701.0,701.0,1,11.683333333333334,11.683333333333334,100.0,0.0,0.0,EUR
2026-10-05,Pavlohrad,51.941987,5.0,5.0,1.0,0.0,1282.0,1282.0,2,21.366666666666667,21.366666666666667,100.0,20.0,0.0,EUR
2026-10-05,Vinnytsia,422.272242,32.0,28.0,4.0,4.0,701.0,701.0,1,11.683333333333334,11.683333333333334,100.0,14.285714285714285,12.5,EUR
2026-10-05,Vyshhorod,53.76435,3.0,3.0,0.0,0.0,701.0,701.0,1,11.683333333333334,11.683333333333334,100.0,0.0,0.0,EUR
2026-10-05,Zaporizhia,654.809199,51.0,46.0,2.0,5.0,2804.0,2804.0,4,46.733333333333334,46.733333333333334,100.0,4.3478260869565215,9.803921568627452,EUR
2026-10-06,Bila Tserkva,46.09215,4.0,4.0,1.0,0.0,0.0,0.0,1,0.0,0.0,,25.0,0.0,EUR
2026-10-06,Brovary,221.910344,16.0,16.0,2.0,0.0,0.0,0.0,1,0.0,0.0,,12.5,0.0,EUR
2026-10-06,Dnipro,2150.8511719999997,148.0,131.0,19.0,17.0,0.0,0.0,17,0.0,0.0,,14.50381679389313,11.486486486486488,EUR
2026-10-06,Irpin,82.773409,7.0,7.0,0.0,0.0,0.0,0.0,1,0.0,0.0,,0.0,0.0,EUR
2026-10-06,Kamianske,10.455401,1.0,1.0,0.0,0.0,0.0,0.0,2,0.0,0.0,,0.0,0.0,EUR
2026-10-06,Kryvyi Rih,612.380404,45.0,44.0,4.0,1.0,0.0,0.0,8,0.0,0.0,,9.090909090909092,2.2222222222222223,EUR
2026-10-06,Kyiv,2206.793773,158.0,138.0,17.0,20.0,0.0,0.0,18,0.0,0.0,,12.318840579710146,12.658227848101266,EUR
2026-10-06,Odesa,260.951609,13.0,11.0,1.0,2.0,0.0,0.0,5,0.0,0.0,,9.090909090909092,15.384615384615385,EUR
2026-10-06,Oleksandriia,204.289366,14.0,13.0,1.0,1.0,0.0,0.0,1,0.0,0.0,,7.6923076923076925,7.142857142857142,EUR
2026-10-06,Pavlohrad,120.955967,7.0,7.0,1.0,0.0,0.0,0.0,2,0.0,0.0,,14.285714285714285,0.0,EUR
2026-10-06,Vinnytsia,424.058595,31.0,30.0,3.0,1.0,0.0,0.0,1,0.0,0.0,,10.0,3.225806451612903,EUR
2026-10-06,Vyshhorod,1.861221,1.0,1.0,0.0,0.0,0.0,0.0,1,0.0,0.0,,0.0,0.0,EUR
2026-10-06,Zaporizhia,565.577123,45.0,34.0,5.0,11.0,0.0,0.0,4,0.0,0.0,,14.705882352941178,24.444444444444443,EUR
