date,store_id,store_name,city,gmv,placed,orders,bad_orders,failed_orders,active_time,working_time,availability_observations,online_hours,scheduled_hours,availability_pct,bad_order_rate_pct,failed_order_rate_pct,currency,week
2026-07-01,200367,"VARUS вул.Петра Сагайдачного, 7",Zaporizhia,53.081314,3,3,1,0,700.5666666666667,700.5666666666667,1,11.6761,11.6761,100.0,33.33,0.0,EUR,2026-06-29
2026-07-01,200390,"VARUS, 5-й Зарічний, д.19",Kryvyi Rih,0.0,0,0,0,0,700.5666666666667,700.5666666666667,1,11.6761,11.6761,100.0,,,EUR,2026-06-29
2026-07-01,200383,"VARUS, Вулиця Героїв полку Азов, 12",Kyiv,76.271424,4,4,1,0,700.5666666666667,700.5666666666667,1,11.6761,11.6761,100.0,25.0,0.0,EUR,2026-06-29
2026-07-01,200364,"VARUS, Донецьке шосcе 110",Dnipro,62.855698,5,5,0,0,700.5666666666667,700.5666666666667,1,11.6761,11.6761,100.0,0.0,0.0,EUR,2026-06-29
2026-07-01,200356,"VARUS, Донецьке шосcе 9а",Dnipro,17.80873,2,2,1,0,700.5666666666667,700.5666666666667,1,11.6761,11.6761,100.0,50.0,0.0,EUR,2026-06-29
2026-07-01,200400,"VARUS, Люстдорфська дорога 114",Odesa,17.181101,1,1,0,0,700.5666666666667,700.5666666666667,1,11.6761,11.6761,100.0,0.0,0.0,EUR,2026-06-29
2026-07-01,200392,"VARUS, Площа Шахтарської Слави 1",Kryvyi Rih,87.803478,10,9,1,1,700.5666666666667,700.5666666666667,1,11.6761,11.6761,100.0,11.11,10.0,EUR,2026-06-29
2026-07-01,200374,"VARUS, Проспект Червоної Калини 44A",Kyiv,66.282083,5,5,0,0,700.5666666666667,700.5666666666667,1,11.6761,11.6761,100.0,0.0,0.0,EUR,2026-06-29
2026-07-01,200365,"VARUS, Північно-Кільцева вулиця, 10а,",Zaporizhia,101.05715,6,6,0,0,700.5666666666667,700.5666666666667,1,11.6761,11.6761,100.0,0.0,0.0,EUR,2026-06-29
2026-07-01,200385,"VARUS, Харківське Шосе 160",Kyiv,78.384157,6,6,2,0,700.5666666666667,700.5666666666667,1,11.6761,11.6761,100.0,33.33,0.0,EUR,2026-06-29
2026-07-01,200358,"VARUS, бул. Європейський 1Д",Dnipro,75.07985,5,5,0,0,700.5666666666667,700.5666666666667,1,11.6761,11.6761,100.0,0.0,0.0,EUR,2026-06-29
2026-07-01,200372,"VARUS, бул.Будівельників 27а",Kamianske,0.0,1,0,0,1,600.5666666666667,600.5666666666667,1,10.0094,10.0094,100.0,,100.0,EUR,2026-06-29
2026-07-01,200355,"VARUS, вул Березинская 23а",Dnipro,0.0,0,0,0,0,700.5666666666667,700.5666666666667,1,11.6761,11.6761,100.0,,,EUR,2026-06-29
2026-07-01,200393,"VARUS, вул. 200 річчя Кривого Рогу",Kryvyi Rih,61.795216,6,6,0,0,700.5666666666667,700.5666666666667,1,11.6761,11.6761,100.0,0.0,0.0,EUR,2026-06-29
2026-07-01,200397,"VARUS, вул. Івана Авраменко 21В",Kryvyi Rih,54.569165,4,4,0,0,700.5666666666667,700.5666666666667,1,11.6761,11.6761,100.0,0.0,0.0,EUR,2026-06-29
2026-07-01,200376,"VARUS, вул. Волинська 37",Kyiv,197.891577,15,13,1,2,700.5666666666667,700.5666666666667,1,11.6761,11.6761,100.0,7.69,13.33,EUR,2026-06-29
2026-07-01,200401,"VARUS, вул. Дача Ковалевського 91",Odesa,0.0,0,0,0,0,700.5666666666667,700.5666666666667,1,11.6761,11.6761,100.0,,,EUR,2026-06-29
2026-07-01,200378,"VARUS, вул. Деміївська 27",Kyiv,90.431366,6,6,0,0,700.5666666666667,700.5666666666667,1,11.6761,11.6761,100.0,0.0,0.0,EUR,2026-06-29
2026-07-01,200387,"VARUS, вул. Драгаманова 40г",Kyiv,57.968899,5,4,1,1,700.5666666666667,700.5666666666667,1,11.6761,11.6761,100.0,25.0,20.0,EUR,2026-06-29
2026-07-01,200391,"VARUS, вул. Жилянська 59",Kyiv,267.827935,14,13,2,1,700.5666666666667,700.5666666666667,1,11.6761,11.6761,100.0,15.38,7.14,EUR,2026-06-29
2026-07-01,200384,"VARUS, вул. Костянтинівська 2А",Kyiv,50.007446,5,5,0,0,700.5666666666667,700.5666666666667,1,11.6761,11.6761,100.0,0.0,0.0,EUR,2026-06-29
2026-07-01,200388,"VARUS, вул. Лесі Українки 30",Kyiv,0.0,0,0,0,0,700.5666666666667,700.5666666666667,1,11.6761,11.6761,100.0,,,EUR,2026-06-29
2026-07-01,200398,"VARUS, вул. Недєліна 43",Kryvyi Rih,0.0,0,0,0,0,700.5666666666667,700.5666666666667,1,11.6761,11.6761,100.0,,,EUR,2026-06-29
2026-07-01,200371,"VARUS, вул. Ольги Кобилянської 1В/23",Irpin,63.367128,5,5,2,0,700.5666666666667,700.5666666666667,1,11.6761,11.6761,100.0,40.0,0.0,EUR,2026-06-29
2026-07-01,200351,"VARUS, вул. Паникахи 15",Dnipro,62.704229,7,7,1,0,700.5666666666667,700.5666666666667,1,11.6761,11.6761,100.0,14.29,0.0,EUR,2026-06-29
2026-07-01,200403,"VARUS, вул. Соборна 97А",Pavlohrad,38.109355,3,3,0,0,640.5666666666667,640.5666666666667,1,10.6761,10.6761,100.0,0.0,0.0,EUR,2026-06-29
2026-07-01,200389,"VARUS, вул. Срібнокільска 11",Kyiv,33.209819,3,3,0,0,720.5666666666667,720.5666666666667,1,12.0094,12.0094,100.0,0.0,0.0,EUR,2026-06-29
2026-07-01,200381,"VARUS, вул. Тютюника 39-А",Kyiv,203.244542,15,14,1,1,700.5666666666667,700.5666666666667,1,11.6761,11.6761,100.0,7.14,6.67,EUR,2026-06-29
2026-07-01,200366,"VARUS, вул. Яценка 2",Zaporizhia,138.529277,8,8,0,0,700.5666666666667,700.5666666666667,1,11.6761,11.6761,100.0,0.0,0.0,EUR,2026-06-29
2026-07-01,200352,"VARUS, вул.20річчя Перемоги  43Д",Dnipro,0.0,0,0,0,0,700.5666666666667,700.5666666666667,1,11.6761,11.6761,100.0,,,EUR,2026-06-29
2026-07-01,200375,"VARUS, вул.Андрія Малишко,3",Kyiv,162.526895,13,10,1,3,700.5666666666667,700.5666666666667,1,11.6761,11.6761,100.0,10.0,23.08,EUR,2026-06-29
2026-07-01,200379,"VARUS, вул.Бажана 10-А",Kyiv,30.652279,2,2,0,0,700.5666666666667,700.5666666666667,1,11.6761,11.6761,100.0,0.0,0.0,EUR,2026-06-29
2026-07-01,200382,"VARUS, вул.Васильківска 34",Kyiv,8.704104,2,1,0,1,200.68333333333334,700.5166666666667,1,3.3447,11.6753,28.65,0.0,50.0,EUR,2026-06-29
2026-07-01,200386,"VARUS, вул.Вишгородска 45а",Kyiv,204.56466,13,12,2,1,700.5666666666667,700.5666666666667,1,11.6761,11.6761,100.0,16.67,7.69,EUR,2026-06-29
2026-07-01,200350,"VARUS, вул.Глинки 2",Dnipro,125.187035,8,8,2,0,700.5666666666667,700.5666666666667,1,11.6761,11.6761,100.0,25.0,0.0,EUR,2026-06-29
2026-07-01,200349,"VARUS, вул.Дніпровская 1",Vyshhorod,0.0,0,0,0,0,700.5666666666667,700.5666666666667,1,11.6761,11.6761,100.0,,,EUR,2026-06-29
2026-07-01,200354,"VARUS, вул.Калиновая 9А",Dnipro,25.457838,2,2,1,0,700.5666666666667,700.5666666666667,1,11.6761,11.6761,100.0,50.0,0.0,EUR,2026-06-29
2026-07-01,200348,"VARUS, вул.Київська 239",Brovary,72.18273,7,7,0,0,700.5666666666667,700.5666666666667,1,11.6761,11.6761,100.0,0.0,0.0,EUR,2026-06-29
2026-07-01,200353,"VARUS, вул.Коммунарівська буд. 8",Dnipro,48.261922,4,3,2,1,700.5666666666667,700.5666666666667,1,11.6761,11.6761,100.0,66.67,25.0,EUR,2026-06-29
2026-07-01,200361,"VARUS, вул.Марії Кюрі 5",Dnipro,102.350813,7,7,1,0,700.5666666666667,700.5666666666667,1,11.6761,11.6761,100.0,14.29,0.0,EUR,2026-06-29
2026-07-01,200370,"VARUS, вул.Незалежної України 57В",Zaporizhia,113.049884,7,7,2,0,700.5666666666667,700.5666666666667,1,11.6761,11.6761,100.0,28.57,0.0,EUR,2026-06-29
2026-07-01,200404,"VARUS, вул.Нова 2В",Pavlohrad,0.0,0,0,0,0,640.5666666666667,640.5666666666667,1,10.6761,10.6761,100.0,,,EUR,2026-06-29
2026-07-01,200363,"VARUS, вул.Робоча 67",Dnipro,100.178706,9,9,4,0,700.5666666666667,700.5666666666667,1,11.6761,11.6761,100.0,44.44,0.0,EUR,2026-06-29
2026-07-01,200369,"VARUS, вул.Тараса Шевченка 7",Kamianske,23.06509,1,1,0,0,600.5666666666667,600.5666666666667,1,10.0094,10.0094,100.0,0.0,0.0,EUR,2026-06-29
2026-07-01,200395,"VARUS, вул.Терещенко 1Е",Kryvyi Rih,0.0,0,0,0,0,700.5666666666667,700.5666666666667,1,11.6761,11.6761,100.0,,,EUR,2026-06-29
2026-07-01,200402,"VARUS, вул.Французький бульвар 22",Odesa,41.712291,3,2,1,1,700.5666666666667,700.5666666666667,1,11.6761,11.6761,100.0,50.0,33.33,EUR,2026-06-29
2026-07-01,200396,"VARUS, мкр Сонячний 41а",Kryvyi Rih,45.523519,2,2,0,0,700.5666666666667,700.5666666666667,1,11.6761,11.6761,100.0,0.0,0.0,EUR,2026-06-29
2026-07-01,200362,"VARUS, пр. Івана Мазепи, 58",Dnipro,80.969524,2,2,0,0,700.5666666666667,700.5666666666667,1,11.6761,11.6761,100.0,0.0,0.0,EUR,2026-06-29
2026-07-01,200373,"VARUS, пр. Академіка Паладіна 16/39",Kyiv,85.650966,6,5,0,1,700.5666666666667,700.5666666666667,1,11.6761,11.6761,100.0,0.0,16.67,EUR,2026-06-29
2026-07-01,200368,"VARUS, пр. Героїв 2",Dnipro,98.349709,6,6,1,0,700.5666666666667,700.5666666666667,1,11.6761,11.6761,100.0,16.67,0.0,EUR,2026-06-29
2026-07-01,200408,"VARUS, пр. Гуляєва полковника ж.м. ""Дружний"" буд. 107/1",Odesa,25.727856,4,3,1,1,700.5666666666667,700.5666666666667,1,11.6761,11.6761,100.0,33.33,25.0,EUR,2026-06-29
2026-07-01,200399,"VARUS, пр. Добровольського 122/1",Odesa,27.156528,2,2,0,0,700.5666666666667,700.5666666666667,1,11.6761,11.6761,100.0,0.0,0.0,EUR,2026-06-29
2026-07-01,862701,"VARUS, пр. Коцюбинського, 70",Vinnytsia,0.0,0,0,0,0,0.0,0.0,1,0.0,0.0,,,,EUR,2026-06-29
2026-07-01,200394,"VARUS, пр. Металургів 42А",Kryvyi Rih,62.779277,4,4,0,0,700.5666666666667,700.5666666666667,1,11.6761,11.6761,100.0,0.0,0.0,EUR,2026-06-29
2026-07-01,200380,"VARUS, пр. Миколи Бажана 38",Kyiv,24.77985,2,1,0,1,700.5666666666667,700.5666666666667,1,11.6761,11.6761,100.0,0.0,50.0,EUR,2026-06-29
2026-07-01,200359,"VARUS, пр. О. Поля, 104а",Dnipro,0.0,0,0,0,0,0.0,0.0,1,0.0,0.0,,,,EUR,2026-06-29
2026-07-01,198953,"VARUS, пр. Олександра Поля, 104",Dnipro,80.463383,9,9,1,0,700.5666666666667,700.5666666666667,1,11.6761,11.6761,100.0,11.11,0.0,EUR,2026-06-29
2026-07-01,200357,"VARUS, пр.Науки 8а",Dnipro,112.109128,6,6,1,0,700.5666666666667,700.5666666666667,1,11.6761,11.6761,100.0,16.67,0.0,EUR,2026-06-29
2026-07-01,200377,"VARUS, пр.Оболонський 47/42",Kyiv,50.977791,4,4,0,0,700.5666666666667,700.5666666666667,1,11.6761,11.6761,100.0,0.0,0.0,EUR,2026-06-29
2026-07-01,200360,"VARUS, проспект Слобожанський 86",Dnipro,26.329424,4,4,3,0,700.5666666666667,700.5666666666667,1,11.6761,11.6761,100.0,75.0,0.0,EUR,2026-06-29
2026-07-02,200367,"VARUS вул.Петра Сагайдачного, 7",Zaporizhia,41.51155,4,4,1,0,701.0,701.0,1,11.6833,11.6833,100.0,25.0,0.0,EUR,2026-06-29
2026-07-02,200390,"VARUS, 5-й Зарічний, д.19",Kryvyi Rih,17.092046,1,1,0,0,701.0,701.0,1,11.6833,11.6833,100.0,0.0,0.0,EUR,2026-06-29
2026-07-02,200383,"VARUS, Вулиця Героїв полку Азов, 12",Kyiv,43.490831,3,3,0,0,701.0,701.0,1,11.6833,11.6833,100.0,0.0,0.0,EUR,2026-06-29
2026-07-02,200364,"VARUS, Донецьке шосcе 110",Dnipro,16.622236,2,2,0,0,701.0,701.0,1,11.6833,11.6833,100.0,0.0,0.0,EUR,2026-06-29
2026-07-02,200356,"VARUS, Донецьке шосcе 9а",Dnipro,43.095369,3,3,0,0,701.0,701.0,1,11.6833,11.6833,100.0,0.0,0.0,EUR,2026-06-29
2026-07-02,200400,"VARUS, Люстдорфська дорога 114",Odesa,59.163837,4,4,1,0,701.0,701.0,1,11.6833,11.6833,100.0,25.0,0.0,EUR,2026-06-29
2026-07-02,200392,"VARUS, Площа Шахтарської Слави 1",Kryvyi Rih,140.786139,14,14,3,0,701.0,701.0,1,11.6833,11.6833,100.0,21.43,0.0,EUR,2026-06-29
2026-07-02,200374,"VARUS, Проспект Червоної Калини 44A",Kyiv,37.853901,3,3,0,0,701.0,701.0,1,11.6833,11.6833,100.0,0.0,0.0,EUR,2026-06-29
2026-07-02,200365,"VARUS, Північно-Кільцева вулиця, 10а,",Zaporizhia,28.899861,3,3,0,0,701.0,701.0,1,11.6833,11.6833,100.0,0.0,0.0,EUR,2026-06-29
2026-07-02,200385,"VARUS, Харківське Шосе 160",Kyiv,70.384144,5,5,1,0,701.0,701.0,1,11.6833,11.6833,100.0,20.0,0.0,EUR,2026-06-29
2026-07-02,200358,"VARUS, бул. Європейський 1Д",Dnipro,54.880429,5,5,0,0,701.0,701.0,1,11.6833,11.6833,100.0,0.0,0.0,EUR,2026-06-29
2026-07-02,200372,"VARUS, бул.Будівельників 27а",Kamianske,17.405906,1,1,1,0,601.0,601.0,1,10.0167,10.0167,100.0,100.0,0.0,EUR,2026-06-29
2026-07-02,200355,"VARUS, вул Березинская 23а",Dnipro,36.866813,3,3,0,0,701.0,701.0,1,11.6833,11.6833,100.0,0.0,0.0,EUR,2026-06-29
2026-07-02,200393,"VARUS, вул. 200 річчя Кривого Рогу",Kryvyi Rih,49.993231,3,3,0,0,701.0,701.0,1,11.6833,11.6833,100.0,0.0,0.0,EUR,2026-06-29
2026-07-02,200397,"VARUS, вул. Івана Авраменко 21В",Kryvyi Rih,8.755328,1,1,0,0,701.0,701.0,1,11.6833,11.6833,100.0,0.0,0.0,EUR,2026-06-29
2026-07-02,200376,"VARUS, вул. Волинська 37",Kyiv,163.193215,11,10,0,1,701.0,701.0,1,11.6833,11.6833,100.0,0.0,9.09,EUR,2026-06-29
2026-07-02,200401,"VARUS, вул. Дача Ковалевського 91",Odesa,0.0,0,0,0,0,701.0,701.0,1,11.6833,11.6833,100.0,,,EUR,2026-06-29
2026-07-02,200378,"VARUS, вул. Деміївська 27",Kyiv,145.785152,8,8,1,0,701.0,701.0,1,11.6833,11.6833,100.0,12.5,0.0,EUR,2026-06-29
2026-07-02,200387,"VARUS, вул. Драгаманова 40г",Kyiv,29.233533,2,2,0,0,701.0,701.0,1,11.6833,11.6833,100.0,0.0,0.0,EUR,2026-06-29
2026-07-02,200391,"VARUS, вул. Жилянська 59",Kyiv,116.599676,10,10,1,0,701.0,701.0,1,11.6833,11.6833,100.0,10.0,0.0,EUR,2026-06-29
2026-07-02,200384,"VARUS, вул. Костянтинівська 2А",Kyiv,52.338946,5,5,1,0,701.0,701.0,1,11.6833,11.6833,100.0,20.0,0.0,EUR,2026-06-29
2026-07-02,200388,"VARUS, вул. Лесі Українки 30",Kyiv,0.0,0,0,0,0,701.0,701.0,1,11.6833,11.6833,100.0,,,EUR,2026-06-29
2026-07-02,200398,"VARUS, вул. Недєліна 43",Kryvyi Rih,0.0,0,0,0,0,701.0,701.0,1,11.6833,11.6833,100.0,,,EUR,2026-06-29
2026-07-02,200371,"VARUS, вул. Ольги Кобилянської 1В/23",Irpin,154.128147,9,9,0,0,701.0,701.0,1,11.6833,11.6833,100.0,0.0,0.0,EUR,2026-06-29
2026-07-02,200351,"VARUS, вул. Паникахи 15",Dnipro,88.118426,8,8,3,0,701.0,701.0,1,11.6833,11.6833,100.0,37.5,0.0,EUR,2026-06-29
2026-07-02,200403,"VARUS, вул. Соборна 97А",Pavlohrad,33.139329,2,2,1,0,641.0,641.0,1,10.6833,10.6833,100.0,50.0,0.0,EUR,2026-06-29
2026-07-02,200389,"VARUS, вул. Срібнокільска 11",Kyiv,112.519493,9,9,1,0,721.0,721.0,1,12.0167,12.0167,100.0,11.11,0.0,EUR,2026-06-29
2026-07-02,200381,"VARUS, вул. Тютюника 39-А",Kyiv,100.590448,8,8,2,0,701.0,701.0,1,11.6833,11.6833,100.0,25.0,0.0,EUR,2026-06-29
2026-07-02,200366,"VARUS, вул. Яценка 2",Zaporizhia,95.261298,9,9,2,0,701.0,701.0,1,11.6833,11.6833,100.0,22.22,0.0,EUR,2026-06-29
2026-07-02,200352,"VARUS, вул.20річчя Перемоги  43Д",Dnipro,0.0,0,0,0,0,701.0,701.0,1,11.6833,11.6833,100.0,,,EUR,2026-06-29
2026-07-02,200375,"VARUS, вул.Андрія Малишко,3",Kyiv,276.017346,15,15,3,0,701.0,701.0,1,11.6833,11.6833,100.0,20.0,0.0,EUR,2026-06-29
2026-07-02,200379,"VARUS, вул.Бажана 10-А",Kyiv,38.854527,2,2,0,0,701.0,701.0,1,11.6833,11.6833,100.0,0.0,0.0,EUR,2026-06-29
2026-07-02,200382,"VARUS, вул.Васильківска 34",Kyiv,0.0,0,0,0,0,0.6833333333333333,120.76666666666667,1,0.0114,2.0128,0.57,,,EUR,2026-06-29
2026-07-02,200386,"VARUS, вул.Вишгородска 45а",Kyiv,173.725777,12,11,0,1,701.0,701.0,1,11.6833,11.6833,100.0,0.0,8.33,EUR,2026-06-29
2026-07-02,200350,"VARUS, вул.Глинки 2",Dnipro,29.790047,3,3,0,0,701.0,701.0,1,11.6833,11.6833,100.0,0.0,0.0,EUR,2026-06-29
2026-07-02,200349,"VARUS, вул.Дніпровская 1",Vyshhorod,6.091636,1,1,0,0,701.0,701.0,1,11.6833,11.6833,100.0,0.0,0.0,EUR,2026-06-29
2026-07-02,200354,"VARUS, вул.Калиновая 9А",Dnipro,78.711838,6,6,2,0,701.0,701.0,1,11.6833,11.6833,100.0,33.33,0.0,EUR,2026-06-29
2026-07-02,200348,"VARUS, вул.Київська 239",Brovary,109.787144,7,7,0,0,701.0,701.0,1,11.6833,11.6833,100.0,0.0,0.0,EUR,2026-06-29
2026-07-02,200353,"VARUS, вул.Коммунарівська буд. 8",Dnipro,94.095112,10,9,2,1,701.0,701.0,1,11.6833,11.6833,100.0,22.22,10.0,EUR,2026-06-29
2026-07-02,200361,"VARUS, вул.Марії Кюрі 5",Dnipro,94.736956,9,8,1,1,701.0,701.0,1,11.6833,11.6833,100.0,12.5,11.11,EUR,2026-06-29
2026-07-02,200370,"VARUS, вул.Незалежної України 57В",Zaporizhia,154.208376,11,11,1,0,701.0,701.0,1,11.6833,11.6833,100.0,9.09,0.0,EUR,2026-06-29
2026-07-02,200404,"VARUS, вул.Нова 2В",Pavlohrad,9.880517,1,1,1,0,641.0,641.0,1,10.6833,10.6833,100.0,100.0,0.0,EUR,2026-06-29
2026-07-02,200363,"VARUS, вул.Робоча 67",Dnipro,155.210962,9,9,0,0,701.0,701.0,1,11.6833,11.6833,100.0,0.0,0.0,EUR,2026-06-29
2026-07-02,200369,"VARUS, вул.Тараса Шевченка 7",Kamianske,19.679824,2,2,0,0,601.0,601.0,1,10.0167,10.0167,100.0,0.0,0.0,EUR,2026-06-29
2026-07-02,200395,"VARUS, вул.Терещенко 1Е",Kryvyi Rih,0.0,0,0,0,0,701.0,701.0,1,11.6833,11.6833,100.0,,,EUR,2026-06-29
2026-07-02,200402,"VARUS, вул.Французький бульвар 22",Odesa,32.091428,4,4,0,0,701.0,701.0,1,11.6833,11.6833,100.0,0.0,0.0,EUR,2026-06-29
2026-07-02,200396,"VARUS, мкр Сонячний 41а",Kryvyi Rih,15.8317,1,1,0,0,701.0,701.0,1,11.6833,11.6833,100.0,0.0,0.0,EUR,2026-06-29
2026-07-02,200362,"VARUS, пр. Івана Мазепи, 58",Dnipro,25.867382,2,2,1,0,701.0,701.0,1,11.6833,11.6833,100.0,50.0,0.0,EUR,2026-06-29
2026-07-02,200373,"VARUS, пр. Академіка Паладіна 16/39",Kyiv,307.49734,18,18,5,0,701.0,701.0,1,11.6833,11.6833,100.0,27.78,0.0,EUR,2026-06-29
2026-07-02,200368,"VARUS, пр. Героїв 2",Dnipro,95.211866,9,8,0,1,701.0,701.0,1,11.6833,11.6833,100.0,0.0,11.11,EUR,2026-06-29
2026-07-02,200408,"VARUS, пр. Гуляєва полковника ж.м. ""Дружний"" буд. 107/1",Odesa,36.024881,2,2,1,0,701.0,701.0,1,11.6833,11.6833,100.0,50.0,0.0,EUR,2026-06-29
2026-07-02,200399,"VARUS, пр. Добровольського 122/1",Odesa,50.046198,3,3,1,0,701.0,701.0,1,11.6833,11.6833,100.0,33.33,0.0,EUR,2026-06-29
2026-07-02,862701,"VARUS, пр. Коцюбинського, 70",Vinnytsia,0.0,2,0,0,2,462.73333333333335,506.0,1,7.7122,8.4333,91.45,,100.0,EUR,2026-06-29
2026-07-02,200394,"VARUS, пр. Металургів 42А",Kryvyi Rih,0.0,0,0,0,0,701.0,701.0,1,11.6833,11.6833,100.0,,,EUR,2026-06-29
2026-07-02,200380,"VARUS, пр. Миколи Бажана 38",Kyiv,36.641225,3,3,1,0,701.0,701.0,1,11.6833,11.6833,100.0,33.33,0.0,EUR,2026-06-29
2026-07-02,200359,"VARUS, пр. О. Поля, 104а",Dnipro,0.0,0,0,0,0,0.0,0.0,1,0.0,0.0,,,,EUR,2026-06-29
2026-07-02,198953,"VARUS, пр. Олександра Поля, 104",Dnipro,52.117674,5,5,0,0,701.0,701.0,1,11.6833,11.6833,100.0,0.0,0.0,EUR,2026-06-29
2026-07-02,200357,"VARUS, пр.Науки 8а",Dnipro,243.668361,13,13,4,0,701.0,701.0,1,11.6833,11.6833,100.0,30.77,0.0,EUR,2026-06-29
2026-07-02,200377,"VARUS, пр.Оболонський 47/42",Kyiv,56.743974,5,5,0,0,701.0,701.0,1,11.6833,11.6833,100.0,0.0,0.0,EUR,2026-06-29
2026-07-02,200360,"VARUS, проспект Слобожанський 86",Dnipro,66.028942,7,7,0,0,701.0,701.0,1,11.6833,11.6833,100.0,0.0,0.0,EUR,2026-06-29
2026-07-03,200367,"VARUS вул.Петра Сагайдачного, 7",Zaporizhia,125.057945,10,9,0,1,701.0,701.0,1,11.6833,11.6833,100.0,0.0,10.0,EUR,2026-06-29
2026-07-03,200390,"VARUS, 5-й Зарічний, д.19",Kryvyi Rih,11.473921,2,1,0,1,701.0,701.0,1,11.6833,11.6833,100.0,0.0,50.0,EUR,2026-06-29
2026-07-03,200383,"VARUS, Вулиця Героїв полку Азов, 12",Kyiv,93.646004,7,7,0,0,701.0,701.0,1,11.6833,11.6833,100.0,0.0,0.0,EUR,2026-06-29
2026-07-03,200364,"VARUS, Донецьке шосcе 110",Dnipro,14.374702,2,2,0,0,701.0,701.0,1,11.6833,11.6833,100.0,0.0,0.0,EUR,2026-06-29
2026-07-03,200356,"VARUS, Донецьке шосcе 9а",Dnipro,59.490081,1,1,0,0,701.0,701.0,1,11.6833,11.6833,100.0,0.0,0.0,EUR,2026-06-29
2026-07-03,200400,"VARUS, Люстдорфська дорога 114",Odesa,85.39978,6,6,1,0,701.0,701.0,1,11.6833,11.6833,100.0,16.67,0.0,EUR,2026-06-29
2026-07-03,200392,"VARUS, Площа Шахтарської Слави 1",Kryvyi Rih,113.650386,8,8,0,0,701.0,701.0,1,11.6833,11.6833,100.0,0.0,0.0,EUR,2026-06-29
2026-07-03,200374,"VARUS, Проспект Червоної Калини 44A",Kyiv,46.545804,3,3,0,0,701.0,701.0,1,11.6833,11.6833,100.0,0.0,0.0,EUR,2026-06-29
2026-07-03,200365,"VARUS, Північно-Кільцева вулиця, 10а,",Zaporizhia,95.431928,4,4,0,0,701.0,701.0,1,11.6833,11.6833,100.0,0.0,0.0,EUR,2026-06-29
2026-07-03,200385,"VARUS, Харківське Шосе 160",Kyiv,30.053756,3,3,2,0,701.0,701.0,1,11.6833,11.6833,100.0,66.67,0.0,EUR,2026-06-29
2026-07-03,200358,"VARUS, бул. Європейський 1Д",Dnipro,217.857476,16,15,1,1,701.0,701.0,1,11.6833,11.6833,100.0,6.67,6.25,EUR,2026-06-29
2026-07-03,200372,"VARUS, бул.Будівельників 27а",Kamianske,0.0,0,0,0,0,601.0,601.0,1,10.0167,10.0167,100.0,,,EUR,2026-06-29
2026-07-03,200355,"VARUS, вул Березинская 23а",Dnipro,12.452137,1,1,0,0,701.0,701.0,1,11.6833,11.6833,100.0,0.0,0.0,EUR,2026-06-29
2026-07-03,200393,"VARUS, вул. 200 річчя Кривого Рогу",Kryvyi Rih,97.272465,3,3,1,0,701.0,701.0,1,11.6833,11.6833,100.0,33.33,0.0,EUR,2026-06-29
2026-07-03,200397,"VARUS, вул. Івана Авраменко 21В",Kryvyi Rih,12.597587,2,2,0,0,701.0,701.0,1,11.6833,11.6833,100.0,0.0,0.0,EUR,2026-06-29
2026-07-03,200376,"VARUS, вул. Волинська 37",Kyiv,176.542204,11,11,0,0,701.0,701.0,1,11.6833,11.6833,100.0,0.0,0.0,EUR,2026-06-29
2026-07-03,200401,"VARUS, вул. Дача Ковалевського 91",Odesa,0.0,0,0,0,0,701.0,701.0,1,11.6833,11.6833,100.0,,,EUR,2026-06-29
2026-07-03,200378,"VARUS, вул. Деміївська 27",Kyiv,45.641195,4,4,0,0,701.0,701.0,1,11.6833,11.6833,100.0,0.0,0.0,EUR,2026-06-29
2026-07-03,200387,"VARUS, вул. Драгаманова 40г",Kyiv,61.73898,3,3,0,0,701.0,701.0,1,11.6833,11.6833,100.0,0.0,0.0,EUR,2026-06-29
2026-07-03,200391,"VARUS, вул. Жилянська 59",Kyiv,321.793246,21,20,0,1,701.0,701.0,1,11.6833,11.6833,100.0,0.0,4.76,EUR,2026-06-29
2026-07-03,200384,"VARUS, вул. Костянтинівська 2А",Kyiv,80.257153,5,5,2,0,701.0,701.0,1,11.6833,11.6833,100.0,40.0,0.0,EUR,2026-06-29
2026-07-03,200388,"VARUS, вул. Лесі Українки 30",Kyiv,0.0,0,0,0,0,701.0,701.0,1,11.6833,11.6833,100.0,,,EUR,2026-06-29
2026-07-03,200398,"VARUS, вул. Недєліна 43",Kryvyi Rih,0.0,0,0,0,0,701.0,701.0,1,11.6833,11.6833,100.0,,,EUR,2026-06-29
2026-07-03,200371,"VARUS, вул. Ольги Кобилянської 1В/23",Irpin,163.689735,10,10,1,0,701.0,701.0,1,11.6833,11.6833,100.0,10.0,0.0,EUR,2026-06-29
2026-07-03,200351,"VARUS, вул. Паникахи 15",Dnipro,127.096008,11,10,3,1,701.0,701.0,1,11.6833,11.6833,100.0,30.0,9.09,EUR,2026-06-29
2026-07-03,200403,"VARUS, вул. Соборна 97А",Pavlohrad,35.223989,3,3,0,0,641.0,641.0,1,10.6833,10.6833,100.0,0.0,0.0,EUR,2026-06-29
2026-07-03,200389,"VARUS, вул. Срібнокільска 11",Kyiv,79.049113,5,5,0,0,721.0,721.0,1,12.0167,12.0167,100.0,0.0,0.0,EUR,2026-06-29
2026-07-03,200381,"VARUS, вул. Тютюника 39-А",Kyiv,194.712896,11,11,0,0,701.0,701.0,1,11.6833,11.6833,100.0,0.0,0.0,EUR,2026-06-29
2026-07-03,200366,"VARUS, вул. Яценка 2",Zaporizhia,93.768159,6,5,1,1,663.5833333333334,701.0,1,11.0597,11.6833,94.66,20.0,16.67,EUR,2026-06-29
2026-07-03,200352,"VARUS, вул.20річчя Перемоги  43Д",Dnipro,0.0,0,0,0,0,701.0,701.0,1,11.6833,11.6833,100.0,,,EUR,2026-06-29
2026-07-03,200375,"VARUS, вул.Андрія Малишко,3",Kyiv,321.937522,18,18,4,0,701.0,701.0,1,11.6833,11.6833,100.0,22.22,0.0,EUR,2026-06-29
2026-07-03,200379,"VARUS, вул.Бажана 10-А",Kyiv,12.304142,2,1,0,1,701.0,701.0,1,11.6833,11.6833,100.0,0.0,50.0,EUR,2026-06-29
2026-07-03,200382,"VARUS, вул.Васильківска 34",Kyiv,43.688091,5,3,1,2,701.0,701.0,1,11.6833,11.6833,100.0,33.33,40.0,EUR,2026-06-29
2026-07-03,200386,"VARUS, вул.Вишгородска 45а",Kyiv,169.51988,11,10,2,1,701.0,701.0,1,11.6833,11.6833,100.0,20.0,9.09,EUR,2026-06-29
2026-07-03,200350,"VARUS, вул.Глинки 2",Dnipro,49.757649,5,4,0,1,701.0,701.0,1,11.6833,11.6833,100.0,0.0,20.0,EUR,2026-06-29
2026-07-03,200349,"VARUS, вул.Дніпровская 1",Vyshhorod,0.0,0,0,0,0,701.0,701.0,1,11.6833,11.6833,100.0,,,EUR,2026-06-29
2026-07-03,200354,"VARUS, вул.Калиновая 9А",Dnipro,216.470709,15,14,2,1,701.0,701.0,1,11.6833,11.6833,100.0,14.29,6.67,EUR,2026-06-29
2026-07-03,200348,"VARUS, вул.Київська 239",Brovary,108.814317,7,7,0,0,701.0,701.0,1,11.6833,11.6833,100.0,0.0,0.0,EUR,2026-06-29
2026-07-03,200353,"VARUS, вул.Коммунарівська буд. 8",Dnipro,33.966424,3,3,0,0,701.0,701.0,1,11.6833,11.6833,100.0,0.0,0.0,EUR,2026-06-29
2026-07-03,200361,"VARUS, вул.Марії Кюрі 5",Dnipro,72.19201,5,5,1,0,701.0,701.0,1,11.6833,11.6833,100.0,20.0,0.0,EUR,2026-06-29
2026-07-03,200370,"VARUS, вул.Незалежної України 57В",Zaporizhia,82.170514,6,5,1,1,567.5833333333334,701.0,1,9.4597,11.6833,80.97,20.0,16.67,EUR,2026-06-29
2026-07-03,200404,"VARUS, вул.Нова 2В",Pavlohrad,21.373339,2,2,0,0,641.0,641.0,1,10.6833,10.6833,100.0,0.0,0.0,EUR,2026-06-29
2026-07-03,200363,"VARUS, вул.Робоча 67",Dnipro,134.243228,11,8,1,3,701.0,701.0,1,11.6833,11.6833,100.0,12.5,27.27,EUR,2026-06-29
2026-07-03,200369,"VARUS, вул.Тараса Шевченка 7",Kamianske,0.0,0,0,0,0,601.0,601.0,1,10.0167,10.0167,100.0,,,EUR,2026-06-29
2026-07-03,200395,"VARUS, вул.Терещенко 1Е",Kryvyi Rih,0.0,0,0,0,0,701.0,701.0,1,11.6833,11.6833,100.0,,,EUR,2026-06-29
2026-07-03,200402,"VARUS, вул.Французький бульвар 22",Odesa,66.767485,5,5,1,0,701.0,701.0,1,11.6833,11.6833,100.0,20.0,0.0,EUR,2026-06-29
2026-07-03,200396,"VARUS, мкр Сонячний 41а",Kryvyi Rih,10.666996,1,1,0,0,701.0,701.0,1,11.6833,11.6833,100.0,0.0,0.0,EUR,2026-06-29
2026-07-03,200362,"VARUS, пр. Івана Мазепи, 58",Dnipro,29.388169,3,3,1,0,701.0,701.0,1,11.6833,11.6833,100.0,33.33,0.0,EUR,2026-06-29
2026-07-03,200373,"VARUS, пр. Академіка Паладіна 16/39",Kyiv,97.235859,7,4,1,3,701.0,701.0,1,11.6833,11.6833,100.0,25.0,42.86,EUR,2026-06-29
2026-07-03,200368,"VARUS, пр. Героїв 2",Dnipro,105.373825,7,7,0,0,701.0,701.0,1,11.6833,11.6833,100.0,0.0,0.0,EUR,2026-06-29
2026-07-03,200408,"VARUS, пр. Гуляєва полковника ж.м. ""Дружний"" буд. 107/1",Odesa,13.990228,2,2,1,0,701.0,701.0,1,11.6833,11.6833,100.0,50.0,0.0,EUR,2026-06-29
2026-07-03,200399,"VARUS, пр. Добровольського 122/1",Odesa,59.628093,1,1,1,0,701.0,701.0,1,11.6833,11.6833,100.0,100.0,0.0,EUR,2026-06-29
2026-07-03,862701,"VARUS, пр. Коцюбинського, 70",Vinnytsia,222.805131,13,12,2,1,701.0,701.0,1,11.6833,11.6833,100.0,16.67,7.69,EUR,2026-06-29
2026-07-03,200394,"VARUS, пр. Металургів 42А",Kryvyi Rih,64.237668,7,7,1,0,701.0,701.0,1,11.6833,11.6833,100.0,14.29,0.0,EUR,2026-06-29
2026-07-03,200380,"VARUS, пр. Миколи Бажана 38",Kyiv,0.0,0,0,0,0,701.0,701.0,1,11.6833,11.6833,100.0,,,EUR,2026-06-29
2026-07-03,200359,"VARUS, пр. О. Поля, 104а",Dnipro,0.0,0,0,0,0,0.0,0.0,1,0.0,0.0,,,,EUR,2026-06-29
2026-07-03,198953,"VARUS, пр. Олександра Поля, 104",Dnipro,40.290077,2,2,1,0,701.0,701.0,1,11.6833,11.6833,100.0,50.0,0.0,EUR,2026-06-29
2026-07-03,200357,"VARUS, пр.Науки 8а",Dnipro,49.17624,6,4,1,2,701.0,701.0,1,11.6833,11.6833,100.0,25.0,33.33,EUR,2026-06-29
2026-07-03,200377,"VARUS, пр.Оболонський 47/42",Kyiv,59.158072,4,4,0,0,701.0,701.0,1,11.6833,11.6833,100.0,0.0,0.0,EUR,2026-06-29
2026-07-03,200360,"VARUS, проспект Слобожанський 86",Dnipro,22.531459,4,3,0,1,701.0,701.0,1,11.6833,11.6833,100.0,0.0,25.0,EUR,2026-06-29
2026-07-04,200367,"VARUS вул.Петра Сагайдачного, 7",Zaporizhia,59.093472,4,4,0,0,701.0,701.0,1,11.6833,11.6833,100.0,0.0,0.0,EUR,2026-06-29
2026-07-04,200390,"VARUS, 5-й Зарічний, д.19",Kryvyi Rih,10.854926,1,1,0,0,701.0,701.0,1,11.6833,11.6833,100.0,0.0,0.0,EUR,2026-06-29
2026-07-04,200383,"VARUS, Вулиця Героїв полку Азов, 12",Kyiv,138.015536,11,11,2,0,701.0,701.0,1,11.6833,11.6833,100.0,18.18,0.0,EUR,2026-06-29
2026-07-04,200364,"VARUS, Донецьке шосcе 110",Dnipro,63.487708,5,5,0,0,701.0,701.0,1,11.6833,11.6833,100.0,0.0,0.0,EUR,2026-06-29
2026-07-04,200356,"VARUS, Донецьке шосcе 9а",Dnipro,0.0,0,0,0,0,701.0,701.0,1,11.6833,11.6833,100.0,,,EUR,2026-06-29
2026-07-04,200400,"VARUS, Люстдорфська дорога 114",Odesa,36.616043,3,3,0,0,701.0,701.0,1,11.6833,11.6833,100.0,0.0,0.0,EUR,2026-06-29
2026-07-04,200392,"VARUS, Площа Шахтарської Слави 1",Kryvyi Rih,35.11867,3,3,0,0,701.0,701.0,1,11.6833,11.6833,100.0,0.0,0.0,EUR,2026-06-29
2026-07-04,200374,"VARUS, Проспект Червоної Калини 44A",Kyiv,67.757051,3,3,1,0,701.0,701.0,1,11.6833,11.6833,100.0,33.33,0.0,EUR,2026-06-29
2026-07-04,200365,"VARUS, Північно-Кільцева вулиця, 10а,",Zaporizhia,79.699232,4,4,1,0,701.0,701.0,1,11.6833,11.6833,100.0,25.0,0.0,EUR,2026-06-29
2026-07-04,200385,"VARUS, Харківське Шосе 160",Kyiv,42.515484,4,4,0,0,701.0,701.0,1,11.6833,11.6833,100.0,0.0,0.0,EUR,2026-06-29
2026-07-04,200358,"VARUS, бул. Європейський 1Д",Dnipro,76.764585,6,6,1,0,701.0,701.0,1,11.6833,11.6833,100.0,16.67,0.0,EUR,2026-06-29
2026-07-04,200372,"VARUS, бул.Будівельників 27а",Kamianske,0.0,0,0,0,0,601.0,601.0,1,10.0167,10.0167,100.0,,,EUR,2026-06-29
2026-07-04,200355,"VARUS, вул Березинская 23а",Dnipro,158.864824,10,10,0,0,701.0,701.0,1,11.6833,11.6833,100.0,0.0,0.0,EUR,2026-06-29
2026-07-04,200393,"VARUS, вул. 200 річчя Кривого Рогу",Kryvyi Rih,52.386125,3,3,2,0,701.0,701.0,1,11.6833,11.6833,100.0,66.67,0.0,EUR,2026-06-29
2026-07-04,200397,"VARUS, вул. Івана Авраменко 21В",Kryvyi Rih,78.12571,4,4,1,0,701.0,701.0,1,11.6833,11.6833,100.0,25.0,0.0,EUR,2026-06-29
2026-07-04,200376,"VARUS, вул. Волинська 37",Kyiv,272.997371,13,13,1,0,701.0,701.0,1,11.6833,11.6833,100.0,7.69,0.0,EUR,2026-06-29
2026-07-04,200401,"VARUS, вул. Дача Ковалевського 91",Odesa,0.0,0,0,0,0,701.0,701.0,1,11.6833,11.6833,100.0,,,EUR,2026-06-29
2026-07-04,200378,"VARUS, вул. Деміївська 27",Kyiv,74.563063,4,4,0,0,701.0,701.0,1,11.6833,11.6833,100.0,0.0,0.0,EUR,2026-06-29
2026-07-04,200387,"VARUS, вул. Драгаманова 40г",Kyiv,53.193833,4,4,0,0,701.0,701.0,1,11.6833,11.6833,100.0,0.0,0.0,EUR,2026-06-29
2026-07-04,200391,"VARUS, вул. Жилянська 59",Kyiv,260.857862,15,15,1,0,701.0,701.0,1,11.6833,11.6833,100.0,6.67,0.0,EUR,2026-06-29
2026-07-04,200384,"VARUS, вул. Костянтинівська 2А",Kyiv,37.788062,3,3,0,0,701.0,701.0,1,11.6833,11.6833,100.0,0.0,0.0,EUR,2026-06-29
2026-07-04,200388,"VARUS, вул. Лесі Українки 30",Kyiv,0.0,0,0,0,0,701.0,701.0,1,11.6833,11.6833,100.0,,,EUR,2026-06-29
2026-07-04,200398,"VARUS, вул. Недєліна 43",Kryvyi Rih,0.0,0,0,0,0,701.0,701.0,1,11.6833,11.6833,100.0,,,EUR,2026-06-29
2026-07-04,200371,"VARUS, вул. Ольги Кобилянської 1В/23",Irpin,42.613756,6,3,0,3,701.0,701.0,1,11.6833,11.6833,100.0,0.0,50.0,EUR,2026-06-29
2026-07-04,200351,"VARUS, вул. Паникахи 15",Dnipro,70.708731,5,5,4,0,701.0,701.0,1,11.6833,11.6833,100.0,80.0,0.0,EUR,2026-06-29
2026-07-04,200403,"VARUS, вул. Соборна 97А",Pavlohrad,0.0,0,0,0,0,641.0,641.0,1,10.6833,10.6833,100.0,,,EUR,2026-06-29
2026-07-04,200389,"VARUS, вул. Срібнокільска 11",Kyiv,217.598294,12,12,1,0,721.0,721.0,1,12.0167,12.0167,100.0,8.33,0.0,EUR,2026-06-29
2026-07-04,200381,"VARUS, вул. Тютюника 39-А",Kyiv,251.597015,16,16,0,0,701.0,701.0,1,11.6833,11.6833,100.0,0.0,0.0,EUR,2026-06-29
2026-07-04,200366,"VARUS, вул. Яценка 2",Zaporizhia,54.880702,4,4,0,0,460.7,701.0,1,7.6783,11.6833,65.72,0.0,0.0,EUR,2026-06-29
2026-07-04,200352,"VARUS, вул.20річчя Перемоги  43Д",Dnipro,0.0,0,0,0,0,701.0,701.0,1,11.6833,11.6833,100.0,,,EUR,2026-06-29
2026-07-04,200375,"VARUS, вул.Андрія Малишко,3",Kyiv,270.986712,17,16,10,1,701.0,701.0,1,11.6833,11.6833,100.0,62.5,5.88,EUR,2026-06-29
2026-07-04,200379,"VARUS, вул.Бажана 10-А",Kyiv,50.84451,3,3,0,0,701.0,701.0,1,11.6833,11.6833,100.0,0.0,0.0,EUR,2026-06-29
2026-07-04,200382,"VARUS, вул.Васильківска 34",Kyiv,273.14967,19,19,2,0,701.0,701.0,1,11.6833,11.6833,100.0,10.53,0.0,EUR,2026-06-29
2026-07-04,200386,"VARUS, вул.Вишгородска 45а",Kyiv,201.341348,14,13,1,1,701.0,701.0,1,11.6833,11.6833,100.0,7.69,7.14,EUR,2026-06-29
2026-07-04,200350,"VARUS, вул.Глинки 2",Dnipro,105.68391,9,8,0,1,701.0,701.0,1,11.6833,11.6833,100.0,0.0,11.11,EUR,2026-06-29
2026-07-04,200349,"VARUS, вул.Дніпровская 1",Vyshhorod,5.645149,1,1,0,0,701.0,701.0,1,11.6833,11.6833,100.0,0.0,0.0,EUR,2026-06-29
2026-07-04,200354,"VARUS, вул.Калиновая 9А",Dnipro,94.517137,8,8,5,0,701.0,701.0,1,11.6833,11.6833,100.0,62.5,0.0,EUR,2026-06-29
2026-07-04,200348,"VARUS, вул.Київська 239",Brovary,138.122227,10,10,0,0,701.0,701.0,1,11.6833,11.6833,100.0,0.0,0.0,EUR,2026-06-29
2026-07-04,200353,"VARUS, вул.Коммунарівська буд. 8",Dnipro,27.41275,3,3,1,0,701.0,701.0,1,11.6833,11.6833,100.0,33.33,0.0,EUR,2026-06-29
2026-07-04,200361,"VARUS, вул.Марії Кюрі 5",Dnipro,18.721566,3,2,0,1,701.0,701.0,1,11.6833,11.6833,100.0,0.0,33.33,EUR,2026-06-29
2026-07-04,200370,"VARUS, вул.Незалежної України 57В",Zaporizhia,77.130464,8,8,1,0,460.78333333333336,701.0,1,7.6797,11.6833,65.73,12.5,0.0,EUR,2026-06-29
2026-07-04,200404,"VARUS, вул.Нова 2В",Pavlohrad,4.301839,2,1,0,1,641.0,641.0,1,10.6833,10.6833,100.0,0.0,50.0,EUR,2026-06-29
2026-07-04,200363,"VARUS, вул.Робоча 67",Dnipro,67.035871,8,7,2,1,701.0,701.0,1,11.6833,11.6833,100.0,28.57,12.5,EUR,2026-06-29
2026-07-04,200369,"VARUS, вул.Тараса Шевченка 7",Kamianske,42.502761,2,2,2,0,601.0,601.0,1,10.0167,10.0167,100.0,100.0,0.0,EUR,2026-06-29
2026-07-04,200395,"VARUS, вул.Терещенко 1Е",Kryvyi Rih,0.0,0,0,0,0,701.0,701.0,1,11.6833,11.6833,100.0,,,EUR,2026-06-29
2026-07-04,200402,"VARUS, вул.Французький бульвар 22",Odesa,0.0,0,0,0,0,701.0,701.0,1,11.6833,11.6833,100.0,,,EUR,2026-06-29
2026-07-04,200396,"VARUS, мкр Сонячний 41а",Kryvyi Rih,0.0,0,0,0,0,701.0,701.0,1,11.6833,11.6833,100.0,,,EUR,2026-06-29
2026-07-04,200362,"VARUS, пр. Івана Мазепи, 58",Dnipro,30.664334,2,2,0,0,701.0,701.0,1,11.6833,11.6833,100.0,0.0,0.0,EUR,2026-06-29
2026-07-04,200373,"VARUS, пр. Академіка Паладіна 16/39",Kyiv,459.224439,18,18,1,0,701.0,701.0,1,11.6833,11.6833,100.0,5.56,0.0,EUR,2026-06-29
2026-07-04,200368,"VARUS, пр. Героїв 2",Dnipro,168.299114,13,12,1,1,701.0,701.0,1,11.6833,11.6833,100.0,8.33,7.69,EUR,2026-06-29
2026-07-04,200408,"VARUS, пр. Гуляєва полковника ж.м. ""Дружний"" буд. 107/1",Odesa,155.609913,8,8,4,0,701.0,701.0,1,11.6833,11.6833,100.0,50.0,0.0,EUR,2026-06-29
2026-07-04,200399,"VARUS, пр. Добровольського 122/1",Odesa,58.995592,4,4,2,0,701.0,701.0,1,11.6833,11.6833,100.0,50.0,0.0,EUR,2026-06-29
2026-07-04,862701,"VARUS, пр. Коцюбинського, 70",Vinnytsia,38.565426,4,3,1,1,701.0,701.0,1,11.6833,11.6833,100.0,33.33,25.0,EUR,2026-06-29
2026-07-04,200394,"VARUS, пр. Металургів 42А",Kryvyi Rih,114.086542,7,7,0,0,701.0,701.0,1,11.6833,11.6833,100.0,0.0,0.0,EUR,2026-06-29
2026-07-04,200380,"VARUS, пр. Миколи Бажана 38",Kyiv,38.924647,3,3,0,0,701.0,701.0,1,11.6833,11.6833,100.0,0.0,0.0,EUR,2026-06-29
2026-07-04,200359,"VARUS, пр. О. Поля, 104а",Dnipro,0.0,0,0,0,0,0.0,0.0,1,0.0,0.0,,,,EUR,2026-06-29
2026-07-04,198953,"VARUS, пр. Олександра Поля, 104",Dnipro,3.032919,1,1,0,0,701.0,701.0,1,11.6833,11.6833,100.0,0.0,0.0,EUR,2026-06-29
2026-07-04,200357,"VARUS, пр.Науки 8а",Dnipro,160.660536,14,10,6,4,701.0,701.0,1,11.6833,11.6833,100.0,60.0,28.57,EUR,2026-06-29
2026-07-04,200377,"VARUS, пр.Оболонський 47/42",Kyiv,65.525967,4,3,1,1,701.0,701.0,1,11.6833,11.6833,100.0,33.33,25.0,EUR,2026-06-29
2026-07-04,200360,"VARUS, проспект Слобожанський 86",Dnipro,54.934343,5,5,1,0,701.0,701.0,1,11.6833,11.6833,100.0,20.0,0.0,EUR,2026-06-29
2026-07-05,200367,"VARUS вул.Петра Сагайдачного, 7",Zaporizhia,5.101326,1,1,0,0,701.8,701.8,1,11.6967,11.6967,100.0,0.0,0.0,EUR,2026-06-29
2026-07-05,200390,"VARUS, 5-й Зарічний, д.19",Kryvyi Rih,0.0,0,0,0,0,701.8,701.8,1,11.6967,11.6967,100.0,,,EUR,2026-06-29
2026-07-05,200383,"VARUS, Вулиця Героїв полку Азов, 12",Kyiv,195.083664,11,11,3,0,701.8,701.8,1,11.6967,11.6967,100.0,27.27,0.0,EUR,2026-06-29
2026-07-05,200364,"VARUS, Донецьке шосcе 110",Dnipro,31.729662,3,3,0,0,701.8,701.8,1,11.6967,11.6967,100.0,0.0,0.0,EUR,2026-06-29
2026-07-05,200356,"VARUS, Донецьке шосcе 9а",Dnipro,18.016632,1,1,0,0,701.8,701.8,1,11.6967,11.6967,100.0,0.0,0.0,EUR,2026-06-29
2026-07-05,200400,"VARUS, Люстдорфська дорога 114",Odesa,59.189198,4,4,0,0,701.8,701.8,1,11.6967,11.6967,100.0,0.0,0.0,EUR,2026-06-29
2026-07-05,200392,"VARUS, Площа Шахтарської Слави 1",Kryvyi Rih,26.423962,3,3,0,0,701.8,701.8,1,11.6967,11.6967,100.0,0.0,0.0,EUR,2026-06-29
2026-07-05,200374,"VARUS, Проспект Червоної Калини 44A",Kyiv,136.894025,8,8,2,0,701.8,701.8,1,11.6967,11.6967,100.0,25.0,0.0,EUR,2026-06-29
2026-07-05,200365,"VARUS, Північно-Кільцева вулиця, 10а,",Zaporizhia,146.154678,5,5,0,0,701.8,701.8,1,11.6967,11.6967,100.0,0.0,0.0,EUR,2026-06-29
2026-07-05,200385,"VARUS, Харківське Шосе 160",Kyiv,50.038956,4,4,0,0,701.8,701.8,1,11.6967,11.6967,100.0,0.0,0.0,EUR,2026-06-29
2026-07-05,200358,"VARUS, бул. Європейський 1Д",Dnipro,97.251715,8,8,1,0,701.8,701.8,1,11.6967,11.6967,100.0,12.5,0.0,EUR,2026-06-29
2026-07-05,200372,"VARUS, бул.Будівельників 27а",Kamianske,11.722341,1,1,0,0,601.8,601.8,1,10.03,10.03,100.0,0.0,0.0,EUR,2026-06-29
2026-07-05,200355,"VARUS, вул Березинская 23а",Dnipro,91.834431,5,5,0,0,701.8,701.8,1,11.6967,11.6967,100.0,0.0,0.0,EUR,2026-06-29
2026-07-05,200393,"VARUS, вул. 200 річчя Кривого Рогу",Kryvyi Rih,99.350075,7,7,1,0,701.8,701.8,1,11.6967,11.6967,100.0,14.29,0.0,EUR,2026-06-29
2026-07-05,200397,"VARUS, вул. Івана Авраменко 21В",Kryvyi Rih,69.824873,4,4,0,0,701.8,701.8,1,11.6967,11.6967,100.0,0.0,0.0,EUR,2026-06-29
2026-07-05,200376,"VARUS, вул. Волинська 37",Kyiv,130.285928,11,10,0,1,701.8,701.8,1,11.6967,11.6967,100.0,0.0,9.09,EUR,2026-06-29
2026-07-05,200401,"VARUS, вул. Дача Ковалевського 91",Odesa,0.0,0,0,0,0,701.8,701.8,1,11.6967,11.6967,100.0,,,EUR,2026-06-29
2026-07-05,200378,"VARUS, вул. Деміївська 27",Kyiv,57.132341,4,4,1,0,701.8,701.8,1,11.6967,11.6967,100.0,25.0,0.0,EUR,2026-06-29
2026-07-05,200387,"VARUS, вул. Драгаманова 40г",Kyiv,63.250449,5,5,1,0,701.8,701.8,1,11.6967,11.6967,100.0,20.0,0.0,EUR,2026-06-29
2026-07-05,200391,"VARUS, вул. Жилянська 59",Kyiv,117.050357,9,9,0,0,701.8,701.8,1,11.6967,11.6967,100.0,0.0,0.0,EUR,2026-06-29
2026-07-05,200384,"VARUS, вул. Костянтинівська 2А",Kyiv,81.445809,7,7,1,0,701.8,701.8,1,11.6967,11.6967,100.0,14.29,0.0,EUR,2026-06-29
2026-07-05,200388,"VARUS, вул. Лесі Українки 30",Kyiv,0.0,0,0,0,0,701.8,701.8,1,11.6967,11.6967,100.0,,,EUR,2026-06-29
2026-07-05,200398,"VARUS, вул. Недєліна 43",Kryvyi Rih,0.0,0,0,0,0,701.8,701.8,1,11.6967,11.6967,100.0,,,EUR,2026-06-29
2026-07-05,200371,"VARUS, вул. Ольги Кобилянської 1В/23",Irpin,81.642941,6,6,1,0,701.8,701.8,1,11.6967,11.6967,100.0,16.67,0.0,EUR,2026-06-29
2026-07-05,200351,"VARUS, вул. Паникахи 15",Dnipro,179.404026,9,9,2,0,701.8,701.8,1,11.6967,11.6967,100.0,22.22,0.0,EUR,2026-06-29
2026-07-05,200403,"VARUS, вул. Соборна 97А",Pavlohrad,33.725637,3,3,1,0,641.8,641.8,1,10.6967,10.6967,100.0,33.33,0.0,EUR,2026-06-29
2026-07-05,200389,"VARUS, вул. Срібнокільска 11",Kyiv,100.120391,8,7,0,1,721.8,721.8,1,12.03,12.03,100.0,0.0,12.5,EUR,2026-06-29
2026-07-05,200381,"VARUS, вул. Тютюника 39-А",Kyiv,218.784011,17,16,2,1,701.8,701.8,1,11.6967,11.6967,100.0,12.5,5.88,EUR,2026-06-29
2026-07-05,200366,"VARUS, вул. Яценка 2",Zaporizhia,261.182238,11,11,0,0,701.8,701.8,1,11.6967,11.6967,100.0,0.0,0.0,EUR,2026-06-29
2026-07-05,200352,"VARUS, вул.20річчя Перемоги  43Д",Dnipro,0.0,0,0,0,0,701.8,701.8,1,11.6967,11.6967,100.0,,,EUR,2026-06-29
2026-07-05,200375,"VARUS, вул.Андрія Малишко,3",Kyiv,352.365373,25,24,3,1,701.8,701.8,1,11.6967,11.6967,100.0,12.5,4.0,EUR,2026-06-29
2026-07-05,200379,"VARUS, вул.Бажана 10-А",Kyiv,61.078876,2,2,0,0,701.8,701.8,1,11.6967,11.6967,100.0,0.0,0.0,EUR,2026-06-29
2026-07-05,200382,"VARUS, вул.Васильківска 34",Kyiv,222.253873,13,13,2,0,701.8,701.8,1,11.6967,11.6967,100.0,15.38,0.0,EUR,2026-06-29
2026-07-05,200386,"VARUS, вул.Вишгородска 45а",Kyiv,266.229732,20,19,7,1,701.8,701.8,1,11.6967,11.6967,100.0,36.84,5.0,EUR,2026-06-29
2026-07-05,200350,"VARUS, вул.Глинки 2",Dnipro,214.592973,15,15,2,0,701.8,701.8,1,11.6967,11.6967,100.0,13.33,0.0,EUR,2026-06-29
2026-07-05,200349,"VARUS, вул.Дніпровская 1",Vyshhorod,0.0,0,0,0,0,701.8,701.8,1,11.6967,11.6967,100.0,,,EUR,2026-06-29
2026-07-05,200354,"VARUS, вул.Калиновая 9А",Dnipro,143.801631,10,9,4,1,701.8,701.8,1,11.6967,11.6967,100.0,44.44,10.0,EUR,2026-06-29
2026-07-05,200348,"VARUS, вул.Київська 239",Brovary,47.056348,6,6,0,0,701.8,701.8,1,11.6967,11.6967,100.0,0.0,0.0,EUR,2026-06-29
2026-07-05,200353,"VARUS, вул.Коммунарівська буд. 8",Dnipro,15.645188,1,1,1,0,701.8,701.8,1,11.6967,11.6967,100.0,100.0,0.0,EUR,2026-06-29
2026-07-05,200361,"VARUS, вул.Марії Кюрі 5",Dnipro,79.165003,6,6,1,0,701.8,701.8,1,11.6967,11.6967,100.0,16.67,0.0,EUR,2026-06-29
2026-07-05,200370,"VARUS, вул.Незалежної України 57В",Zaporizhia,124.104788,9,9,0,0,701.8,701.8,1,11.6967,11.6967,100.0,0.0,0.0,EUR,2026-06-29
2026-07-05,200404,"VARUS, вул.Нова 2В",Pavlohrad,27.951678,2,2,0,0,641.8,641.8,1,10.6967,10.6967,100.0,0.0,0.0,EUR,2026-06-29
2026-07-05,200363,"VARUS, вул.Робоча 67",Dnipro,81.631978,6,6,1,0,701.8,701.8,1,11.6967,11.6967,100.0,16.67,0.0,EUR,2026-06-29
2026-07-05,200369,"VARUS, вул.Тараса Шевченка 7",Kamianske,38.251231,2,2,1,0,601.8,601.8,1,10.03,10.03,100.0,50.0,0.0,EUR,2026-06-29
2026-07-05,200395,"VARUS, вул.Терещенко 1Е",Kryvyi Rih,0.0,0,0,0,0,701.8,701.8,1,11.6967,11.6967,100.0,,,EUR,2026-06-29
2026-07-05,200402,"VARUS, вул.Французький бульвар 22",Odesa,26.803737,4,1,0,3,701.8,701.8,1,11.6967,11.6967,100.0,0.0,75.0,EUR,2026-06-29
2026-07-05,200396,"VARUS, мкр Сонячний 41а",Kryvyi Rih,0.0,0,0,0,0,701.8,701.8,1,11.6967,11.6967,100.0,,,EUR,2026-06-29
2026-07-05,200362,"VARUS, пр. Івана Мазепи, 58",Dnipro,25.259579,3,2,0,1,701.8,701.8,1,11.6967,11.6967,100.0,0.0,33.33,EUR,2026-06-29
2026-07-05,200373,"VARUS, пр. Академіка Паладіна 16/39",Kyiv,167.278809,12,11,0,1,701.8,701.8,1,11.6967,11.6967,100.0,0.0,8.33,EUR,2026-06-29
2026-07-05,200368,"VARUS, пр. Героїв 2",Dnipro,213.607516,18,18,1,0,701.8,701.8,1,11.6967,11.6967,100.0,5.56,0.0,EUR,2026-06-29
2026-07-05,200408,"VARUS, пр. Гуляєва полковника ж.м. ""Дружний"" буд. 107/1",Odesa,66.36637,3,3,1,0,701.8,701.8,1,11.6967,11.6967,100.0,33.33,0.0,EUR,2026-06-29
2026-07-05,200399,"VARUS, пр. Добровольського 122/1",Odesa,0.0,0,0,0,0,701.8,701.8,1,11.6967,11.6967,100.0,,,EUR,2026-06-29
2026-07-05,862701,"VARUS, пр. Коцюбинського, 70",Vinnytsia,39.348077,4,3,1,1,701.8,701.8,1,11.6967,11.6967,100.0,33.33,25.0,EUR,2026-06-29
2026-07-05,200394,"VARUS, пр. Металургів 42А",Kryvyi Rih,60.688334,3,3,0,0,701.8,701.8,1,11.6967,11.6967,100.0,0.0,0.0,EUR,2026-06-29
2026-07-05,200380,"VARUS, пр. Миколи Бажана 38",Kyiv,28.458308,3,3,0,0,701.8,701.8,1,11.6967,11.6967,100.0,0.0,0.0,EUR,2026-06-29
2026-07-05,200359,"VARUS, пр. О. Поля, 104а",Dnipro,0.0,0,0,0,0,0.0,0.0,1,0.0,0.0,,,,EUR,2026-06-29
2026-07-05,198953,"VARUS, пр. Олександра Поля, 104",Dnipro,63.039616,5,5,1,0,701.8,701.8,1,11.6967,11.6967,100.0,20.0,0.0,EUR,2026-06-29
2026-07-05,200357,"VARUS, пр.Науки 8а",Dnipro,85.698316,6,6,1,0,701.8,701.8,1,11.6967,11.6967,100.0,16.67,0.0,EUR,2026-06-29
2026-07-05,200377,"VARUS, пр.Оболонський 47/42",Kyiv,5.403971,1,1,0,0,701.8,701.8,1,11.6967,11.6967,100.0,0.0,0.0,EUR,2026-06-29
2026-07-05,200360,"VARUS, проспект Слобожанський 86",Dnipro,146.324398,10,9,3,1,701.8,701.8,1,11.6967,11.6967,100.0,33.33,10.0,EUR,2026-06-29
2026-07-06,200367,"VARUS вул.Петра Сагайдачного, 7",Zaporizhia,26.6833,2,2,0,0,700.1,700.1,1,11.6683,11.6683,100.0,0.0,0.0,EUR,2026-07-06
2026-07-06,200390,"VARUS, 5-й Зарічний, д.19",Kryvyi Rih,44.593942,4,4,1,0,700.1,700.1,1,11.6683,11.6683,100.0,25.0,0.0,EUR,2026-07-06
2026-07-06,200383,"VARUS, Вулиця Героїв полку Азов, 12",Kyiv,87.061205,7,7,1,0,700.1,700.1,1,11.6683,11.6683,100.0,14.29,0.0,EUR,2026-07-06
2026-07-06,200364,"VARUS, Донецьке шосcе 110",Dnipro,66.496679,4,4,0,0,700.1,700.1,1,11.6683,11.6683,100.0,0.0,0.0,EUR,2026-07-06
2026-07-06,200356,"VARUS, Донецьке шосcе 9а",Dnipro,6.462146,1,1,0,0,700.1,700.1,1,11.6683,11.6683,100.0,0.0,0.0,EUR,2026-07-06
2026-07-06,200400,"VARUS, Люстдорфська дорога 114",Odesa,23.942003,4,3,1,1,700.1,700.1,1,11.6683,11.6683,100.0,33.33,25.0,EUR,2026-07-06
2026-07-06,200392,"VARUS, Площа Шахтарської Слави 1",Kryvyi Rih,105.965117,11,10,0,1,700.1,700.1,1,11.6683,11.6683,100.0,0.0,9.09,EUR,2026-07-06
2026-07-06,200374,"VARUS, Проспект Червоної Калини 44A",Kyiv,35.200389,4,4,1,0,700.1,700.1,1,11.6683,11.6683,100.0,25.0,0.0,EUR,2026-07-06
2026-07-06,200365,"VARUS, Північно-Кільцева вулиця, 10а,",Zaporizhia,75.452,4,4,0,0,700.1,700.1,1,11.6683,11.6683,100.0,0.0,0.0,EUR,2026-07-06
2026-07-06,200385,"VARUS, Харківське Шосе 160",Kyiv,96.271115,5,5,0,0,700.1,700.1,1,11.6683,11.6683,100.0,0.0,0.0,EUR,2026-07-06
2026-07-06,200358,"VARUS, бул. Європейський 1Д",Dnipro,118.145241,9,9,1,0,700.1,700.1,1,11.6683,11.6683,100.0,11.11,0.0,EUR,2026-07-06
2026-07-06,200372,"VARUS, бул.Будівельників 27а",Kamianske,0.0,0,0,0,0,601.1,601.1,1,10.0183,10.0183,100.0,,,EUR,2026-07-06
2026-07-06,200355,"VARUS, вул Березинская 23а",Dnipro,71.518307,6,6,1,0,700.1,700.1,1,11.6683,11.6683,100.0,16.67,0.0,EUR,2026-07-06
2026-07-06,200393,"VARUS, вул. 200 річчя Кривого Рогу",Kryvyi Rih,57.562524,4,4,0,0,700.1,700.1,1,11.6683,11.6683,100.0,0.0,0.0,EUR,2026-07-06
2026-07-06,200397,"VARUS, вул. Івана Авраменко 21В",Kryvyi Rih,11.039858,1,1,0,0,700.1,700.1,1,11.6683,11.6683,100.0,0.0,0.0,EUR,2026-07-06
2026-07-06,200376,"VARUS, вул. Волинська 37",Kyiv,317.749341,13,12,3,1,700.1,700.1,1,11.6683,11.6683,100.0,25.0,7.69,EUR,2026-07-06
2026-07-06,200401,"VARUS, вул. Дача Ковалевського 91",Odesa,0.0,0,0,0,0,700.1,700.1,1,11.6683,11.6683,100.0,,,EUR,2026-07-06
2026-07-06,200378,"VARUS, вул. Деміївська 27",Kyiv,20.206259,1,1,0,0,700.1,700.1,1,11.6683,11.6683,100.0,0.0,0.0,EUR,2026-07-06
2026-07-06,200387,"VARUS, вул. Драгаманова 40г",Kyiv,54.007287,3,2,0,1,700.1,700.1,1,11.6683,11.6683,100.0,0.0,33.33,EUR,2026-07-06
2026-07-06,200391,"VARUS, вул. Жилянська 59",Kyiv,134.873281,10,9,0,1,700.1,700.1,1,11.6683,11.6683,100.0,0.0,10.0,EUR,2026-07-06
2026-07-06,200384,"VARUS, вул. Костянтинівська 2А",Kyiv,121.386895,11,11,3,0,700.1,700.1,1,11.6683,11.6683,100.0,27.27,0.0,EUR,2026-07-06
2026-07-06,200388,"VARUS, вул. Лесі Українки 30",Kyiv,0.0,0,0,0,0,700.1,700.1,1,11.6683,11.6683,100.0,,,EUR,2026-07-06
2026-07-06,200398,"VARUS, вул. Недєліна 43",Kryvyi Rih,0.0,0,0,0,0,700.1,700.1,1,11.6683,11.6683,100.0,,,EUR,2026-07-06
2026-07-06,200371,"VARUS, вул. Ольги Кобилянської 1В/23",Irpin,97.090545,9,9,0,0,700.1,700.1,1,11.6683,11.6683,100.0,0.0,0.0,EUR,2026-07-06
2026-07-06,200351,"VARUS, вул. Паникахи 15",Dnipro,97.105439,7,6,2,1,700.1,700.1,1,11.6683,11.6683,100.0,33.33,14.29,EUR,2026-07-06
2026-07-06,200403,"VARUS, вул. Соборна 97А",Pavlohrad,22.374092,2,2,0,0,640.1,640.1,1,10.6683,10.6683,100.0,0.0,0.0,EUR,2026-07-06
2026-07-06,200389,"VARUS, вул. Срібнокільска 11",Kyiv,65.328192,7,7,3,0,720.1,720.1,1,12.0017,12.0017,100.0,42.86,0.0,EUR,2026-07-06
2026-07-06,200381,"VARUS, вул. Тютюника 39-А",Kyiv,147.473214,10,9,0,1,700.1,700.1,1,11.6683,11.6683,100.0,0.0,10.0,EUR,2026-07-06
2026-07-06,200366,"VARUS, вул. Яценка 2",Zaporizhia,123.098077,6,6,0,0,700.1,700.1,1,11.6683,11.6683,100.0,0.0,0.0,EUR,2026-07-06
2026-07-06,200352,"VARUS, вул.20річчя Перемоги  43Д",Dnipro,0.0,0,0,0,0,700.1,700.1,1,11.6683,11.6683,100.0,,,EUR,2026-07-06
2026-07-06,200375,"VARUS, вул.Андрія Малишко,3",Kyiv,210.751363,10,10,1,0,700.1,700.1,1,11.6683,11.6683,100.0,10.0,0.0,EUR,2026-07-06
2026-07-06,200379,"VARUS, вул.Бажана 10-А",Kyiv,46.958351,4,4,0,0,700.1,700.1,1,11.6683,11.6683,100.0,0.0,0.0,EUR,2026-07-06
2026-07-06,200382,"VARUS, вул.Васильківска 34",Kyiv,124.218152,7,7,1,0,700.1,700.1,1,11.6683,11.6683,100.0,14.29,0.0,EUR,2026-07-06
2026-07-06,200386,"VARUS, вул.Вишгородска 45а",Kyiv,78.193492,6,6,0,0,700.1,700.1,1,11.6683,11.6683,100.0,0.0,0.0,EUR,2026-07-06
2026-07-06,200350,"VARUS, вул.Глинки 2",Dnipro,59.514576,6,3,0,3,700.1,700.1,1,11.6683,11.6683,100.0,0.0,50.0,EUR,2026-07-06
2026-07-06,200349,"VARUS, вул.Дніпровская 1",Vyshhorod,10.655524,1,1,0,0,700.1,700.1,1,11.6683,11.6683,100.0,0.0,0.0,EUR,2026-07-06
2026-07-06,200354,"VARUS, вул.Калиновая 9А",Dnipro,164.622636,12,12,6,0,700.1,700.1,1,11.6683,11.6683,100.0,50.0,0.0,EUR,2026-07-06
2026-07-06,200348,"VARUS, вул.Київська 239",Brovary,228.33784,14,14,1,0,700.1,700.1,1,11.6683,11.6683,100.0,7.14,0.0,EUR,2026-07-06
2026-07-06,200353,"VARUS, вул.Коммунарівська буд. 8",Dnipro,61.824696,5,5,1,0,700.1,700.1,1,11.6683,11.6683,100.0,20.0,0.0,EUR,2026-07-06
2026-07-06,200361,"VARUS, вул.Марії Кюрі 5",Dnipro,54.619753,3,3,1,0,700.1,700.1,1,11.6683,11.6683,100.0,33.33,0.0,EUR,2026-07-06
2026-07-06,200370,"VARUS, вул.Незалежної України 57В",Zaporizhia,230.694805,13,13,2,0,700.1,700.1,1,11.6683,11.6683,100.0,15.38,0.0,EUR,2026-07-06
2026-07-06,200404,"VARUS, вул.Нова 2В",Pavlohrad,16.108915,2,2,0,0,640.1,640.1,1,10.6683,10.6683,100.0,0.0,0.0,EUR,2026-07-06
2026-07-06,200363,"VARUS, вул.Робоча 67",Dnipro,49.303946,5,5,0,0,700.1,700.1,1,11.6683,11.6683,100.0,0.0,0.0,EUR,2026-07-06
2026-07-06,200369,"VARUS, вул.Тараса Шевченка 7",Kamianske,0.0,0,0,0,0,601.1,601.1,1,10.0183,10.0183,100.0,,,EUR,2026-07-06
2026-07-06,200395,"VARUS, вул.Терещенко 1Е",Kryvyi Rih,0.0,0,0,0,0,700.1,700.1,1,11.6683,11.6683,100.0,,,EUR,2026-07-06
2026-07-06,200402,"VARUS, вул.Французький бульвар 22",Odesa,44.380116,7,5,0,2,700.1,700.1,1,11.6683,11.6683,100.0,0.0,28.57,EUR,2026-07-06
2026-07-06,200396,"VARUS, мкр Сонячний 41а",Kryvyi Rih,0.0,0,0,0,0,700.1,700.1,1,11.6683,11.6683,100.0,,,EUR,2026-07-06
2026-07-06,200362,"VARUS, пр. Івана Мазепи, 58",Dnipro,29.613334,2,2,0,0,700.1,700.1,1,11.6683,11.6683,100.0,0.0,0.0,EUR,2026-07-06
2026-07-06,200373,"VARUS, пр. Академіка Паладіна 16/39",Kyiv,246.642027,14,14,1,0,700.1,700.1,1,11.6683,11.6683,100.0,7.14,0.0,EUR,2026-07-06
2026-07-06,200368,"VARUS, пр. Героїв 2",Dnipro,186.762325,7,7,0,0,700.1,700.1,1,11.6683,11.6683,100.0,0.0,0.0,EUR,2026-07-06
2026-07-06,200408,"VARUS, пр. Гуляєва полковника ж.м. ""Дружний"" буд. 107/1",Odesa,30.145051,4,2,0,2,700.1,700.1,1,11.6683,11.6683,100.0,0.0,50.0,EUR,2026-07-06
2026-07-06,200399,"VARUS, пр. Добровольського 122/1",Odesa,32.154722,2,2,0,0,700.1,700.1,1,11.6683,11.6683,100.0,0.0,0.0,EUR,2026-07-06
2026-07-06,862701,"VARUS, пр. Коцюбинського, 70",Vinnytsia,244.971026,14,14,4,0,700.1,700.1,1,11.6683,11.6683,100.0,28.57,0.0,EUR,2026-07-06
2026-07-06,200394,"VARUS, пр. Металургів 42А",Kryvyi Rih,5.531002,1,1,0,0,700.1,700.1,1,11.6683,11.6683,100.0,0.0,0.0,EUR,2026-07-06
2026-07-06,200380,"VARUS, пр. Миколи Бажана 38",Kyiv,42.017863,3,3,1,0,700.1,700.1,1,11.6683,11.6683,100.0,33.33,0.0,EUR,2026-07-06
2026-07-06,200359,"VARUS, пр. О. Поля, 104а",Dnipro,0.0,0,0,0,0,0.0,0.0,1,0.0,0.0,,,,EUR,2026-07-06
2026-07-06,198953,"VARUS, пр. Олександра Поля, 104",Dnipro,65.959671,6,6,0,0,700.1,700.1,1,11.6683,11.6683,100.0,0.0,0.0,EUR,2026-07-06
2026-07-06,200357,"VARUS, пр.Науки 8а",Dnipro,139.766733,11,10,3,1,700.1,700.1,1,11.6683,11.6683,100.0,30.0,9.09,EUR,2026-07-06
2026-07-06,200377,"VARUS, пр.Оболонський 47/42",Kyiv,30.267741,3,3,0,0,700.1,700.1,1,11.6683,11.6683,100.0,0.0,0.0,EUR,2026-07-06
2026-07-06,200360,"VARUS, проспект Слобожанський 86",Dnipro,21.252643,2,2,0,0,700.1,700.1,1,11.6683,11.6683,100.0,0.0,0.0,EUR,2026-07-06
2026-07-07,200367,"VARUS вул.Петра Сагайдачного, 7",Zaporizhia,47.010592,4,4,0,0,701.0333333333333,701.0333333333333,1,11.6839,11.6839,100.0,0.0,0.0,EUR,2026-07-06
2026-07-07,200390,"VARUS, 5-й Зарічний, д.19",Kryvyi Rih,7.955046,1,1,0,0,701.0333333333333,701.0333333333333,1,11.6839,11.6839,100.0,0.0,0.0,EUR,2026-07-06
2026-07-07,200383,"VARUS, Вулиця Героїв полку Азов, 12",Kyiv,72.962633,5,5,0,0,701.0333333333333,701.0333333333333,1,11.6839,11.6839,100.0,0.0,0.0,EUR,2026-07-06
2026-07-07,200364,"VARUS, Донецьке шосcе 110",Dnipro,31.351535,3,2,1,1,701.0333333333333,701.0333333333333,1,11.6839,11.6839,100.0,50.0,33.33,EUR,2026-07-06
2026-07-07,200356,"VARUS, Донецьке шосcе 9а",Dnipro,0.0,0,0,0,0,701.0333333333333,701.0333333333333,1,11.6839,11.6839,100.0,,,EUR,2026-07-06
2026-07-07,200400,"VARUS, Люстдорфська дорога 114",Odesa,34.551677,2,2,0,0,701.0333333333333,701.0333333333333,1,11.6839,11.6839,100.0,0.0,0.0,EUR,2026-07-06
2026-07-07,200392,"VARUS, Площа Шахтарської Слави 1",Kryvyi Rih,74.13406,6,6,0,0,701.0333333333333,701.0333333333333,1,11.6839,11.6839,100.0,0.0,0.0,EUR,2026-07-06
2026-07-07,200374,"VARUS, Проспект Червоної Калини 44A",Kyiv,95.984637,7,5,1,2,701.0333333333333,701.0333333333333,1,11.6839,11.6839,100.0,20.0,28.57,EUR,2026-07-06
2026-07-07,200365,"VARUS, Північно-Кільцева вулиця, 10а,",Zaporizhia,18.687978,2,2,1,0,701.0333333333333,701.0333333333333,1,11.6839,11.6839,100.0,50.0,0.0,EUR,2026-07-06
2026-07-07,200385,"VARUS, Харківське Шосе 160",Kyiv,77.5471,6,6,1,0,701.0333333333333,701.0333333333333,1,11.6839,11.6839,100.0,16.67,0.0,EUR,2026-07-06
2026-07-07,200358,"VARUS, бул. Європейський 1Д",Dnipro,76.515641,7,7,0,0,701.0333333333333,701.0333333333333,1,11.6839,11.6839,100.0,0.0,0.0,EUR,2026-07-06
2026-07-07,200372,"VARUS, бул.Будівельників 27а",Kamianske,0.0,0,0,0,0,601.0333333333333,601.0333333333333,1,10.0172,10.0172,100.0,,,EUR,2026-07-06
2026-07-07,200355,"VARUS, вул Березинская 23а",Dnipro,116.109622,7,7,1,0,701.0333333333333,701.0333333333333,1,11.6839,11.6839,100.0,14.29,0.0,EUR,2026-07-06
2026-07-07,200393,"VARUS, вул. 200 річчя Кривого Рогу",Kryvyi Rih,6.833158,1,1,0,0,701.0333333333333,701.0333333333333,1,11.6839,11.6839,100.0,0.0,0.0,EUR,2026-07-06
2026-07-07,200397,"VARUS, вул. Івана Авраменко 21В",Kryvyi Rih,41.668501,3,2,0,1,701.0333333333333,701.0333333333333,1,11.6839,11.6839,100.0,0.0,33.33,EUR,2026-07-06
2026-07-07,200376,"VARUS, вул. Волинська 37",Kyiv,92.535423,6,5,0,1,701.0333333333333,701.0333333333333,1,11.6839,11.6839,100.0,0.0,16.67,EUR,2026-07-06
2026-07-07,200401,"VARUS, вул. Дача Ковалевського 91",Odesa,0.0,0,0,0,0,701.0333333333333,701.0333333333333,1,11.6839,11.6839,100.0,,,EUR,2026-07-06
2026-07-07,200378,"VARUS, вул. Деміївська 27",Kyiv,65.535999,4,4,1,0,701.0333333333333,701.0333333333333,1,11.6839,11.6839,100.0,25.0,0.0,EUR,2026-07-06
2026-07-07,200387,"VARUS, вул. Драгаманова 40г",Kyiv,0.0,0,0,0,0,701.0333333333333,701.0333333333333,1,11.6839,11.6839,100.0,,,EUR,2026-07-06
2026-07-07,200391,"VARUS, вул. Жилянська 59",Kyiv,232.050182,12,12,1,0,701.0333333333333,701.0333333333333,1,11.6839,11.6839,100.0,8.33,0.0,EUR,2026-07-06
2026-07-07,200384,"VARUS, вул. Костянтинівська 2А",Kyiv,55.058818,3,3,1,0,701.0333333333333,701.0333333333333,1,11.6839,11.6839,100.0,33.33,0.0,EUR,2026-07-06
2026-07-07,200388,"VARUS, вул. Лесі Українки 30",Kyiv,0.0,0,0,0,0,701.0333333333333,701.0333333333333,1,11.6839,11.6839,100.0,,,EUR,2026-07-06
2026-07-07,200398,"VARUS, вул. Недєліна 43",Kryvyi Rih,0.0,0,0,0,0,701.0333333333333,701.0333333333333,1,11.6839,11.6839,100.0,,,EUR,2026-07-06
2026-07-07,200371,"VARUS, вул. Ольги Кобилянської 1В/23",Irpin,59.238721,4,4,1,0,701.0333333333333,701.0333333333333,1,11.6839,11.6839,100.0,25.0,0.0,EUR,2026-07-06
2026-07-07,200351,"VARUS, вул. Паникахи 15",Dnipro,10.599258,1,1,1,0,701.0333333333333,701.0333333333333,1,11.6839,11.6839,100.0,100.0,0.0,EUR,2026-07-06
2026-07-07,200403,"VARUS, вул. Соборна 97А",Pavlohrad,6.595884,1,1,0,0,641.0333333333333,641.0333333333333,1,10.6839,10.6839,100.0,0.0,0.0,EUR,2026-07-06
2026-07-07,200389,"VARUS, вул. Срібнокільска 11",Kyiv,41.792938,2,2,0,0,721.0333333333333,721.0333333333333,1,12.0172,12.0172,100.0,0.0,0.0,EUR,2026-07-06
2026-07-07,200381,"VARUS, вул. Тютюника 39-А",Kyiv,137.104479,8,8,1,0,701.0333333333333,701.0333333333333,1,11.6839,11.6839,100.0,12.5,0.0,EUR,2026-07-06
2026-07-07,200366,"VARUS, вул. Яценка 2",Zaporizhia,83.074369,5,5,1,0,701.0333333333333,701.0333333333333,1,11.6839,11.6839,100.0,20.0,0.0,EUR,2026-07-06
2026-07-07,200352,"VARUS, вул.20річчя Перемоги  43Д",Dnipro,0.0,0,0,0,0,701.0333333333333,701.0333333333333,1,11.6839,11.6839,100.0,,,EUR,2026-07-06
2026-07-07,200375,"VARUS, вул.Андрія Малишко,3",Kyiv,316.151495,15,15,5,0,701.0333333333333,701.0333333333333,1,11.6839,11.6839,100.0,33.33,0.0,EUR,2026-07-06
2026-07-07,200379,"VARUS, вул.Бажана 10-А",Kyiv,4.542595,1,1,0,0,701.0333333333333,701.0333333333333,1,11.6839,11.6839,100.0,0.0,0.0,EUR,2026-07-06
2026-07-07,200382,"VARUS, вул.Васильківска 34",Kyiv,112.191958,8,8,1,0,701.0333333333333,701.0333333333333,1,11.6839,11.6839,100.0,12.5,0.0,EUR,2026-07-06
2026-07-07,200386,"VARUS, вул.Вишгородска 45а",Kyiv,171.465472,11,11,0,0,701.0333333333333,701.0333333333333,1,11.6839,11.6839,100.0,0.0,0.0,EUR,2026-07-06
2026-07-07,200350,"VARUS, вул.Глинки 2",Dnipro,84.294157,6,6,0,0,701.0333333333333,701.0333333333333,1,11.6839,11.6839,100.0,0.0,0.0,EUR,2026-07-06
2026-07-07,200349,"VARUS, вул.Дніпровская 1",Vyshhorod,49.516607,2,2,0,0,701.0333333333333,701.0333333333333,1,11.6839,11.6839,100.0,0.0,0.0,EUR,2026-07-06
2026-07-07,200354,"VARUS, вул.Калиновая 9А",Dnipro,116.946074,7,7,1,0,701.0333333333333,701.0333333333333,1,11.6839,11.6839,100.0,14.29,0.0,EUR,2026-07-06
2026-07-07,200348,"VARUS, вул.Київська 239",Brovary,113.353554,6,6,0,0,701.0333333333333,701.0333333333333,1,11.6839,11.6839,100.0,0.0,0.0,EUR,2026-07-06
2026-07-07,200353,"VARUS, вул.Коммунарівська буд. 8",Dnipro,49.377231,5,5,0,0,701.0333333333333,701.0333333333333,1,11.6839,11.6839,100.0,0.0,0.0,EUR,2026-07-06
2026-07-07,200361,"VARUS, вул.Марії Кюрі 5",Dnipro,85.783256,7,7,4,0,701.0333333333333,701.0333333333333,1,11.6839,11.6839,100.0,57.14,0.0,EUR,2026-07-06
2026-07-07,200370,"VARUS, вул.Незалежної України 57В",Zaporizhia,78.363699,7,7,0,0,701.0333333333333,701.0333333333333,1,11.6839,11.6839,100.0,0.0,0.0,EUR,2026-07-06
2026-07-07,200404,"VARUS, вул.Нова 2В",Pavlohrad,27.268741,2,2,0,0,641.0333333333333,641.0333333333333,1,10.6839,10.6839,100.0,0.0,0.0,EUR,2026-07-06
2026-07-07,200363,"VARUS, вул.Робоча 67",Dnipro,51.181059,5,5,0,0,701.0333333333333,701.0333333333333,1,11.6839,11.6839,100.0,0.0,0.0,EUR,2026-07-06
2026-07-07,200369,"VARUS, вул.Тараса Шевченка 7",Kamianske,27.818579,1,1,0,0,601.0333333333333,601.0333333333333,1,10.0172,10.0172,100.0,0.0,0.0,EUR,2026-07-06
2026-07-07,200395,"VARUS, вул.Терещенко 1Е",Kryvyi Rih,0.0,0,0,0,0,701.0333333333333,701.0333333333333,1,11.6839,11.6839,100.0,,,EUR,2026-07-06
2026-07-07,200402,"VARUS, вул.Французький бульвар 22",Odesa,0.0,1,0,0,1,701.0333333333333,701.0333333333333,1,11.6839,11.6839,100.0,,100.0,EUR,2026-07-06
2026-07-07,200396,"VARUS, мкр Сонячний 41а",Kryvyi Rih,13.197666,1,1,0,0,701.0333333333333,701.0333333333333,1,11.6839,11.6839,100.0,0.0,0.0,EUR,2026-07-06
2026-07-07,200362,"VARUS, пр. Івана Мазепи, 58",Dnipro,0.0,0,0,0,0,701.0333333333333,701.0333333333333,1,11.6839,11.6839,100.0,,,EUR,2026-07-06
2026-07-07,200373,"VARUS, пр. Академіка Паладіна 16/39",Kyiv,125.525461,8,8,1,0,701.0333333333333,701.0333333333333,1,11.6839,11.6839,100.0,12.5,0.0,EUR,2026-07-06
2026-07-07,200368,"VARUS, пр. Героїв 2",Dnipro,120.92802,12,10,4,2,701.0333333333333,701.0333333333333,1,11.6839,11.6839,100.0,40.0,16.67,EUR,2026-07-06
2026-07-07,200408,"VARUS, пр. Гуляєва полковника ж.м. ""Дружний"" буд. 107/1",Odesa,26.355624,3,3,0,0,701.0333333333333,701.0333333333333,1,11.6839,11.6839,100.0,0.0,0.0,EUR,2026-07-06
2026-07-07,200399,"VARUS, пр. Добровольського 122/1",Odesa,51.833118,3,3,0,0,701.0333333333333,701.0333333333333,1,11.6839,11.6839,100.0,0.0,0.0,EUR,2026-07-06
2026-07-07,862701,"VARUS, пр. Коцюбинського, 70",Vinnytsia,318.417877,23,22,0,1,701.0333333333333,701.0333333333333,1,11.6839,11.6839,100.0,0.0,4.35,EUR,2026-07-06
2026-07-07,200394,"VARUS, пр. Металургів 42А",Kryvyi Rih,77.469256,5,5,1,0,701.0333333333333,701.0333333333333,1,11.6839,11.6839,100.0,20.0,0.0,EUR,2026-07-06
2026-07-07,200380,"VARUS, пр. Миколи Бажана 38",Kyiv,40.482528,4,4,0,0,701.0333333333333,701.0333333333333,1,11.6839,11.6839,100.0,0.0,0.0,EUR,2026-07-06
2026-07-07,200359,"VARUS, пр. О. Поля, 104а",Dnipro,0.0,0,0,0,0,0.0,0.0,1,0.0,0.0,,,,EUR,2026-07-06
2026-07-07,198953,"VARUS, пр. Олександра Поля, 104",Dnipro,46.739704,4,4,0,0,701.0333333333333,701.0333333333333,1,11.6839,11.6839,100.0,0.0,0.0,EUR,2026-07-06
2026-07-07,200357,"VARUS, пр.Науки 8а",Dnipro,140.684418,8,6,2,2,701.0333333333333,701.0333333333333,1,11.6839,11.6839,100.0,33.33,25.0,EUR,2026-07-06
2026-07-07,200377,"VARUS, пр.Оболонський 47/42",Kyiv,7.967824,1,1,0,0,701.0333333333333,701.0333333333333,1,11.6839,11.6839,100.0,0.0,0.0,EUR,2026-07-06
2026-07-07,200360,"VARUS, проспект Слобожанський 86",Dnipro,61.089532,6,6,0,0,701.0333333333333,701.0333333333333,1,11.6839,11.6839,100.0,0.0,0.0,EUR,2026-07-06
2026-07-08,200367,"VARUS вул.Петра Сагайдачного, 7",Zaporizhia,84.973352,7,6,1,1,701.6833333333333,701.6833333333333,1,11.6947,11.6947,100.0,16.67,14.29,EUR,2026-07-06
2026-07-08,200390,"VARUS, 5-й Зарічний, д.19",Kryvyi Rih,0.0,0,0,0,0,701.6833333333333,701.6833333333333,1,11.6947,11.6947,100.0,,,EUR,2026-07-06
2026-07-08,200383,"VARUS, Вулиця Героїв полку Азов, 12",Kyiv,37.691123,2,2,0,0,701.6833333333333,701.6833333333333,1,11.6947,11.6947,100.0,0.0,0.0,EUR,2026-07-06
2026-07-08,200364,"VARUS, Донецьке шосcе 110",Dnipro,28.947245,4,4,3,0,701.6833333333333,701.6833333333333,1,11.6947,11.6947,100.0,75.0,0.0,EUR,2026-07-06
2026-07-08,200356,"VARUS, Донецьке шосcе 9а",Dnipro,16.214851,1,1,0,0,701.6833333333333,701.6833333333333,1,11.6947,11.6947,100.0,0.0,0.0,EUR,2026-07-06
2026-07-08,200400,"VARUS, Люстдорфська дорога 114",Odesa,57.123709,4,4,0,0,701.6833333333333,701.6833333333333,1,11.6947,11.6947,100.0,0.0,0.0,EUR,2026-07-06
2026-07-08,200392,"VARUS, Площа Шахтарської Слави 1",Kryvyi Rih,181.850734,16,16,1,0,701.6833333333333,701.6833333333333,1,11.6947,11.6947,100.0,6.25,0.0,EUR,2026-07-06
2026-07-08,200374,"VARUS, Проспект Червоної Калини 44A",Kyiv,22.276529,2,2,0,0,701.6833333333333,701.6833333333333,1,11.6947,11.6947,100.0,0.0,0.0,EUR,2026-07-06
2026-07-08,200365,"VARUS, Північно-Кільцева вулиця, 10а,",Zaporizhia,80.635805,5,5,0,0,701.6833333333333,701.6833333333333,1,11.6947,11.6947,100.0,0.0,0.0,EUR,2026-07-06
2026-07-08,200385,"VARUS, Харківське Шосе 160",Kyiv,83.280274,4,4,0,0,701.6833333333333,701.6833333333333,1,11.6947,11.6947,100.0,0.0,0.0,EUR,2026-07-06
2026-07-08,200358,"VARUS, бул. Європейський 1Д",Dnipro,128.847215,10,9,1,1,701.6833333333333,701.6833333333333,1,11.6947,11.6947,100.0,11.11,10.0,EUR,2026-07-06
2026-07-08,200372,"VARUS, бул.Будівельників 27а",Kamianske,35.794832,2,2,1,0,601.0,601.0,1,10.0167,10.0167,100.0,50.0,0.0,EUR,2026-07-06
2026-07-08,200355,"VARUS, вул Березинская 23а",Dnipro,81.805336,6,5,1,1,701.6833333333333,701.6833333333333,1,11.6947,11.6947,100.0,20.0,16.67,EUR,2026-07-06
2026-07-08,200393,"VARUS, вул. 200 річчя Кривого Рогу",Kryvyi Rih,19.604548,2,2,1,0,701.6833333333333,701.6833333333333,1,11.6947,11.6947,100.0,50.0,0.0,EUR,2026-07-06
2026-07-08,200397,"VARUS, вул. Івана Авраменко 21В",Kryvyi Rih,126.407132,9,9,2,0,701.6833333333333,701.6833333333333,1,11.6947,11.6947,100.0,22.22,0.0,EUR,2026-07-06
2026-07-08,200376,"VARUS, вул. Волинська 37",Kyiv,112.336392,8,8,1,0,701.6833333333333,701.6833333333333,1,11.6947,11.6947,100.0,12.5,0.0,EUR,2026-07-06
2026-07-08,200401,"VARUS, вул. Дача Ковалевського 91",Odesa,0.0,0,0,0,0,701.6833333333333,701.6833333333333,1,11.6947,11.6947,100.0,,,EUR,2026-07-06
2026-07-08,200378,"VARUS, вул. Деміївська 27",Kyiv,119.432196,5,5,0,0,701.6833333333333,701.6833333333333,1,11.6947,11.6947,100.0,0.0,0.0,EUR,2026-07-06
2026-07-08,200387,"VARUS, вул. Драгаманова 40г",Kyiv,84.866636,5,5,2,0,701.6833333333333,701.6833333333333,1,11.6947,11.6947,100.0,40.0,0.0,EUR,2026-07-06
2026-07-08,200391,"VARUS, вул. Жилянська 59",Kyiv,249.61009,17,17,3,0,701.6833333333333,701.6833333333333,1,11.6947,11.6947,100.0,17.65,0.0,EUR,2026-07-06
2026-07-08,200384,"VARUS, вул. Костянтинівська 2А",Kyiv,176.995538,9,9,2,0,701.6833333333333,701.6833333333333,1,11.6947,11.6947,100.0,22.22,0.0,EUR,2026-07-06
2026-07-08,200388,"VARUS, вул. Лесі Українки 30",Kyiv,0.0,0,0,0,0,701.6833333333333,701.6833333333333,1,11.6947,11.6947,100.0,,,EUR,2026-07-06
2026-07-08,200398,"VARUS, вул. Недєліна 43",Kryvyi Rih,0.0,0,0,0,0,701.6833333333333,701.6833333333333,1,11.6947,11.6947,100.0,,,EUR,2026-07-06
2026-07-08,200371,"VARUS, вул. Ольги Кобилянської 1В/23",Irpin,29.690313,2,2,0,0,701.6833333333333,701.6833333333333,1,11.6947,11.6947,100.0,0.0,0.0,EUR,2026-07-06
2026-07-08,200351,"VARUS, вул. Паникахи 15",Dnipro,41.413737,5,3,1,2,701.6833333333333,701.6833333333333,1,11.6947,11.6947,100.0,33.33,40.0,EUR,2026-07-06
2026-07-08,200403,"VARUS, вул. Соборна 97А",Pavlohrad,14.211652,2,2,0,0,641.6833333333333,641.6833333333333,1,10.6947,10.6947,100.0,0.0,0.0,EUR,2026-07-06
2026-07-08,200389,"VARUS, вул. Срібнокільска 11",Kyiv,23.114913,2,2,0,0,721.6833333333333,721.6833333333333,1,12.0281,12.0281,100.0,0.0,0.0,EUR,2026-07-06
2026-07-08,200381,"VARUS, вул. Тютюника 39-А",Kyiv,148.444099,5,5,2,0,701.6833333333333,701.6833333333333,1,11.6947,11.6947,100.0,40.0,0.0,EUR,2026-07-06
2026-07-08,200366,"VARUS, вул. Яценка 2",Zaporizhia,60.29664,5,5,1,0,701.6833333333333,701.6833333333333,1,11.6947,11.6947,100.0,20.0,0.0,EUR,2026-07-06
2026-07-08,200352,"VARUS, вул.20річчя Перемоги  43Д",Dnipro,0.0,0,0,0,0,701.6833333333333,701.6833333333333,1,11.6947,11.6947,100.0,,,EUR,2026-07-06
2026-07-08,200375,"VARUS, вул.Андрія Малишко,3",Kyiv,282.442083,17,13,5,4,701.6833333333333,701.6833333333333,1,11.6947,11.6947,100.0,38.46,23.53,EUR,2026-07-06
2026-07-08,200379,"VARUS, вул.Бажана 10-А",Kyiv,0.0,0,0,0,0,701.6833333333333,701.6833333333333,1,11.6947,11.6947,100.0,,,EUR,2026-07-06
2026-07-08,200382,"VARUS, вул.Васильківска 34",Kyiv,117.546323,8,7,1,1,701.6833333333333,701.6833333333333,1,11.6947,11.6947,100.0,14.29,12.5,EUR,2026-07-06
2026-07-08,200386,"VARUS, вул.Вишгородска 45а",Kyiv,121.542109,8,8,1,0,701.6833333333333,701.6833333333333,1,11.6947,11.6947,100.0,12.5,0.0,EUR,2026-07-06
2026-07-08,200350,"VARUS, вул.Глинки 2",Dnipro,68.636652,6,5,1,1,701.6833333333333,701.6833333333333,1,11.6947,11.6947,100.0,20.0,16.67,EUR,2026-07-06
2026-07-08,200349,"VARUS, вул.Дніпровская 1",Vyshhorod,5.832724,1,1,0,0,701.6833333333333,701.6833333333333,1,11.6947,11.6947,100.0,0.0,0.0,EUR,2026-07-06
2026-07-08,200354,"VARUS, вул.Калиновая 9А",Dnipro,36.053462,5,3,1,2,701.6833333333333,701.6833333333333,1,11.6947,11.6947,100.0,33.33,40.0,EUR,2026-07-06
2026-07-08,200348,"VARUS, вул.Київська 239",Brovary,75.264131,5,5,1,0,701.6833333333333,701.6833333333333,1,11.6947,11.6947,100.0,20.0,0.0,EUR,2026-07-06
2026-07-08,200353,"VARUS, вул.Коммунарівська буд. 8",Dnipro,58.702214,4,4,1,0,701.6833333333333,701.6833333333333,1,11.6947,11.6947,100.0,25.0,0.0,EUR,2026-07-06
2026-07-08,200361,"VARUS, вул.Марії Кюрі 5",Dnipro,23.148126,2,2,0,0,701.6833333333333,701.6833333333333,1,11.6947,11.6947,100.0,0.0,0.0,EUR,2026-07-06
2026-07-08,200370,"VARUS, вул.Незалежної України 57В",Zaporizhia,148.330504,10,10,0,0,701.6833333333333,701.6833333333333,1,11.6947,11.6947,100.0,0.0,0.0,EUR,2026-07-06
2026-07-08,200404,"VARUS, вул.Нова 2В",Pavlohrad,0.0,0,0,0,0,641.6833333333333,641.6833333333333,1,10.6947,10.6947,100.0,,,EUR,2026-07-06
2026-07-08,200363,"VARUS, вул.Робоча 67",Dnipro,88.023056,7,7,2,0,701.6833333333333,701.6833333333333,1,11.6947,11.6947,100.0,28.57,0.0,EUR,2026-07-06
2026-07-08,200369,"VARUS, вул.Тараса Шевченка 7",Kamianske,0.0,0,0,0,0,601.0,601.0,1,10.0167,10.0167,100.0,,,EUR,2026-07-06
2026-07-08,200395,"VARUS, вул.Терещенко 1Е",Kryvyi Rih,0.0,0,0,0,0,701.6833333333333,701.6833333333333,1,11.6947,11.6947,100.0,,,EUR,2026-07-06
2026-07-08,200402,"VARUS, вул.Французький бульвар 22",Odesa,36.082549,3,3,1,0,701.6833333333333,701.6833333333333,1,11.6947,11.6947,100.0,33.33,0.0,EUR,2026-07-06
2026-07-08,200396,"VARUS, мкр Сонячний 41а",Kryvyi Rih,13.373071,1,1,0,0,701.6833333333333,701.6833333333333,1,11.6947,11.6947,100.0,0.0,0.0,EUR,2026-07-06
2026-07-08,200362,"VARUS, пр. Івана Мазепи, 58",Dnipro,0.0,1,0,0,1,701.6833333333333,701.6833333333333,1,11.6947,11.6947,100.0,,100.0,EUR,2026-07-06
2026-07-08,200373,"VARUS, пр. Академіка Паладіна 16/39",Kyiv,138.080835,9,9,1,0,701.6833333333333,701.6833333333333,1,11.6947,11.6947,100.0,11.11,0.0,EUR,2026-07-06
2026-07-08,200368,"VARUS, пр. Героїв 2",Dnipro,133.711451,9,9,2,0,701.6833333333333,701.6833333333333,1,11.6947,11.6947,100.0,22.22,0.0,EUR,2026-07-06
2026-07-08,200408,"VARUS, пр. Гуляєва полковника ж.м. ""Дружний"" буд. 107/1",Odesa,7.719187,1,1,0,0,701.6833333333333,701.6833333333333,1,11.6947,11.6947,100.0,0.0,0.0,EUR,2026-07-06
2026-07-08,200399,"VARUS, пр. Добровольського 122/1",Odesa,16.33709,1,1,1,0,701.6833333333333,701.6833333333333,1,11.6947,11.6947,100.0,100.0,0.0,EUR,2026-07-06
2026-07-08,862701,"VARUS, пр. Коцюбинського, 70",Vinnytsia,386.974191,32,29,6,3,701.6833333333333,701.6833333333333,1,11.6947,11.6947,100.0,20.69,9.38,EUR,2026-07-06
2026-07-08,200394,"VARUS, пр. Металургів 42А",Kryvyi Rih,85.113673,9,9,2,0,701.6833333333333,701.6833333333333,1,11.6947,11.6947,100.0,22.22,0.0,EUR,2026-07-06
2026-07-08,200380,"VARUS, пр. Миколи Бажана 38",Kyiv,44.96262,3,2,0,1,701.6833333333333,701.6833333333333,1,11.6947,11.6947,100.0,0.0,33.33,EUR,2026-07-06
2026-07-08,200359,"VARUS, пр. О. Поля, 104а",Dnipro,0.0,0,0,0,0,0.0,0.0,1,0.0,0.0,,,,EUR,2026-07-06
2026-07-08,198953,"VARUS, пр. Олександра Поля, 104",Dnipro,23.882155,3,3,0,0,701.6833333333333,701.6833333333333,1,11.6947,11.6947,100.0,0.0,0.0,EUR,2026-07-06
2026-07-08,200357,"VARUS, пр.Науки 8а",Dnipro,146.367788,13,12,4,1,701.6833333333333,701.6833333333333,1,11.6947,11.6947,100.0,33.33,7.69,EUR,2026-07-06
2026-07-08,200377,"VARUS, пр.Оболонський 47/42",Kyiv,10.839445,2,1,0,1,701.6833333333333,701.6833333333333,1,11.6947,11.6947,100.0,0.0,50.0,EUR,2026-07-06
2026-07-08,200360,"VARUS, проспект Слобожанський 86",Dnipro,26.217681,5,5,1,0,701.6833333333333,701.6833333333333,1,11.6947,11.6947,100.0,20.0,0.0,EUR,2026-07-06
2026-07-09,200367,"VARUS вул.Петра Сагайдачного, 7",Zaporizhia,64.544802,4,4,0,0,701.7166666666667,701.7166666666667,1,11.6953,11.6953,100.0,0.0,0.0,EUR,2026-07-06
2026-07-09,200390,"VARUS, 5-й Зарічний, д.19",Kryvyi Rih,7.122877,1,1,0,0,701.7166666666667,701.7166666666667,1,11.6953,11.6953,100.0,0.0,0.0,EUR,2026-07-06
2026-07-09,200383,"VARUS, Вулиця Героїв полку Азов, 12",Kyiv,71.56688,3,3,1,0,701.7166666666667,701.7166666666667,1,11.6953,11.6953,100.0,33.33,0.0,EUR,2026-07-06
2026-07-09,200364,"VARUS, Донецьке шосcе 110",Dnipro,22.200085,2,2,1,0,701.7166666666667,701.7166666666667,1,11.6953,11.6953,100.0,50.0,0.0,EUR,2026-07-06
2026-07-09,200356,"VARUS, Донецьке шосcе 9а",Dnipro,53.667071,3,3,0,0,701.7166666666667,701.7166666666667,1,11.6953,11.6953,100.0,0.0,0.0,EUR,2026-07-06
2026-07-09,200400,"VARUS, Люстдорфська дорога 114",Odesa,71.680698,5,5,2,0,701.7166666666667,701.7166666666667,1,11.6953,11.6953,100.0,40.0,0.0,EUR,2026-07-06
2026-07-09,200392,"VARUS, Площа Шахтарської Слави 1",Kryvyi Rih,166.335533,10,10,1,0,701.7166666666667,701.7166666666667,1,11.6953,11.6953,100.0,10.0,0.0,EUR,2026-07-06
2026-07-09,200374,"VARUS, Проспект Червоної Калини 44A",Kyiv,82.515822,7,7,0,0,701.7166666666667,701.7166666666667,1,11.6953,11.6953,100.0,0.0,0.0,EUR,2026-07-06
2026-07-09,200365,"VARUS, Північно-Кільцева вулиця, 10а,",Zaporizhia,43.46062,3,3,1,0,701.7166666666667,701.7166666666667,1,11.6953,11.6953,100.0,33.33,0.0,EUR,2026-07-06
2026-07-09,200385,"VARUS, Харківське Шосе 160",Kyiv,33.823459,3,3,1,0,701.7166666666667,701.7166666666667,1,11.6953,11.6953,100.0,33.33,0.0,EUR,2026-07-06
2026-07-09,200358,"VARUS, бул. Європейський 1Д",Dnipro,51.340385,7,5,0,2,701.7166666666667,701.7166666666667,1,11.6953,11.6953,100.0,0.0,28.57,EUR,2026-07-06
2026-07-09,200372,"VARUS, бул.Будівельників 27а",Kamianske,0.0,0,0,0,0,601.7166666666667,601.7166666666667,1,10.0286,10.0286,100.0,,,EUR,2026-07-06
2026-07-09,200355,"VARUS, вул Березинская 23а",Dnipro,29.819468,4,4,2,0,701.7166666666667,701.7166666666667,1,11.6953,11.6953,100.0,50.0,0.0,EUR,2026-07-06
2026-07-09,200393,"VARUS, вул. 200 річчя Кривого Рогу",Kryvyi Rih,54.107358,4,4,0,0,701.7166666666667,701.7166666666667,1,11.6953,11.6953,100.0,0.0,0.0,EUR,2026-07-06
2026-07-09,200397,"VARUS, вул. Івана Авраменко 21В",Kryvyi Rih,63.893842,4,4,0,0,701.7166666666667,701.7166666666667,1,11.6953,11.6953,100.0,0.0,0.0,EUR,2026-07-06
2026-07-09,200376,"VARUS, вул. Волинська 37",Kyiv,103.393866,7,6,0,1,701.7166666666667,701.7166666666667,1,11.6953,11.6953,100.0,0.0,14.29,EUR,2026-07-06
2026-07-09,200401,"VARUS, вул. Дача Ковалевського 91",Odesa,0.0,0,0,0,0,701.7166666666667,701.7166666666667,1,11.6953,11.6953,100.0,,,EUR,2026-07-06
2026-07-09,200378,"VARUS, вул. Деміївська 27",Kyiv,73.463736,5,5,1,0,701.7166666666667,701.7166666666667,1,11.6953,11.6953,100.0,20.0,0.0,EUR,2026-07-06
2026-07-09,200387,"VARUS, вул. Драгаманова 40г",Kyiv,34.945281,3,3,1,0,701.7166666666667,701.7166666666667,1,11.6953,11.6953,100.0,33.33,0.0,EUR,2026-07-06
2026-07-09,200391,"VARUS, вул. Жилянська 59",Kyiv,272.351187,17,17,0,0,701.7166666666667,701.7166666666667,1,11.6953,11.6953,100.0,0.0,0.0,EUR,2026-07-06
2026-07-09,200384,"VARUS, вул. Костянтинівська 2А",Kyiv,70.835635,5,5,0,0,701.7166666666667,701.7166666666667,1,11.6953,11.6953,100.0,0.0,0.0,EUR,2026-07-06
2026-07-09,200388,"VARUS, вул. Лесі Українки 30",Kyiv,0.0,0,0,0,0,701.7166666666667,701.7166666666667,1,11.6953,11.6953,100.0,,,EUR,2026-07-06
2026-07-09,200398,"VARUS, вул. Недєліна 43",Kryvyi Rih,0.0,0,0,0,0,701.7166666666667,701.7166666666667,1,11.6953,11.6953,100.0,,,EUR,2026-07-06
2026-07-09,200371,"VARUS, вул. Ольги Кобилянської 1В/23",Irpin,102.906633,8,8,0,0,701.7166666666667,701.7166666666667,1,11.6953,11.6953,100.0,0.0,0.0,EUR,2026-07-06
2026-07-09,200351,"VARUS, вул. Паникахи 15",Dnipro,113.918696,8,6,2,2,701.7166666666667,701.7166666666667,1,11.6953,11.6953,100.0,33.33,25.0,EUR,2026-07-06
2026-07-09,200403,"VARUS, вул. Соборна 97А",Pavlohrad,27.573459,2,2,0,0,641.7166666666667,641.7166666666667,1,10.6953,10.6953,100.0,0.0,0.0,EUR,2026-07-06
2026-07-09,200389,"VARUS, вул. Срібнокільска 11",Kyiv,64.414214,3,3,0,0,721.7166666666667,721.7166666666667,1,12.0286,12.0286,100.0,0.0,0.0,EUR,2026-07-06
2026-07-09,200381,"VARUS, вул. Тютюника 39-А",Kyiv,135.907123,12,10,2,2,701.7166666666667,701.7166666666667,1,11.6953,11.6953,100.0,20.0,16.67,EUR,2026-07-06
2026-07-09,200366,"VARUS, вул. Яценка 2",Zaporizhia,39.548747,2,2,0,0,701.7166666666667,701.7166666666667,1,11.6953,11.6953,100.0,0.0,0.0,EUR,2026-07-06
2026-07-09,200352,"VARUS, вул.20річчя Перемоги  43Д",Dnipro,0.0,0,0,0,0,701.7166666666667,701.7166666666667,1,11.6953,11.6953,100.0,,,EUR,2026-07-06
2026-07-09,200375,"VARUS, вул.Андрія Малишко,3",Kyiv,343.37145,17,17,3,0,701.7166666666667,701.7166666666667,1,11.6953,11.6953,100.0,17.65,0.0,EUR,2026-07-06
2026-07-09,200379,"VARUS, вул.Бажана 10-А",Kyiv,9.615855,1,1,0,0,701.7166666666667,701.7166666666667,1,11.6953,11.6953,100.0,0.0,0.0,EUR,2026-07-06
2026-07-09,200382,"VARUS, вул.Васильківска 34",Kyiv,174.743562,10,10,2,0,701.7166666666667,701.7166666666667,1,11.6953,11.6953,100.0,20.0,0.0,EUR,2026-07-06
2026-07-09,200386,"VARUS, вул.Вишгородска 45а",Kyiv,129.237747,8,7,0,1,682.7166666666667,682.7166666666667,1,11.3786,11.3786,100.0,0.0,12.5,EUR,2026-07-06
2026-07-09,200350,"VARUS, вул.Глинки 2",Dnipro,80.146919,5,5,1,0,701.7166666666667,701.7166666666667,1,11.6953,11.6953,100.0,20.0,0.0,EUR,2026-07-06
2026-07-09,200349,"VARUS, вул.Дніпровская 1",Vyshhorod,15.207992,2,1,0,1,393.18333333333334,701.7166666666667,1,6.5531,11.6953,56.03,0.0,50.0,EUR,2026-07-06
2026-07-09,200354,"VARUS, вул.Калиновая 9А",Dnipro,183.785389,17,14,2,3,701.7166666666667,701.7166666666667,1,11.6953,11.6953,100.0,14.29,17.65,EUR,2026-07-06
2026-07-09,200348,"VARUS, вул.Київська 239",Brovary,87.039792,6,6,1,0,701.7166666666667,701.7166666666667,1,11.6953,11.6953,100.0,16.67,0.0,EUR,2026-07-06
2026-07-09,200353,"VARUS, вул.Коммунарівська буд. 8",Dnipro,67.072301,6,6,0,0,701.7166666666667,701.7166666666667,1,11.6953,11.6953,100.0,0.0,0.0,EUR,2026-07-06
2026-07-09,200361,"VARUS, вул.Марії Кюрі 5",Dnipro,59.445814,3,2,0,1,701.7166666666667,701.7166666666667,1,11.6953,11.6953,100.0,0.0,33.33,EUR,2026-07-06
2026-07-09,200370,"VARUS, вул.Незалежної України 57В",Zaporizhia,323.166068,17,17,3,0,701.7166666666667,701.7166666666667,1,11.6953,11.6953,100.0,17.65,0.0,EUR,2026-07-06
2026-07-09,200404,"VARUS, вул.Нова 2В",Pavlohrad,21.769071,2,2,0,0,641.7166666666667,641.7166666666667,1,10.6953,10.6953,100.0,0.0,0.0,EUR,2026-07-06
2026-07-09,200363,"VARUS, вул.Робоча 67",Dnipro,80.160928,7,6,0,1,701.7166666666667,701.7166666666667,1,11.6953,11.6953,100.0,0.0,14.29,EUR,2026-07-06
2026-07-09,200369,"VARUS, вул.Тараса Шевченка 7",Kamianske,0.0,0,0,0,0,601.7166666666667,601.7166666666667,1,10.0286,10.0286,100.0,,,EUR,2026-07-06
2026-07-09,200395,"VARUS, вул.Терещенко 1Е",Kryvyi Rih,0.0,0,0,0,0,701.7166666666667,701.7166666666667,1,11.6953,11.6953,100.0,,,EUR,2026-07-06
2026-07-09,200402,"VARUS, вул.Французький бульвар 22",Odesa,16.176738,2,2,1,0,701.7166666666667,701.7166666666667,1,11.6953,11.6953,100.0,50.0,0.0,EUR,2026-07-06
2026-07-09,200396,"VARUS, мкр Сонячний 41а",Kryvyi Rih,0.0,0,0,0,0,701.7166666666667,701.7166666666667,1,11.6953,11.6953,100.0,,,EUR,2026-07-06
2026-07-09,200362,"VARUS, пр. Івана Мазепи, 58",Dnipro,0.0,0,0,0,0,701.7166666666667,701.7166666666667,1,11.6953,11.6953,100.0,,,EUR,2026-07-06
2026-07-09,200373,"VARUS, пр. Академіка Паладіна 16/39",Kyiv,157.461968,9,8,2,1,701.7166666666667,701.7166666666667,1,11.6953,11.6953,100.0,25.0,11.11,EUR,2026-07-06
2026-07-09,200368,"VARUS, пр. Героїв 2",Dnipro,141.102174,11,11,2,0,701.7166666666667,701.7166666666667,1,11.6953,11.6953,100.0,18.18,0.0,EUR,2026-07-06
2026-07-09,200408,"VARUS, пр. Гуляєва полковника ж.м. ""Дружний"" буд. 107/1",Odesa,0.0,0,0,0,0,701.7166666666667,701.7166666666667,1,11.6953,11.6953,100.0,,,EUR,2026-07-06
2026-07-09,200399,"VARUS, пр. Добровольського 122/1",Odesa,15.828967,1,1,0,0,701.7166666666667,701.7166666666667,1,11.6953,11.6953,100.0,0.0,0.0,EUR,2026-07-06
2026-07-09,862701,"VARUS, пр. Коцюбинського, 70",Vinnytsia,327.273626,32,26,2,6,701.7166666666667,701.7166666666667,1,11.6953,11.6953,100.0,7.69,18.75,EUR,2026-07-06
2026-07-09,200394,"VARUS, пр. Металургів 42А",Kryvyi Rih,37.663923,4,4,0,0,701.7166666666667,701.7166666666667,1,11.6953,11.6953,100.0,0.0,0.0,EUR,2026-07-06
2026-07-09,200380,"VARUS, пр. Миколи Бажана 38",Kyiv,43.292554,4,4,1,0,701.7166666666667,701.7166666666667,1,11.6953,11.6953,100.0,25.0,0.0,EUR,2026-07-06
2026-07-09,200359,"VARUS, пр. О. Поля, 104а",Dnipro,0.0,0,0,0,0,0.0,0.0,1,0.0,0.0,,,,EUR,2026-07-06
2026-07-09,198953,"VARUS, пр. Олександра Поля, 104",Dnipro,12.865129,2,1,0,1,701.7166666666667,701.7166666666667,1,11.6953,11.6953,100.0,0.0,50.0,EUR,2026-07-06
2026-07-09,200357,"VARUS, пр.Науки 8а",Dnipro,206.22278,13,13,2,0,701.7166666666667,701.7166666666667,1,11.6953,11.6953,100.0,15.38,0.0,EUR,2026-07-06
2026-07-09,200377,"VARUS, пр.Оболонський 47/42",Kyiv,68.988487,3,3,1,0,701.7166666666667,701.7166666666667,1,11.6953,11.6953,100.0,33.33,0.0,EUR,2026-07-06
2026-07-09,200360,"VARUS, проспект Слобожанський 86",Dnipro,31.936862,3,3,0,0,701.7166666666667,701.7166666666667,1,11.6953,11.6953,100.0,0.0,0.0,EUR,2026-07-06
2026-07-10,200367,"VARUS вул.Петра Сагайдачного, 7",Zaporizhia,0.0,0,0,0,0,700.4833333333333,700.4833333333333,1,11.6747,11.6747,100.0,,,EUR,2026-07-06
2026-07-10,200390,"VARUS, 5-й Зарічний, д.19",Kryvyi Rih,14.090902,2,2,1,0,700.4833333333333,700.4833333333333,1,11.6747,11.6747,100.0,50.0,0.0,EUR,2026-07-06
2026-07-10,200383,"VARUS, Вулиця Героїв полку Азов, 12",Kyiv,110.259492,7,7,1,0,700.4833333333333,700.4833333333333,1,11.6747,11.6747,100.0,14.29,0.0,EUR,2026-07-06
2026-07-10,200364,"VARUS, Донецьке шосcе 110",Dnipro,34.829235,3,3,1,0,700.4833333333333,700.4833333333333,1,11.6747,11.6747,100.0,33.33,0.0,EUR,2026-07-06
2026-07-10,200356,"VARUS, Донецьке шосcе 9а",Dnipro,56.80939,2,2,0,0,700.4833333333333,700.4833333333333,1,11.6747,11.6747,100.0,0.0,0.0,EUR,2026-07-06
2026-07-10,200400,"VARUS, Люстдорфська дорога 114",Odesa,49.669987,3,3,0,0,700.4833333333333,700.4833333333333,1,11.6747,11.6747,100.0,0.0,0.0,EUR,2026-07-06
2026-07-10,200392,"VARUS, Площа Шахтарської Слави 1",Kryvyi Rih,124.400512,7,7,1,0,700.4833333333333,700.4833333333333,1,11.6747,11.6747,100.0,14.29,0.0,EUR,2026-07-06
2026-07-10,200374,"VARUS, Проспект Червоної Калини 44A",Kyiv,85.035025,6,6,1,0,700.4833333333333,700.4833333333333,1,11.6747,11.6747,100.0,16.67,0.0,EUR,2026-07-06
2026-07-10,200365,"VARUS, Північно-Кільцева вулиця, 10а,",Zaporizhia,45.45097,5,2,1,3,700.4833333333333,700.4833333333333,1,11.6747,11.6747,100.0,50.0,60.0,EUR,2026-07-06
2026-07-10,200385,"VARUS, Харківське Шосе 160",Kyiv,25.627988,1,1,0,0,700.4833333333333,700.4833333333333,1,11.6747,11.6747,100.0,0.0,0.0,EUR,2026-07-06
2026-07-10,200358,"VARUS, бул. Європейський 1Д",Dnipro,54.391393,8,5,1,3,700.4833333333333,700.4833333333333,1,11.6747,11.6747,100.0,20.0,37.5,EUR,2026-07-06
2026-07-10,200372,"VARUS, бул.Будівельників 27а",Kamianske,22.500236,1,1,0,0,600.4833333333333,600.4833333333333,1,10.0081,10.0081,100.0,0.0,0.0,EUR,2026-07-06
2026-07-10,200355,"VARUS, вул Березинская 23а",Dnipro,70.239677,7,7,2,0,700.4833333333333,700.4833333333333,1,11.6747,11.6747,100.0,28.57,0.0,EUR,2026-07-06
2026-07-10,200393,"VARUS, вул. 200 річчя Кривого Рогу",Kryvyi Rih,70.344635,6,6,1,0,700.4833333333333,700.4833333333333,1,11.6747,11.6747,100.0,16.67,0.0,EUR,2026-07-06
2026-07-10,200397,"VARUS, вул. Івана Авраменко 21В",Kryvyi Rih,68.965816,7,7,1,0,700.4833333333333,700.4833333333333,1,11.6747,11.6747,100.0,14.29,0.0,EUR,2026-07-06
2026-07-10,200376,"VARUS, вул. Волинська 37",Kyiv,184.875622,14,14,2,0,700.4833333333333,700.4833333333333,1,11.6747,11.6747,100.0,14.29,0.0,EUR,2026-07-06
2026-07-10,200401,"VARUS, вул. Дача Ковалевського 91",Odesa,0.0,0,0,0,0,700.4833333333333,700.4833333333333,1,11.6747,11.6747,100.0,,,EUR,2026-07-06
2026-07-10,200378,"VARUS, вул. Деміївська 27",Kyiv,52.423305,3,3,0,0,700.4833333333333,700.4833333333333,1,11.6747,11.6747,100.0,0.0,0.0,EUR,2026-07-06
2026-07-10,200387,"VARUS, вул. Драгаманова 40г",Kyiv,5.627319,1,1,0,0,700.4833333333333,700.4833333333333,1,11.6747,11.6747,100.0,0.0,0.0,EUR,2026-07-06
2026-07-10,200391,"VARUS, вул. Жилянська 59",Kyiv,170.435838,9,9,2,0,700.4833333333333,700.4833333333333,1,11.6747,11.6747,100.0,22.22,0.0,EUR,2026-07-06
2026-07-10,200384,"VARUS, вул. Костянтинівська 2А",Kyiv,97.879781,7,7,0,0,700.4833333333333,700.4833333333333,1,11.6747,11.6747,100.0,0.0,0.0,EUR,2026-07-06
2026-07-10,200388,"VARUS, вул. Лесі Українки 30",Kyiv,0.0,0,0,0,0,700.4833333333333,700.4833333333333,1,11.6747,11.6747,100.0,,,EUR,2026-07-06
2026-07-10,200398,"VARUS, вул. Недєліна 43",Kryvyi Rih,0.0,0,0,0,0,700.4833333333333,700.4833333333333,1,11.6747,11.6747,100.0,,,EUR,2026-07-06
2026-07-10,200371,"VARUS, вул. Ольги Кобилянської 1В/23",Irpin,140.743718,11,10,1,1,700.4833333333333,700.4833333333333,1,11.6747,11.6747,100.0,10.0,9.09,EUR,2026-07-06
2026-07-10,200351,"VARUS, вул. Паникахи 15",Dnipro,55.687465,6,6,5,0,700.4833333333333,700.4833333333333,1,11.6747,11.6747,100.0,83.33,0.0,EUR,2026-07-06
2026-07-10,200403,"VARUS, вул. Соборна 97А",Pavlohrad,48.158887,3,3,0,0,640.4833333333333,640.4833333333333,1,10.6747,10.6747,100.0,0.0,0.0,EUR,2026-07-06
2026-07-10,200389,"VARUS, вул. Срібнокільска 11",Kyiv,86.112136,6,6,0,0,720.4833333333333,720.4833333333333,1,12.0081,12.0081,100.0,0.0,0.0,EUR,2026-07-06
2026-07-10,200381,"VARUS, вул. Тютюника 39-А",Kyiv,188.720791,14,13,3,1,700.4833333333333,700.4833333333333,1,11.6747,11.6747,100.0,23.08,7.14,EUR,2026-07-06
2026-07-10,200366,"VARUS, вул. Яценка 2",Zaporizhia,90.869707,4,4,1,0,700.4833333333333,700.4833333333333,1,11.6747,11.6747,100.0,25.0,0.0,EUR,2026-07-06
2026-07-10,200352,"VARUS, вул.20річчя Перемоги  43Д",Dnipro,0.0,0,0,0,0,700.4833333333333,700.4833333333333,1,11.6747,11.6747,100.0,,,EUR,2026-07-06
2026-07-10,200375,"VARUS, вул.Андрія Малишко,3",Kyiv,279.121331,13,12,4,1,700.4833333333333,700.4833333333333,1,11.6747,11.6747,100.0,33.33,7.69,EUR,2026-07-06
2026-07-10,200379,"VARUS, вул.Бажана 10-А",Kyiv,26.078291,2,2,0,0,700.4833333333333,700.4833333333333,1,11.6747,11.6747,100.0,0.0,0.0,EUR,2026-07-06
2026-07-10,200382,"VARUS, вул.Васильківска 34",Kyiv,194.098492,13,12,0,1,700.4833333333333,700.4833333333333,1,11.6747,11.6747,100.0,0.0,7.69,EUR,2026-07-06
2026-07-10,200386,"VARUS, вул.Вишгородска 45а",Kyiv,204.072189,14,12,0,2,660.4833333333333,660.4833333333333,1,11.0081,11.0081,100.0,0.0,14.29,EUR,2026-07-06
2026-07-10,200350,"VARUS, вул.Глинки 2",Dnipro,45.933313,5,5,1,0,700.4833333333333,700.4833333333333,1,11.6747,11.6747,100.0,20.0,0.0,EUR,2026-07-06
2026-07-10,200349,"VARUS, вул.Дніпровская 1",Vyshhorod,0.0,0,0,0,0,0.0,700.4833333333333,1,0.0,11.6747,0.0,,,EUR,2026-07-06
2026-07-10,200354,"VARUS, вул.Калиновая 9А",Dnipro,68.578605,7,5,1,2,700.4833333333333,700.4833333333333,1,11.6747,11.6747,100.0,20.0,28.57,EUR,2026-07-06
2026-07-10,200348,"VARUS, вул.Київська 239",Brovary,146.061271,8,8,0,0,700.4833333333333,700.4833333333333,1,11.6747,11.6747,100.0,0.0,0.0,EUR,2026-07-06
2026-07-10,200353,"VARUS, вул.Коммунарівська буд. 8",Dnipro,75.697962,3,3,0,0,700.4833333333333,700.4833333333333,1,11.6747,11.6747,100.0,0.0,0.0,EUR,2026-07-06
2026-07-10,200361,"VARUS, вул.Марії Кюрі 5",Dnipro,22.149192,2,2,1,0,700.4833333333333,700.4833333333333,1,11.6747,11.6747,100.0,50.0,0.0,EUR,2026-07-06
2026-07-10,200370,"VARUS, вул.Незалежної України 57В",Zaporizhia,155.962052,10,10,1,0,700.4833333333333,700.4833333333333,1,11.6747,11.6747,100.0,10.0,0.0,EUR,2026-07-06
2026-07-10,200404,"VARUS, вул.Нова 2В",Pavlohrad,25.365786,4,4,3,0,640.4833333333333,640.4833333333333,1,10.6747,10.6747,100.0,75.0,0.0,EUR,2026-07-06
2026-07-10,200363,"VARUS, вул.Робоча 67",Dnipro,126.653013,8,8,0,0,700.4833333333333,700.4833333333333,1,11.6747,11.6747,100.0,0.0,0.0,EUR,2026-07-06
2026-07-10,200369,"VARUS, вул.Тараса Шевченка 7",Kamianske,0.0,1,0,0,1,600.4833333333333,600.4833333333333,1,10.0081,10.0081,100.0,,100.0,EUR,2026-07-06
2026-07-10,200395,"VARUS, вул.Терещенко 1Е",Kryvyi Rih,0.0,0,0,0,0,700.4833333333333,700.4833333333333,1,11.6747,11.6747,100.0,,,EUR,2026-07-06
2026-07-10,200402,"VARUS, вул.Французький бульвар 22",Odesa,43.130464,3,3,1,0,700.4833333333333,700.4833333333333,1,11.6747,11.6747,100.0,33.33,0.0,EUR,2026-07-06
2026-07-10,200396,"VARUS, мкр Сонячний 41а",Kryvyi Rih,10.811411,1,1,0,0,700.4833333333333,700.4833333333333,1,11.6747,11.6747,100.0,0.0,0.0,EUR,2026-07-06
2026-07-10,200362,"VARUS, пр. Івана Мазепи, 58",Dnipro,5.089353,1,1,0,0,700.4833333333333,700.4833333333333,1,11.6747,11.6747,100.0,0.0,0.0,EUR,2026-07-06
2026-07-10,200373,"VARUS, пр. Академіка Паладіна 16/39",Kyiv,198.089897,11,10,1,1,700.4833333333333,700.4833333333333,1,11.6747,11.6747,100.0,10.0,9.09,EUR,2026-07-06
2026-07-10,200368,"VARUS, пр. Героїв 2",Dnipro,124.87912,10,10,2,0,700.4833333333333,700.4833333333333,1,11.6747,11.6747,100.0,20.0,0.0,EUR,2026-07-06
2026-07-10,200408,"VARUS, пр. Гуляєва полковника ж.м. ""Дружний"" буд. 107/1",Odesa,44.736893,4,3,0,1,700.4833333333333,700.4833333333333,1,11.6747,11.6747,100.0,0.0,25.0,EUR,2026-07-06
2026-07-10,200399,"VARUS, пр. Добровольського 122/1",Odesa,35.202293,2,2,0,0,700.4833333333333,700.4833333333333,1,11.6747,11.6747,100.0,0.0,0.0,EUR,2026-07-06
2026-07-10,862701,"VARUS, пр. Коцюбинського, 70",Vinnytsia,400.384265,27,27,1,0,700.4833333333333,700.4833333333333,1,11.6747,11.6747,100.0,3.7,0.0,EUR,2026-07-06
2026-07-10,200394,"VARUS, пр. Металургів 42А",Kryvyi Rih,32.949202,3,3,1,0,700.4833333333333,700.4833333333333,1,11.6747,11.6747,100.0,33.33,0.0,EUR,2026-07-06
2026-07-10,200380,"VARUS, пр. Миколи Бажана 38",Kyiv,46.301459,3,3,0,0,700.4833333333333,700.4833333333333,1,11.6747,11.6747,100.0,0.0,0.0,EUR,2026-07-06
2026-07-10,200359,"VARUS, пр. О. Поля, 104а",Dnipro,0.0,0,0,0,0,0.0,0.0,1,0.0,0.0,,,,EUR,2026-07-06
2026-07-10,198953,"VARUS, пр. Олександра Поля, 104",Dnipro,105.56796,9,9,1,0,700.4833333333333,700.4833333333333,1,11.6747,11.6747,100.0,11.11,0.0,EUR,2026-07-06
2026-07-10,200357,"VARUS, пр.Науки 8а",Dnipro,104.870195,12,7,4,5,700.4833333333333,700.4833333333333,1,11.6747,11.6747,100.0,57.14,41.67,EUR,2026-07-06
2026-07-10,200377,"VARUS, пр.Оболонський 47/42",Kyiv,9.564084,1,1,0,0,700.4833333333333,700.4833333333333,1,11.6747,11.6747,100.0,0.0,0.0,EUR,2026-07-06
2026-07-10,200360,"VARUS, проспект Слобожанський 86",Dnipro,28.868167,3,3,0,0,700.4833333333333,700.4833333333333,1,11.6747,11.6747,100.0,0.0,0.0,EUR,2026-07-06
2026-07-11,200367,"VARUS вул.Петра Сагайдачного, 7",Zaporizhia,108.250521,6,6,0,0,701.0,701.0,1,11.6833,11.6833,100.0,0.0,0.0,EUR,2026-07-06
2026-07-11,200390,"VARUS, 5-й Зарічний, д.19",Kryvyi Rih,16.1097,2,2,0,0,701.0,701.0,1,11.6833,11.6833,100.0,0.0,0.0,EUR,2026-07-06
2026-07-11,200383,"VARUS, Вулиця Героїв полку Азов, 12",Kyiv,308.346436,16,16,3,0,701.0,701.0,1,11.6833,11.6833,100.0,18.75,0.0,EUR,2026-07-06
2026-07-11,200364,"VARUS, Донецьке шосcе 110",Dnipro,36.949651,3,3,0,0,701.0,701.0,1,11.6833,11.6833,100.0,0.0,0.0,EUR,2026-07-06
2026-07-11,200356,"VARUS, Донецьке шосcе 9а",Dnipro,25.193999,2,2,0,0,701.0,701.0,1,11.6833,11.6833,100.0,0.0,0.0,EUR,2026-07-06
2026-07-11,200400,"VARUS, Люстдорфська дорога 114",Odesa,215.345303,8,8,0,0,701.0,701.0,1,11.6833,11.6833,100.0,0.0,0.0,EUR,2026-07-06
2026-07-11,200392,"VARUS, Площа Шахтарської Слави 1",Kryvyi Rih,137.493708,10,10,0,0,701.0,701.0,1,11.6833,11.6833,100.0,0.0,0.0,EUR,2026-07-06
2026-07-11,200374,"VARUS, Проспект Червоної Калини 44A",Kyiv,156.50886,7,7,2,0,701.0,701.0,1,11.6833,11.6833,100.0,28.57,0.0,EUR,2026-07-06
2026-07-11,200365,"VARUS, Північно-Кільцева вулиця, 10а,",Zaporizhia,7.685232,2,1,0,1,701.0,701.0,1,11.6833,11.6833,100.0,0.0,50.0,EUR,2026-07-06
2026-07-11,200385,"VARUS, Харківське Шосе 160",Kyiv,134.913555,7,7,2,0,701.0,701.0,1,11.6833,11.6833,100.0,28.57,0.0,EUR,2026-07-06
2026-07-11,200358,"VARUS, бул. Європейський 1Д",Dnipro,147.536793,10,8,3,2,701.0,701.0,1,11.6833,11.6833,100.0,37.5,20.0,EUR,2026-07-06
2026-07-11,200372,"VARUS, бул.Будівельників 27а",Kamianske,13.994001,2,1,0,1,601.0,601.0,1,10.0167,10.0167,100.0,0.0,50.0,EUR,2026-07-06
2026-07-11,200355,"VARUS, вул Березинская 23а",Dnipro,65.963663,5,5,0,0,701.0,701.0,1,11.6833,11.6833,100.0,0.0,0.0,EUR,2026-07-06
2026-07-11,200393,"VARUS, вул. 200 річчя Кривого Рогу",Kryvyi Rih,52.909775,4,4,0,0,701.0,701.0,1,11.6833,11.6833,100.0,0.0,0.0,EUR,2026-07-06
2026-07-11,200397,"VARUS, вул. Івана Авраменко 21В",Kryvyi Rih,104.969455,9,9,0,0,701.0,701.0,1,11.6833,11.6833,100.0,0.0,0.0,EUR,2026-07-06
2026-07-11,200376,"VARUS, вул. Волинська 37",Kyiv,213.407685,14,13,0,1,701.0,701.0,1,11.6833,11.6833,100.0,0.0,7.14,EUR,2026-07-06
2026-07-11,200401,"VARUS, вул. Дача Ковалевського 91",Odesa,0.0,0,0,0,0,701.0,701.0,1,11.6833,11.6833,100.0,,,EUR,2026-07-06
2026-07-11,200378,"VARUS, вул. Деміївська 27",Kyiv,67.728513,6,5,1,1,701.0,701.0,1,11.6833,11.6833,100.0,20.0,16.67,EUR,2026-07-06
2026-07-11,200387,"VARUS, вул. Драгаманова 40г",Kyiv,21.780262,2,2,0,0,701.0,701.0,1,11.6833,11.6833,100.0,0.0,0.0,EUR,2026-07-06
2026-07-11,200391,"VARUS, вул. Жилянська 59",Kyiv,255.574644,11,10,0,1,701.0,701.0,1,11.6833,11.6833,100.0,0.0,9.09,EUR,2026-07-06
2026-07-11,200384,"VARUS, вул. Костянтинівська 2А",Kyiv,154.422645,8,8,0,0,701.0,701.0,1,11.6833,11.6833,100.0,0.0,0.0,EUR,2026-07-06
2026-07-11,200388,"VARUS, вул. Лесі Українки 30",Kyiv,0.0,0,0,0,0,701.0,701.0,1,11.6833,11.6833,100.0,,,EUR,2026-07-06
2026-07-11,200398,"VARUS, вул. Недєліна 43",Kryvyi Rih,0.0,0,0,0,0,701.0,701.0,1,11.6833,11.6833,100.0,,,EUR,2026-07-06
2026-07-11,200371,"VARUS, вул. Ольги Кобилянської 1В/23",Irpin,86.250512,6,6,0,0,701.0,701.0,1,11.6833,11.6833,100.0,0.0,0.0,EUR,2026-07-06
2026-07-11,200351,"VARUS, вул. Паникахи 15",Dnipro,198.78648,10,9,7,1,701.0,701.0,1,11.6833,11.6833,100.0,77.78,10.0,EUR,2026-07-06
2026-07-11,200403,"VARUS, вул. Соборна 97А",Pavlohrad,57.727098,4,4,0,0,641.0,641.0,1,10.6833,10.6833,100.0,0.0,0.0,EUR,2026-07-06
2026-07-11,200389,"VARUS, вул. Срібнокільска 11",Kyiv,112.066404,7,7,0,0,721.0,721.0,1,12.0167,12.0167,100.0,0.0,0.0,EUR,2026-07-06
2026-07-11,200381,"VARUS, вул. Тютюника 39-А",Kyiv,171.075419,13,12,1,1,701.0,701.0,1,11.6833,11.6833,100.0,8.33,7.69,EUR,2026-07-06
2026-07-11,200366,"VARUS, вул. Яценка 2",Zaporizhia,133.153026,8,8,0,0,701.0,701.0,1,11.6833,11.6833,100.0,0.0,0.0,EUR,2026-07-06
2026-07-11,200352,"VARUS, вул.20річчя Перемоги  43Д",Dnipro,0.0,0,0,0,0,701.0,701.0,1,11.6833,11.6833,100.0,,,EUR,2026-07-06
2026-07-11,200375,"VARUS, вул.Андрія Малишко,3",Kyiv,380.363547,21,21,2,0,701.0,701.0,1,11.6833,11.6833,100.0,9.52,0.0,EUR,2026-07-06
2026-07-11,200379,"VARUS, вул.Бажана 10-А",Kyiv,56.374811,4,4,0,0,701.0,701.0,1,11.6833,11.6833,100.0,0.0,0.0,EUR,2026-07-06
2026-07-11,200382,"VARUS, вул.Васильківска 34",Kyiv,397.380336,22,22,3,0,701.0,701.0,1,11.6833,11.6833,100.0,13.64,0.0,EUR,2026-07-06
2026-07-11,200386,"VARUS, вул.Вишгородска 45а",Kyiv,241.713316,18,16,2,2,661.0,661.0,1,11.0167,11.0167,100.0,12.5,11.11,EUR,2026-07-06
2026-07-11,200350,"VARUS, вул.Глинки 2",Dnipro,145.369008,10,9,1,1,701.0,701.0,1,11.6833,11.6833,100.0,11.11,10.0,EUR,2026-07-06
2026-07-11,200349,"VARUS, вул.Дніпровская 1",Vyshhorod,0.0,0,0,0,0,0.0,701.0,1,0.0,11.6833,0.0,,,EUR,2026-07-06
2026-07-11,200354,"VARUS, вул.Калиновая 9А",Dnipro,178.949344,11,11,2,0,701.0,701.0,1,11.6833,11.6833,100.0,18.18,0.0,EUR,2026-07-06
2026-07-11,200348,"VARUS, вул.Київська 239",Brovary,109.082136,9,9,0,0,701.0,701.0,1,11.6833,11.6833,100.0,0.0,0.0,EUR,2026-07-06
2026-07-11,200353,"VARUS, вул.Коммунарівська буд. 8",Dnipro,120.222577,7,7,0,0,701.0,701.0,1,11.6833,11.6833,100.0,0.0,0.0,EUR,2026-07-06
2026-07-11,200361,"VARUS, вул.Марії Кюрі 5",Dnipro,23.020906,2,2,0,0,701.0,701.0,1,11.6833,11.6833,100.0,0.0,0.0,EUR,2026-07-06
2026-07-11,200370,"VARUS, вул.Незалежної України 57В",Zaporizhia,205.837436,13,13,0,0,701.0,701.0,1,11.6833,11.6833,100.0,0.0,0.0,EUR,2026-07-06
2026-07-11,200404,"VARUS, вул.Нова 2В",Pavlohrad,60.500857,2,2,1,0,641.0,641.0,1,10.6833,10.6833,100.0,50.0,0.0,EUR,2026-07-06
2026-07-11,200363,"VARUS, вул.Робоча 67",Dnipro,126.090674,8,8,4,0,701.0,701.0,1,11.6833,11.6833,100.0,50.0,0.0,EUR,2026-07-06
2026-07-11,200369,"VARUS, вул.Тараса Шевченка 7",Kamianske,0.0,0,0,0,0,601.0,601.0,1,10.0167,10.0167,100.0,,,EUR,2026-07-06
2026-07-11,200395,"VARUS, вул.Терещенко 1Е",Kryvyi Rih,0.0,0,0,0,0,701.0,701.0,1,11.6833,11.6833,100.0,,,EUR,2026-07-06
2026-07-11,200402,"VARUS, вул.Французький бульвар 22",Odesa,48.2436,4,2,0,2,701.0,701.0,1,11.6833,11.6833,100.0,0.0,50.0,EUR,2026-07-06
2026-07-11,200396,"VARUS, мкр Сонячний 41а",Kryvyi Rih,7.641794,1,1,1,0,701.0,701.0,1,11.6833,11.6833,100.0,100.0,0.0,EUR,2026-07-06
2026-07-11,200362,"VARUS, пр. Івана Мазепи, 58",Dnipro,36.221814,1,1,0,0,701.0,701.0,1,11.6833,11.6833,100.0,0.0,0.0,EUR,2026-07-06
2026-07-11,200373,"VARUS, пр. Академіка Паладіна 16/39",Kyiv,379.839338,21,21,1,0,701.0,701.0,1,11.6833,11.6833,100.0,4.76,0.0,EUR,2026-07-06
2026-07-11,200368,"VARUS, пр. Героїв 2",Dnipro,231.084109,13,13,4,0,701.0,701.0,1,11.6833,11.6833,100.0,30.77,0.0,EUR,2026-07-06
2026-07-11,200408,"VARUS, пр. Гуляєва полковника ж.м. ""Дружний"" буд. 107/1",Odesa,29.186585,2,2,1,0,701.0,701.0,1,11.6833,11.6833,100.0,50.0,0.0,EUR,2026-07-06
2026-07-11,200399,"VARUS, пр. Добровольського 122/1",Odesa,17.931749,1,1,0,0,701.0,701.0,1,11.6833,11.6833,100.0,0.0,0.0,EUR,2026-07-06
2026-07-11,862701,"VARUS, пр. Коцюбинського, 70",Vinnytsia,490.040448,32,32,1,0,701.0,701.0,1,11.6833,11.6833,100.0,3.12,0.0,EUR,2026-07-06
2026-07-11,200394,"VARUS, пр. Металургів 42А",Kryvyi Rih,27.501533,2,2,2,0,701.0,701.0,1,11.6833,11.6833,100.0,100.0,0.0,EUR,2026-07-06
2026-07-11,200380,"VARUS, пр. Миколи Бажана 38",Kyiv,129.180099,7,7,2,0,701.0,701.0,1,11.6833,11.6833,100.0,28.57,0.0,EUR,2026-07-06
2026-07-11,200359,"VARUS, пр. О. Поля, 104а",Dnipro,0.0,0,0,0,0,0.0,0.0,1,0.0,0.0,,,,EUR,2026-07-06
2026-07-11,198953,"VARUS, пр. Олександра Поля, 104",Dnipro,49.482476,6,4,0,2,701.0,701.0,1,11.6833,11.6833,100.0,0.0,33.33,EUR,2026-07-06
2026-07-11,200357,"VARUS, пр.Науки 8а",Dnipro,113.349896,8,8,0,0,701.0,701.0,1,11.6833,11.6833,100.0,0.0,0.0,EUR,2026-07-06
2026-07-11,200377,"VARUS, пр.Оболонський 47/42",Kyiv,31.167447,2,1,0,1,701.0,701.0,1,11.6833,11.6833,100.0,0.0,50.0,EUR,2026-07-06
2026-07-11,200360,"VARUS, проспект Слобожанський 86",Dnipro,126.013823,9,9,0,0,701.0,701.0,1,11.6833,11.6833,100.0,0.0,0.0,EUR,2026-07-06
2026-07-12,200367,"VARUS вул.Петра Сагайдачного, 7",Zaporizhia,34.683588,3,3,0,0,701.0,701.0,1,11.6833,11.6833,100.0,0.0,0.0,EUR,2026-07-06
2026-07-12,200390,"VARUS, 5-й Зарічний, д.19",Kryvyi Rih,6.832387,1,1,0,0,701.0,701.0,1,11.6833,11.6833,100.0,0.0,0.0,EUR,2026-07-06
2026-07-12,200383,"VARUS, Вулиця Героїв полку Азов, 12",Kyiv,62.832175,5,4,0,1,453.76666666666665,701.0,1,7.5628,11.6833,64.73,0.0,20.0,EUR,2026-07-06
2026-07-12,200364,"VARUS, Донецьке шосcе 110",Dnipro,27.580154,2,2,1,0,701.0,701.0,1,11.6833,11.6833,100.0,50.0,0.0,EUR,2026-07-06
2026-07-12,200356,"VARUS, Донецьке шосcе 9а",Dnipro,21.644442,1,1,0,0,701.0,701.0,1,11.6833,11.6833,100.0,0.0,0.0,EUR,2026-07-06
2026-07-12,200400,"VARUS, Люстдорфська дорога 114",Odesa,31.149561,3,3,0,0,701.0,701.0,1,11.6833,11.6833,100.0,0.0,0.0,EUR,2026-07-06
2026-07-12,200392,"VARUS, Площа Шахтарської Слави 1",Kryvyi Rih,158.076762,8,8,0,0,701.0,701.0,1,11.6833,11.6833,100.0,0.0,0.0,EUR,2026-07-06
2026-07-12,200374,"VARUS, Проспект Червоної Калини 44A",Kyiv,216.076879,13,12,0,1,701.0,701.0,1,11.6833,11.6833,100.0,0.0,7.69,EUR,2026-07-06
2026-07-12,200365,"VARUS, Північно-Кільцева вулиця, 10а,",Zaporizhia,83.524122,3,3,0,0,701.0,701.0,1,11.6833,11.6833,100.0,0.0,0.0,EUR,2026-07-06
2026-07-12,200385,"VARUS, Харківське Шосе 160",Kyiv,65.474636,6,5,1,1,676.05,701.0,1,11.2675,11.6833,96.44,20.0,16.67,EUR,2026-07-06
2026-07-12,200358,"VARUS, бул. Європейський 1Д",Dnipro,203.781882,17,16,4,1,701.0,701.0,1,11.6833,11.6833,100.0,25.0,5.88,EUR,2026-07-06
2026-07-12,200372,"VARUS, бул.Будівельників 27а",Kamianske,22.480777,1,1,0,0,601.0,601.0,1,10.0167,10.0167,100.0,0.0,0.0,EUR,2026-07-06
2026-07-12,200355,"VARUS, вул Березинская 23а",Dnipro,93.977412,9,7,2,2,701.0,701.0,1,11.6833,11.6833,100.0,28.57,22.22,EUR,2026-07-06
2026-07-12,200393,"VARUS, вул. 200 річчя Кривого Рогу",Kryvyi Rih,88.479425,5,5,0,0,701.0,701.0,1,11.6833,11.6833,100.0,0.0,0.0,EUR,2026-07-06
2026-07-12,200397,"VARUS, вул. Івана Авраменко 21В",Kryvyi Rih,146.439442,8,8,0,0,701.0,701.0,1,11.6833,11.6833,100.0,0.0,0.0,EUR,2026-07-06
2026-07-12,200376,"VARUS, вул. Волинська 37",Kyiv,237.528501,14,14,1,0,701.0,701.0,1,11.6833,11.6833,100.0,7.14,0.0,EUR,2026-07-06
2026-07-12,200401,"VARUS, вул. Дача Ковалевського 91",Odesa,0.0,0,0,0,0,701.0,701.0,1,11.6833,11.6833,100.0,,,EUR,2026-07-06
2026-07-12,200378,"VARUS, вул. Деміївська 27",Kyiv,172.772857,11,11,1,0,701.0,701.0,1,11.6833,11.6833,100.0,9.09,0.0,EUR,2026-07-06
2026-07-12,200387,"VARUS, вул. Драгаманова 40г",Kyiv,50.857561,4,4,0,0,701.0,701.0,1,11.6833,11.6833,100.0,0.0,0.0,EUR,2026-07-06
2026-07-12,200391,"VARUS, вул. Жилянська 59",Kyiv,196.725425,12,12,1,0,701.0,701.0,1,11.6833,11.6833,100.0,8.33,0.0,EUR,2026-07-06
2026-07-12,200384,"VARUS, вул. Костянтинівська 2А",Kyiv,65.968181,6,6,1,0,701.0,701.0,1,11.6833,11.6833,100.0,16.67,0.0,EUR,2026-07-06
2026-07-12,200388,"VARUS, вул. Лесі Українки 30",Kyiv,0.0,0,0,0,0,701.0,701.0,1,11.6833,11.6833,100.0,,,EUR,2026-07-06
2026-07-12,200398,"VARUS, вул. Недєліна 43",Kryvyi Rih,0.0,0,0,0,0,701.0,701.0,1,11.6833,11.6833,100.0,,,EUR,2026-07-06
2026-07-12,200371,"VARUS, вул. Ольги Кобилянської 1В/23",Irpin,5.493466,2,1,0,1,676.4666666666667,700.9166666666666,1,11.2744,11.6819,96.51,0.0,50.0,EUR,2026-07-06
2026-07-12,200351,"VARUS, вул. Паникахи 15",Dnipro,101.355826,11,8,4,3,701.0,701.0,1,11.6833,11.6833,100.0,50.0,27.27,EUR,2026-07-06
2026-07-12,200403,"VARUS, вул. Соборна 97А",Pavlohrad,43.328588,3,3,0,0,641.0,641.0,1,10.6833,10.6833,100.0,0.0,0.0,EUR,2026-07-06
2026-07-12,200389,"VARUS, вул. Срібнокільска 11",Kyiv,84.439273,7,7,0,0,721.0,721.0,1,12.0167,12.0167,100.0,0.0,0.0,EUR,2026-07-06
2026-07-12,200381,"VARUS, вул. Тютюника 39-А",Kyiv,344.068609,20,19,2,1,701.0,701.0,1,11.6833,11.6833,100.0,10.53,5.0,EUR,2026-07-06
2026-07-12,200366,"VARUS, вул. Яценка 2",Zaporizhia,151.44093,10,9,0,1,701.0,701.0,1,11.6833,11.6833,100.0,0.0,10.0,EUR,2026-07-06
2026-07-12,200352,"VARUS, вул.20річчя Перемоги  43Д",Dnipro,0.0,0,0,0,0,701.0,701.0,1,11.6833,11.6833,100.0,,,EUR,2026-07-06
2026-07-12,200375,"VARUS, вул.Андрія Малишко,3",Kyiv,309.814496,17,17,1,0,701.0,701.0,1,11.6833,11.6833,100.0,5.88,0.0,EUR,2026-07-06
2026-07-12,200379,"VARUS, вул.Бажана 10-А",Kyiv,52.22793,4,4,0,0,701.0,701.0,1,11.6833,11.6833,100.0,0.0,0.0,EUR,2026-07-06
2026-07-12,200382,"VARUS, вул.Васильківска 34",Kyiv,308.790061,15,13,2,2,701.0,701.0,1,11.6833,11.6833,100.0,15.38,13.33,EUR,2026-07-06
2026-07-12,200386,"VARUS, вул.Вишгородска 45а",Kyiv,266.53485,18,17,0,1,661.0,661.0,1,11.0167,11.0167,100.0,0.0,5.56,EUR,2026-07-06
2026-07-12,200350,"VARUS, вул.Глинки 2",Dnipro,156.795238,13,13,4,0,701.0,701.0,1,11.6833,11.6833,100.0,30.77,0.0,EUR,2026-07-06
2026-07-12,200349,"VARUS, вул.Дніпровская 1",Vyshhorod,15.906661,1,1,0,0,501.1333333333333,701.0,1,8.3522,11.6833,71.49,0.0,0.0,EUR,2026-07-06
2026-07-12,200354,"VARUS, вул.Калиновая 9А",Dnipro,152.076191,13,10,4,3,701.0,701.0,1,11.6833,11.6833,100.0,40.0,23.08,EUR,2026-07-06
2026-07-12,200348,"VARUS, вул.Київська 239",Brovary,131.791899,8,8,1,0,701.0,701.0,1,11.6833,11.6833,100.0,12.5,0.0,EUR,2026-07-06
2026-07-12,200353,"VARUS, вул.Коммунарівська буд. 8",Dnipro,25.660615,2,2,0,0,701.0,701.0,1,11.6833,11.6833,100.0,0.0,0.0,EUR,2026-07-06
2026-07-12,200361,"VARUS, вул.Марії Кюрі 5",Dnipro,97.493355,7,7,2,0,701.0,701.0,1,11.6833,11.6833,100.0,28.57,0.0,EUR,2026-07-06
2026-07-12,200370,"VARUS, вул.Незалежної України 57В",Zaporizhia,146.648179,9,9,0,0,701.0,701.0,1,11.6833,11.6833,100.0,0.0,0.0,EUR,2026-07-06
2026-07-12,200404,"VARUS, вул.Нова 2В",Pavlohrad,57.245543,3,3,0,0,641.0,641.0,1,10.6833,10.6833,100.0,0.0,0.0,EUR,2026-07-06
2026-07-12,200363,"VARUS, вул.Робоча 67",Dnipro,65.139907,5,5,1,0,701.0,701.0,1,11.6833,11.6833,100.0,20.0,0.0,EUR,2026-07-06
2026-07-12,200369,"VARUS, вул.Тараса Шевченка 7",Kamianske,24.068927,2,2,1,0,601.0,601.0,1,10.0167,10.0167,100.0,50.0,0.0,EUR,2026-07-06
2026-07-12,200395,"VARUS, вул.Терещенко 1Е",Kryvyi Rih,0.0,0,0,0,0,701.0,701.0,1,11.6833,11.6833,100.0,,,EUR,2026-07-06
2026-07-12,200402,"VARUS, вул.Французький бульвар 22",Odesa,18.459298,1,1,1,0,701.0,701.0,1,11.6833,11.6833,100.0,100.0,0.0,EUR,2026-07-06
2026-07-12,200396,"VARUS, мкр Сонячний 41а",Kryvyi Rih,30.275685,2,2,0,0,701.0,701.0,1,11.6833,11.6833,100.0,0.0,0.0,EUR,2026-07-06
2026-07-12,200362,"VARUS, пр. Івана Мазепи, 58",Dnipro,26.544319,2,2,0,0,701.0,701.0,1,11.6833,11.6833,100.0,0.0,0.0,EUR,2026-07-06
2026-07-12,200373,"VARUS, пр. Академіка Паладіна 16/39",Kyiv,458.976585,24,24,1,0,701.0,701.0,1,11.6833,11.6833,100.0,4.17,0.0,EUR,2026-07-06
2026-07-12,200368,"VARUS, пр. Героїв 2",Dnipro,123.000462,13,10,1,3,676.05,701.0,1,11.2675,11.6833,96.44,10.0,23.08,EUR,2026-07-06
2026-07-12,200408,"VARUS, пр. Гуляєва полковника ж.м. ""Дружний"" буд. 107/1",Odesa,70.800836,4,4,1,0,701.0,701.0,1,11.6833,11.6833,100.0,25.0,0.0,EUR,2026-07-06
2026-07-12,200399,"VARUS, пр. Добровольського 122/1",Odesa,37.58432,3,3,0,0,701.0,701.0,1,11.6833,11.6833,100.0,0.0,0.0,EUR,2026-07-06
2026-07-12,862701,"VARUS, пр. Коцюбинського, 70",Vinnytsia,368.27375,23,22,1,1,701.0,701.0,1,11.6833,11.6833,100.0,4.55,4.35,EUR,2026-07-06
2026-07-12,200394,"VARUS, пр. Металургів 42А",Kryvyi Rih,56.440458,3,3,0,0,701.0,701.0,1,11.6833,11.6833,100.0,0.0,0.0,EUR,2026-07-06
2026-07-12,200380,"VARUS, пр. Миколи Бажана 38",Kyiv,24.158555,1,1,1,0,701.0,701.0,1,11.6833,11.6833,100.0,100.0,0.0,EUR,2026-07-06
2026-07-12,200359,"VARUS, пр. О. Поля, 104а",Dnipro,0.0,0,0,0,0,0.0,0.0,1,0.0,0.0,,,,EUR,2026-07-06
2026-07-12,198953,"VARUS, пр. Олександра Поля, 104",Dnipro,95.77784,4,4,0,0,701.0,701.0,1,11.6833,11.6833,100.0,0.0,0.0,EUR,2026-07-06
2026-07-12,200357,"VARUS, пр.Науки 8а",Dnipro,179.875112,12,12,4,0,701.0,701.0,1,11.6833,11.6833,100.0,33.33,0.0,EUR,2026-07-06
2026-07-12,200377,"VARUS, пр.Оболонський 47/42",Kyiv,120.140416,5,5,1,0,701.0,701.0,1,11.6833,11.6833,100.0,20.0,0.0,EUR,2026-07-06
2026-07-12,200360,"VARUS, проспект Слобожанський 86",Dnipro,57.729849,6,6,0,0,701.0,701.0,1,11.6833,11.6833,100.0,0.0,0.0,EUR,2026-07-06
2026-07-13,200367,"VARUS вул.Петра Сагайдачного, 7",Zaporizhia,60.124853,3,3,0,0,701.0,701.0,1,11.6833,11.6833,100.0,0.0,0.0,EUR,2026-07-13
2026-07-13,200390,"VARUS, 5-й Зарічний, д.19",Kryvyi Rih,35.727685,2,2,0,0,701.0,701.0,1,11.6833,11.6833,100.0,0.0,0.0,EUR,2026-07-13
2026-07-13,200383,"VARUS, Вулиця Героїв полку Азов, 12",Kyiv,0.0,0,0,0,0,0.0,701.0,1,0.0,11.6833,0.0,,,EUR,2026-07-13
2026-07-13,200364,"VARUS, Донецьке шосcе 110",Dnipro,23.842115,2,2,0,0,701.0,701.0,1,11.6833,11.6833,100.0,0.0,0.0,EUR,2026-07-13
2026-07-13,200356,"VARUS, Донецьке шосcе 9а",Dnipro,0.0,0,0,0,0,701.0,701.0,1,11.6833,11.6833,100.0,,,EUR,2026-07-13
2026-07-13,200400,"VARUS, Люстдорфська дорога 114",Odesa,89.106174,4,4,0,0,701.0,701.0,1,11.6833,11.6833,100.0,0.0,0.0,EUR,2026-07-13
2026-07-13,200392,"VARUS, Площа Шахтарської Слави 1",Kryvyi Rih,79.633307,8,8,0,0,701.0,701.0,1,11.6833,11.6833,100.0,0.0,0.0,EUR,2026-07-13
2026-07-13,200374,"VARUS, Проспект Червоної Калини 44A",Kyiv,244.360991,11,11,1,0,701.0,701.0,1,11.6833,11.6833,100.0,9.09,0.0,EUR,2026-07-13
2026-07-13,200365,"VARUS, Північно-Кільцева вулиця, 10а,",Zaporizhia,27.939442,2,2,1,0,701.0,701.0,1,11.6833,11.6833,100.0,50.0,0.0,EUR,2026-07-13
2026-07-13,200385,"VARUS, Харківське Шосе 160",Kyiv,36.824813,3,3,0,0,701.0,701.0,1,11.6833,11.6833,100.0,0.0,0.0,EUR,2026-07-13
2026-07-13,200358,"VARUS, бул. Європейський 1Д",Dnipro,132.548371,7,7,0,0,701.0,701.0,1,11.6833,11.6833,100.0,0.0,0.0,EUR,2026-07-13
2026-07-13,200372,"VARUS, бул.Будівельників 27а",Kamianske,32.262092,1,1,0,0,601.0,601.0,1,10.0167,10.0167,100.0,0.0,0.0,EUR,2026-07-13
2026-07-13,200355,"VARUS, вул Березинская 23а",Dnipro,57.314983,4,4,0,0,701.0,701.0,1,11.6833,11.6833,100.0,0.0,0.0,EUR,2026-07-13
2026-07-13,200393,"VARUS, вул. 200 річчя Кривого Рогу",Kryvyi Rih,22.46048,3,3,2,0,701.0,701.0,1,11.6833,11.6833,100.0,66.67,0.0,EUR,2026-07-13
2026-07-13,200397,"VARUS, вул. Івана Авраменко 21В",Kryvyi Rih,36.911915,3,3,0,0,701.0,701.0,1,11.6833,11.6833,100.0,0.0,0.0,EUR,2026-07-13
2026-07-13,200376,"VARUS, вул. Волинська 37",Kyiv,139.547779,10,9,1,1,701.0,701.0,1,11.6833,11.6833,100.0,11.11,10.0,EUR,2026-07-13
2026-07-13,200401,"VARUS, вул. Дача Ковалевського 91",Odesa,0.0,0,0,0,0,701.0,701.0,1,11.6833,11.6833,100.0,,,EUR,2026-07-13
2026-07-13,200378,"VARUS, вул. Деміївська 27",Kyiv,67.849391,4,4,0,0,701.0,701.0,1,11.6833,11.6833,100.0,0.0,0.0,EUR,2026-07-13
2026-07-13,200387,"VARUS, вул. Драгаманова 40г",Kyiv,8.336807,1,1,1,0,701.0,701.0,1,11.6833,11.6833,100.0,100.0,0.0,EUR,2026-07-13
2026-07-13,200391,"VARUS, вул. Жилянська 59",Kyiv,93.214903,7,7,0,0,701.0,701.0,1,11.6833,11.6833,100.0,0.0,0.0,EUR,2026-07-13
2026-07-13,200384,"VARUS, вул. Костянтинівська 2А",Kyiv,100.715689,8,7,2,1,701.0,701.0,1,11.6833,11.6833,100.0,28.57,12.5,EUR,2026-07-13
2026-07-13,200388,"VARUS, вул. Лесі Українки 30",Kyiv,0.0,0,0,0,0,701.0,701.0,1,11.6833,11.6833,100.0,,,EUR,2026-07-13
2026-07-13,200398,"VARUS, вул. Недєліна 43",Kryvyi Rih,0.0,0,0,0,0,701.0,701.0,1,11.6833,11.6833,100.0,,,EUR,2026-07-13
2026-07-13,200371,"VARUS, вул. Ольги Кобилянської 1В/23",Irpin,0.0,0,0,0,0,701.0,701.0,1,11.6833,11.6833,100.0,,,EUR,2026-07-13
2026-07-13,200351,"VARUS, вул. Паникахи 15",Dnipro,180.358236,12,11,1,1,701.0,701.0,1,11.6833,11.6833,100.0,9.09,8.33,EUR,2026-07-13
2026-07-13,200403,"VARUS, вул. Соборна 97А",Pavlohrad,48.064688,3,3,0,0,641.0,641.0,1,10.6833,10.6833,100.0,0.0,0.0,EUR,2026-07-13
2026-07-13,200389,"VARUS, вул. Срібнокільска 11",Kyiv,68.530281,4,4,0,0,721.0,721.0,1,12.0167,12.0167,100.0,0.0,0.0,EUR,2026-07-13
2026-07-13,200381,"VARUS, вул. Тютюника 39-А",Kyiv,110.055642,8,8,0,0,701.0,701.0,1,11.6833,11.6833,100.0,0.0,0.0,EUR,2026-07-13
2026-07-13,200366,"VARUS, вул. Яценка 2",Zaporizhia,250.234369,7,7,1,0,701.0,701.0,1,11.6833,11.6833,100.0,14.29,0.0,EUR,2026-07-13
2026-07-13,200352,"VARUS, вул.20річчя Перемоги  43Д",Dnipro,0.0,0,0,0,0,701.0,701.0,1,11.6833,11.6833,100.0,,,EUR,2026-07-13
2026-07-13,200375,"VARUS, вул.Андрія Малишко,3",Kyiv,192.520449,13,12,0,1,701.0,701.0,1,11.6833,11.6833,100.0,0.0,7.69,EUR,2026-07-13
2026-07-13,200379,"VARUS, вул.Бажана 10-А",Kyiv,0.0,5,0,0,5,701.0,701.0,1,11.6833,11.6833,100.0,,100.0,EUR,2026-07-13
2026-07-13,200382,"VARUS, вул.Васильківска 34",Kyiv,106.298271,6,5,1,1,701.0,701.0,1,11.6833,11.6833,100.0,20.0,16.67,EUR,2026-07-13
2026-07-13,200386,"VARUS, вул.Вишгородска 45а",Kyiv,90.726699,9,8,0,1,661.0,661.0,1,11.0167,11.0167,100.0,0.0,11.11,EUR,2026-07-13
2026-07-13,200350,"VARUS, вул.Глинки 2",Dnipro,213.737907,9,9,2,0,701.0,701.0,1,11.6833,11.6833,100.0,22.22,0.0,EUR,2026-07-13
2026-07-13,200349,"VARUS, вул.Дніпровская 1",Vyshhorod,0.0,0,0,0,0,701.0,701.0,1,11.6833,11.6833,100.0,,,EUR,2026-07-13
2026-07-13,200354,"VARUS, вул.Калиновая 9А",Dnipro,84.194653,5,5,2,0,701.0,701.0,1,11.6833,11.6833,100.0,40.0,0.0,EUR,2026-07-13
2026-07-13,200348,"VARUS, вул.Київська 239",Brovary,92.82442,6,6,0,0,701.0,701.0,1,11.6833,11.6833,100.0,0.0,0.0,EUR,2026-07-13
2026-07-13,200353,"VARUS, вул.Коммунарівська буд. 8",Dnipro,26.314786,3,3,0,0,701.0,701.0,1,11.6833,11.6833,100.0,0.0,0.0,EUR,2026-07-13
2026-07-13,200361,"VARUS, вул.Марії Кюрі 5",Dnipro,14.464215,2,2,1,0,701.0,701.0,1,11.6833,11.6833,100.0,50.0,0.0,EUR,2026-07-13
2026-07-13,200370,"VARUS, вул.Незалежної України 57В",Zaporizhia,171.958117,11,11,0,0,701.0,701.0,1,11.6833,11.6833,100.0,0.0,0.0,EUR,2026-07-13
2026-07-13,200404,"VARUS, вул.Нова 2В",Pavlohrad,20.44298,2,2,0,0,641.0,641.0,1,10.6833,10.6833,100.0,0.0,0.0,EUR,2026-07-13
2026-07-13,200363,"VARUS, вул.Робоча 67",Dnipro,65.37967,5,5,0,0,701.0,701.0,1,11.6833,11.6833,100.0,0.0,0.0,EUR,2026-07-13
2026-07-13,200369,"VARUS, вул.Тараса Шевченка 7",Kamianske,30.118759,2,2,0,0,601.0,601.0,1,10.0167,10.0167,100.0,0.0,0.0,EUR,2026-07-13
2026-07-13,200395,"VARUS, вул.Терещенко 1Е",Kryvyi Rih,0.0,0,0,0,0,701.0,701.0,1,11.6833,11.6833,100.0,,,EUR,2026-07-13
2026-07-13,200402,"VARUS, вул.Французький бульвар 22",Odesa,23.354895,1,1,0,0,701.0,701.0,1,11.6833,11.6833,100.0,0.0,0.0,EUR,2026-07-13
2026-07-13,200396,"VARUS, мкр Сонячний 41а",Kryvyi Rih,0.0,0,0,0,0,701.0,701.0,1,11.6833,11.6833,100.0,,,EUR,2026-07-13
2026-07-13,200362,"VARUS, пр. Івана Мазепи, 58",Dnipro,50.210774,4,4,0,0,701.0,701.0,1,11.6833,11.6833,100.0,0.0,0.0,EUR,2026-07-13
2026-07-13,200373,"VARUS, пр. Академіка Паладіна 16/39",Kyiv,255.204281,14,14,1,0,701.0,701.0,1,11.6833,11.6833,100.0,7.14,0.0,EUR,2026-07-13
2026-07-13,200368,"VARUS, пр. Героїв 2",Dnipro,223.279199,15,14,3,1,701.0,701.0,1,11.6833,11.6833,100.0,21.43,6.67,EUR,2026-07-13
2026-07-13,200408,"VARUS, пр. Гуляєва полковника ж.м. ""Дружний"" буд. 107/1",Odesa,63.363548,4,4,2,0,701.0,701.0,1,11.6833,11.6833,100.0,50.0,0.0,EUR,2026-07-13
2026-07-13,200399,"VARUS, пр. Добровольського 122/1",Odesa,11.140189,1,1,0,0,701.0,701.0,1,11.6833,11.6833,100.0,0.0,0.0,EUR,2026-07-13
2026-07-13,862701,"VARUS, пр. Коцюбинського, 70",Vinnytsia,205.105976,16,14,1,2,701.0,701.0,1,11.6833,11.6833,100.0,7.14,12.5,EUR,2026-07-13
2026-07-13,200394,"VARUS, пр. Металургів 42А",Kryvyi Rih,61.319308,6,5,2,1,701.0,701.0,1,11.6833,11.6833,100.0,40.0,16.67,EUR,2026-07-13
2026-07-13,200380,"VARUS, пр. Миколи Бажана 38",Kyiv,31.014746,3,3,0,0,701.0,701.0,1,11.6833,11.6833,100.0,0.0,0.0,EUR,2026-07-13
2026-07-13,200359,"VARUS, пр. О. Поля, 104а",Dnipro,0.0,0,0,0,0,0.0,0.0,1,0.0,0.0,,,,EUR,2026-07-13
2026-07-13,198953,"VARUS, пр. Олександра Поля, 104",Dnipro,88.563115,7,6,2,1,701.0,701.0,1,11.6833,11.6833,100.0,33.33,14.29,EUR,2026-07-13
2026-07-13,200357,"VARUS, пр.Науки 8а",Dnipro,79.935706,6,5,0,1,701.0,701.0,1,11.6833,11.6833,100.0,0.0,16.67,EUR,2026-07-13
2026-07-13,200377,"VARUS, пр.Оболонський 47/42",Kyiv,143.230434,8,8,3,0,701.0,701.0,1,11.6833,11.6833,100.0,37.5,0.0,EUR,2026-07-13
2026-07-13,200360,"VARUS, проспект Слобожанський 86",Dnipro,17.926268,2,1,0,1,701.0,701.0,1,11.6833,11.6833,100.0,0.0,50.0,EUR,2026-07-13
2026-07-14,200367,"VARUS вул.Петра Сагайдачного, 7",Zaporizhia,67.458637,7,6,1,1,701.0,701.0,1,11.6833,11.6833,100.0,16.67,14.29,EUR,2026-07-13
2026-07-14,200390,"VARUS, 5-й Зарічний, д.19",Kryvyi Rih,17.034087,2,1,1,1,701.0,701.0,1,11.6833,11.6833,100.0,100.0,50.0,EUR,2026-07-13
2026-07-14,200383,"VARUS, Вулиця Героїв полку Азов, 12",Kyiv,0.0,0,0,0,0,0.0,701.0,1,0.0,11.6833,0.0,,,EUR,2026-07-13
2026-07-14,200364,"VARUS, Донецьке шосcе 110",Dnipro,0.0,0,0,0,0,701.0,701.0,1,11.6833,11.6833,100.0,,,EUR,2026-07-13
2026-07-14,200356,"VARUS, Донецьке шосcе 9а",Dnipro,9.536158,1,1,1,0,701.0,701.0,1,11.6833,11.6833,100.0,100.0,0.0,EUR,2026-07-13
2026-07-14,200400,"VARUS, Люстдорфська дорога 114",Odesa,77.653707,4,4,0,0,701.0,701.0,1,11.6833,11.6833,100.0,0.0,0.0,EUR,2026-07-13
2026-07-14,200392,"VARUS, Площа Шахтарської Слави 1",Kryvyi Rih,145.997287,10,10,0,0,701.0,701.0,1,11.6833,11.6833,100.0,0.0,0.0,EUR,2026-07-13
2026-07-14,200374,"VARUS, Проспект Червоної Калини 44A",Kyiv,79.234186,6,6,0,0,701.0,701.0,1,11.6833,11.6833,100.0,0.0,0.0,EUR,2026-07-13
2026-07-14,200365,"VARUS, Північно-Кільцева вулиця, 10а,",Zaporizhia,33.55754,4,3,0,1,701.0,701.0,1,11.6833,11.6833,100.0,0.0,25.0,EUR,2026-07-13
2026-07-14,200385,"VARUS, Харківське Шосе 160",Kyiv,119.875781,7,7,0,0,701.0,701.0,1,11.6833,11.6833,100.0,0.0,0.0,EUR,2026-07-13
2026-07-14,200358,"VARUS, бул. Європейський 1Д",Dnipro,38.306816,4,3,0,1,701.0,701.0,1,11.6833,11.6833,100.0,0.0,25.0,EUR,2026-07-13
2026-07-14,200372,"VARUS, бул.Будівельників 27а",Kamianske,0.0,0,0,0,0,601.0,601.0,1,10.0167,10.0167,100.0,,,EUR,2026-07-13
2026-07-14,200355,"VARUS, вул Березинская 23а",Dnipro,141.303442,11,11,2,0,701.0,701.0,1,11.6833,11.6833,100.0,18.18,0.0,EUR,2026-07-13
2026-07-14,200393,"VARUS, вул. 200 річчя Кривого Рогу",Kryvyi Rih,113.174456,7,7,1,0,701.0,701.0,1,11.6833,11.6833,100.0,14.29,0.0,EUR,2026-07-13
2026-07-14,200397,"VARUS, вул. Івана Авраменко 21В",Kryvyi Rih,63.394909,5,5,1,0,701.0,701.0,1,11.6833,11.6833,100.0,20.0,0.0,EUR,2026-07-13
2026-07-14,200376,"VARUS, вул. Волинська 37",Kyiv,38.429039,5,5,1,0,701.0,701.0,1,11.6833,11.6833,100.0,20.0,0.0,EUR,2026-07-13
2026-07-14,200401,"VARUS, вул. Дача Ковалевського 91",Odesa,0.0,0,0,0,0,701.0,701.0,1,11.6833,11.6833,100.0,,,EUR,2026-07-13
2026-07-14,200378,"VARUS, вул. Деміївська 27",Kyiv,107.037242,9,9,1,0,701.0,701.0,1,11.6833,11.6833,100.0,11.11,0.0,EUR,2026-07-13
2026-07-14,200387,"VARUS, вул. Драгаманова 40г",Kyiv,38.098214,3,3,0,0,701.0,701.0,1,11.6833,11.6833,100.0,0.0,0.0,EUR,2026-07-13
2026-07-14,200391,"VARUS, вул. Жилянська 59",Kyiv,149.163731,12,11,1,1,701.0,701.0,1,11.6833,11.6833,100.0,9.09,8.33,EUR,2026-07-13
2026-07-14,200384,"VARUS, вул. Костянтинівська 2А",Kyiv,18.389121,1,1,0,0,701.0,701.0,1,11.6833,11.6833,100.0,0.0,0.0,EUR,2026-07-13
2026-07-14,200388,"VARUS, вул. Лесі Українки 30",Kyiv,0.0,0,0,0,0,701.0,701.0,1,11.6833,11.6833,100.0,,,EUR,2026-07-13
2026-07-14,200398,"VARUS, вул. Недєліна 43",Kryvyi Rih,0.0,0,0,0,0,701.0,701.0,1,11.6833,11.6833,100.0,,,EUR,2026-07-13
2026-07-14,200371,"VARUS, вул. Ольги Кобилянської 1В/23",Irpin,0.0,0,0,0,0,149.38333333333333,700.9166666666666,1,2.4897,11.6819,21.31,,,EUR,2026-07-13
2026-07-14,200351,"VARUS, вул. Паникахи 15",Dnipro,20.883729,4,2,0,2,701.0,701.0,1,11.6833,11.6833,100.0,0.0,50.0,EUR,2026-07-13
2026-07-14,200403,"VARUS, вул. Соборна 97А",Pavlohrad,59.181535,5,5,0,0,641.0,641.0,1,10.6833,10.6833,100.0,0.0,0.0,EUR,2026-07-13
2026-07-14,200389,"VARUS, вул. Срібнокільска 11",Kyiv,114.137552,5,5,1,0,721.0,721.0,1,12.0167,12.0167,100.0,20.0,0.0,EUR,2026-07-13
2026-07-14,200381,"VARUS, вул. Тютюника 39-А",Kyiv,264.926812,16,16,2,0,701.0,701.0,1,11.6833,11.6833,100.0,12.5,0.0,EUR,2026-07-13
2026-07-14,200366,"VARUS, вул. Яценка 2",Zaporizhia,157.528192,10,10,2,0,701.0,701.0,1,11.6833,11.6833,100.0,20.0,0.0,EUR,2026-07-13
2026-07-14,200352,"VARUS, вул.20річчя Перемоги  43Д",Dnipro,0.0,0,0,0,0,701.0,701.0,1,11.6833,11.6833,100.0,,,EUR,2026-07-13
2026-07-14,200375,"VARUS, вул.Андрія Малишко,3",Kyiv,171.890406,9,9,4,0,701.0,701.0,1,11.6833,11.6833,100.0,44.44,0.0,EUR,2026-07-13
2026-07-14,200379,"VARUS, вул.Бажана 10-А",Kyiv,0.0,3,0,0,3,701.0,701.0,1,11.6833,11.6833,100.0,,100.0,EUR,2026-07-13
2026-07-14,200382,"VARUS, вул.Васильківска 34",Kyiv,157.027743,10,9,0,1,701.0,701.0,1,11.6833,11.6833,100.0,0.0,10.0,EUR,2026-07-13
2026-07-14,200386,"VARUS, вул.Вишгородска 45а",Kyiv,209.340874,16,16,0,0,661.0,661.0,1,11.0167,11.0167,100.0,0.0,0.0,EUR,2026-07-13
2026-07-14,200350,"VARUS, вул.Глинки 2",Dnipro,103.522732,7,7,1,0,701.0,701.0,1,11.6833,11.6833,100.0,14.29,0.0,EUR,2026-07-13
2026-07-14,200349,"VARUS, вул.Дніпровская 1",Vyshhorod,0.0,0,0,0,0,701.0,701.0,1,11.6833,11.6833,100.0,,,EUR,2026-07-13
2026-07-14,200354,"VARUS, вул.Калиновая 9А",Dnipro,188.611296,12,12,4,0,701.0,701.0,1,11.6833,11.6833,100.0,33.33,0.0,EUR,2026-07-13
2026-07-14,200348,"VARUS, вул.Київська 239",Brovary,72.459999,7,7,1,0,701.0,701.0,1,11.6833,11.6833,100.0,14.29,0.0,EUR,2026-07-13
2026-07-14,200353,"VARUS, вул.Коммунарівська буд. 8",Dnipro,51.02842,4,4,0,0,701.0,701.0,1,11.6833,11.6833,100.0,0.0,0.0,EUR,2026-07-13
2026-07-14,200361,"VARUS, вул.Марії Кюрі 5",Dnipro,63.342417,4,3,1,1,701.0,701.0,1,11.6833,11.6833,100.0,33.33,25.0,EUR,2026-07-13
2026-07-14,200370,"VARUS, вул.Незалежної України 57В",Zaporizhia,110.132783,7,7,1,0,701.0,701.0,1,11.6833,11.6833,100.0,14.29,0.0,EUR,2026-07-13
2026-07-14,200404,"VARUS, вул.Нова 2В",Pavlohrad,0.0,0,0,0,0,641.0,641.0,1,10.6833,10.6833,100.0,,,EUR,2026-07-13
2026-07-14,200363,"VARUS, вул.Робоча 67",Dnipro,56.290486,4,4,2,0,701.0,701.0,1,11.6833,11.6833,100.0,50.0,0.0,EUR,2026-07-13
2026-07-14,200369,"VARUS, вул.Тараса Шевченка 7",Kamianske,0.0,0,0,0,0,601.0,601.0,1,10.0167,10.0167,100.0,,,EUR,2026-07-13
2026-07-14,200395,"VARUS, вул.Терещенко 1Е",Kryvyi Rih,0.0,0,0,0,0,701.0,701.0,1,11.6833,11.6833,100.0,,,EUR,2026-07-13
2026-07-14,200402,"VARUS, вул.Французький бульвар 22",Odesa,0.0,3,0,0,3,701.0,701.0,1,11.6833,11.6833,100.0,,100.0,EUR,2026-07-13
2026-07-14,200396,"VARUS, мкр Сонячний 41а",Kryvyi Rih,12.220958,1,1,0,0,701.0,701.0,1,11.6833,11.6833,100.0,0.0,0.0,EUR,2026-07-13
2026-07-14,200362,"VARUS, пр. Івана Мазепи, 58",Dnipro,19.763545,3,1,0,2,701.0,701.0,1,11.6833,11.6833,100.0,0.0,66.67,EUR,2026-07-13
2026-07-14,200373,"VARUS, пр. Академіка Паладіна 16/39",Kyiv,252.313133,15,15,1,0,701.0,701.0,1,11.6833,11.6833,100.0,6.67,0.0,EUR,2026-07-13
2026-07-14,200368,"VARUS, пр. Героїв 2",Dnipro,253.46466,19,19,2,0,701.0,701.0,1,11.6833,11.6833,100.0,10.53,0.0,EUR,2026-07-13
2026-07-14,200408,"VARUS, пр. Гуляєва полковника ж.м. ""Дружний"" буд. 107/1",Odesa,0.0,0,0,0,0,701.0,701.0,1,11.6833,11.6833,100.0,,,EUR,2026-07-13
2026-07-14,200399,"VARUS, пр. Добровольського 122/1",Odesa,101.637869,4,4,2,0,701.0,701.0,1,11.6833,11.6833,100.0,50.0,0.0,EUR,2026-07-13
2026-07-14,862701,"VARUS, пр. Коцюбинського, 70",Vinnytsia,374.095718,23,22,3,1,701.0,701.0,1,11.6833,11.6833,100.0,13.64,4.35,EUR,2026-07-13
2026-07-14,200394,"VARUS, пр. Металургів 42А",Kryvyi Rih,66.18489,8,7,0,1,701.0,701.0,1,11.6833,11.6833,100.0,0.0,12.5,EUR,2026-07-13
2026-07-14,200380,"VARUS, пр. Миколи Бажана 38",Kyiv,14.123449,1,1,0,0,701.0,701.0,1,11.6833,11.6833,100.0,0.0,0.0,EUR,2026-07-13
2026-07-14,200359,"VARUS, пр. О. Поля, 104а",Dnipro,0.0,0,0,0,0,0.0,0.0,1,0.0,0.0,,,,EUR,2026-07-13
2026-07-14,198953,"VARUS, пр. Олександра Поля, 104",Dnipro,148.799606,9,9,2,0,701.0,701.0,1,11.6833,11.6833,100.0,22.22,0.0,EUR,2026-07-13
2026-07-14,200357,"VARUS, пр.Науки 8а",Dnipro,169.522916,9,9,3,0,701.0,701.0,1,11.6833,11.6833,100.0,33.33,0.0,EUR,2026-07-13
2026-07-14,200377,"VARUS, пр.Оболонський 47/42",Kyiv,81.763464,5,5,2,0,701.0,701.0,1,11.6833,11.6833,100.0,40.0,0.0,EUR,2026-07-13
2026-07-14,200360,"VARUS, проспект Слобожанський 86",Dnipro,23.001287,2,2,0,0,701.0,701.0,1,11.6833,11.6833,100.0,0.0,0.0,EUR,2026-07-13
2026-07-15,200367,"VARUS вул.Петра Сагайдачного, 7",Zaporizhia,43.418155,3,3,0,0,701.3666666666667,701.3666666666667,1,11.6894,11.6894,100.0,0.0,0.0,EUR,2026-07-13
2026-07-15,200390,"VARUS, 5-й Зарічний, д.19",Kryvyi Rih,46.017844,3,3,0,0,701.3666666666667,701.3666666666667,1,11.6894,11.6894,100.0,0.0,0.0,EUR,2026-07-13
2026-07-15,200383,"VARUS, Вулиця Героїв полку Азов, 12",Kyiv,54.42592,3,3,0,0,274.75,701.3666666666667,1,4.5792,11.6894,39.17,0.0,0.0,EUR,2026-07-13
2026-07-15,200364,"VARUS, Донецьке шосcе 110",Dnipro,9.546392,1,1,0,0,701.3666666666667,701.3666666666667,1,11.6894,11.6894,100.0,0.0,0.0,EUR,2026-07-13
2026-07-15,200356,"VARUS, Донецьке шосcе 9а",Dnipro,29.264196,2,2,1,0,701.3666666666667,701.3666666666667,1,11.6894,11.6894,100.0,50.0,0.0,EUR,2026-07-13
2026-07-15,200400,"VARUS, Люстдорфська дорога 114",Odesa,245.094377,10,10,1,0,701.3666666666667,701.3666666666667,1,11.6894,11.6894,100.0,10.0,0.0,EUR,2026-07-13
2026-07-15,200392,"VARUS, Площа Шахтарської Слави 1",Kryvyi Rih,189.094778,15,14,1,1,701.3666666666667,701.3666666666667,1,11.6894,11.6894,100.0,7.14,6.67,EUR,2026-07-13
2026-07-15,200374,"VARUS, Проспект Червоної Калини 44A",Kyiv,99.833981,7,7,0,0,701.3666666666667,701.3666666666667,1,11.6894,11.6894,100.0,0.0,0.0,EUR,2026-07-13
2026-07-15,200365,"VARUS, Північно-Кільцева вулиця, 10а,",Zaporizhia,45.325244,2,2,0,0,701.3666666666667,701.3666666666667,1,11.6894,11.6894,100.0,0.0,0.0,EUR,2026-07-13
2026-07-15,200385,"VARUS, Харківське Шосе 160",Kyiv,31.695717,2,2,0,0,701.3666666666667,701.3666666666667,1,11.6894,11.6894,100.0,0.0,0.0,EUR,2026-07-13
2026-07-15,200358,"VARUS, бул. Європейський 1Д",Dnipro,23.916763,2,2,1,0,701.3666666666667,701.3666666666667,1,11.6894,11.6894,100.0,50.0,0.0,EUR,2026-07-13
2026-07-15,200372,"VARUS, бул.Будівельників 27а",Kamianske,22.468475,1,1,0,0,601.3666666666667,601.3666666666667,1,10.0228,10.0228,100.0,0.0,0.0,EUR,2026-07-13
2026-07-15,200355,"VARUS, вул Березинская 23а",Dnipro,74.918357,7,7,0,0,701.3666666666667,701.3666666666667,1,11.6894,11.6894,100.0,0.0,0.0,EUR,2026-07-13
2026-07-15,200393,"VARUS, вул. 200 річчя Кривого Рогу",Kryvyi Rih,45.907099,3,3,0,0,701.3666666666667,701.3666666666667,1,11.6894,11.6894,100.0,0.0,0.0,EUR,2026-07-13
2026-07-15,200397,"VARUS, вул. Івана Авраменко 21В",Kryvyi Rih,78.06709,6,6,1,0,701.3666666666667,701.3666666666667,1,11.6894,11.6894,100.0,16.67,0.0,EUR,2026-07-13
2026-07-15,200376,"VARUS, вул. Волинська 37",Kyiv,142.183739,7,7,3,0,701.3666666666667,701.3666666666667,1,11.6894,11.6894,100.0,42.86,0.0,EUR,2026-07-13
2026-07-15,200401,"VARUS, вул. Дача Ковалевського 91",Odesa,0.0,0,0,0,0,701.3666666666667,701.3666666666667,1,11.6894,11.6894,100.0,,,EUR,2026-07-13
2026-07-15,200378,"VARUS, вул. Деміївська 27",Kyiv,93.492179,6,6,1,0,701.3666666666667,701.3666666666667,1,11.6894,11.6894,100.0,16.67,0.0,EUR,2026-07-13
2026-07-15,200387,"VARUS, вул. Драгаманова 40г",Kyiv,30.415402,2,2,0,0,701.3666666666667,701.3666666666667,1,11.6894,11.6894,100.0,0.0,0.0,EUR,2026-07-13
2026-07-15,200391,"VARUS, вул. Жилянська 59",Kyiv,257.000218,16,16,1,0,701.3666666666667,701.3666666666667,1,11.6894,11.6894,100.0,6.25,0.0,EUR,2026-07-13
2026-07-15,200384,"VARUS, вул. Костянтинівська 2А",Kyiv,38.255101,4,4,0,0,701.3666666666667,701.3666666666667,1,11.6894,11.6894,100.0,0.0,0.0,EUR,2026-07-13
2026-07-15,200388,"VARUS, вул. Лесі Українки 30",Kyiv,0.0,0,0,0,0,701.3666666666667,701.3666666666667,1,11.6894,11.6894,100.0,,,EUR,2026-07-13
2026-07-15,200398,"VARUS, вул. Недєліна 43",Kryvyi Rih,0.0,0,0,0,0,701.3666666666667,701.3666666666667,1,11.6894,11.6894,100.0,,,EUR,2026-07-13
2026-07-15,200371,"VARUS, вул. Ольги Кобилянської 1В/23",Irpin,57.451796,4,4,0,0,274.6666666666667,701.3666666666667,1,4.5778,11.6894,39.16,0.0,0.0,EUR,2026-07-13
2026-07-15,200351,"VARUS, вул. Паникахи 15",Dnipro,133.145762,8,8,0,0,701.3666666666667,701.3666666666667,1,11.6894,11.6894,100.0,0.0,0.0,EUR,2026-07-13
2026-07-15,200403,"VARUS, вул. Соборна 97А",Pavlohrad,17.942552,2,2,0,0,641.3666666666667,641.3666666666667,1,10.6894,10.6894,100.0,0.0,0.0,EUR,2026-07-13
2026-07-15,200389,"VARUS, вул. Срібнокільска 11",Kyiv,103.095606,7,7,0,0,721.3666666666667,721.3666666666667,1,12.0228,12.0228,100.0,0.0,0.0,EUR,2026-07-13
2026-07-15,200381,"VARUS, вул. Тютюника 39-А",Kyiv,63.075995,7,6,1,1,701.3666666666667,701.3666666666667,1,11.6894,11.6894,100.0,16.67,14.29,EUR,2026-07-13
2026-07-15,200366,"VARUS, вул. Яценка 2",Zaporizhia,162.946695,7,7,2,0,701.3666666666667,701.3666666666667,1,11.6894,11.6894,100.0,28.57,0.0,EUR,2026-07-13
2026-07-15,200352,"VARUS, вул.20річчя Перемоги  43Д",Dnipro,0.0,0,0,0,0,701.3666666666667,701.3666666666667,1,11.6894,11.6894,100.0,,,EUR,2026-07-13
2026-07-15,200375,"VARUS, вул.Андрія Малишко,3",Kyiv,333.710623,19,19,5,0,701.3666666666667,701.3666666666667,1,11.6894,11.6894,100.0,26.32,0.0,EUR,2026-07-13
2026-07-15,200379,"VARUS, вул.Бажана 10-А",Kyiv,15.439154,2,2,0,0,701.3666666666667,701.3666666666667,1,11.6894,11.6894,100.0,0.0,0.0,EUR,2026-07-13
2026-07-15,200382,"VARUS, вул.Васильківска 34",Kyiv,265.682521,18,15,1,3,701.3666666666667,701.3666666666667,1,11.6894,11.6894,100.0,6.67,16.67,EUR,2026-07-13
2026-07-15,200386,"VARUS, вул.Вишгородска 45а",Kyiv,106.800406,6,6,0,0,661.3666666666667,661.3666666666667,1,11.0228,11.0228,100.0,0.0,0.0,EUR,2026-07-13
2026-07-15,200350,"VARUS, вул.Глинки 2",Dnipro,235.889011,14,14,3,0,701.3666666666667,701.3666666666667,1,11.6894,11.6894,100.0,21.43,0.0,EUR,2026-07-13
2026-07-15,200349,"VARUS, вул.Дніпровская 1",Vyshhorod,0.0,0,0,0,0,701.3666666666667,701.3666666666667,1,11.6894,11.6894,100.0,,,EUR,2026-07-13
2026-07-15,200354,"VARUS, вул.Калиновая 9А",Dnipro,200.189069,10,10,2,0,701.3666666666667,701.3666666666667,1,11.6894,11.6894,100.0,20.0,0.0,EUR,2026-07-13
2026-07-15,200348,"VARUS, вул.Київська 239",Brovary,126.813532,10,10,0,0,701.3666666666667,701.3666666666667,1,11.6894,11.6894,100.0,0.0,0.0,EUR,2026-07-13
2026-07-15,200353,"VARUS, вул.Коммунарівська буд. 8",Dnipro,33.655935,3,3,0,0,701.3666666666667,701.3666666666667,1,11.6894,11.6894,100.0,0.0,0.0,EUR,2026-07-13
2026-07-15,200361,"VARUS, вул.Марії Кюрі 5",Dnipro,24.694522,2,2,0,0,701.3666666666667,701.3666666666667,1,11.6894,11.6894,100.0,0.0,0.0,EUR,2026-07-13
2026-07-15,200370,"VARUS, вул.Незалежної України 57В",Zaporizhia,124.890036,9,9,1,0,701.3666666666667,701.3666666666667,1,11.6894,11.6894,100.0,11.11,0.0,EUR,2026-07-13
2026-07-15,200404,"VARUS, вул.Нова 2В",Pavlohrad,24.39666,3,3,2,0,641.3666666666667,641.3666666666667,1,10.6894,10.6894,100.0,66.67,0.0,EUR,2026-07-13
2026-07-15,200363,"VARUS, вул.Робоча 67",Dnipro,91.001475,6,6,0,0,701.3666666666667,701.3666666666667,1,11.6894,11.6894,100.0,0.0,0.0,EUR,2026-07-13
2026-07-15,200369,"VARUS, вул.Тараса Шевченка 7",Kamianske,28.340534,1,1,0,0,601.3666666666667,601.3666666666667,1,10.0228,10.0228,100.0,0.0,0.0,EUR,2026-07-13
2026-07-15,200395,"VARUS, вул.Терещенко 1Е",Kryvyi Rih,0.0,0,0,0,0,701.3666666666667,701.3666666666667,1,11.6894,11.6894,100.0,,,EUR,2026-07-13
2026-07-15,200402,"VARUS, вул.Французький бульвар 22",Odesa,28.570229,1,1,0,0,701.3666666666667,701.3666666666667,1,11.6894,11.6894,100.0,0.0,0.0,EUR,2026-07-13
2026-07-15,200396,"VARUS, мкр Сонячний 41а",Kryvyi Rih,13.601597,1,1,1,0,701.3666666666667,701.3666666666667,1,11.6894,11.6894,100.0,100.0,0.0,EUR,2026-07-13
2026-07-15,200362,"VARUS, пр. Івана Мазепи, 58",Dnipro,36.135114,3,2,0,1,701.3666666666667,701.3666666666667,1,11.6894,11.6894,100.0,0.0,33.33,EUR,2026-07-13
2026-07-15,200373,"VARUS, пр. Академіка Паладіна 16/39",Kyiv,415.986048,19,18,2,1,701.3666666666667,701.3666666666667,1,11.6894,11.6894,100.0,11.11,5.26,EUR,2026-07-13
2026-07-15,200368,"VARUS, пр. Героїв 2",Dnipro,143.895123,13,13,0,0,701.3666666666667,701.3666666666667,1,11.6894,11.6894,100.0,0.0,0.0,EUR,2026-07-13
2026-07-15,200408,"VARUS, пр. Гуляєва полковника ж.м. ""Дружний"" буд. 107/1",Odesa,22.440741,3,2,0,1,701.3666666666667,701.3666666666667,1,11.6894,11.6894,100.0,0.0,33.33,EUR,2026-07-13
2026-07-15,200399,"VARUS, пр. Добровольського 122/1",Odesa,17.139207,1,1,0,0,701.3666666666667,701.3666666666667,1,11.6894,11.6894,100.0,0.0,0.0,EUR,2026-07-13
2026-07-15,862701,"VARUS, пр. Коцюбинського, 70",Vinnytsia,304.737648,22,20,1,2,701.3666666666667,701.3666666666667,1,11.6894,11.6894,100.0,5.0,9.09,EUR,2026-07-13
2026-07-15,200394,"VARUS, пр. Металургів 42А",Kryvyi Rih,99.107393,8,8,0,0,701.3666666666667,701.3666666666667,1,11.6894,11.6894,100.0,0.0,0.0,EUR,2026-07-13
2026-07-15,200380,"VARUS, пр. Миколи Бажана 38",Kyiv,76.312345,4,4,0,0,701.3666666666667,701.3666666666667,1,11.6894,11.6894,100.0,0.0,0.0,EUR,2026-07-13
2026-07-15,200359,"VARUS, пр. О. Поля, 104а",Dnipro,0.0,0,0,0,0,0.0,0.0,1,0.0,0.0,,,,EUR,2026-07-13
2026-07-15,198953,"VARUS, пр. Олександра Поля, 104",Dnipro,41.689194,4,4,0,0,701.3666666666667,701.3666666666667,1,11.6894,11.6894,100.0,0.0,0.0,EUR,2026-07-13
2026-07-15,200357,"VARUS, пр.Науки 8а",Dnipro,141.143864,7,6,1,1,701.3666666666667,701.3666666666667,1,11.6894,11.6894,100.0,16.67,14.29,EUR,2026-07-13
2026-07-15,200377,"VARUS, пр.Оболонський 47/42",Kyiv,76.308634,8,8,0,0,701.3666666666667,701.3666666666667,1,11.6894,11.6894,100.0,0.0,0.0,EUR,2026-07-13
2026-07-15,200360,"VARUS, проспект Слобожанський 86",Dnipro,8.373504,1,1,0,0,701.3666666666667,701.3666666666667,1,11.6894,11.6894,100.0,0.0,0.0,EUR,2026-07-13
2026-07-16,200367,"VARUS вул.Петра Сагайдачного, 7",Zaporizhia,0.0,0,0,0,0,700.5,700.5,1,11.675,11.675,100.0,,,EUR,2026-07-13
2026-07-16,200390,"VARUS, 5-й Зарічний, д.19",Kryvyi Rih,0.0,0,0,0,0,700.5,700.5,1,11.675,11.675,100.0,,,EUR,2026-07-13
2026-07-16,200383,"VARUS, Вулиця Героїв полку Азов, 12",Kyiv,40.506479,5,4,0,1,700.5,700.5,1,11.675,11.675,100.0,0.0,20.0,EUR,2026-07-13
2026-07-16,200364,"VARUS, Донецьке шосcе 110",Dnipro,0.0,0,0,0,0,700.5,700.5,1,11.675,11.675,100.0,,,EUR,2026-07-13
2026-07-16,200356,"VARUS, Донецьке шосcе 9а",Dnipro,0.0,0,0,0,0,700.5,700.5,1,11.675,11.675,100.0,,,EUR,2026-07-13
2026-07-16,200400,"VARUS, Люстдорфська дорога 114",Odesa,32.112505,3,3,0,0,700.5,700.5,1,11.675,11.675,100.0,0.0,0.0,EUR,2026-07-13
2026-07-16,200392,"VARUS, Площа Шахтарської Слави 1",Kryvyi Rih,169.075165,9,9,1,0,700.5,700.5,1,11.675,11.675,100.0,11.11,0.0,EUR,2026-07-13
2026-07-16,200374,"VARUS, Проспект Червоної Калини 44A",Kyiv,0.0,0,0,0,0,700.5,700.5,1,11.675,11.675,100.0,,,EUR,2026-07-13
2026-07-16,200365,"VARUS, Північно-Кільцева вулиця, 10а,",Zaporizhia,0.0,1,0,0,1,700.5,700.5,1,11.675,11.675,100.0,,100.0,EUR,2026-07-13
2026-07-16,200385,"VARUS, Харківське Шосе 160",Kyiv,58.548673,4,4,0,0,700.5,700.5,1,11.675,11.675,100.0,0.0,0.0,EUR,2026-07-13
2026-07-16,200358,"VARUS, бул. Європейський 1Д",Dnipro,48.692486,4,4,0,0,700.5,700.5,1,11.675,11.675,100.0,0.0,0.0,EUR,2026-07-13
2026-07-16,200372,"VARUS, бул.Будівельників 27а",Kamianske,0.0,0,0,0,0,600.5,600.5,1,10.0083,10.0083,100.0,,,EUR,2026-07-13
2026-07-16,200355,"VARUS, вул Березинская 23а",Dnipro,36.925062,2,2,1,0,700.5,700.5,1,11.675,11.675,100.0,50.0,0.0,EUR,2026-07-13
2026-07-16,200393,"VARUS, вул. 200 річчя Кривого Рогу",Kryvyi Rih,0.0,0,0,0,0,700.5,700.5,1,11.675,11.675,100.0,,,EUR,2026-07-13
2026-07-16,200397,"VARUS, вул. Івана Авраменко 21В",Kryvyi Rih,60.255275,3,3,0,0,700.5,700.5,1,11.675,11.675,100.0,0.0,0.0,EUR,2026-07-13
2026-07-16,200376,"VARUS, вул. Волинська 37",Kyiv,21.412317,2,1,0,1,700.5,700.5,1,11.675,11.675,100.0,0.0,50.0,EUR,2026-07-13
2026-07-16,200401,"VARUS, вул. Дача Ковалевського 91",Odesa,0.0,0,0,0,0,700.5,700.5,1,11.675,11.675,100.0,,,EUR,2026-07-13
2026-07-16,200378,"VARUS, вул. Деміївська 27",Kyiv,14.693027,1,1,0,0,700.5,700.5,1,11.675,11.675,100.0,0.0,0.0,EUR,2026-07-13
2026-07-16,200387,"VARUS, вул. Драгаманова 40г",Kyiv,45.473149,4,3,1,1,700.5,700.5,1,11.675,11.675,100.0,33.33,25.0,EUR,2026-07-13
2026-07-16,200391,"VARUS, вул. Жилянська 59",Kyiv,200.890606,13,13,1,0,700.5,700.5,1,11.675,11.675,100.0,7.69,0.0,EUR,2026-07-13
2026-07-16,200384,"VARUS, вул. Костянтинівська 2А",Kyiv,48.747709,4,4,2,0,700.5,700.5,1,11.675,11.675,100.0,50.0,0.0,EUR,2026-07-13
2026-07-16,200388,"VARUS, вул. Лесі Українки 30",Kyiv,0.0,0,0,0,0,700.5,700.5,1,11.675,11.675,100.0,,,EUR,2026-07-13
2026-07-16,200398,"VARUS, вул. Недєліна 43",Kryvyi Rih,0.0,0,0,0,0,700.5,700.5,1,11.675,11.675,100.0,,,EUR,2026-07-13
2026-07-16,200371,"VARUS, вул. Ольги Кобилянської 1В/23",Irpin,14.325858,1,1,0,0,700.5,700.5,1,11.675,11.675,100.0,0.0,0.0,EUR,2026-07-13
2026-07-16,200351,"VARUS, вул. Паникахи 15",Dnipro,1.909279,1,1,0,0,700.5,700.5,1,11.675,11.675,100.0,0.0,0.0,EUR,2026-07-13
2026-07-16,200403,"VARUS, вул. Соборна 97А",Pavlohrad,33.529091,3,3,1,0,640.5,640.5,1,10.675,10.675,100.0,33.33,0.0,EUR,2026-07-13
2026-07-16,200389,"VARUS, вул. Срібнокільска 11",Kyiv,103.929588,7,7,0,0,720.5,720.5,1,12.0083,12.0083,100.0,0.0,0.0,EUR,2026-07-13
2026-07-16,200381,"VARUS, вул. Тютюника 39-А",Kyiv,0.0,1,0,0,1,700.5,700.5,1,11.675,11.675,100.0,,100.0,EUR,2026-07-13
2026-07-16,200366,"VARUS, вул. Яценка 2",Zaporizhia,7.468707,1,1,0,0,700.5,700.5,1,11.675,11.675,100.0,0.0,0.0,EUR,2026-07-13
2026-07-16,200352,"VARUS, вул.20річчя Перемоги  43Д",Dnipro,0.0,0,0,0,0,700.5,700.5,1,11.675,11.675,100.0,,,EUR,2026-07-13
2026-07-16,200375,"VARUS, вул.Андрія Малишко,3",Kyiv,57.231174,3,3,0,0,700.5,700.5,1,11.675,11.675,100.0,0.0,0.0,EUR,2026-07-13
2026-07-16,200379,"VARUS, вул.Бажана 10-А",Kyiv,0.0,0,0,0,0,700.5,700.5,1,11.675,11.675,100.0,,,EUR,2026-07-13
2026-07-16,200382,"VARUS, вул.Васильківска 34",Kyiv,417.859694,26,25,9,1,700.5,700.5,1,11.675,11.675,100.0,36.0,3.85,EUR,2026-07-13
2026-07-16,200386,"VARUS, вул.Вишгородска 45а",Kyiv,12.143405,2,2,0,0,660.5,660.5,1,11.0083,11.0083,100.0,0.0,0.0,EUR,2026-07-13
2026-07-16,200350,"VARUS, вул.Глинки 2",Dnipro,0.0,0,0,0,0,700.5,700.5,1,11.675,11.675,100.0,,,EUR,2026-07-13
2026-07-16,200349,"VARUS, вул.Дніпровская 1",Vyshhorod,25.667562,1,1,0,0,700.5,700.5,1,11.675,11.675,100.0,0.0,0.0,EUR,2026-07-13
2026-07-16,200354,"VARUS, вул.Калиновая 9А",Dnipro,19.405715,1,1,0,0,700.5,700.5,1,11.675,11.675,100.0,0.0,0.0,EUR,2026-07-13
2026-07-16,200348,"VARUS, вул.Київська 239",Brovary,69.735089,6,6,0,0,700.5,700.5,1,11.675,11.675,100.0,0.0,0.0,EUR,2026-07-13
2026-07-16,200353,"VARUS, вул.Коммунарівська буд. 8",Dnipro,37.582245,4,4,0,0,700.5,700.5,1,11.675,11.675,100.0,0.0,0.0,EUR,2026-07-13
2026-07-16,200361,"VARUS, вул.Марії Кюрі 5",Dnipro,0.0,0,0,0,0,700.5,700.5,1,11.675,11.675,100.0,,,EUR,2026-07-13
2026-07-16,200370,"VARUS, вул.Незалежної України 57В",Zaporizhia,33.038946,1,1,0,0,700.5,700.5,1,11.675,11.675,100.0,0.0,0.0,EUR,2026-07-13
2026-07-16,200404,"VARUS, вул.Нова 2В",Pavlohrad,82.695471,6,6,2,0,640.5,640.5,1,10.675,10.675,100.0,33.33,0.0,EUR,2026-07-13
2026-07-16,200363,"VARUS, вул.Робоча 67",Dnipro,16.005045,1,1,0,0,700.5,700.5,1,11.675,11.675,100.0,0.0,0.0,EUR,2026-07-13
2026-07-16,200369,"VARUS, вул.Тараса Шевченка 7",Kamianske,12.697586,1,1,1,0,600.5,600.5,1,10.0083,10.0083,100.0,100.0,0.0,EUR,2026-07-13
2026-07-16,200395,"VARUS, вул.Терещенко 1Е",Kryvyi Rih,0.0,0,0,0,0,700.5,700.5,1,11.675,11.675,100.0,,,EUR,2026-07-13
2026-07-16,200402,"VARUS, вул.Французький бульвар 22",Odesa,26.018479,1,1,0,0,700.5,700.5,1,11.675,11.675,100.0,0.0,0.0,EUR,2026-07-13
2026-07-16,200396,"VARUS, мкр Сонячний 41а",Kryvyi Rih,9.571851,1,1,0,0,700.5,700.5,1,11.675,11.675,100.0,0.0,0.0,EUR,2026-07-13
2026-07-16,200362,"VARUS, пр. Івана Мазепи, 58",Dnipro,0.0,0,0,0,0,700.5,700.5,1,11.675,11.675,100.0,,,EUR,2026-07-13
2026-07-16,200373,"VARUS, пр. Академіка Паладіна 16/39",Kyiv,34.055857,3,3,0,0,700.5,700.5,1,11.675,11.675,100.0,0.0,0.0,EUR,2026-07-13
2026-07-16,200368,"VARUS, пр. Героїв 2",Dnipro,23.272837,2,2,0,0,700.5,700.5,1,11.675,11.675,100.0,0.0,0.0,EUR,2026-07-13
2026-07-16,200408,"VARUS, пр. Гуляєва полковника ж.м. ""Дружний"" буд. 107/1",Odesa,39.401056,2,2,0,0,700.5,700.5,1,11.675,11.675,100.0,0.0,0.0,EUR,2026-07-13
2026-07-16,200399,"VARUS, пр. Добровольського 122/1",Odesa,58.303894,3,3,0,0,700.5,700.5,1,11.675,11.675,100.0,0.0,0.0,EUR,2026-07-13
2026-07-16,862701,"VARUS, пр. Коцюбинського, 70",Vinnytsia,327.982,20,20,2,0,700.5,700.5,1,11.675,11.675,100.0,10.0,0.0,EUR,2026-07-13
2026-07-16,200394,"VARUS, пр. Металургів 42А",Kryvyi Rih,92.391083,6,6,0,0,700.5,700.5,1,11.675,11.675,100.0,0.0,0.0,EUR,2026-07-13
2026-07-16,200380,"VARUS, пр. Миколи Бажана 38",Kyiv,31.808195,2,2,0,0,700.5,700.5,1,11.675,11.675,100.0,0.0,0.0,EUR,2026-07-13
2026-07-16,200359,"VARUS, пр. О. Поля, 104а",Dnipro,0.0,0,0,0,0,0.0,0.0,1,0.0,0.0,,,,EUR,2026-07-13
2026-07-16,198953,"VARUS, пр. Олександра Поля, 104",Dnipro,187.534858,11,10,1,1,700.5,700.5,1,11.675,11.675,100.0,10.0,9.09,EUR,2026-07-13
2026-07-16,200357,"VARUS, пр.Науки 8а",Dnipro,8.453112,1,1,0,0,700.5,700.5,1,11.675,11.675,100.0,0.0,0.0,EUR,2026-07-13
2026-07-16,200377,"VARUS, пр.Оболонський 47/42",Kyiv,28.046817,2,2,0,0,700.5,700.5,1,11.675,11.675,100.0,0.0,0.0,EUR,2026-07-13
2026-07-16,200360,"VARUS, проспект Слобожанський 86",Dnipro,0.0,0,0,0,0,700.5,700.5,1,11.675,11.675,100.0,,,EUR,2026-07-13
2026-07-17,200367,"VARUS вул.Петра Сагайдачного, 7",Zaporizhia,21.367187,2,2,0,0,701.0,701.0,1,11.6833,11.6833,100.0,0.0,0.0,EUR,2026-07-13
2026-07-17,200390,"VARUS, 5-й Зарічний, д.19",Kryvyi Rih,11.997482,1,1,0,0,701.0,701.0,1,11.6833,11.6833,100.0,0.0,0.0,EUR,2026-07-13
2026-07-17,200383,"VARUS, Вулиця Героїв полку Азов, 12",Kyiv,73.118292,4,4,1,0,701.0,701.0,1,11.6833,11.6833,100.0,25.0,0.0,EUR,2026-07-13
2026-07-17,200364,"VARUS, Донецьке шосcе 110",Dnipro,19.693775,2,2,0,0,701.0,701.0,1,11.6833,11.6833,100.0,0.0,0.0,EUR,2026-07-13
2026-07-17,200356,"VARUS, Донецьке шосcе 9а",Dnipro,19.153365,1,1,0,0,701.0,701.0,1,11.6833,11.6833,100.0,0.0,0.0,EUR,2026-07-13
2026-07-17,200400,"VARUS, Люстдорфська дорога 114",Odesa,84.983845,5,5,0,0,701.0,701.0,1,11.6833,11.6833,100.0,0.0,0.0,EUR,2026-07-13
2026-07-17,200392,"VARUS, Площа Шахтарської Слави 1",Kryvyi Rih,52.521163,4,4,0,0,701.0,701.0,1,11.6833,11.6833,100.0,0.0,0.0,EUR,2026-07-13
2026-07-17,200374,"VARUS, Проспект Червоної Калини 44A",Kyiv,55.204838,3,3,0,0,701.0,701.0,1,11.6833,11.6833,100.0,0.0,0.0,EUR,2026-07-13
2026-07-17,200365,"VARUS, Північно-Кільцева вулиця, 10а,",Zaporizhia,0.0,0,0,0,0,701.0,701.0,1,11.6833,11.6833,100.0,,,EUR,2026-07-13
2026-07-17,200385,"VARUS, Харківське Шосе 160",Kyiv,41.433678,3,3,1,0,701.0,701.0,1,11.6833,11.6833,100.0,33.33,0.0,EUR,2026-07-13
2026-07-17,200358,"VARUS, бул. Європейський 1Д",Dnipro,107.998841,8,8,0,0,701.0,701.0,1,11.6833,11.6833,100.0,0.0,0.0,EUR,2026-07-13
2026-07-17,200372,"VARUS, бул.Будівельників 27а",Kamianske,24.722807,2,1,0,1,601.0,601.0,1,10.0167,10.0167,100.0,0.0,50.0,EUR,2026-07-13
2026-07-17,200355,"VARUS, вул Березинская 23а",Dnipro,59.579125,4,4,2,0,701.0,701.0,1,11.6833,11.6833,100.0,50.0,0.0,EUR,2026-07-13
2026-07-17,200393,"VARUS, вул. 200 річчя Кривого Рогу",Kryvyi Rih,60.046243,2,2,0,0,701.0,701.0,1,11.6833,11.6833,100.0,0.0,0.0,EUR,2026-07-13
2026-07-17,200397,"VARUS, вул. Івана Авраменко 21В",Kryvyi Rih,17.122676,2,2,1,0,701.0,701.0,1,11.6833,11.6833,100.0,50.0,0.0,EUR,2026-07-13
2026-07-17,200376,"VARUS, вул. Волинська 37",Kyiv,110.973538,5,5,1,0,701.0,701.0,1,11.6833,11.6833,100.0,20.0,0.0,EUR,2026-07-13
2026-07-17,200401,"VARUS, вул. Дача Ковалевського 91",Odesa,0.0,0,0,0,0,701.0,701.0,1,11.6833,11.6833,100.0,,,EUR,2026-07-13
2026-07-17,200378,"VARUS, вул. Деміївська 27",Kyiv,26.973961,2,2,0,0,701.0,701.0,1,11.6833,11.6833,100.0,0.0,0.0,EUR,2026-07-13
2026-07-17,200387,"VARUS, вул. Драгаманова 40г",Kyiv,54.161738,3,3,0,0,701.0,701.0,1,11.6833,11.6833,100.0,0.0,0.0,EUR,2026-07-13
2026-07-17,200391,"VARUS, вул. Жилянська 59",Kyiv,287.772868,21,21,4,0,701.0,701.0,1,11.6833,11.6833,100.0,19.05,0.0,EUR,2026-07-13
2026-07-17,200384,"VARUS, вул. Костянтинівська 2А",Kyiv,103.692374,7,7,1,0,701.0,701.0,1,11.6833,11.6833,100.0,14.29,0.0,EUR,2026-07-13
2026-07-17,200388,"VARUS, вул. Лесі Українки 30",Kyiv,0.0,0,0,0,0,701.0,701.0,1,11.6833,11.6833,100.0,,,EUR,2026-07-13
2026-07-17,200398,"VARUS, вул. Недєліна 43",Kryvyi Rih,0.0,0,0,0,0,701.0,701.0,1,11.6833,11.6833,100.0,,,EUR,2026-07-13
2026-07-17,200371,"VARUS, вул. Ольги Кобилянської 1В/23",Irpin,128.563525,7,7,1,0,701.0,701.0,1,11.6833,11.6833,100.0,14.29,0.0,EUR,2026-07-13
2026-07-17,200351,"VARUS, вул. Паникахи 15",Dnipro,88.549965,5,5,2,0,701.0,701.0,1,11.6833,11.6833,100.0,40.0,0.0,EUR,2026-07-13
2026-07-17,200403,"VARUS, вул. Соборна 97А",Pavlohrad,20.765798,1,1,1,0,641.0,641.0,1,10.6833,10.6833,100.0,100.0,0.0,EUR,2026-07-13
2026-07-17,200389,"VARUS, вул. Срібнокільска 11",Kyiv,96.213029,7,7,1,0,721.0,721.0,1,12.0167,12.0167,100.0,14.29,0.0,EUR,2026-07-13
2026-07-17,200381,"VARUS, вул. Тютюника 39-А",Kyiv,60.990248,5,4,1,1,701.0,701.0,1,11.6833,11.6833,100.0,25.0,20.0,EUR,2026-07-13
2026-07-17,200366,"VARUS, вул. Яценка 2",Zaporizhia,74.75105,5,5,0,0,701.0,701.0,1,11.6833,11.6833,100.0,0.0,0.0,EUR,2026-07-13
2026-07-17,200352,"VARUS, вул.20річчя Перемоги  43Д",Dnipro,0.0,0,0,0,0,701.0,701.0,1,11.6833,11.6833,100.0,,,EUR,2026-07-13
2026-07-17,200375,"VARUS, вул.Андрія Малишко,3",Kyiv,153.98017,11,10,2,1,701.0,701.0,1,11.6833,11.6833,100.0,20.0,9.09,EUR,2026-07-13
2026-07-17,200379,"VARUS, вул.Бажана 10-А",Kyiv,0.0,2,0,0,2,701.0,701.0,1,11.6833,11.6833,100.0,,100.0,EUR,2026-07-13
2026-07-17,200382,"VARUS, вул.Васильківска 34",Kyiv,703.604225,23,23,4,0,701.0,701.0,1,11.6833,11.6833,100.0,17.39,0.0,EUR,2026-07-13
2026-07-17,200386,"VARUS, вул.Вишгородска 45а",Kyiv,106.573842,5,5,1,0,661.0,661.0,1,11.0167,11.0167,100.0,20.0,0.0,EUR,2026-07-13
2026-07-17,200350,"VARUS, вул.Глинки 2",Dnipro,79.985497,3,3,0,0,701.0,701.0,1,11.6833,11.6833,100.0,0.0,0.0,EUR,2026-07-13
2026-07-17,200349,"VARUS, вул.Дніпровская 1",Vyshhorod,26.62763,3,2,1,1,701.0,701.0,1,11.6833,11.6833,100.0,50.0,33.33,EUR,2026-07-13
2026-07-17,200354,"VARUS, вул.Калиновая 9А",Dnipro,100.391089,8,8,2,0,701.0,701.0,1,11.6833,11.6833,100.0,25.0,0.0,EUR,2026-07-13
2026-07-17,200348,"VARUS, вул.Київська 239",Brovary,77.017643,8,8,1,0,701.0,701.0,1,11.6833,11.6833,100.0,12.5,0.0,EUR,2026-07-13
2026-07-17,200353,"VARUS, вул.Коммунарівська буд. 8",Dnipro,36.794756,4,3,0,1,701.0,701.0,1,11.6833,11.6833,100.0,0.0,25.0,EUR,2026-07-13
2026-07-17,200361,"VARUS, вул.Марії Кюрі 5",Dnipro,128.054193,8,8,0,0,701.0,701.0,1,11.6833,11.6833,100.0,0.0,0.0,EUR,2026-07-13
2026-07-17,200370,"VARUS, вул.Незалежної України 57В",Zaporizhia,151.103199,8,8,0,0,701.0,701.0,1,11.6833,11.6833,100.0,0.0,0.0,EUR,2026-07-13
2026-07-17,200404,"VARUS, вул.Нова 2В",Pavlohrad,48.198277,5,5,2,0,641.0,641.0,1,10.6833,10.6833,100.0,40.0,0.0,EUR,2026-07-13
2026-07-17,200363,"VARUS, вул.Робоча 67",Dnipro,85.692926,5,5,1,0,701.0,701.0,1,11.6833,11.6833,100.0,20.0,0.0,EUR,2026-07-13
2026-07-17,200369,"VARUS, вул.Тараса Шевченка 7",Kamianske,42.503162,2,2,1,0,601.0,601.0,1,10.0167,10.0167,100.0,50.0,0.0,EUR,2026-07-13
2026-07-17,200395,"VARUS, вул.Терещенко 1Е",Kryvyi Rih,0.0,0,0,0,0,701.0,701.0,1,11.6833,11.6833,100.0,,,EUR,2026-07-13
2026-07-17,200402,"VARUS, вул.Французький бульвар 22",Odesa,55.769093,4,3,0,1,701.0,701.0,1,11.6833,11.6833,100.0,0.0,25.0,EUR,2026-07-13
2026-07-17,200396,"VARUS, мкр Сонячний 41а",Kryvyi Rih,29.36818,2,2,0,0,701.0,701.0,1,11.6833,11.6833,100.0,0.0,0.0,EUR,2026-07-13
2026-07-17,200362,"VARUS, пр. Івана Мазепи, 58",Dnipro,20.143692,2,2,0,0,701.0,701.0,1,11.6833,11.6833,100.0,0.0,0.0,EUR,2026-07-13
2026-07-17,200373,"VARUS, пр. Академіка Паладіна 16/39",Kyiv,155.790202,8,8,0,0,701.0,701.0,1,11.6833,11.6833,100.0,0.0,0.0,EUR,2026-07-13
2026-07-17,200368,"VARUS, пр. Героїв 2",Dnipro,98.173162,7,7,0,0,701.0,701.0,1,11.6833,11.6833,100.0,0.0,0.0,EUR,2026-07-13
2026-07-17,200408,"VARUS, пр. Гуляєва полковника ж.м. ""Дружний"" буд. 107/1",Odesa,0.0,0,0,0,0,701.0,701.0,1,11.6833,11.6833,100.0,,,EUR,2026-07-13
2026-07-17,200399,"VARUS, пр. Добровольського 122/1",Odesa,44.679262,3,3,0,0,701.0,701.0,1,11.6833,11.6833,100.0,0.0,0.0,EUR,2026-07-13
2026-07-17,862701,"VARUS, пр. Коцюбинського, 70",Vinnytsia,407.202984,24,23,3,1,701.0,701.0,1,11.6833,11.6833,100.0,13.04,4.17,EUR,2026-07-13
2026-07-17,200394,"VARUS, пр. Металургів 42А",Kryvyi Rih,115.83312,7,7,0,0,701.0,701.0,1,11.6833,11.6833,100.0,0.0,0.0,EUR,2026-07-13
2026-07-17,200380,"VARUS, пр. Миколи Бажана 38",Kyiv,76.608377,4,4,0,0,701.0,701.0,1,11.6833,11.6833,100.0,0.0,0.0,EUR,2026-07-13
2026-07-17,200359,"VARUS, пр. О. Поля, 104а",Dnipro,0.0,0,0,0,0,0.0,0.0,1,0.0,0.0,,,,EUR,2026-07-13
2026-07-17,198953,"VARUS, пр. Олександра Поля, 104",Dnipro,106.252333,7,7,0,0,701.0,701.0,1,11.6833,11.6833,100.0,0.0,0.0,EUR,2026-07-13
2026-07-17,200357,"VARUS, пр.Науки 8а",Dnipro,94.657081,6,6,0,0,701.0,701.0,1,11.6833,11.6833,100.0,0.0,0.0,EUR,2026-07-13
2026-07-17,200377,"VARUS, пр.Оболонський 47/42",Kyiv,0.0,0,0,0,0,701.0,701.0,1,11.6833,11.6833,100.0,,,EUR,2026-07-13
2026-07-17,200360,"VARUS, проспект Слобожанський 86",Dnipro,13.944912,2,2,0,0,701.0,701.0,1,11.6833,11.6833,100.0,0.0,0.0,EUR,2026-07-13
2026-07-18,200367,"VARUS вул.Петра Сагайдачного, 7",Zaporizhia,0.0,0,0,0,0,701.0,701.0,1,11.6833,11.6833,100.0,,,EUR,2026-07-13
2026-07-18,200390,"VARUS, 5-й Зарічний, д.19",Kryvyi Rih,0.0,0,0,0,0,701.0,701.0,1,11.6833,11.6833,100.0,,,EUR,2026-07-13
2026-07-18,200383,"VARUS, Вулиця Героїв полку Азов, 12",Kyiv,156.367353,9,9,1,0,701.0,701.0,1,11.6833,11.6833,100.0,11.11,0.0,EUR,2026-07-13
2026-07-18,200364,"VARUS, Донецьке шосcе 110",Dnipro,57.543354,4,3,0,1,701.0,701.0,1,11.6833,11.6833,100.0,0.0,25.0,EUR,2026-07-13
2026-07-18,200356,"VARUS, Донецьке шосcе 9а",Dnipro,0.0,0,0,0,0,701.0,701.0,1,11.6833,11.6833,100.0,,,EUR,2026-07-13
2026-07-18,200400,"VARUS, Люстдорфська дорога 114",Odesa,50.418354,3,3,0,0,701.0,701.0,1,11.6833,11.6833,100.0,0.0,0.0,EUR,2026-07-13
2026-07-18,200392,"VARUS, Площа Шахтарської Слави 1",Kryvyi Rih,116.678622,8,8,0,0,701.0,701.0,1,11.6833,11.6833,100.0,0.0,0.0,EUR,2026-07-13
2026-07-18,200374,"VARUS, Проспект Червоної Калини 44A",Kyiv,127.693985,5,5,1,0,701.0,701.0,1,11.6833,11.6833,100.0,20.0,0.0,EUR,2026-07-13
2026-07-18,200365,"VARUS, Північно-Кільцева вулиця, 10а,",Zaporizhia,78.122895,6,5,1,1,701.0,701.0,1,11.6833,11.6833,100.0,20.0,16.67,EUR,2026-07-13
2026-07-18,200385,"VARUS, Харківське Шосе 160",Kyiv,60.0781,4,4,1,0,701.0,701.0,1,11.6833,11.6833,100.0,25.0,0.0,EUR,2026-07-13
2026-07-18,200358,"VARUS, бул. Європейський 1Д",Dnipro,155.828898,12,12,2,0,701.0,701.0,1,11.6833,11.6833,100.0,16.67,0.0,EUR,2026-07-13
2026-07-18,200372,"VARUS, бул.Будівельників 27а",Kamianske,29.667603,1,1,0,0,601.0,601.0,1,10.0167,10.0167,100.0,0.0,0.0,EUR,2026-07-13
2026-07-18,200355,"VARUS, вул Березинская 23а",Dnipro,77.944449,7,7,1,0,701.0,701.0,1,11.6833,11.6833,100.0,14.29,0.0,EUR,2026-07-13
2026-07-18,200393,"VARUS, вул. 200 річчя Кривого Рогу",Kryvyi Rih,74.893923,4,4,0,0,701.0,701.0,1,11.6833,11.6833,100.0,0.0,0.0,EUR,2026-07-13
2026-07-18,200397,"VARUS, вул. Івана Авраменко 21В",Kryvyi Rih,29.841355,1,1,0,0,701.0,701.0,1,11.6833,11.6833,100.0,0.0,0.0,EUR,2026-07-13
2026-07-18,200376,"VARUS, вул. Волинська 37",Kyiv,188.453998,11,9,1,2,701.0,701.0,1,11.6833,11.6833,100.0,11.11,18.18,EUR,2026-07-13
2026-07-18,200401,"VARUS, вул. Дача Ковалевського 91",Odesa,0.0,0,0,0,0,701.0,701.0,1,11.6833,11.6833,100.0,,,EUR,2026-07-13
2026-07-18,200378,"VARUS, вул. Деміївська 27",Kyiv,0.0,0,0,0,0,701.0,701.0,1,11.6833,11.6833,100.0,,,EUR,2026-07-13
2026-07-18,200387,"VARUS, вул. Драгаманова 40г",Kyiv,22.844175,1,1,0,0,701.0,701.0,1,11.6833,11.6833,100.0,0.0,0.0,EUR,2026-07-13
2026-07-18,200391,"VARUS, вул. Жилянська 59",Kyiv,220.980788,15,15,2,0,701.0,701.0,1,11.6833,11.6833,100.0,13.33,0.0,EUR,2026-07-13
2026-07-18,200384,"VARUS, вул. Костянтинівська 2А",Kyiv,118.53634,7,7,0,0,701.0,701.0,1,11.6833,11.6833,100.0,0.0,0.0,EUR,2026-07-13
2026-07-18,200388,"VARUS, вул. Лесі Українки 30",Kyiv,0.0,0,0,0,0,701.0,701.0,1,11.6833,11.6833,100.0,,,EUR,2026-07-13
2026-07-18,200398,"VARUS, вул. Недєліна 43",Kryvyi Rih,0.0,0,0,0,0,701.0,701.0,1,11.6833,11.6833,100.0,,,EUR,2026-07-13
2026-07-18,200371,"VARUS, вул. Ольги Кобилянської 1В/23",Irpin,77.291659,5,5,0,0,701.0,701.0,1,11.6833,11.6833,100.0,0.0,0.0,EUR,2026-07-13
2026-07-18,200351,"VARUS, вул. Паникахи 15",Dnipro,116.694452,10,8,2,2,701.0,701.0,1,11.6833,11.6833,100.0,25.0,20.0,EUR,2026-07-13
2026-07-18,200403,"VARUS, вул. Соборна 97А",Pavlohrad,0.0,0,0,0,0,641.0,641.0,1,10.6833,10.6833,100.0,,,EUR,2026-07-13
2026-07-18,200389,"VARUS, вул. Срібнокільска 11",Kyiv,124.410679,8,8,2,0,721.0,721.0,1,12.0167,12.0167,100.0,25.0,0.0,EUR,2026-07-13
2026-07-18,200381,"VARUS, вул. Тютюника 39-А",Kyiv,231.437176,17,16,3,1,701.0,701.0,1,11.6833,11.6833,100.0,18.75,5.88,EUR,2026-07-13
2026-07-18,200366,"VARUS, вул. Яценка 2",Zaporizhia,162.826466,11,11,4,0,701.0,701.0,1,11.6833,11.6833,100.0,36.36,0.0,EUR,2026-07-13
2026-07-18,200352,"VARUS, вул.20річчя Перемоги  43Д",Dnipro,0.0,0,0,0,0,701.0,701.0,1,11.6833,11.6833,100.0,,,EUR,2026-07-13
2026-07-18,200375,"VARUS, вул.Андрія Малишко,3",Kyiv,292.312113,14,14,0,0,701.0,701.0,1,11.6833,11.6833,100.0,0.0,0.0,EUR,2026-07-13
2026-07-18,200379,"VARUS, вул.Бажана 10-А",Kyiv,36.253368,3,3,0,0,701.0,701.0,1,11.6833,11.6833,100.0,0.0,0.0,EUR,2026-07-13
2026-07-18,200382,"VARUS, вул.Васильківска 34",Kyiv,327.193447,15,15,2,0,701.0,701.0,1,11.6833,11.6833,100.0,13.33,0.0,EUR,2026-07-13
2026-07-18,200386,"VARUS, вул.Вишгородска 45а",Kyiv,153.816582,10,10,1,0,661.0,661.0,1,11.0167,11.0167,100.0,10.0,0.0,EUR,2026-07-13
2026-07-18,200350,"VARUS, вул.Глинки 2",Dnipro,193.930606,14,12,1,2,701.0,701.0,1,11.6833,11.6833,100.0,8.33,14.29,EUR,2026-07-13
2026-07-18,200349,"VARUS, вул.Дніпровская 1",Vyshhorod,0.0,0,0,0,0,701.0,701.0,1,11.6833,11.6833,100.0,,,EUR,2026-07-13
2026-07-18,200354,"VARUS, вул.Калиновая 9А",Dnipro,141.910373,9,9,2,0,701.0,701.0,1,11.6833,11.6833,100.0,22.22,0.0,EUR,2026-07-13
2026-07-18,200348,"VARUS, вул.Київська 239",Brovary,144.37124,9,9,1,0,701.0,701.0,1,11.6833,11.6833,100.0,11.11,0.0,EUR,2026-07-13
2026-07-18,200353,"VARUS, вул.Коммунарівська буд. 8",Dnipro,58.783464,4,4,1,0,701.0,701.0,1,11.6833,11.6833,100.0,25.0,0.0,EUR,2026-07-13
2026-07-18,200361,"VARUS, вул.Марії Кюрі 5",Dnipro,105.489311,6,6,0,0,701.0,701.0,1,11.6833,11.6833,100.0,0.0,0.0,EUR,2026-07-13
2026-07-18,200370,"VARUS, вул.Незалежної України 57В",Zaporizhia,164.421899,9,9,0,0,701.0,701.0,1,11.6833,11.6833,100.0,0.0,0.0,EUR,2026-07-13
2026-07-18,200404,"VARUS, вул.Нова 2В",Pavlohrad,11.388276,2,2,0,0,641.0,641.0,1,10.6833,10.6833,100.0,0.0,0.0,EUR,2026-07-13
2026-07-18,200363,"VARUS, вул.Робоча 67",Dnipro,140.044639,9,9,0,0,701.0,701.0,1,11.6833,11.6833,100.0,0.0,0.0,EUR,2026-07-13
2026-07-18,200369,"VARUS, вул.Тараса Шевченка 7",Kamianske,29.773732,1,1,0,0,601.0,601.0,1,10.0167,10.0167,100.0,0.0,0.0,EUR,2026-07-13
2026-07-18,200395,"VARUS, вул.Терещенко 1Е",Kryvyi Rih,0.0,0,0,0,0,701.0,701.0,1,11.6833,11.6833,100.0,,,EUR,2026-07-13
2026-07-18,200402,"VARUS, вул.Французький бульвар 22",Odesa,0.0,0,0,0,0,701.0,701.0,1,11.6833,11.6833,100.0,,,EUR,2026-07-13
2026-07-18,200396,"VARUS, мкр Сонячний 41а",Kryvyi Rih,21.742639,1,1,0,0,701.0,701.0,1,11.6833,11.6833,100.0,0.0,0.0,EUR,2026-07-13
2026-07-18,200362,"VARUS, пр. Івана Мазепи, 58",Dnipro,18.901044,1,1,1,0,701.0,701.0,1,11.6833,11.6833,100.0,100.0,0.0,EUR,2026-07-13
2026-07-18,200373,"VARUS, пр. Академіка Паладіна 16/39",Kyiv,248.112084,10,10,2,0,701.0,701.0,1,11.6833,11.6833,100.0,20.0,0.0,EUR,2026-07-13
2026-07-18,200368,"VARUS, пр. Героїв 2",Dnipro,96.094393,8,8,1,0,701.0,701.0,1,11.6833,11.6833,100.0,12.5,0.0,EUR,2026-07-13
2026-07-18,200408,"VARUS, пр. Гуляєва полковника ж.м. ""Дружний"" буд. 107/1",Odesa,41.281427,4,3,0,1,701.0,701.0,1,11.6833,11.6833,100.0,0.0,25.0,EUR,2026-07-13
2026-07-18,200399,"VARUS, пр. Добровольського 122/1",Odesa,9.187744,2,2,0,0,701.0,701.0,1,11.6833,11.6833,100.0,0.0,0.0,EUR,2026-07-13
2026-07-18,862701,"VARUS, пр. Коцюбинського, 70",Vinnytsia,484.365454,35,34,3,1,701.0,701.0,1,11.6833,11.6833,100.0,8.82,2.86,EUR,2026-07-13
2026-07-18,200394,"VARUS, пр. Металургів 42А",Kryvyi Rih,91.707203,6,6,0,0,701.0,701.0,1,11.6833,11.6833,100.0,0.0,0.0,EUR,2026-07-13
2026-07-18,200380,"VARUS, пр. Миколи Бажана 38",Kyiv,71.736681,4,4,0,0,701.0,701.0,1,11.6833,11.6833,100.0,0.0,0.0,EUR,2026-07-13
2026-07-18,200359,"VARUS, пр. О. Поля, 104а",Dnipro,0.0,0,0,0,0,0.0,0.0,1,0.0,0.0,,,,EUR,2026-07-13
2026-07-18,198953,"VARUS, пр. Олександра Поля, 104",Dnipro,45.705357,3,3,0,0,701.0,701.0,1,11.6833,11.6833,100.0,0.0,0.0,EUR,2026-07-13
2026-07-18,200357,"VARUS, пр.Науки 8а",Dnipro,139.967634,8,8,2,0,701.0,701.0,1,11.6833,11.6833,100.0,25.0,0.0,EUR,2026-07-13
2026-07-18,200377,"VARUS, пр.Оболонський 47/42",Kyiv,22.528726,3,3,0,0,701.0,701.0,1,11.6833,11.6833,100.0,0.0,0.0,EUR,2026-07-13
2026-07-18,200360,"VARUS, проспект Слобожанський 86",Dnipro,64.093353,3,3,1,0,701.0,701.0,1,11.6833,11.6833,100.0,33.33,0.0,EUR,2026-07-13
2026-07-19,200367,"VARUS вул.Петра Сагайдачного, 7",Zaporizhia,131.42936,8,7,0,1,701.0,701.0,1,11.6833,11.6833,100.0,0.0,12.5,EUR,2026-07-13
2026-07-19,200390,"VARUS, 5-й Зарічний, д.19",Kryvyi Rih,3.448653,1,1,0,0,701.0,701.0,1,11.6833,11.6833,100.0,0.0,0.0,EUR,2026-07-13
2026-07-19,200383,"VARUS, Вулиця Героїв полку Азов, 12",Kyiv,167.992707,10,10,2,0,701.0,701.0,1,11.6833,11.6833,100.0,20.0,0.0,EUR,2026-07-13
2026-07-19,200364,"VARUS, Донецьке шосcе 110",Dnipro,0.0,0,0,0,0,701.0,701.0,1,11.6833,11.6833,100.0,,,EUR,2026-07-13
2026-07-19,200356,"VARUS, Донецьке шосcе 9а",Dnipro,32.232448,5,4,0,1,701.0,701.0,1,11.6833,11.6833,100.0,0.0,20.0,EUR,2026-07-13
2026-07-19,200400,"VARUS, Люстдорфська дорога 114",Odesa,131.56148,5,5,0,0,701.0,701.0,1,11.6833,11.6833,100.0,0.0,0.0,EUR,2026-07-13
2026-07-19,200392,"VARUS, Площа Шахтарської Слави 1",Kryvyi Rih,103.70254,9,9,1,0,701.0,701.0,1,11.6833,11.6833,100.0,11.11,0.0,EUR,2026-07-13
2026-07-19,200374,"VARUS, Проспект Червоної Калини 44A",Kyiv,64.353882,5,4,0,1,701.0,701.0,1,11.6833,11.6833,100.0,0.0,20.0,EUR,2026-07-13
2026-07-19,200365,"VARUS, Північно-Кільцева вулиця, 10а,",Zaporizhia,208.577754,9,9,1,0,701.0,701.0,1,11.6833,11.6833,100.0,11.11,0.0,EUR,2026-07-13
2026-07-19,200385,"VARUS, Харківське Шосе 160",Kyiv,31.998304,2,2,0,0,701.0,701.0,1,11.6833,11.6833,100.0,0.0,0.0,EUR,2026-07-13
2026-07-19,200358,"VARUS, бул. Європейський 1Д",Dnipro,58.210414,7,6,0,1,701.0,701.0,1,11.6833,11.6833,100.0,0.0,14.29,EUR,2026-07-13
2026-07-19,200372,"VARUS, бул.Будівельників 27а",Kamianske,0.0,0,0,0,0,601.0,601.0,1,10.0167,10.0167,100.0,,,EUR,2026-07-13
2026-07-19,200355,"VARUS, вул Березинская 23а",Dnipro,93.660107,10,9,1,1,701.0,701.0,1,11.6833,11.6833,100.0,11.11,10.0,EUR,2026-07-13
2026-07-19,200393,"VARUS, вул. 200 річчя Кривого Рогу",Kryvyi Rih,54.168775,4,4,1,0,701.0,701.0,1,11.6833,11.6833,100.0,25.0,0.0,EUR,2026-07-13
2026-07-19,200397,"VARUS, вул. Івана Авраменко 21В",Kryvyi Rih,37.700454,3,3,0,0,701.0,701.0,1,11.6833,11.6833,100.0,0.0,0.0,EUR,2026-07-13
2026-07-19,200376,"VARUS, вул. Волинська 37",Kyiv,123.439115,8,8,2,0,701.0,701.0,1,11.6833,11.6833,100.0,25.0,0.0,EUR,2026-07-13
2026-07-19,200401,"VARUS, вул. Дача Ковалевського 91",Odesa,0.0,0,0,0,0,701.0,701.0,1,11.6833,11.6833,100.0,,,EUR,2026-07-13
2026-07-19,200378,"VARUS, вул. Деміївська 27",Kyiv,136.35598,8,8,0,0,701.0,701.0,1,11.6833,11.6833,100.0,0.0,0.0,EUR,2026-07-13
2026-07-19,200387,"VARUS, вул. Драгаманова 40г",Kyiv,51.681719,3,3,1,0,701.0,701.0,1,11.6833,11.6833,100.0,33.33,0.0,EUR,2026-07-13
2026-07-19,200391,"VARUS, вул. Жилянська 59",Kyiv,378.416846,24,23,1,1,701.0,701.0,1,11.6833,11.6833,100.0,4.35,4.17,EUR,2026-07-13
2026-07-19,200384,"VARUS, вул. Костянтинівська 2А",Kyiv,118.774004,8,7,0,1,701.0,701.0,1,11.6833,11.6833,100.0,0.0,12.5,EUR,2026-07-13
2026-07-19,200388,"VARUS, вул. Лесі Українки 30",Kyiv,0.0,0,0,0,0,701.0,701.0,1,11.6833,11.6833,100.0,,,EUR,2026-07-13
2026-07-19,200398,"VARUS, вул. Недєліна 43",Kryvyi Rih,0.0,0,0,0,0,701.0,701.0,1,11.6833,11.6833,100.0,,,EUR,2026-07-13
2026-07-19,200371,"VARUS, вул. Ольги Кобилянської 1В/23",Irpin,95.394108,8,7,0,1,701.0,701.0,1,11.6833,11.6833,100.0,0.0,12.5,EUR,2026-07-13
2026-07-19,200351,"VARUS, вул. Паникахи 15",Dnipro,74.359569,6,5,1,1,701.0,701.0,1,11.6833,11.6833,100.0,20.0,16.67,EUR,2026-07-13
2026-07-19,200403,"VARUS, вул. Соборна 97А",Pavlohrad,49.023647,2,2,0,0,641.0,641.0,1,10.6833,10.6833,100.0,0.0,0.0,EUR,2026-07-13
2026-07-19,200389,"VARUS, вул. Срібнокільска 11",Kyiv,131.293913,9,9,0,0,721.0,721.0,1,12.0167,12.0167,100.0,0.0,0.0,EUR,2026-07-13
2026-07-19,200381,"VARUS, вул. Тютюника 39-А",Kyiv,178.804023,15,14,0,1,701.0,701.0,1,11.6833,11.6833,100.0,0.0,6.67,EUR,2026-07-13
2026-07-19,200366,"VARUS, вул. Яценка 2",Zaporizhia,57.031482,5,4,1,1,594.2,700.9,1,9.9033,11.6817,84.78,25.0,20.0,EUR,2026-07-13
2026-07-19,200352,"VARUS, вул.20річчя Перемоги  43Д",Dnipro,0.0,0,0,0,0,701.0,701.0,1,11.6833,11.6833,100.0,,,EUR,2026-07-13
2026-07-19,200375,"VARUS, вул.Андрія Малишко,3",Kyiv,325.902912,20,19,4,1,701.0,701.0,1,11.6833,11.6833,100.0,21.05,5.0,EUR,2026-07-13
2026-07-19,200379,"VARUS, вул.Бажана 10-А",Kyiv,6.992294,1,1,0,0,701.0,701.0,1,11.6833,11.6833,100.0,0.0,0.0,EUR,2026-07-13
2026-07-19,200382,"VARUS, вул.Васильківска 34",Kyiv,325.37306,22,20,2,2,701.0,701.0,1,11.6833,11.6833,100.0,10.0,9.09,EUR,2026-07-13
2026-07-19,200386,"VARUS, вул.Вишгородска 45а",Kyiv,228.882106,13,13,2,0,661.0,661.0,1,11.0167,11.0167,100.0,15.38,0.0,EUR,2026-07-13
2026-07-19,200350,"VARUS, вул.Глинки 2",Dnipro,244.518023,21,12,4,9,701.0,701.0,1,11.6833,11.6833,100.0,33.33,42.86,EUR,2026-07-13
2026-07-19,200349,"VARUS, вул.Дніпровская 1",Vyshhorod,28.292052,2,2,0,0,701.0,701.0,1,11.6833,11.6833,100.0,0.0,0.0,EUR,2026-07-13
2026-07-19,200354,"VARUS, вул.Калиновая 9А",Dnipro,177.453882,15,14,1,1,701.0,701.0,1,11.6833,11.6833,100.0,7.14,6.67,EUR,2026-07-13
2026-07-19,200348,"VARUS, вул.Київська 239",Brovary,164.897028,12,12,0,0,701.0,701.0,1,11.6833,11.6833,100.0,0.0,0.0,EUR,2026-07-13
2026-07-19,200353,"VARUS, вул.Коммунарівська буд. 8",Dnipro,52.464677,5,5,0,0,701.0,701.0,1,11.6833,11.6833,100.0,0.0,0.0,EUR,2026-07-13
2026-07-19,200361,"VARUS, вул.Марії Кюрі 5",Dnipro,85.342296,5,4,0,1,701.0,701.0,1,11.6833,11.6833,100.0,0.0,20.0,EUR,2026-07-13
2026-07-19,200370,"VARUS, вул.Незалежної України 57В",Zaporizhia,166.94785,9,9,1,0,701.0,701.0,1,11.6833,11.6833,100.0,11.11,0.0,EUR,2026-07-13
2026-07-19,200404,"VARUS, вул.Нова 2В",Pavlohrad,13.779759,1,1,0,0,641.0,641.0,1,10.6833,10.6833,100.0,0.0,0.0,EUR,2026-07-13
2026-07-19,200363,"VARUS, вул.Робоча 67",Dnipro,171.406765,13,12,0,1,701.0,701.0,1,11.6833,11.6833,100.0,0.0,7.69,EUR,2026-07-13
2026-07-19,200369,"VARUS, вул.Тараса Шевченка 7",Kamianske,35.273596,2,2,0,0,601.0,601.0,1,10.0167,10.0167,100.0,0.0,0.0,EUR,2026-07-13
2026-07-19,200395,"VARUS, вул.Терещенко 1Е",Kryvyi Rih,0.0,0,0,0,0,701.0,701.0,1,11.6833,11.6833,100.0,,,EUR,2026-07-13
2026-07-19,200402,"VARUS, вул.Французький бульвар 22",Odesa,19.740487,2,1,0,1,701.0,701.0,1,11.6833,11.6833,100.0,0.0,50.0,EUR,2026-07-13
2026-07-19,200396,"VARUS, мкр Сонячний 41а",Kryvyi Rih,17.838791,1,1,0,0,701.0,701.0,1,11.6833,11.6833,100.0,0.0,0.0,EUR,2026-07-13
2026-07-19,200362,"VARUS, пр. Івана Мазепи, 58",Dnipro,15.146907,1,1,0,0,701.0,701.0,1,11.6833,11.6833,100.0,0.0,0.0,EUR,2026-07-13
2026-07-19,200373,"VARUS, пр. Академіка Паладіна 16/39",Kyiv,282.106679,21,20,2,1,701.0,701.0,1,11.6833,11.6833,100.0,10.0,4.76,EUR,2026-07-13
2026-07-19,200368,"VARUS, пр. Героїв 2",Dnipro,222.648143,15,15,2,0,701.0,701.0,1,11.6833,11.6833,100.0,13.33,0.0,EUR,2026-07-13
2026-07-19,200408,"VARUS, пр. Гуляєва полковника ж.м. ""Дружний"" буд. 107/1",Odesa,57.586355,3,3,0,0,701.0,701.0,1,11.6833,11.6833,100.0,0.0,0.0,EUR,2026-07-13
2026-07-19,200399,"VARUS, пр. Добровольського 122/1",Odesa,18.936224,1,1,1,0,701.0,701.0,1,11.6833,11.6833,100.0,100.0,0.0,EUR,2026-07-13
2026-07-19,862701,"VARUS, пр. Коцюбинського, 70",Vinnytsia,468.901724,28,26,3,2,701.0,701.0,1,11.6833,11.6833,100.0,11.54,7.14,EUR,2026-07-13
2026-07-19,200394,"VARUS, пр. Металургів 42А",Kryvyi Rih,99.089023,7,7,0,0,701.0,701.0,1,11.6833,11.6833,100.0,0.0,0.0,EUR,2026-07-13
2026-07-19,200380,"VARUS, пр. Миколи Бажана 38",Kyiv,82.611516,6,6,0,0,701.0,701.0,1,11.6833,11.6833,100.0,0.0,0.0,EUR,2026-07-13
2026-07-19,200359,"VARUS, пр. О. Поля, 104а",Dnipro,0.0,0,0,0,0,0.0,0.0,1,0.0,0.0,,,,EUR,2026-07-13
2026-07-19,198953,"VARUS, пр. Олександра Поля, 104",Dnipro,90.425271,8,7,0,1,701.0,701.0,1,11.6833,11.6833,100.0,0.0,12.5,EUR,2026-07-13
2026-07-19,200357,"VARUS, пр.Науки 8а",Dnipro,103.936878,5,5,3,0,701.0,701.0,1,11.6833,11.6833,100.0,60.0,0.0,EUR,2026-07-13
2026-07-19,200377,"VARUS, пр.Оболонський 47/42",Kyiv,142.766621,7,7,1,0,701.0,701.0,1,11.6833,11.6833,100.0,14.29,0.0,EUR,2026-07-13
2026-07-19,200360,"VARUS, проспект Слобожанський 86",Dnipro,94.978587,3,3,0,0,701.0,701.0,1,11.6833,11.6833,100.0,0.0,0.0,EUR,2026-07-13
2026-07-20,200367,"VARUS вул.Петра Сагайдачного, 7",Zaporizhia,32.442347,4,4,1,0,701.15,701.15,1,11.6858,11.6858,100.0,25.0,0.0,EUR,2026-07-20
2026-07-20,200390,"VARUS, 5-й Зарічний, д.19",Kryvyi Rih,51.005004,4,4,2,0,701.15,701.15,1,11.6858,11.6858,100.0,50.0,0.0,EUR,2026-07-20
2026-07-20,200383,"VARUS, Вулиця Героїв полку Азов, 12",Kyiv,176.314105,9,9,2,0,701.15,701.15,1,11.6858,11.6858,100.0,22.22,0.0,EUR,2026-07-20
2026-07-20,200364,"VARUS, Донецьке шосcе 110",Dnipro,0.0,0,0,0,0,701.15,701.15,1,11.6858,11.6858,100.0,,,EUR,2026-07-20
2026-07-20,200356,"VARUS, Донецьке шосcе 9а",Dnipro,46.987533,3,3,0,0,701.15,701.15,1,11.6858,11.6858,100.0,0.0,0.0,EUR,2026-07-20
2026-07-20,200400,"VARUS, Люстдорфська дорога 114",Odesa,62.412481,4,3,0,1,701.15,701.15,1,11.6858,11.6858,100.0,0.0,25.0,EUR,2026-07-20
2026-07-20,200392,"VARUS, Площа Шахтарської Слави 1",Kryvyi Rih,98.063044,7,7,0,0,701.15,701.15,1,11.6858,11.6858,100.0,0.0,0.0,EUR,2026-07-20
2026-07-20,200374,"VARUS, Проспект Червоної Калини 44A",Kyiv,285.7198,7,7,1,0,701.15,701.15,1,11.6858,11.6858,100.0,14.29,0.0,EUR,2026-07-20
2026-07-20,200365,"VARUS, Північно-Кільцева вулиця, 10а,",Zaporizhia,114.631753,7,7,0,0,701.15,701.15,1,11.6858,11.6858,100.0,0.0,0.0,EUR,2026-07-20
2026-07-20,200385,"VARUS, Харківське Шосе 160",Kyiv,0.0,0,0,0,0,701.15,701.15,1,11.6858,11.6858,100.0,,,EUR,2026-07-20
2026-07-20,200358,"VARUS, бул. Європейський 1Д",Dnipro,77.614549,5,5,0,0,701.15,701.15,1,11.6858,11.6858,100.0,0.0,0.0,EUR,2026-07-20
2026-07-20,200372,"VARUS, бул.Будівельників 27а",Kamianske,57.537383,3,3,0,0,601.15,601.15,1,10.0192,10.0192,100.0,0.0,0.0,EUR,2026-07-20
2026-07-20,200355,"VARUS, вул Березинская 23а",Dnipro,84.144184,6,6,1,0,701.15,701.15,1,11.6858,11.6858,100.0,16.67,0.0,EUR,2026-07-20
2026-07-20,200393,"VARUS, вул. 200 річчя Кривого Рогу",Kryvyi Rih,34.547929,3,3,0,0,701.15,701.15,1,11.6858,11.6858,100.0,0.0,0.0,EUR,2026-07-20
2026-07-20,200397,"VARUS, вул. Івана Авраменко 21В",Kryvyi Rih,86.299122,5,5,0,0,701.15,701.15,1,11.6858,11.6858,100.0,0.0,0.0,EUR,2026-07-20
2026-07-20,200376,"VARUS, вул. Волинська 37",Kyiv,182.537432,9,8,1,1,701.15,701.15,1,11.6858,11.6858,100.0,12.5,11.11,EUR,2026-07-20
2026-07-20,200401,"VARUS, вул. Дача Ковалевського 91",Odesa,0.0,0,0,0,0,701.15,701.15,1,11.6858,11.6858,100.0,,,EUR,2026-07-20
2026-07-20,200378,"VARUS, вул. Деміївська 27",Kyiv,76.06224,5,5,0,0,701.15,701.15,1,11.6858,11.6858,100.0,0.0,0.0,EUR,2026-07-20
2026-07-20,200387,"VARUS, вул. Драгаманова 40г",Kyiv,22.901125,2,2,1,0,701.15,701.15,1,11.6858,11.6858,100.0,50.0,0.0,EUR,2026-07-20
2026-07-20,200391,"VARUS, вул. Жилянська 59",Kyiv,248.654413,19,19,1,0,701.15,701.15,1,11.6858,11.6858,100.0,5.26,0.0,EUR,2026-07-20
2026-07-20,200384,"VARUS, вул. Костянтинівська 2А",Kyiv,67.674772,5,5,1,0,701.15,701.15,1,11.6858,11.6858,100.0,20.0,0.0,EUR,2026-07-20
2026-07-20,200388,"VARUS, вул. Лесі Українки 30",Kyiv,0.0,0,0,0,0,701.15,701.15,1,11.6858,11.6858,100.0,,,EUR,2026-07-20
2026-07-20,200398,"VARUS, вул. Недєліна 43",Kryvyi Rih,0.0,0,0,0,0,701.15,701.15,1,11.6858,11.6858,100.0,,,EUR,2026-07-20
2026-07-20,200371,"VARUS, вул. Ольги Кобилянської 1В/23",Irpin,141.346469,10,10,1,0,701.15,701.15,1,11.6858,11.6858,100.0,10.0,0.0,EUR,2026-07-20
2026-07-20,200351,"VARUS, вул. Паникахи 15",Dnipro,58.068137,5,5,1,0,701.15,701.15,1,11.6858,11.6858,100.0,20.0,0.0,EUR,2026-07-20
2026-07-20,200403,"VARUS, вул. Соборна 97А",Pavlohrad,46.448163,2,2,1,0,641.15,641.15,1,10.6858,10.6858,100.0,50.0,0.0,EUR,2026-07-20
2026-07-20,200389,"VARUS, вул. Срібнокільска 11",Kyiv,99.915982,6,6,0,0,721.15,721.15,1,12.0192,12.0192,100.0,0.0,0.0,EUR,2026-07-20
2026-07-20,200381,"VARUS, вул. Тютюника 39-А",Kyiv,172.259029,13,12,1,1,701.15,701.15,1,11.6858,11.6858,100.0,8.33,7.69,EUR,2026-07-20
2026-07-20,200366,"VARUS, вул. Яценка 2",Zaporizhia,24.885868,2,2,0,0,575.3333333333334,701.15,1,9.5889,11.6858,82.06,0.0,0.0,EUR,2026-07-20
2026-07-20,200352,"VARUS, вул.20річчя Перемоги  43Д",Dnipro,0.0,0,0,0,0,701.15,701.15,1,11.6858,11.6858,100.0,,,EUR,2026-07-20
2026-07-20,200375,"VARUS, вул.Андрія Малишко,3",Kyiv,282.6334,20,18,4,2,701.15,701.15,1,11.6858,11.6858,100.0,22.22,10.0,EUR,2026-07-20
2026-07-20,200379,"VARUS, вул.Бажана 10-А",Kyiv,13.277059,2,1,0,1,701.15,701.15,1,11.6858,11.6858,100.0,0.0,50.0,EUR,2026-07-20
2026-07-20,200382,"VARUS, вул.Васильківска 34",Kyiv,295.24026,15,14,1,1,701.15,701.15,1,11.6858,11.6858,100.0,7.14,6.67,EUR,2026-07-20
2026-07-20,200386,"VARUS, вул.Вишгородска 45а",Kyiv,232.748459,13,13,2,0,661.15,661.15,1,11.0192,11.0192,100.0,15.38,0.0,EUR,2026-07-20
2026-07-20,200350,"VARUS, вул.Глинки 2",Dnipro,216.266711,15,13,2,2,701.15,701.15,1,11.6858,11.6858,100.0,15.38,13.33,EUR,2026-07-20
2026-07-20,200349,"VARUS, вул.Дніпровская 1",Vyshhorod,4.084842,1,1,1,0,701.15,701.15,1,11.6858,11.6858,100.0,100.0,0.0,EUR,2026-07-20
2026-07-20,200354,"VARUS, вул.Калиновая 9А",Dnipro,132.304468,8,8,1,0,701.15,701.15,1,11.6858,11.6858,100.0,12.5,0.0,EUR,2026-07-20
2026-07-20,200348,"VARUS, вул.Київська 239",Brovary,77.179956,6,6,0,0,701.15,701.15,1,11.6858,11.6858,100.0,0.0,0.0,EUR,2026-07-20
2026-07-20,200353,"VARUS, вул.Коммунарівська буд. 8",Dnipro,66.755255,5,5,0,0,701.15,701.15,1,11.6858,11.6858,100.0,0.0,0.0,EUR,2026-07-20
2026-07-20,200361,"VARUS, вул.Марії Кюрі 5",Dnipro,43.627336,2,2,0,0,701.15,701.15,1,11.6858,11.6858,100.0,0.0,0.0,EUR,2026-07-20
2026-07-20,200370,"VARUS, вул.Незалежної України 57В",Zaporizhia,71.681862,4,4,0,0,701.15,701.15,1,11.6858,11.6858,100.0,0.0,0.0,EUR,2026-07-20
2026-07-20,200404,"VARUS, вул.Нова 2В",Pavlohrad,20.685279,2,2,1,0,641.15,641.15,1,10.6858,10.6858,100.0,50.0,0.0,EUR,2026-07-20
2026-07-20,200363,"VARUS, вул.Робоча 67",Dnipro,91.013424,7,7,0,0,701.15,701.15,1,11.6858,11.6858,100.0,0.0,0.0,EUR,2026-07-20
2026-07-20,200369,"VARUS, вул.Тараса Шевченка 7",Kamianske,0.0,0,0,0,0,601.15,601.15,1,10.0192,10.0192,100.0,,,EUR,2026-07-20
2026-07-20,200395,"VARUS, вул.Терещенко 1Е",Kryvyi Rih,0.0,0,0,0,0,701.15,701.15,1,11.6858,11.6858,100.0,,,EUR,2026-07-20
2026-07-20,200402,"VARUS, вул.Французький бульвар 22",Odesa,66.599165,5,3,1,2,701.15,701.15,1,11.6858,11.6858,100.0,33.33,40.0,EUR,2026-07-20
2026-07-20,200396,"VARUS, мкр Сонячний 41а",Kryvyi Rih,21.072669,1,1,0,0,701.15,701.15,1,11.6858,11.6858,100.0,0.0,0.0,EUR,2026-07-20
2026-07-20,200362,"VARUS, пр. Івана Мазепи, 58",Dnipro,20.467885,1,1,1,0,701.15,701.15,1,11.6858,11.6858,100.0,100.0,0.0,EUR,2026-07-20
2026-07-20,200373,"VARUS, пр. Академіка Паладіна 16/39",Kyiv,553.955873,27,26,2,1,701.15,701.15,1,11.6858,11.6858,100.0,7.69,3.7,EUR,2026-07-20
2026-07-20,200368,"VARUS, пр. Героїв 2",Dnipro,98.145301,8,8,3,0,701.15,701.15,1,11.6858,11.6858,100.0,37.5,0.0,EUR,2026-07-20
2026-07-20,200408,"VARUS, пр. Гуляєва полковника ж.м. ""Дружний"" буд. 107/1",Odesa,108.34066,6,6,0,0,701.15,701.15,1,11.6858,11.6858,100.0,0.0,0.0,EUR,2026-07-20
2026-07-20,200399,"VARUS, пр. Добровольського 122/1",Odesa,19.795925,1,1,0,0,701.15,701.15,1,11.6858,11.6858,100.0,0.0,0.0,EUR,2026-07-20
2026-07-20,862701,"VARUS, пр. Коцюбинського, 70",Vinnytsia,359.489816,26,26,7,0,701.15,701.15,1,11.6858,11.6858,100.0,26.92,0.0,EUR,2026-07-20
2026-07-20,200394,"VARUS, пр. Металургів 42А",Kryvyi Rih,62.445774,5,5,0,0,701.15,701.15,1,11.6858,11.6858,100.0,0.0,0.0,EUR,2026-07-20
2026-07-20,200380,"VARUS, пр. Миколи Бажана 38",Kyiv,103.657106,6,5,0,1,701.15,701.15,1,11.6858,11.6858,100.0,0.0,16.67,EUR,2026-07-20
2026-07-20,200359,"VARUS, пр. О. Поля, 104а",Dnipro,0.0,0,0,0,0,0.0,0.0,1,0.0,0.0,,,,EUR,2026-07-20
2026-07-20,198953,"VARUS, пр. Олександра Поля, 104",Dnipro,128.338116,10,10,0,0,701.15,701.15,1,11.6858,11.6858,100.0,0.0,0.0,EUR,2026-07-20
2026-07-20,200357,"VARUS, пр.Науки 8а",Dnipro,70.056699,4,4,0,0,701.15,701.15,1,11.6858,11.6858,100.0,0.0,0.0,EUR,2026-07-20
2026-07-20,200377,"VARUS, пр.Оболонський 47/42",Kyiv,47.6546,4,4,0,0,701.15,701.15,1,11.6858,11.6858,100.0,0.0,0.0,EUR,2026-07-20
2026-07-20,200360,"VARUS, проспект Слобожанський 86",Dnipro,19.34684,3,2,0,1,701.15,701.15,1,11.6858,11.6858,100.0,0.0,33.33,EUR,2026-07-20
2026-07-21,200367,"VARUS вул.Петра Сагайдачного, 7",Zaporizhia,84.387472,6,6,0,0,701.0,701.0,1,11.6833,11.6833,100.0,0.0,0.0,EUR,2026-07-20
2026-07-21,200390,"VARUS, 5-й Зарічний, д.19",Kryvyi Rih,14.51439,1,1,0,0,701.0,701.0,1,11.6833,11.6833,100.0,0.0,0.0,EUR,2026-07-20
2026-07-21,200383,"VARUS, Вулиця Героїв полку Азов, 12",Kyiv,93.454806,6,6,0,0,701.0,701.0,1,11.6833,11.6833,100.0,0.0,0.0,EUR,2026-07-20
2026-07-21,200364,"VARUS, Донецьке шосcе 110",Dnipro,30.437514,2,2,0,0,701.0,701.0,1,11.6833,11.6833,100.0,0.0,0.0,EUR,2026-07-20
2026-07-21,200356,"VARUS, Донецьке шосcе 9а",Dnipro,48.561224,5,5,1,0,701.0,701.0,1,11.6833,11.6833,100.0,20.0,0.0,EUR,2026-07-20
2026-07-21,200400,"VARUS, Люстдорфська дорога 114",Odesa,132.554922,7,6,1,1,701.0,701.0,1,11.6833,11.6833,100.0,16.67,14.29,EUR,2026-07-20
2026-07-21,200392,"VARUS, Площа Шахтарської Слави 1",Kryvyi Rih,194.129033,16,15,1,1,701.0,701.0,1,11.6833,11.6833,100.0,6.67,6.25,EUR,2026-07-20
2026-07-21,200374,"VARUS, Проспект Червоної Калини 44A",Kyiv,248.573943,8,8,0,0,701.0,701.0,1,11.6833,11.6833,100.0,0.0,0.0,EUR,2026-07-20
2026-07-21,200365,"VARUS, Північно-Кільцева вулиця, 10а,",Zaporizhia,25.257802,2,2,1,0,701.0,701.0,1,11.6833,11.6833,100.0,50.0,0.0,EUR,2026-07-20
2026-07-21,200385,"VARUS, Харківське Шосе 160",Kyiv,96.445086,4,4,0,0,701.0,701.0,1,11.6833,11.6833,100.0,0.0,0.0,EUR,2026-07-20
2026-07-21,200358,"VARUS, бул. Європейський 1Д",Dnipro,82.915716,9,8,0,1,701.0,701.0,1,11.6833,11.6833,100.0,0.0,11.11,EUR,2026-07-20
2026-07-21,200372,"VARUS, бул.Будівельників 27а",Kamianske,30.771204,2,2,1,0,601.0,601.0,1,10.0167,10.0167,100.0,50.0,0.0,EUR,2026-07-20
2026-07-21,200355,"VARUS, вул Березинская 23а",Dnipro,23.081289,3,3,0,0,701.0,701.0,1,11.6833,11.6833,100.0,0.0,0.0,EUR,2026-07-20
2026-07-21,200393,"VARUS, вул. 200 річчя Кривого Рогу",Kryvyi Rih,91.90457,7,6,0,1,701.0,701.0,1,11.6833,11.6833,100.0,0.0,14.29,EUR,2026-07-20
2026-07-21,200397,"VARUS, вул. Івана Авраменко 21В",Kryvyi Rih,48.593517,4,4,0,0,701.0,701.0,1,11.6833,11.6833,100.0,0.0,0.0,EUR,2026-07-20
2026-07-21,200376,"VARUS, вул. Волинська 37",Kyiv,121.623039,8,8,1,0,701.0,701.0,1,11.6833,11.6833,100.0,12.5,0.0,EUR,2026-07-20
2026-07-21,200401,"VARUS, вул. Дача Ковалевського 91",Odesa,0.0,0,0,0,0,701.0,701.0,1,11.6833,11.6833,100.0,,,EUR,2026-07-20
2026-07-21,200378,"VARUS, вул. Деміївська 27",Kyiv,45.284809,4,3,0,1,701.0,701.0,1,11.6833,11.6833,100.0,0.0,25.0,EUR,2026-07-20
2026-07-21,200387,"VARUS, вул. Драгаманова 40г",Kyiv,17.954614,2,2,0,0,701.0,701.0,1,11.6833,11.6833,100.0,0.0,0.0,EUR,2026-07-20
2026-07-21,200391,"VARUS, вул. Жилянська 59",Kyiv,173.025022,11,11,0,0,701.0,701.0,1,11.6833,11.6833,100.0,0.0,0.0,EUR,2026-07-20
2026-07-21,200384,"VARUS, вул. Костянтинівська 2А",Kyiv,72.137859,4,4,0,0,701.0,701.0,1,11.6833,11.6833,100.0,0.0,0.0,EUR,2026-07-20
2026-07-21,200388,"VARUS, вул. Лесі Українки 30",Kyiv,0.0,0,0,0,0,701.0,701.0,1,11.6833,11.6833,100.0,,,EUR,2026-07-20
2026-07-21,200398,"VARUS, вул. Недєліна 43",Kryvyi Rih,0.0,0,0,0,0,701.0,701.0,1,11.6833,11.6833,100.0,,,EUR,2026-07-20
2026-07-21,200371,"VARUS, вул. Ольги Кобилянської 1В/23",Irpin,128.97398,9,9,1,0,701.0,701.0,1,11.6833,11.6833,100.0,11.11,0.0,EUR,2026-07-20
2026-07-21,200351,"VARUS, вул. Паникахи 15",Dnipro,45.45371,5,4,1,1,701.0,701.0,1,11.6833,11.6833,100.0,25.0,20.0,EUR,2026-07-20
2026-07-21,200403,"VARUS, вул. Соборна 97А",Pavlohrad,56.533158,2,2,0,0,641.0,641.0,1,10.6833,10.6833,100.0,0.0,0.0,EUR,2026-07-20
2026-07-21,200389,"VARUS, вул. Срібнокільска 11",Kyiv,146.774961,7,7,1,0,721.0,721.0,1,12.0167,12.0167,100.0,14.29,0.0,EUR,2026-07-20
2026-07-21,200381,"VARUS, вул. Тютюника 39-А",Kyiv,223.483084,17,16,0,1,701.0,701.0,1,11.6833,11.6833,100.0,0.0,5.88,EUR,2026-07-20
2026-07-21,200366,"VARUS, вул. Яценка 2",Zaporizhia,49.022908,3,3,0,0,689.5166666666667,700.95,1,11.4919,11.6825,98.37,0.0,0.0,EUR,2026-07-20
2026-07-21,200352,"VARUS, вул.20річчя Перемоги  43Д",Dnipro,0.0,0,0,0,0,701.0,701.0,1,11.6833,11.6833,100.0,,,EUR,2026-07-20
2026-07-21,200375,"VARUS, вул.Андрія Малишко,3",Kyiv,261.820903,15,15,3,0,701.0,701.0,1,11.6833,11.6833,100.0,20.0,0.0,EUR,2026-07-20
2026-07-21,200379,"VARUS, вул.Бажана 10-А",Kyiv,0.0,6,0,0,6,701.0,701.0,1,11.6833,11.6833,100.0,,100.0,EUR,2026-07-20
2026-07-21,200382,"VARUS, вул.Васильківска 34",Kyiv,90.912115,10,9,1,1,701.0,701.0,1,11.6833,11.6833,100.0,11.11,10.0,EUR,2026-07-20
2026-07-21,200386,"VARUS, вул.Вишгородска 45а",Kyiv,124.316037,7,7,1,0,661.0,661.0,1,11.0167,11.0167,100.0,14.29,0.0,EUR,2026-07-20
2026-07-21,200350,"VARUS, вул.Глинки 2",Dnipro,243.577026,16,15,2,1,701.0,701.0,1,11.6833,11.6833,100.0,13.33,6.25,EUR,2026-07-20
2026-07-21,200349,"VARUS, вул.Дніпровская 1",Vyshhorod,22.031686,2,2,1,0,701.0,701.0,1,11.6833,11.6833,100.0,50.0,0.0,EUR,2026-07-20
2026-07-21,200354,"VARUS, вул.Калиновая 9А",Dnipro,257.446347,17,16,4,1,701.0,701.0,1,11.6833,11.6833,100.0,25.0,5.88,EUR,2026-07-20
2026-07-21,200348,"VARUS, вул.Київська 239",Brovary,47.549589,6,6,0,0,701.0,701.0,1,11.6833,11.6833,100.0,0.0,0.0,EUR,2026-07-20
2026-07-21,200353,"VARUS, вул.Коммунарівська буд. 8",Dnipro,48.774354,6,6,1,0,701.0,701.0,1,11.6833,11.6833,100.0,16.67,0.0,EUR,2026-07-20
2026-07-21,200361,"VARUS, вул.Марії Кюрі 5",Dnipro,81.071326,9,7,1,2,701.0,701.0,1,11.6833,11.6833,100.0,14.29,22.22,EUR,2026-07-20
2026-07-21,200370,"VARUS, вул.Незалежної України 57В",Zaporizhia,46.321104,3,3,0,0,701.0,701.0,1,11.6833,11.6833,100.0,0.0,0.0,EUR,2026-07-20
2026-07-21,200404,"VARUS, вул.Нова 2В",Pavlohrad,0.0,0,0,0,0,641.0,641.0,1,10.6833,10.6833,100.0,,,EUR,2026-07-20
2026-07-21,200363,"VARUS, вул.Робоча 67",Dnipro,188.374121,11,11,2,0,701.0,701.0,1,11.6833,11.6833,100.0,18.18,0.0,EUR,2026-07-20
2026-07-21,200369,"VARUS, вул.Тараса Шевченка 7",Kamianske,38.264624,3,3,0,0,601.0,601.0,1,10.0167,10.0167,100.0,0.0,0.0,EUR,2026-07-20
2026-07-21,200395,"VARUS, вул.Терещенко 1Е",Kryvyi Rih,0.0,0,0,0,0,701.0,701.0,1,11.6833,11.6833,100.0,,,EUR,2026-07-20
2026-07-21,200402,"VARUS, вул.Французький бульвар 22",Odesa,6.384711,1,1,1,0,701.0,701.0,1,11.6833,11.6833,100.0,100.0,0.0,EUR,2026-07-20
2026-07-21,200396,"VARUS, мкр Сонячний 41а",Kryvyi Rih,25.358398,2,2,0,0,701.0,701.0,1,11.6833,11.6833,100.0,0.0,0.0,EUR,2026-07-20
2026-07-21,200362,"VARUS, пр. Івана Мазепи, 58",Dnipro,0.0,0,0,0,0,701.0,701.0,1,11.6833,11.6833,100.0,,,EUR,2026-07-20
2026-07-21,200373,"VARUS, пр. Академіка Паладіна 16/39",Kyiv,195.42739,12,12,1,0,701.0,701.0,1,11.6833,11.6833,100.0,8.33,0.0,EUR,2026-07-20
2026-07-21,200368,"VARUS, пр. Героїв 2",Dnipro,203.657465,11,11,0,0,701.0,701.0,1,11.6833,11.6833,100.0,0.0,0.0,EUR,2026-07-20
2026-07-21,200408,"VARUS, пр. Гуляєва полковника ж.м. ""Дружний"" буд. 107/1",Odesa,11.113699,1,1,1,0,701.0,701.0,1,11.6833,11.6833,100.0,100.0,0.0,EUR,2026-07-20
2026-07-21,200399,"VARUS, пр. Добровольського 122/1",Odesa,13.201749,1,1,1,0,701.0,701.0,1,11.6833,11.6833,100.0,100.0,0.0,EUR,2026-07-20
2026-07-21,862701,"VARUS, пр. Коцюбинського, 70",Vinnytsia,349.613762,22,22,3,0,701.0,701.0,1,11.6833,11.6833,100.0,13.64,0.0,EUR,2026-07-20
2026-07-21,200394,"VARUS, пр. Металургів 42А",Kryvyi Rih,145.749234,9,9,1,0,701.0,701.0,1,11.6833,11.6833,100.0,11.11,0.0,EUR,2026-07-20
2026-07-21,200380,"VARUS, пр. Миколи Бажана 38",Kyiv,97.509958,6,6,1,0,701.0,701.0,1,11.6833,11.6833,100.0,16.67,0.0,EUR,2026-07-20
2026-07-21,200359,"VARUS, пр. О. Поля, 104а",Dnipro,0.0,0,0,0,0,0.0,0.0,1,0.0,0.0,,,,EUR,2026-07-20
2026-07-21,198953,"VARUS, пр. Олександра Поля, 104",Dnipro,78.750183,11,5,2,6,701.0,701.0,1,11.6833,11.6833,100.0,40.0,54.55,EUR,2026-07-20
2026-07-21,200357,"VARUS, пр.Науки 8а",Dnipro,153.847208,7,7,3,0,701.0,701.0,1,11.6833,11.6833,100.0,42.86,0.0,EUR,2026-07-20
2026-07-21,200377,"VARUS, пр.Оболонський 47/42",Kyiv,10.351792,1,1,0,0,701.0,701.0,1,11.6833,11.6833,100.0,0.0,0.0,EUR,2026-07-20
2026-07-21,200360,"VARUS, проспект Слобожанський 86",Dnipro,84.843675,9,7,1,2,701.0,701.0,1,11.6833,11.6833,100.0,14.29,22.22,EUR,2026-07-20
2026-07-22,200367,"VARUS вул.Петра Сагайдачного, 7",Zaporizhia,39.298722,2,2,0,0,701.0,701.0,1,11.6833,11.6833,100.0,0.0,0.0,EUR,2026-07-20
2026-07-22,200390,"VARUS, 5-й Зарічний, д.19",Kryvyi Rih,5.990829,1,1,1,0,701.0,701.0,1,11.6833,11.6833,100.0,100.0,0.0,EUR,2026-07-20
2026-07-22,200383,"VARUS, Вулиця Героїв полку Азов, 12",Kyiv,206.651712,12,12,2,0,701.0,701.0,1,11.6833,11.6833,100.0,16.67,0.0,EUR,2026-07-20
2026-07-22,200364,"VARUS, Донецьке шосcе 110",Dnipro,27.562277,2,2,0,0,701.0,701.0,1,11.6833,11.6833,100.0,0.0,0.0,EUR,2026-07-20
2026-07-22,200356,"VARUS, Донецьке шосcе 9а",Dnipro,15.051832,1,1,0,0,701.0,701.0,1,11.6833,11.6833,100.0,0.0,0.0,EUR,2026-07-20
2026-07-22,200400,"VARUS, Люстдорфська дорога 114",Odesa,67.908786,3,3,1,0,701.0,701.0,1,11.6833,11.6833,100.0,33.33,0.0,EUR,2026-07-20
2026-07-22,200392,"VARUS, Площа Шахтарської Слави 1",Kryvyi Rih,127.60592,11,11,0,0,701.0,701.0,1,11.6833,11.6833,100.0,0.0,0.0,EUR,2026-07-20
2026-07-22,200374,"VARUS, Проспект Червоної Калини 44A",Kyiv,98.521863,6,6,0,0,701.0,701.0,1,11.6833,11.6833,100.0,0.0,0.0,EUR,2026-07-20
2026-07-22,200365,"VARUS, Північно-Кільцева вулиця, 10а,",Zaporizhia,17.600654,1,1,0,0,701.0,701.0,1,11.6833,11.6833,100.0,0.0,0.0,EUR,2026-07-20
2026-07-22,200385,"VARUS, Харківське Шосе 160",Kyiv,58.621163,3,3,0,0,701.0,701.0,1,11.6833,11.6833,100.0,0.0,0.0,EUR,2026-07-20
2026-07-22,200358,"VARUS, бул. Європейський 1Д",Dnipro,80.058555,6,6,0,0,701.0,701.0,1,11.6833,11.6833,100.0,0.0,0.0,EUR,2026-07-20
2026-07-22,200372,"VARUS, бул.Будівельників 27а",Kamianske,0.0,0,0,0,0,601.0,601.0,1,10.0167,10.0167,100.0,,,EUR,2026-07-20
2026-07-22,200355,"VARUS, вул Березинская 23а",Dnipro,7.927888,1,1,0,0,701.0,701.0,1,11.6833,11.6833,100.0,0.0,0.0,EUR,2026-07-20
2026-07-22,200393,"VARUS, вул. 200 річчя Кривого Рогу",Kryvyi Rih,32.403359,3,2,0,1,701.0,701.0,1,11.6833,11.6833,100.0,0.0,33.33,EUR,2026-07-20
2026-07-22,200397,"VARUS, вул. Івана Авраменко 21В",Kryvyi Rih,111.077907,5,5,1,0,701.0,701.0,1,11.6833,11.6833,100.0,20.0,0.0,EUR,2026-07-20
2026-07-22,200376,"VARUS, вул. Волинська 37",Kyiv,104.744601,8,8,0,0,701.0,701.0,1,11.6833,11.6833,100.0,0.0,0.0,EUR,2026-07-20
2026-07-22,200401,"VARUS, вул. Дача Ковалевського 91",Odesa,0.0,0,0,0,0,701.0,701.0,1,11.6833,11.6833,100.0,,,EUR,2026-07-20
2026-07-22,200378,"VARUS, вул. Деміївська 27",Kyiv,183.993533,9,9,2,0,701.0,701.0,1,11.6833,11.6833,100.0,22.22,0.0,EUR,2026-07-20
2026-07-22,200387,"VARUS, вул. Драгаманова 40г",Kyiv,74.623912,3,3,1,0,701.0,701.0,1,11.6833,11.6833,100.0,33.33,0.0,EUR,2026-07-20
2026-07-22,200391,"VARUS, вул. Жилянська 59",Kyiv,178.794321,14,14,1,0,701.0,701.0,1,11.6833,11.6833,100.0,7.14,0.0,EUR,2026-07-20
2026-07-22,200384,"VARUS, вул. Костянтинівська 2А",Kyiv,88.472565,6,6,0,0,701.0,701.0,1,11.6833,11.6833,100.0,0.0,0.0,EUR,2026-07-20
2026-07-22,200388,"VARUS, вул. Лесі Українки 30",Kyiv,0.0,0,0,0,0,701.0,701.0,1,11.6833,11.6833,100.0,,,EUR,2026-07-20
2026-07-22,200398,"VARUS, вул. Недєліна 43",Kryvyi Rih,0.0,0,0,0,0,701.0,701.0,1,11.6833,11.6833,100.0,,,EUR,2026-07-20
2026-07-22,200371,"VARUS, вул. Ольги Кобилянської 1В/23",Irpin,139.504406,8,8,0,0,701.0,701.0,1,11.6833,11.6833,100.0,0.0,0.0,EUR,2026-07-20
2026-07-22,200351,"VARUS, вул. Паникахи 15",Dnipro,166.196002,8,8,0,0,701.0,701.0,1,11.6833,11.6833,100.0,0.0,0.0,EUR,2026-07-20
2026-07-22,200403,"VARUS, вул. Соборна 97А",Pavlohrad,90.207464,6,6,1,0,641.0,641.0,1,10.6833,10.6833,100.0,16.67,0.0,EUR,2026-07-20
2026-07-22,200389,"VARUS, вул. Срібнокільска 11",Kyiv,103.619508,7,7,0,0,721.0,721.0,1,12.0167,12.0167,100.0,0.0,0.0,EUR,2026-07-20
2026-07-22,200381,"VARUS, вул. Тютюника 39-А",Kyiv,237.783792,20,19,0,1,701.0,701.0,1,11.6833,11.6833,100.0,0.0,5.0,EUR,2026-07-20
2026-07-22,200366,"VARUS, вул. Яценка 2",Zaporizhia,36.245184,4,4,1,0,701.0,701.0,1,11.6833,11.6833,100.0,25.0,0.0,EUR,2026-07-20
2026-07-22,200352,"VARUS, вул.20річчя Перемоги  43Д",Dnipro,0.0,0,0,0,0,701.0,701.0,1,11.6833,11.6833,100.0,,,EUR,2026-07-20
2026-07-22,200375,"VARUS, вул.Андрія Малишко,3",Kyiv,196.213167,13,12,0,1,701.0,701.0,1,11.6833,11.6833,100.0,0.0,7.69,EUR,2026-07-20
2026-07-22,200379,"VARUS, вул.Бажана 10-А",Kyiv,0.0,5,0,0,5,701.0,701.0,1,11.6833,11.6833,100.0,,100.0,EUR,2026-07-20
2026-07-22,200382,"VARUS, вул.Васильківска 34",Kyiv,208.332793,14,14,0,0,701.0,701.0,1,11.6833,11.6833,100.0,0.0,0.0,EUR,2026-07-20
2026-07-22,200386,"VARUS, вул.Вишгородска 45а",Kyiv,213.666853,14,14,2,0,661.0,661.0,1,11.0167,11.0167,100.0,14.29,0.0,EUR,2026-07-20
2026-07-22,200350,"VARUS, вул.Глинки 2",Dnipro,167.837161,10,10,2,0,701.0,701.0,1,11.6833,11.6833,100.0,20.0,0.0,EUR,2026-07-20
2026-07-22,200349,"VARUS, вул.Дніпровская 1",Vyshhorod,0.0,0,0,0,0,701.0,701.0,1,11.6833,11.6833,100.0,,,EUR,2026-07-20
2026-07-22,200354,"VARUS, вул.Калиновая 9А",Dnipro,138.540377,11,9,0,2,701.0,701.0,1,11.6833,11.6833,100.0,0.0,18.18,EUR,2026-07-20
2026-07-22,200348,"VARUS, вул.Київська 239",Brovary,105.040306,10,10,0,0,701.0,701.0,1,11.6833,11.6833,100.0,0.0,0.0,EUR,2026-07-20
2026-07-22,200353,"VARUS, вул.Коммунарівська буд. 8",Dnipro,39.542565,3,3,0,0,701.0,701.0,1,11.6833,11.6833,100.0,0.0,0.0,EUR,2026-07-20
2026-07-22,200361,"VARUS, вул.Марії Кюрі 5",Dnipro,78.322676,5,5,1,0,701.0,701.0,1,11.6833,11.6833,100.0,20.0,0.0,EUR,2026-07-20
2026-07-22,200370,"VARUS, вул.Незалежної України 57В",Zaporizhia,116.431333,7,7,2,0,701.0,701.0,1,11.6833,11.6833,100.0,28.57,0.0,EUR,2026-07-20
2026-07-22,200404,"VARUS, вул.Нова 2В",Pavlohrad,5.508424,1,1,0,0,641.0,641.0,1,10.6833,10.6833,100.0,0.0,0.0,EUR,2026-07-20
2026-07-22,200363,"VARUS, вул.Робоча 67",Dnipro,28.035484,3,3,0,0,701.0,701.0,1,11.6833,11.6833,100.0,0.0,0.0,EUR,2026-07-20
2026-07-22,200369,"VARUS, вул.Тараса Шевченка 7",Kamianske,0.0,0,0,0,0,601.0,601.0,1,10.0167,10.0167,100.0,,,EUR,2026-07-20
2026-07-22,200395,"VARUS, вул.Терещенко 1Е",Kryvyi Rih,0.0,0,0,0,0,701.0,701.0,1,11.6833,11.6833,100.0,,,EUR,2026-07-20
2026-07-22,200402,"VARUS, вул.Французький бульвар 22",Odesa,20.956553,4,3,0,1,701.0,701.0,1,11.6833,11.6833,100.0,0.0,25.0,EUR,2026-07-20
2026-07-22,200396,"VARUS, мкр Сонячний 41а",Kryvyi Rih,0.0,0,0,0,0,701.0,701.0,1,11.6833,11.6833,100.0,,,EUR,2026-07-20
2026-07-22,200362,"VARUS, пр. Івана Мазепи, 58",Dnipro,51.78314,3,3,2,0,701.0,701.0,1,11.6833,11.6833,100.0,66.67,0.0,EUR,2026-07-20
2026-07-22,200373,"VARUS, пр. Академіка Паладіна 16/39",Kyiv,220.475907,15,15,0,0,701.0,701.0,1,11.6833,11.6833,100.0,0.0,0.0,EUR,2026-07-20
2026-07-22,200368,"VARUS, пр. Героїв 2",Dnipro,184.731525,10,10,1,0,701.0,701.0,1,11.6833,11.6833,100.0,10.0,0.0,EUR,2026-07-20
2026-07-22,200408,"VARUS, пр. Гуляєва полковника ж.м. ""Дружний"" буд. 107/1",Odesa,26.449516,2,2,2,0,701.0,701.0,1,11.6833,11.6833,100.0,100.0,0.0,EUR,2026-07-20
2026-07-22,200399,"VARUS, пр. Добровольського 122/1",Odesa,29.494835,2,2,1,0,701.0,701.0,1,11.6833,11.6833,100.0,50.0,0.0,EUR,2026-07-20
2026-07-22,862701,"VARUS, пр. Коцюбинського, 70",Vinnytsia,388.779029,19,18,1,1,701.0,701.0,1,11.6833,11.6833,100.0,5.56,5.26,EUR,2026-07-20
2026-07-22,200394,"VARUS, пр. Металургів 42А",Kryvyi Rih,51.431658,5,5,0,0,701.0,701.0,1,11.6833,11.6833,100.0,0.0,0.0,EUR,2026-07-20
2026-07-22,200380,"VARUS, пр. Миколи Бажана 38",Kyiv,106.486542,8,8,0,0,701.0,701.0,1,11.6833,11.6833,100.0,0.0,0.0,EUR,2026-07-20
2026-07-22,200359,"VARUS, пр. О. Поля, 104а",Dnipro,0.0,0,0,0,0,0.0,0.0,1,0.0,0.0,,,,EUR,2026-07-20
2026-07-22,198953,"VARUS, пр. Олександра Поля, 104",Dnipro,67.42149,7,7,3,0,701.0,701.0,1,11.6833,11.6833,100.0,42.86,0.0,EUR,2026-07-20
2026-07-22,200357,"VARUS, пр.Науки 8а",Dnipro,61.328112,6,6,2,0,701.0,701.0,1,11.6833,11.6833,100.0,33.33,0.0,EUR,2026-07-20
2026-07-22,200377,"VARUS, пр.Оболонський 47/42",Kyiv,81.192255,4,4,1,0,701.0,701.0,1,11.6833,11.6833,100.0,25.0,0.0,EUR,2026-07-20
2026-07-22,200360,"VARUS, проспект Слобожанський 86",Dnipro,7.284028,1,1,0,0,701.0,701.0,1,11.6833,11.6833,100.0,0.0,0.0,EUR,2026-07-20
2026-07-23,200367,"VARUS вул.Петра Сагайдачного, 7",Zaporizhia,6.2811,1,1,0,0,700.75,700.75,1,11.6792,11.6792,100.0,0.0,0.0,EUR,2026-07-20
2026-07-23,200390,"VARUS, 5-й Зарічний, д.19",Kryvyi Rih,0.0,0,0,0,0,700.75,700.75,1,11.6792,11.6792,100.0,,,EUR,2026-07-20
2026-07-23,200383,"VARUS, Вулиця Героїв полку Азов, 12",Kyiv,26.173043,3,2,0,1,700.75,700.75,1,11.6792,11.6792,100.0,0.0,33.33,EUR,2026-07-20
2026-07-23,200364,"VARUS, Донецьке шосcе 110",Dnipro,17.704965,2,2,1,0,700.75,700.75,1,11.6792,11.6792,100.0,50.0,0.0,EUR,2026-07-20
2026-07-23,200356,"VARUS, Донецьке шосcе 9а",Dnipro,0.0,0,0,0,0,700.75,700.75,1,11.6792,11.6792,100.0,,,EUR,2026-07-20
2026-07-23,200400,"VARUS, Люстдорфська дорога 114",Odesa,79.373123,7,7,1,0,700.75,700.75,1,11.6792,11.6792,100.0,14.29,0.0,EUR,2026-07-20
2026-07-23,200392,"VARUS, Площа Шахтарської Слави 1",Kryvyi Rih,92.186958,8,8,0,0,700.75,700.75,1,11.6792,11.6792,100.0,0.0,0.0,EUR,2026-07-20
2026-07-23,200374,"VARUS, Проспект Червоної Калини 44A",Kyiv,85.162897,6,6,1,0,700.75,700.75,1,11.6792,11.6792,100.0,16.67,0.0,EUR,2026-07-20
2026-07-23,200365,"VARUS, Північно-Кільцева вулиця, 10а,",Zaporizhia,22.114953,3,2,0,1,700.75,700.75,1,11.6792,11.6792,100.0,0.0,33.33,EUR,2026-07-20
2026-07-23,200385,"VARUS, Харківське Шосе 160",Kyiv,69.552086,2,2,1,0,700.75,700.75,1,11.6792,11.6792,100.0,50.0,0.0,EUR,2026-07-20
2026-07-23,200358,"VARUS, бул. Європейський 1Д",Dnipro,38.605019,4,4,2,0,700.75,700.75,1,11.6792,11.6792,100.0,50.0,0.0,EUR,2026-07-20
2026-07-23,200372,"VARUS, бул.Будівельників 27а",Kamianske,95.445106,1,1,1,0,600.75,600.75,1,10.0125,10.0125,100.0,100.0,0.0,EUR,2026-07-20
2026-07-23,200355,"VARUS, вул Березинская 23а",Dnipro,9.12331,1,1,0,0,700.75,700.75,1,11.6792,11.6792,100.0,0.0,0.0,EUR,2026-07-20
2026-07-23,200393,"VARUS, вул. 200 річчя Кривого Рогу",Kryvyi Rih,22.417896,1,1,0,0,700.75,700.75,1,11.6792,11.6792,100.0,0.0,0.0,EUR,2026-07-20
2026-07-23,200397,"VARUS, вул. Івана Авраменко 21В",Kryvyi Rih,76.067395,6,6,2,0,700.75,700.75,1,11.6792,11.6792,100.0,33.33,0.0,EUR,2026-07-20
2026-07-23,200376,"VARUS, вул. Волинська 37",Kyiv,190.614088,10,10,0,0,700.75,700.75,1,11.6792,11.6792,100.0,0.0,0.0,EUR,2026-07-20
2026-07-23,200401,"VARUS, вул. Дача Ковалевського 91",Odesa,0.0,0,0,0,0,700.75,700.75,1,11.6792,11.6792,100.0,,,EUR,2026-07-20
2026-07-23,200378,"VARUS, вул. Деміївська 27",Kyiv,92.493817,5,5,2,0,700.75,700.75,1,11.6792,11.6792,100.0,40.0,0.0,EUR,2026-07-20
2026-07-23,200387,"VARUS, вул. Драгаманова 40г",Kyiv,16.916573,2,2,2,0,700.75,700.75,1,11.6792,11.6792,100.0,100.0,0.0,EUR,2026-07-20
2026-07-23,200391,"VARUS, вул. Жилянська 59",Kyiv,220.285355,15,15,0,0,700.75,700.75,1,11.6792,11.6792,100.0,0.0,0.0,EUR,2026-07-20
2026-07-23,200384,"VARUS, вул. Костянтинівська 2А",Kyiv,101.671372,5,5,0,0,700.75,700.75,1,11.6792,11.6792,100.0,0.0,0.0,EUR,2026-07-20
2026-07-23,200388,"VARUS, вул. Лесі Українки 30",Kyiv,0.0,0,0,0,0,700.75,700.75,1,11.6792,11.6792,100.0,,,EUR,2026-07-20
2026-07-23,200398,"VARUS, вул. Недєліна 43",Kryvyi Rih,0.0,0,0,0,0,700.75,700.75,1,11.6792,11.6792,100.0,,,EUR,2026-07-20
2026-07-23,200371,"VARUS, вул. Ольги Кобилянської 1В/23",Irpin,66.873785,6,6,2,0,700.75,700.75,1,11.6792,11.6792,100.0,33.33,0.0,EUR,2026-07-20
2026-07-23,200351,"VARUS, вул. Паникахи 15",Dnipro,67.023787,6,4,0,2,700.75,700.75,1,11.6792,11.6792,100.0,0.0,33.33,EUR,2026-07-20
2026-07-23,200403,"VARUS, вул. Соборна 97А",Pavlohrad,44.023116,3,2,1,1,640.75,640.75,1,10.6792,10.6792,100.0,50.0,33.33,EUR,2026-07-20
2026-07-23,200389,"VARUS, вул. Срібнокільска 11",Kyiv,47.116179,3,2,0,1,720.75,720.75,1,12.0125,12.0125,100.0,0.0,33.33,EUR,2026-07-20
2026-07-23,200381,"VARUS, вул. Тютюника 39-А",Kyiv,47.918277,4,4,0,0,700.75,700.75,1,11.6792,11.6792,100.0,0.0,0.0,EUR,2026-07-20
2026-07-23,200366,"VARUS, вул. Яценка 2",Zaporizhia,27.097143,1,1,1,0,509.6166666666667,700.6833333333333,1,8.4936,11.6781,72.73,100.0,0.0,EUR,2026-07-20
2026-07-23,200352,"VARUS, вул.20річчя Перемоги  43Д",Dnipro,0.0,0,0,0,0,700.75,700.75,1,11.6792,11.6792,100.0,,,EUR,2026-07-20
2026-07-23,200375,"VARUS, вул.Андрія Малишко,3",Kyiv,325.228972,15,15,0,0,700.75,700.75,1,11.6792,11.6792,100.0,0.0,0.0,EUR,2026-07-20
2026-07-23,200379,"VARUS, вул.Бажана 10-А",Kyiv,20.946856,1,1,1,0,700.75,700.75,1,11.6792,11.6792,100.0,100.0,0.0,EUR,2026-07-20
2026-07-23,200382,"VARUS, вул.Васильківска 34",Kyiv,182.330672,10,9,1,1,700.75,700.75,1,11.6792,11.6792,100.0,11.11,10.0,EUR,2026-07-20
2026-07-23,200386,"VARUS, вул.Вишгородска 45а",Kyiv,184.214709,13,12,1,1,660.75,660.75,1,11.0125,11.0125,100.0,8.33,7.69,EUR,2026-07-20
2026-07-23,200350,"VARUS, вул.Глинки 2",Dnipro,210.827574,16,14,4,2,700.75,700.75,1,11.6792,11.6792,100.0,28.57,12.5,EUR,2026-07-20
2026-07-23,200349,"VARUS, вул.Дніпровская 1",Vyshhorod,6.033381,1,1,0,0,700.75,700.75,1,11.6792,11.6792,100.0,0.0,0.0,EUR,2026-07-20
2026-07-23,200354,"VARUS, вул.Калиновая 9А",Dnipro,148.40823,7,7,0,0,700.75,700.75,1,11.6792,11.6792,100.0,0.0,0.0,EUR,2026-07-20
2026-07-23,200348,"VARUS, вул.Київська 239",Brovary,49.273194,7,7,0,0,700.75,700.75,1,11.6792,11.6792,100.0,0.0,0.0,EUR,2026-07-20
2026-07-23,200353,"VARUS, вул.Коммунарівська буд. 8",Dnipro,30.283222,3,3,0,0,700.75,700.75,1,11.6792,11.6792,100.0,0.0,0.0,EUR,2026-07-20
2026-07-23,200361,"VARUS, вул.Марії Кюрі 5",Dnipro,13.687216,1,1,0,0,700.75,700.75,1,11.6792,11.6792,100.0,0.0,0.0,EUR,2026-07-20
2026-07-23,200370,"VARUS, вул.Незалежної України 57В",Zaporizhia,134.41181,10,10,1,0,700.75,700.75,1,11.6792,11.6792,100.0,10.0,0.0,EUR,2026-07-20
2026-07-23,200404,"VARUS, вул.Нова 2В",Pavlohrad,70.253928,4,4,0,0,640.75,640.75,1,10.6792,10.6792,100.0,0.0,0.0,EUR,2026-07-20
2026-07-23,200363,"VARUS, вул.Робоча 67",Dnipro,81.237969,7,7,0,0,700.75,700.75,1,11.6792,11.6792,100.0,0.0,0.0,EUR,2026-07-20
2026-07-23,200369,"VARUS, вул.Тараса Шевченка 7",Kamianske,0.0,0,0,0,0,600.75,600.75,1,10.0125,10.0125,100.0,,,EUR,2026-07-20
2026-07-23,200395,"VARUS, вул.Терещенко 1Е",Kryvyi Rih,0.0,0,0,0,0,700.75,700.75,1,11.6792,11.6792,100.0,,,EUR,2026-07-20
2026-07-23,200402,"VARUS, вул.Французький бульвар 22",Odesa,10.18762,1,1,0,0,700.75,700.75,1,11.6792,11.6792,100.0,0.0,0.0,EUR,2026-07-20
2026-07-23,200396,"VARUS, мкр Сонячний 41а",Kryvyi Rih,53.504001,3,3,0,0,700.75,700.75,1,11.6792,11.6792,100.0,0.0,0.0,EUR,2026-07-20
2026-07-23,200362,"VARUS, пр. Івана Мазепи, 58",Dnipro,18.840557,2,1,0,1,700.75,700.75,1,11.6792,11.6792,100.0,0.0,50.0,EUR,2026-07-20
2026-07-23,200373,"VARUS, пр. Академіка Паладіна 16/39",Kyiv,307.638959,17,17,1,0,700.75,700.75,1,11.6792,11.6792,100.0,5.88,0.0,EUR,2026-07-20
2026-07-23,200368,"VARUS, пр. Героїв 2",Dnipro,131.062215,10,10,1,0,700.75,700.75,1,11.6792,11.6792,100.0,10.0,0.0,EUR,2026-07-20
2026-07-23,200408,"VARUS, пр. Гуляєва полковника ж.м. ""Дружний"" буд. 107/1",Odesa,16.738763,2,2,0,0,700.75,700.75,1,11.6792,11.6792,100.0,0.0,0.0,EUR,2026-07-20
2026-07-23,200399,"VARUS, пр. Добровольського 122/1",Odesa,98.184503,3,3,1,0,700.75,700.75,1,11.6792,11.6792,100.0,33.33,0.0,EUR,2026-07-20
2026-07-23,862701,"VARUS, пр. Коцюбинського, 70",Vinnytsia,441.821449,28,28,7,0,700.75,700.75,1,11.6792,11.6792,100.0,25.0,0.0,EUR,2026-07-20
2026-07-23,200394,"VARUS, пр. Металургів 42А",Kryvyi Rih,49.303549,2,2,0,0,700.75,700.75,1,11.6792,11.6792,100.0,0.0,0.0,EUR,2026-07-20
2026-07-23,200380,"VARUS, пр. Миколи Бажана 38",Kyiv,60.389809,4,4,0,0,700.75,700.75,1,11.6792,11.6792,100.0,0.0,0.0,EUR,2026-07-20
2026-07-23,200359,"VARUS, пр. О. Поля, 104а",Dnipro,0.0,0,0,0,0,0.0,0.0,1,0.0,0.0,,,,EUR,2026-07-20
2026-07-23,198953,"VARUS, пр. Олександра Поля, 104",Dnipro,46.764279,5,5,1,0,700.75,700.75,1,11.6792,11.6792,100.0,20.0,0.0,EUR,2026-07-20
2026-07-23,200357,"VARUS, пр.Науки 8а",Dnipro,97.353223,6,6,3,0,700.75,700.75,1,11.6792,11.6792,100.0,50.0,0.0,EUR,2026-07-20
2026-07-23,200377,"VARUS, пр.Оболонський 47/42",Kyiv,123.403287,6,6,2,0,700.75,700.75,1,11.6792,11.6792,100.0,33.33,0.0,EUR,2026-07-20
2026-07-23,200360,"VARUS, проспект Слобожанський 86",Dnipro,9.941663,1,1,0,0,700.75,700.75,1,11.6792,11.6792,100.0,0.0,0.0,EUR,2026-07-20
2026-07-24,200367,"VARUS вул.Петра Сагайдачного, 7",Zaporizhia,74.657104,3,3,1,0,701.0,701.0,1,11.6833,11.6833,100.0,33.33,0.0,EUR,2026-07-20
2026-07-24,200390,"VARUS, 5-й Зарічний, д.19",Kryvyi Rih,50.782547,3,3,1,0,701.0,701.0,1,11.6833,11.6833,100.0,33.33,0.0,EUR,2026-07-20
2026-07-24,200383,"VARUS, Вулиця Героїв полку Азов, 12",Kyiv,109.904679,7,6,0,1,701.0,701.0,1,11.6833,11.6833,100.0,0.0,14.29,EUR,2026-07-20
2026-07-24,200364,"VARUS, Донецьке шосcе 110",Dnipro,22.426196,3,3,0,0,701.0,701.0,1,11.6833,11.6833,100.0,0.0,0.0,EUR,2026-07-20
2026-07-24,200356,"VARUS, Донецьке шосcе 9а",Dnipro,46.679735,2,2,1,0,701.0,701.0,1,11.6833,11.6833,100.0,50.0,0.0,EUR,2026-07-20
2026-07-24,200400,"VARUS, Люстдорфська дорога 114",Odesa,157.131638,6,6,1,0,701.0,701.0,1,11.6833,11.6833,100.0,16.67,0.0,EUR,2026-07-20
2026-07-24,200392,"VARUS, Площа Шахтарської Слави 1",Kryvyi Rih,101.646959,9,9,1,0,701.0,701.0,1,11.6833,11.6833,100.0,11.11,0.0,EUR,2026-07-20
2026-07-24,200374,"VARUS, Проспект Червоної Калини 44A",Kyiv,292.385871,16,15,2,1,701.0,701.0,1,11.6833,11.6833,100.0,13.33,6.25,EUR,2026-07-20
2026-07-24,200365,"VARUS, Північно-Кільцева вулиця, 10а,",Zaporizhia,33.920838,2,2,0,0,701.0,701.0,1,11.6833,11.6833,100.0,0.0,0.0,EUR,2026-07-20
2026-07-24,200385,"VARUS, Харківське Шосе 160",Kyiv,46.240429,1,1,1,0,701.0,701.0,1,11.6833,11.6833,100.0,100.0,0.0,EUR,2026-07-20
2026-07-24,200358,"VARUS, бул. Європейський 1Д",Dnipro,107.535985,7,7,3,0,701.0,701.0,1,11.6833,11.6833,100.0,42.86,0.0,EUR,2026-07-20
2026-07-24,200372,"VARUS, бул.Будівельників 27а",Kamianske,0.0,0,0,0,0,601.0,601.0,1,10.0167,10.0167,100.0,,,EUR,2026-07-20
2026-07-24,200355,"VARUS, вул Березинская 23а",Dnipro,29.64783,4,3,1,1,701.0,701.0,1,11.6833,11.6833,100.0,33.33,25.0,EUR,2026-07-20
2026-07-24,200393,"VARUS, вул. 200 річчя Кривого Рогу",Kryvyi Rih,71.048052,4,4,1,0,701.0,701.0,1,11.6833,11.6833,100.0,25.0,0.0,EUR,2026-07-20
2026-07-24,200397,"VARUS, вул. Івана Авраменко 21В",Kryvyi Rih,36.018857,3,3,0,0,701.0,701.0,1,11.6833,11.6833,100.0,0.0,0.0,EUR,2026-07-20
2026-07-24,200376,"VARUS, вул. Волинська 37",Kyiv,190.529734,11,10,2,1,701.0,701.0,1,11.6833,11.6833,100.0,20.0,9.09,EUR,2026-07-20
2026-07-24,200401,"VARUS, вул. Дача Ковалевського 91",Odesa,0.0,0,0,0,0,701.0,701.0,1,11.6833,11.6833,100.0,,,EUR,2026-07-20
2026-07-24,200378,"VARUS, вул. Деміївська 27",Kyiv,75.129314,6,6,0,0,701.0,701.0,1,11.6833,11.6833,100.0,0.0,0.0,EUR,2026-07-20
2026-07-24,200387,"VARUS, вул. Драгаманова 40г",Kyiv,0.0,0,0,0,0,701.0,701.0,1,11.6833,11.6833,100.0,,,EUR,2026-07-20
2026-07-24,200391,"VARUS, вул. Жилянська 59",Kyiv,452.552896,30,30,1,0,701.0,701.0,1,11.6833,11.6833,100.0,3.33,0.0,EUR,2026-07-20
2026-07-24,200384,"VARUS, вул. Костянтинівська 2А",Kyiv,121.051479,6,6,1,0,701.0,701.0,1,11.6833,11.6833,100.0,16.67,0.0,EUR,2026-07-20
2026-07-24,200388,"VARUS, вул. Лесі Українки 30",Kyiv,0.0,0,0,0,0,701.0,701.0,1,11.6833,11.6833,100.0,,,EUR,2026-07-20
2026-07-24,200398,"VARUS, вул. Недєліна 43",Kryvyi Rih,0.0,0,0,0,0,701.0,701.0,1,11.6833,11.6833,100.0,,,EUR,2026-07-20
2026-07-24,200371,"VARUS, вул. Ольги Кобилянської 1В/23",Irpin,199.715224,12,12,0,0,701.0,701.0,1,11.6833,11.6833,100.0,0.0,0.0,EUR,2026-07-20
2026-07-24,200351,"VARUS, вул. Паникахи 15",Dnipro,165.204465,9,9,0,0,701.0,701.0,1,11.6833,11.6833,100.0,0.0,0.0,EUR,2026-07-20
2026-07-24,200403,"VARUS, вул. Соборна 97А",Pavlohrad,38.222246,3,3,0,0,641.0,641.0,1,10.6833,10.6833,100.0,0.0,0.0,EUR,2026-07-20
2026-07-24,200389,"VARUS, вул. Срібнокільска 11",Kyiv,90.064379,7,7,1,0,721.0,721.0,1,12.0167,12.0167,100.0,14.29,0.0,EUR,2026-07-20
2026-07-24,200381,"VARUS, вул. Тютюника 39-А",Kyiv,271.683218,15,15,0,0,701.0,701.0,1,11.6833,11.6833,100.0,0.0,0.0,EUR,2026-07-20
2026-07-24,200366,"VARUS, вул. Яценка 2",Zaporizhia,0.0,0,0,0,0,0.0,701.0,1,0.0,11.6833,0.0,,,EUR,2026-07-20
2026-07-24,200352,"VARUS, вул.20річчя Перемоги  43Д",Dnipro,0.0,0,0,0,0,701.0,701.0,1,11.6833,11.6833,100.0,,,EUR,2026-07-20
2026-07-24,200375,"VARUS, вул.Андрія Малишко,3",Kyiv,261.024288,13,13,3,0,701.0,701.0,1,11.6833,11.6833,100.0,23.08,0.0,EUR,2026-07-20
2026-07-24,200379,"VARUS, вул.Бажана 10-А",Kyiv,0.0,0,0,0,0,701.0,701.0,1,11.6833,11.6833,100.0,,,EUR,2026-07-20
2026-07-24,200382,"VARUS, вул.Васильківска 34",Kyiv,236.507519,15,14,0,1,701.0,701.0,1,11.6833,11.6833,100.0,0.0,6.67,EUR,2026-07-20
2026-07-24,200386,"VARUS, вул.Вишгородска 45а",Kyiv,178.218564,14,11,1,3,661.0,661.0,1,11.0167,11.0167,100.0,9.09,21.43,EUR,2026-07-20
2026-07-24,200350,"VARUS, вул.Глинки 2",Dnipro,46.413372,4,4,2,0,701.0,701.0,1,11.6833,11.6833,100.0,50.0,0.0,EUR,2026-07-20
2026-07-24,200349,"VARUS, вул.Дніпровская 1",Vyshhorod,11.399456,2,2,0,0,701.0,701.0,1,11.6833,11.6833,100.0,0.0,0.0,EUR,2026-07-20
2026-07-24,200354,"VARUS, вул.Калиновая 9А",Dnipro,209.549194,13,13,1,0,701.0,701.0,1,11.6833,11.6833,100.0,7.69,0.0,EUR,2026-07-20
2026-07-24,200348,"VARUS, вул.Київська 239",Brovary,77.176412,5,5,1,0,701.0,701.0,1,11.6833,11.6833,100.0,20.0,0.0,EUR,2026-07-20
2026-07-24,200353,"VARUS, вул.Коммунарівська буд. 8",Dnipro,19.875161,2,2,0,0,701.0,701.0,1,11.6833,11.6833,100.0,0.0,0.0,EUR,2026-07-20
2026-07-24,200361,"VARUS, вул.Марії Кюрі 5",Dnipro,96.251495,7,7,2,0,701.0,701.0,1,11.6833,11.6833,100.0,28.57,0.0,EUR,2026-07-20
2026-07-24,200370,"VARUS, вул.Незалежної України 57В",Zaporizhia,202.161868,13,13,1,0,701.0,701.0,1,11.6833,11.6833,100.0,7.69,0.0,EUR,2026-07-20
2026-07-24,200404,"VARUS, вул.Нова 2В",Pavlohrad,0.0,0,0,0,0,641.0,641.0,1,10.6833,10.6833,100.0,,,EUR,2026-07-20
2026-07-24,200363,"VARUS, вул.Робоча 67",Dnipro,90.464906,7,7,0,0,701.0,701.0,1,11.6833,11.6833,100.0,0.0,0.0,EUR,2026-07-20
2026-07-24,200369,"VARUS, вул.Тараса Шевченка 7",Kamianske,0.0,0,0,0,0,601.0,601.0,1,10.0167,10.0167,100.0,,,EUR,2026-07-20
2026-07-24,200395,"VARUS, вул.Терещенко 1Е",Kryvyi Rih,0.0,0,0,0,0,701.0,701.0,1,11.6833,11.6833,100.0,,,EUR,2026-07-20
2026-07-24,200402,"VARUS, вул.Французький бульвар 22",Odesa,14.956999,3,1,0,2,701.0,701.0,1,11.6833,11.6833,100.0,0.0,66.67,EUR,2026-07-20
2026-07-24,200396,"VARUS, мкр Сонячний 41а",Kryvyi Rih,0.0,0,0,0,0,701.0,701.0,1,11.6833,11.6833,100.0,,,EUR,2026-07-20
2026-07-24,200362,"VARUS, пр. Івана Мазепи, 58",Dnipro,9.881957,1,1,0,0,701.0,701.0,1,11.6833,11.6833,100.0,0.0,0.0,EUR,2026-07-20
2026-07-24,200373,"VARUS, пр. Академіка Паладіна 16/39",Kyiv,215.858725,13,13,1,0,701.0,701.0,1,11.6833,11.6833,100.0,7.69,0.0,EUR,2026-07-20
2026-07-24,200368,"VARUS, пр. Героїв 2",Dnipro,196.444024,12,12,1,0,701.0,701.0,1,11.6833,11.6833,100.0,8.33,0.0,EUR,2026-07-20
2026-07-24,200408,"VARUS, пр. Гуляєва полковника ж.м. ""Дружний"" буд. 107/1",Odesa,40.936627,3,3,1,0,701.0,701.0,1,11.6833,11.6833,100.0,33.33,0.0,EUR,2026-07-20
2026-07-24,200399,"VARUS, пр. Добровольського 122/1",Odesa,14.046657,1,1,0,0,701.0,701.0,1,11.6833,11.6833,100.0,0.0,0.0,EUR,2026-07-20
2026-07-24,862701,"VARUS, пр. Коцюбинського, 70",Vinnytsia,387.455765,25,24,2,1,701.0,701.0,1,11.6833,11.6833,100.0,8.33,4.0,EUR,2026-07-20
2026-07-24,200394,"VARUS, пр. Металургів 42А",Kryvyi Rih,85.631158,6,6,1,0,701.0,701.0,1,11.6833,11.6833,100.0,16.67,0.0,EUR,2026-07-20
2026-07-24,200380,"VARUS, пр. Миколи Бажана 38",Kyiv,113.306512,6,6,2,0,701.0,701.0,1,11.6833,11.6833,100.0,33.33,0.0,EUR,2026-07-20
2026-07-24,200359,"VARUS, пр. О. Поля, 104а",Dnipro,0.0,0,0,0,0,0.0,0.0,1,0.0,0.0,,,,EUR,2026-07-20
2026-07-24,198953,"VARUS, пр. Олександра Поля, 104",Dnipro,127.726473,11,10,0,1,701.0,701.0,1,11.6833,11.6833,100.0,0.0,9.09,EUR,2026-07-20
2026-07-24,200357,"VARUS, пр.Науки 8а",Dnipro,96.585236,6,6,1,0,701.0,701.0,1,11.6833,11.6833,100.0,16.67,0.0,EUR,2026-07-20
2026-07-24,200377,"VARUS, пр.Оболонський 47/42",Kyiv,79.482821,5,5,0,0,701.0,701.0,1,11.6833,11.6833,100.0,0.0,0.0,EUR,2026-07-20
2026-07-24,200360,"VARUS, проспект Слобожанський 86",Dnipro,0.0,1,0,0,1,701.0,701.0,1,11.6833,11.6833,100.0,,100.0,EUR,2026-07-20
2026-07-25,200367,"VARUS вул.Петра Сагайдачного, 7",Zaporizhia,44.863166,3,3,0,0,700.0,700.0,1,11.6667,11.6667,100.0,0.0,0.0,EUR,2026-07-20
2026-07-25,200390,"VARUS, 5-й Зарічний, д.19",Kryvyi Rih,28.041608,1,1,0,0,701.0,701.0,1,11.6833,11.6833,100.0,0.0,0.0,EUR,2026-07-20
2026-07-25,200383,"VARUS, Вулиця Героїв полку Азов, 12",Kyiv,171.87437,10,10,0,0,701.0,701.0,1,11.6833,11.6833,100.0,0.0,0.0,EUR,2026-07-20
2026-07-25,200364,"VARUS, Донецьке шосcе 110",Dnipro,59.601195,4,4,1,0,701.0,701.0,1,11.6833,11.6833,100.0,25.0,0.0,EUR,2026-07-20
2026-07-25,200356,"VARUS, Донецьке шосcе 9а",Dnipro,47.679976,1,1,1,0,701.0,701.0,1,11.6833,11.6833,100.0,100.0,0.0,EUR,2026-07-20
2026-07-25,200400,"VARUS, Люстдорфська дорога 114",Odesa,103.256906,7,7,0,0,701.0,701.0,1,11.6833,11.6833,100.0,0.0,0.0,EUR,2026-07-20
2026-07-25,200392,"VARUS, Площа Шахтарської Слави 1",Kryvyi Rih,163.638197,13,13,0,0,701.0,701.0,1,11.6833,11.6833,100.0,0.0,0.0,EUR,2026-07-20
2026-07-25,200374,"VARUS, Проспект Червоної Калини 44A",Kyiv,310.844983,13,13,0,0,701.0,701.0,1,11.6833,11.6833,100.0,0.0,0.0,EUR,2026-07-20
2026-07-25,200365,"VARUS, Північно-Кільцева вулиця, 10а,",Zaporizhia,24.818784,2,2,0,0,700.0,700.0,1,11.6667,11.6667,100.0,0.0,0.0,EUR,2026-07-20
2026-07-25,200385,"VARUS, Харківське Шосе 160",Kyiv,26.257352,3,2,0,1,701.0,701.0,1,11.6833,11.6833,100.0,0.0,33.33,EUR,2026-07-20
2026-07-25,200358,"VARUS, бул. Європейський 1Д",Dnipro,84.53064,8,8,0,0,701.0,701.0,1,11.6833,11.6833,100.0,0.0,0.0,EUR,2026-07-20
2026-07-25,200372,"VARUS, бул.Будівельників 27а",Kamianske,0.0,0,0,0,0,601.0,601.0,1,10.0167,10.0167,100.0,,,EUR,2026-07-20
2026-07-25,200355,"VARUS, вул Березинская 23а",Dnipro,57.926816,6,6,1,0,701.0,701.0,1,11.6833,11.6833,100.0,16.67,0.0,EUR,2026-07-20
2026-07-25,200393,"VARUS, вул. 200 річчя Кривого Рогу",Kryvyi Rih,60.444753,5,5,1,0,701.0,701.0,1,11.6833,11.6833,100.0,20.0,0.0,EUR,2026-07-20
2026-07-25,200397,"VARUS, вул. Івана Авраменко 21В",Kryvyi Rih,90.37403,5,5,0,0,701.0,701.0,1,11.6833,11.6833,100.0,0.0,0.0,EUR,2026-07-20
2026-07-25,200376,"VARUS, вул. Волинська 37",Kyiv,283.404462,15,15,0,0,701.0,701.0,1,11.6833,11.6833,100.0,0.0,0.0,EUR,2026-07-20
2026-07-25,200401,"VARUS, вул. Дача Ковалевського 91",Odesa,0.0,0,0,0,0,701.0,701.0,1,11.6833,11.6833,100.0,,,EUR,2026-07-20
2026-07-25,200378,"VARUS, вул. Деміївська 27",Kyiv,92.81793,6,6,0,0,701.0,701.0,1,11.6833,11.6833,100.0,0.0,0.0,EUR,2026-07-20
2026-07-25,200387,"VARUS, вул. Драгаманова 40г",Kyiv,21.878385,2,2,0,0,701.0,701.0,1,11.6833,11.6833,100.0,0.0,0.0,EUR,2026-07-20
2026-07-25,200391,"VARUS, вул. Жилянська 59",Kyiv,377.592413,22,22,1,0,701.0,701.0,1,11.6833,11.6833,100.0,4.55,0.0,EUR,2026-07-20
2026-07-25,200384,"VARUS, вул. Костянтинівська 2А",Kyiv,110.707493,5,5,0,0,701.0,701.0,1,11.6833,11.6833,100.0,0.0,0.0,EUR,2026-07-20
2026-07-25,200388,"VARUS, вул. Лесі Українки 30",Kyiv,0.0,0,0,0,0,701.0,701.0,1,11.6833,11.6833,100.0,,,EUR,2026-07-20
2026-07-25,200398,"VARUS, вул. Недєліна 43",Kryvyi Rih,0.0,0,0,0,0,701.0,701.0,1,11.6833,11.6833,100.0,,,EUR,2026-07-20
2026-07-25,200371,"VARUS, вул. Ольги Кобилянської 1В/23",Irpin,101.925274,9,9,0,0,701.0,701.0,1,11.6833,11.6833,100.0,0.0,0.0,EUR,2026-07-20
2026-07-25,200351,"VARUS, вул. Паникахи 15",Dnipro,87.133576,5,5,1,0,701.0,701.0,1,11.6833,11.6833,100.0,20.0,0.0,EUR,2026-07-20
2026-07-25,200403,"VARUS, вул. Соборна 97А",Pavlohrad,101.068004,1,1,1,0,640.0,640.0,1,10.6667,10.6667,100.0,100.0,0.0,EUR,2026-07-20
2026-07-25,200389,"VARUS, вул. Срібнокільска 11",Kyiv,48.715082,4,4,1,0,721.0,721.0,1,12.0167,12.0167,100.0,25.0,0.0,EUR,2026-07-20
2026-07-25,200381,"VARUS, вул. Тютюника 39-А",Kyiv,139.857454,11,7,1,4,701.0,701.0,1,11.6833,11.6833,100.0,14.29,36.36,EUR,2026-07-20
2026-07-25,200366,"VARUS, вул. Яценка 2",Zaporizhia,4.652971,1,1,0,0,320.8,699.85,1,5.3467,11.6642,45.84,0.0,0.0,EUR,2026-07-20
2026-07-25,200352,"VARUS, вул.20річчя Перемоги  43Д",Dnipro,0.0,0,0,0,0,701.0,701.0,1,11.6833,11.6833,100.0,,,EUR,2026-07-20
2026-07-25,200375,"VARUS, вул.Андрія Малишко,3",Kyiv,491.040728,24,24,3,0,701.0,701.0,1,11.6833,11.6833,100.0,12.5,0.0,EUR,2026-07-20
2026-07-25,200379,"VARUS, вул.Бажана 10-А",Kyiv,13.920133,3,3,0,0,701.0,701.0,1,11.6833,11.6833,100.0,0.0,0.0,EUR,2026-07-20
2026-07-25,200382,"VARUS, вул.Васильківска 34",Kyiv,314.208826,16,16,5,0,701.0,701.0,1,11.6833,11.6833,100.0,31.25,0.0,EUR,2026-07-20
2026-07-25,200386,"VARUS, вул.Вишгородска 45а",Kyiv,141.690871,10,8,1,2,661.0,661.0,1,11.0167,11.0167,100.0,12.5,20.0,EUR,2026-07-20
2026-07-25,200350,"VARUS, вул.Глинки 2",Dnipro,265.325901,16,14,3,2,701.0,701.0,1,11.6833,11.6833,100.0,21.43,12.5,EUR,2026-07-20
2026-07-25,200349,"VARUS, вул.Дніпровская 1",Vyshhorod,16.043222,1,1,0,0,700.0,700.0,1,11.6667,11.6667,100.0,0.0,0.0,EUR,2026-07-20
2026-07-25,200354,"VARUS, вул.Калиновая 9А",Dnipro,206.270551,13,12,0,1,701.0,701.0,1,11.6833,11.6833,100.0,0.0,7.69,EUR,2026-07-20
2026-07-25,200348,"VARUS, вул.Київська 239",Brovary,88.259948,7,7,0,0,701.0,701.0,1,11.6833,11.6833,100.0,0.0,0.0,EUR,2026-07-20
2026-07-25,200353,"VARUS, вул.Коммунарівська буд. 8",Dnipro,92.806961,6,6,0,0,701.0,701.0,1,11.6833,11.6833,100.0,0.0,0.0,EUR,2026-07-20
2026-07-25,200361,"VARUS, вул.Марії Кюрі 5",Dnipro,59.087072,5,5,0,0,701.0,701.0,1,11.6833,11.6833,100.0,0.0,0.0,EUR,2026-07-20
2026-07-25,200370,"VARUS, вул.Незалежної України 57В",Zaporizhia,180.073721,8,8,0,0,700.0,700.0,1,11.6667,11.6667,100.0,0.0,0.0,EUR,2026-07-20
2026-07-25,200404,"VARUS, вул.Нова 2В",Pavlohrad,40.455993,3,3,0,0,640.0,640.0,1,10.6667,10.6667,100.0,0.0,0.0,EUR,2026-07-20
2026-07-25,200363,"VARUS, вул.Робоча 67",Dnipro,162.638936,11,11,0,0,701.0,701.0,1,11.6833,11.6833,100.0,0.0,0.0,EUR,2026-07-20
2026-07-25,200369,"VARUS, вул.Тараса Шевченка 7",Kamianske,29.548139,1,1,0,0,601.0,601.0,1,10.0167,10.0167,100.0,0.0,0.0,EUR,2026-07-20
2026-07-25,200395,"VARUS, вул.Терещенко 1Е",Kryvyi Rih,0.0,0,0,0,0,701.0,701.0,1,11.6833,11.6833,100.0,,,EUR,2026-07-20
2026-07-25,200402,"VARUS, вул.Французький бульвар 22",Odesa,95.510372,4,3,1,1,701.0,701.0,1,11.6833,11.6833,100.0,33.33,25.0,EUR,2026-07-20
2026-07-25,200396,"VARUS, мкр Сонячний 41а",Kryvyi Rih,39.869795,2,2,0,0,701.0,701.0,1,11.6833,11.6833,100.0,0.0,0.0,EUR,2026-07-20
2026-07-25,200362,"VARUS, пр. Івана Мазепи, 58",Dnipro,52.005475,4,3,0,1,701.0,701.0,1,11.6833,11.6833,100.0,0.0,25.0,EUR,2026-07-20
2026-07-25,200373,"VARUS, пр. Академіка Паладіна 16/39",Kyiv,496.885683,25,25,2,0,701.0,701.0,1,11.6833,11.6833,100.0,8.0,0.0,EUR,2026-07-20
2026-07-25,200368,"VARUS, пр. Героїв 2",Dnipro,153.106976,8,8,0,0,701.0,701.0,1,11.6833,11.6833,100.0,0.0,0.0,EUR,2026-07-20
2026-07-25,200408,"VARUS, пр. Гуляєва полковника ж.м. ""Дружний"" буд. 107/1",Odesa,63.773535,3,3,1,0,701.0,701.0,1,11.6833,11.6833,100.0,33.33,0.0,EUR,2026-07-20
2026-07-25,200399,"VARUS, пр. Добровольського 122/1",Odesa,5.689054,1,1,0,0,701.0,701.0,1,11.6833,11.6833,100.0,0.0,0.0,EUR,2026-07-20
2026-07-25,862701,"VARUS, пр. Коцюбинського, 70",Vinnytsia,530.144719,31,31,1,0,701.0,701.0,1,11.6833,11.6833,100.0,3.23,0.0,EUR,2026-07-20
2026-07-25,200394,"VARUS, пр. Металургів 42А",Kryvyi Rih,83.096967,6,6,0,0,701.0,701.0,1,11.6833,11.6833,100.0,0.0,0.0,EUR,2026-07-20
2026-07-25,200380,"VARUS, пр. Миколи Бажана 38",Kyiv,115.932759,8,8,0,0,701.0,701.0,1,11.6833,11.6833,100.0,0.0,0.0,EUR,2026-07-20
2026-07-25,200359,"VARUS, пр. О. Поля, 104а",Dnipro,0.0,0,0,0,0,0.0,0.0,1,0.0,0.0,,,,EUR,2026-07-20
2026-07-25,198953,"VARUS, пр. Олександра Поля, 104",Dnipro,133.823497,10,10,0,0,701.0,701.0,1,11.6833,11.6833,100.0,0.0,0.0,EUR,2026-07-20
2026-07-25,200357,"VARUS, пр.Науки 8а",Dnipro,98.18695,7,6,0,1,701.0,701.0,1,11.6833,11.6833,100.0,0.0,14.29,EUR,2026-07-20
2026-07-25,200377,"VARUS, пр.Оболонський 47/42",Kyiv,108.471592,7,7,0,0,701.0,701.0,1,11.6833,11.6833,100.0,0.0,0.0,EUR,2026-07-20
2026-07-25,200360,"VARUS, проспект Слобожанський 86",Dnipro,142.410253,6,6,0,0,701.0,701.0,1,11.6833,11.6833,100.0,0.0,0.0,EUR,2026-07-20
2026-07-26,200367,"VARUS вул.Петра Сагайдачного, 7",Zaporizhia,58.056866,3,3,0,0,700.0,700.0,1,11.6667,11.6667,100.0,0.0,0.0,EUR,2026-07-20
2026-07-26,200390,"VARUS, 5-й Зарічний, д.19",Kryvyi Rih,19.09761,1,1,0,0,701.0,701.0,1,11.6833,11.6833,100.0,0.0,0.0,EUR,2026-07-20
2026-07-26,200383,"VARUS, Вулиця Героїв полку Азов, 12",Kyiv,253.308511,15,15,0,0,701.0,701.0,1,11.6833,11.6833,100.0,0.0,0.0,EUR,2026-07-20
2026-07-26,200364,"VARUS, Донецьке шосcе 110",Dnipro,35.475159,4,4,1,0,701.0,701.0,1,11.6833,11.6833,100.0,25.0,0.0,EUR,2026-07-20
2026-07-26,200356,"VARUS, Донецьке шосcе 9а",Dnipro,21.374054,1,1,0,0,701.0,701.0,1,11.6833,11.6833,100.0,0.0,0.0,EUR,2026-07-20
2026-07-26,200400,"VARUS, Люстдорфська дорога 114",Odesa,211.030265,10,10,1,0,701.0,701.0,1,11.6833,11.6833,100.0,10.0,0.0,EUR,2026-07-20
2026-07-26,200392,"VARUS, Площа Шахтарської Слави 1",Kryvyi Rih,152.155504,11,11,0,0,701.0,701.0,1,11.6833,11.6833,100.0,0.0,0.0,EUR,2026-07-20
2026-07-26,200374,"VARUS, Проспект Червоної Калини 44A",Kyiv,212.08515,15,15,1,0,701.0,701.0,1,11.6833,11.6833,100.0,6.67,0.0,EUR,2026-07-20
2026-07-26,200365,"VARUS, Північно-Кільцева вулиця, 10а,",Zaporizhia,94.309969,4,4,1,0,700.0,700.0,1,11.6667,11.6667,100.0,25.0,0.0,EUR,2026-07-20
2026-07-26,200385,"VARUS, Харківське Шосе 160",Kyiv,83.065237,5,5,0,0,701.0,701.0,1,11.6833,11.6833,100.0,0.0,0.0,EUR,2026-07-20
2026-07-26,200358,"VARUS, бул. Європейський 1Д",Dnipro,48.785982,4,3,0,1,701.0,701.0,1,11.6833,11.6833,100.0,0.0,25.0,EUR,2026-07-20
2026-07-26,200372,"VARUS, бул.Будівельників 27а",Kamianske,0.0,0,0,0,0,601.0,601.0,1,10.0167,10.0167,100.0,,,EUR,2026-07-20
2026-07-26,200355,"VARUS, вул Березинская 23а",Dnipro,71.668914,5,5,1,0,701.0,701.0,1,11.6833,11.6833,100.0,20.0,0.0,EUR,2026-07-20
2026-07-26,200393,"VARUS, вул. 200 річчя Кривого Рогу",Kryvyi Rih,22.363718,2,2,0,0,701.0,701.0,1,11.6833,11.6833,100.0,0.0,0.0,EUR,2026-07-20
2026-07-26,200397,"VARUS, вул. Івана Авраменко 21В",Kryvyi Rih,41.061582,2,2,1,0,701.0,701.0,1,11.6833,11.6833,100.0,50.0,0.0,EUR,2026-07-20
2026-07-26,200376,"VARUS, вул. Волинська 37",Kyiv,225.354646,18,14,0,4,701.0,701.0,1,11.6833,11.6833,100.0,0.0,22.22,EUR,2026-07-20
2026-07-26,200401,"VARUS, вул. Дача Ковалевського 91",Odesa,0.0,0,0,0,0,701.0,701.0,1,11.6833,11.6833,100.0,,,EUR,2026-07-20
2026-07-26,200378,"VARUS, вул. Деміївська 27",Kyiv,77.108253,5,5,0,0,701.0,701.0,1,11.6833,11.6833,100.0,0.0,0.0,EUR,2026-07-20
2026-07-26,200387,"VARUS, вул. Драгаманова 40г",Kyiv,49.454636,2,2,0,0,701.0,701.0,1,11.6833,11.6833,100.0,0.0,0.0,EUR,2026-07-20
2026-07-26,200391,"VARUS, вул. Жилянська 59",Kyiv,344.548029,23,23,1,0,701.0,701.0,1,11.6833,11.6833,100.0,4.35,0.0,EUR,2026-07-20
2026-07-26,200384,"VARUS, вул. Костянтинівська 2А",Kyiv,86.995105,7,7,0,0,701.0,701.0,1,11.6833,11.6833,100.0,0.0,0.0,EUR,2026-07-20
2026-07-26,200388,"VARUS, вул. Лесі Українки 30",Kyiv,0.0,0,0,0,0,701.0,701.0,1,11.6833,11.6833,100.0,,,EUR,2026-07-20
2026-07-26,200398,"VARUS, вул. Недєліна 43",Kryvyi Rih,0.0,0,0,0,0,701.0,701.0,1,11.6833,11.6833,100.0,,,EUR,2026-07-20
2026-07-26,200371,"VARUS, вул. Ольги Кобилянської 1В/23",Irpin,108.44613,8,8,1,0,701.0,701.0,1,11.6833,11.6833,100.0,12.5,0.0,EUR,2026-07-20
2026-07-26,200351,"VARUS, вул. Паникахи 15",Dnipro,80.816605,8,6,1,2,701.0,701.0,1,11.6833,11.6833,100.0,16.67,25.0,EUR,2026-07-20
2026-07-26,200403,"VARUS, вул. Соборна 97А",Pavlohrad,21.129623,1,1,0,0,640.0,640.0,1,10.6667,10.6667,100.0,0.0,0.0,EUR,2026-07-20
2026-07-26,200389,"VARUS, вул. Срібнокільска 11",Kyiv,109.298693,9,7,4,2,721.0,721.0,1,12.0167,12.0167,100.0,57.14,22.22,EUR,2026-07-20
2026-07-26,200381,"VARUS, вул. Тютюника 39-А",Kyiv,219.797995,16,15,0,1,701.0,701.0,1,11.6833,11.6833,100.0,0.0,6.25,EUR,2026-07-20
2026-07-26,200366,"VARUS, вул. Яценка 2",Zaporizhia,55.154071,4,4,1,0,700.0,700.0,1,11.6667,11.6667,100.0,25.0,0.0,EUR,2026-07-20
2026-07-26,200352,"VARUS, вул.20річчя Перемоги  43Д",Dnipro,0.0,0,0,0,0,701.0,701.0,1,11.6833,11.6833,100.0,,,EUR,2026-07-20
2026-07-26,200375,"VARUS, вул.Андрія Малишко,3",Kyiv,348.1138,22,21,7,1,701.0,701.0,1,11.6833,11.6833,100.0,33.33,4.55,EUR,2026-07-20
2026-07-26,200379,"VARUS, вул.Бажана 10-А",Kyiv,18.840645,1,1,0,0,701.0,701.0,1,11.6833,11.6833,100.0,0.0,0.0,EUR,2026-07-20
2026-07-26,200382,"VARUS, вул.Васильківска 34",Kyiv,325.603583,14,14,4,0,701.0,701.0,1,11.6833,11.6833,100.0,28.57,0.0,EUR,2026-07-20
2026-07-26,200386,"VARUS, вул.Вишгородска 45а",Kyiv,258.831866,18,16,4,2,661.0,661.0,1,11.0167,11.0167,100.0,25.0,11.11,EUR,2026-07-20
2026-07-26,200350,"VARUS, вул.Глинки 2",Dnipro,294.968634,18,17,4,1,701.0,701.0,1,11.6833,11.6833,100.0,23.53,5.56,EUR,2026-07-20
2026-07-26,200349,"VARUS, вул.Дніпровская 1",Vyshhorod,14.340638,1,1,0,0,700.0,700.0,1,11.6667,11.6667,100.0,0.0,0.0,EUR,2026-07-20
2026-07-26,200354,"VARUS, вул.Калиновая 9А",Dnipro,138.194633,14,11,1,3,701.0,701.0,1,11.6833,11.6833,100.0,9.09,21.43,EUR,2026-07-20
2026-07-26,200348,"VARUS, вул.Київська 239",Brovary,120.101571,12,12,1,0,701.0,701.0,1,11.6833,11.6833,100.0,8.33,0.0,EUR,2026-07-20
2026-07-26,200353,"VARUS, вул.Коммунарівська буд. 8",Dnipro,80.030045,4,4,1,0,701.0,701.0,1,11.6833,11.6833,100.0,25.0,0.0,EUR,2026-07-20
2026-07-26,200361,"VARUS, вул.Марії Кюрі 5",Dnipro,87.533514,6,6,0,0,701.0,701.0,1,11.6833,11.6833,100.0,0.0,0.0,EUR,2026-07-20
2026-07-26,200370,"VARUS, вул.Незалежної України 57В",Zaporizhia,167.342437,11,11,1,0,700.0,700.0,1,11.6667,11.6667,100.0,9.09,0.0,EUR,2026-07-20
2026-07-26,200404,"VARUS, вул.Нова 2В",Pavlohrad,18.710596,3,3,0,0,640.0,640.0,1,10.6667,10.6667,100.0,0.0,0.0,EUR,2026-07-20
2026-07-26,200363,"VARUS, вул.Робоча 67",Dnipro,102.565528,5,5,0,0,701.0,701.0,1,11.6833,11.6833,100.0,0.0,0.0,EUR,2026-07-20
2026-07-26,200369,"VARUS, вул.Тараса Шевченка 7",Kamianske,30.680778,2,2,0,0,601.0,601.0,1,10.0167,10.0167,100.0,0.0,0.0,EUR,2026-07-20
2026-07-26,200395,"VARUS, вул.Терещенко 1Е",Kryvyi Rih,0.0,0,0,0,0,701.0,701.0,1,11.6833,11.6833,100.0,,,EUR,2026-07-20
2026-07-26,200402,"VARUS, вул.Французький бульвар 22",Odesa,69.97828,5,5,0,0,701.0,701.0,1,11.6833,11.6833,100.0,0.0,0.0,EUR,2026-07-20
2026-07-26,200396,"VARUS, мкр Сонячний 41а",Kryvyi Rih,9.77972,1,1,0,0,701.0,701.0,1,11.6833,11.6833,100.0,0.0,0.0,EUR,2026-07-20
2026-07-26,200362,"VARUS, пр. Івана Мазепи, 58",Dnipro,40.467747,2,2,0,0,701.0,701.0,1,11.6833,11.6833,100.0,0.0,0.0,EUR,2026-07-20
2026-07-26,200373,"VARUS, пр. Академіка Паладіна 16/39",Kyiv,477.649598,26,26,4,0,701.0,701.0,1,11.6833,11.6833,100.0,15.38,0.0,EUR,2026-07-20
2026-07-26,200368,"VARUS, пр. Героїв 2",Dnipro,224.583951,11,11,0,0,701.0,701.0,1,11.6833,11.6833,100.0,0.0,0.0,EUR,2026-07-20
2026-07-26,200408,"VARUS, пр. Гуляєва полковника ж.м. ""Дружний"" буд. 107/1",Odesa,52.179006,2,2,0,0,701.0,701.0,1,11.6833,11.6833,100.0,0.0,0.0,EUR,2026-07-20
2026-07-26,200399,"VARUS, пр. Добровольського 122/1",Odesa,97.320871,4,4,1,0,701.0,701.0,1,11.6833,11.6833,100.0,25.0,0.0,EUR,2026-07-20
2026-07-26,862701,"VARUS, пр. Коцюбинського, 70",Vinnytsia,546.430213,31,30,2,1,701.0,701.0,1,11.6833,11.6833,100.0,6.67,3.23,EUR,2026-07-20
2026-07-26,200394,"VARUS, пр. Металургів 42А",Kryvyi Rih,91.807698,7,7,0,0,701.0,701.0,1,11.6833,11.6833,100.0,0.0,0.0,EUR,2026-07-20
2026-07-26,200380,"VARUS, пр. Миколи Бажана 38",Kyiv,129.98999,5,5,0,0,701.0,701.0,1,11.6833,11.6833,100.0,0.0,0.0,EUR,2026-07-20
2026-07-26,200359,"VARUS, пр. О. Поля, 104а",Dnipro,0.0,0,0,0,0,0.0,0.0,1,0.0,0.0,,,,EUR,2026-07-20
2026-07-26,198953,"VARUS, пр. Олександра Поля, 104",Dnipro,74.697254,6,6,0,0,701.0,701.0,1,11.6833,11.6833,100.0,0.0,0.0,EUR,2026-07-20
2026-07-26,200357,"VARUS, пр.Науки 8а",Dnipro,73.636691,8,8,2,0,701.0,701.0,1,11.6833,11.6833,100.0,25.0,0.0,EUR,2026-07-20
2026-07-26,200377,"VARUS, пр.Оболонський 47/42",Kyiv,122.009412,9,8,0,1,701.0,701.0,1,11.6833,11.6833,100.0,0.0,11.11,EUR,2026-07-20
2026-07-26,200360,"VARUS, проспект Слобожанський 86",Dnipro,30.708982,2,2,1,0,701.0,701.0,1,11.6833,11.6833,100.0,50.0,0.0,EUR,2026-07-20
2026-07-27,200367,"VARUS вул.Петра Сагайдачного, 7",Zaporizhia,0.0,0,0,0,0,700.0,700.0,1,11.6667,11.6667,100.0,,,EUR,2026-07-27
2026-07-27,200390,"VARUS, 5-й Зарічний, д.19",Kryvyi Rih,0.0,0,0,0,0,701.0,701.0,1,11.6833,11.6833,100.0,,,EUR,2026-07-27
2026-07-27,200383,"VARUS, Вулиця Героїв полку Азов, 12",Kyiv,172.783642,9,9,0,0,701.0,701.0,1,11.6833,11.6833,100.0,0.0,0.0,EUR,2026-07-27
2026-07-27,200364,"VARUS, Донецьке шосcе 110",Dnipro,26.939703,2,2,0,0,701.0,701.0,1,11.6833,11.6833,100.0,0.0,0.0,EUR,2026-07-27
2026-07-27,200356,"VARUS, Донецьке шосcе 9а",Dnipro,40.945308,3,3,0,0,701.0,701.0,1,11.6833,11.6833,100.0,0.0,0.0,EUR,2026-07-27
2026-07-27,200400,"VARUS, Люстдорфська дорога 114",Odesa,172.049613,9,8,0,1,701.0,701.0,1,11.6833,11.6833,100.0,0.0,11.11,EUR,2026-07-27
2026-07-27,200392,"VARUS, Площа Шахтарської Слави 1",Kryvyi Rih,80.033081,6,6,0,0,701.0,701.0,1,11.6833,11.6833,100.0,0.0,0.0,EUR,2026-07-27
2026-07-27,200374,"VARUS, Проспект Червоної Калини 44A",Kyiv,194.555903,12,12,1,0,701.0,701.0,1,11.6833,11.6833,100.0,8.33,0.0,EUR,2026-07-27
2026-07-27,200365,"VARUS, Північно-Кільцева вулиця, 10а,",Zaporizhia,29.493596,2,2,0,0,700.0,700.0,1,11.6667,11.6667,100.0,0.0,0.0,EUR,2026-07-27
2026-07-27,200385,"VARUS, Харківське Шосе 160",Kyiv,77.433861,2,2,0,0,701.0,701.0,1,11.6833,11.6833,100.0,0.0,0.0,EUR,2026-07-27
2026-07-27,200358,"VARUS, бул. Європейський 1Д",Dnipro,83.789165,7,6,0,1,701.0,701.0,1,11.6833,11.6833,100.0,0.0,14.29,EUR,2026-07-27
2026-07-27,200372,"VARUS, бул.Будівельників 27а",Kamianske,43.989733,3,3,1,0,601.0,601.0,1,10.0167,10.0167,100.0,33.33,0.0,EUR,2026-07-27
2026-07-27,200355,"VARUS, вул Березинская 23а",Dnipro,99.534191,4,4,1,0,701.0,701.0,1,11.6833,11.6833,100.0,25.0,0.0,EUR,2026-07-27
2026-07-27,200393,"VARUS, вул. 200 річчя Кривого Рогу",Kryvyi Rih,47.257841,4,4,1,0,701.0,701.0,1,11.6833,11.6833,100.0,25.0,0.0,EUR,2026-07-27
2026-07-27,200397,"VARUS, вул. Івана Авраменко 21В",Kryvyi Rih,37.488449,2,2,0,0,701.0,701.0,1,11.6833,11.6833,100.0,0.0,0.0,EUR,2026-07-27
2026-07-27,200376,"VARUS, вул. Волинська 37",Kyiv,117.103401,8,8,0,0,701.0,701.0,1,11.6833,11.6833,100.0,0.0,0.0,EUR,2026-07-27
2026-07-27,200401,"VARUS, вул. Дача Ковалевського 91",Odesa,0.0,0,0,0,0,701.0,701.0,1,11.6833,11.6833,100.0,,,EUR,2026-07-27
2026-07-27,200378,"VARUS, вул. Деміївська 27",Kyiv,31.764357,3,3,0,0,701.0,701.0,1,11.6833,11.6833,100.0,0.0,0.0,EUR,2026-07-27
2026-07-27,200387,"VARUS, вул. Драгаманова 40г",Kyiv,33.59678,3,3,2,0,701.0,701.0,1,11.6833,11.6833,100.0,66.67,0.0,EUR,2026-07-27
2026-07-27,200391,"VARUS, вул. Жилянська 59",Kyiv,289.024495,21,21,2,0,701.0,701.0,1,11.6833,11.6833,100.0,9.52,0.0,EUR,2026-07-27
2026-07-27,200384,"VARUS, вул. Костянтинівська 2А",Kyiv,119.625119,10,10,0,0,701.0,701.0,1,11.6833,11.6833,100.0,0.0,0.0,EUR,2026-07-27
2026-07-27,200388,"VARUS, вул. Лесі Українки 30",Kyiv,0.0,0,0,0,0,701.0,701.0,1,11.6833,11.6833,100.0,,,EUR,2026-07-27
2026-07-27,200398,"VARUS, вул. Недєліна 43",Kryvyi Rih,0.0,0,0,0,0,701.0,701.0,1,11.6833,11.6833,100.0,,,EUR,2026-07-27
2026-07-27,200371,"VARUS, вул. Ольги Кобилянської 1В/23",Irpin,220.112507,14,13,2,1,701.0,701.0,1,11.6833,11.6833,100.0,15.38,7.14,EUR,2026-07-27
2026-07-27,200351,"VARUS, вул. Паникахи 15",Dnipro,98.904157,7,7,1,0,701.0,701.0,1,11.6833,11.6833,100.0,14.29,0.0,EUR,2026-07-27
2026-07-27,200403,"VARUS, вул. Соборна 97А",Pavlohrad,26.546101,3,3,0,0,640.0,640.0,1,10.6667,10.6667,100.0,0.0,0.0,EUR,2026-07-27
2026-07-27,200389,"VARUS, вул. Срібнокільска 11",Kyiv,112.726305,5,4,3,1,721.0,721.0,1,12.0167,12.0167,100.0,75.0,20.0,EUR,2026-07-27
2026-07-27,200381,"VARUS, вул. Тютюника 39-А",Kyiv,170.743426,15,12,1,3,701.0,701.0,1,11.6833,11.6833,100.0,8.33,20.0,EUR,2026-07-27
2026-07-27,200366,"VARUS, вул. Яценка 2",Zaporizhia,111.891226,7,7,1,0,700.0,700.0,1,11.6667,11.6667,100.0,14.29,0.0,EUR,2026-07-27
2026-07-27,200352,"VARUS, вул.20річчя Перемоги  43Д",Dnipro,0.0,0,0,0,0,701.0,701.0,1,11.6833,11.6833,100.0,,,EUR,2026-07-27
2026-07-27,200375,"VARUS, вул.Андрія Малишко,3",Kyiv,162.683828,9,9,0,0,701.0,701.0,1,11.6833,11.6833,100.0,0.0,0.0,EUR,2026-07-27
2026-07-27,200379,"VARUS, вул.Бажана 10-А",Kyiv,5.916575,2,1,0,1,701.0,701.0,1,11.6833,11.6833,100.0,0.0,50.0,EUR,2026-07-27
2026-07-27,200382,"VARUS, вул.Васильківска 34",Kyiv,256.451354,14,14,1,0,701.0,701.0,1,11.6833,11.6833,100.0,7.14,0.0,EUR,2026-07-27
2026-07-27,200386,"VARUS, вул.Вишгородска 45а",Kyiv,300.580986,15,15,2,0,661.0,661.0,1,11.0167,11.0167,100.0,13.33,0.0,EUR,2026-07-27
2026-07-27,200350,"VARUS, вул.Глинки 2",Dnipro,112.501643,5,5,0,0,701.0,701.0,1,11.6833,11.6833,100.0,0.0,0.0,EUR,2026-07-27
2026-07-27,200349,"VARUS, вул.Дніпровская 1",Vyshhorod,0.0,0,0,0,0,700.0,700.0,1,11.6667,11.6667,100.0,,,EUR,2026-07-27
2026-07-27,200354,"VARUS, вул.Калиновая 9А",Dnipro,142.947063,10,9,1,1,701.0,701.0,1,11.6833,11.6833,100.0,11.11,10.0,EUR,2026-07-27
2026-07-27,200348,"VARUS, вул.Київська 239",Brovary,84.136068,7,7,0,0,701.0,701.0,1,11.6833,11.6833,100.0,0.0,0.0,EUR,2026-07-27
2026-07-27,200353,"VARUS, вул.Коммунарівська буд. 8",Dnipro,66.855291,6,6,1,0,701.0,701.0,1,11.6833,11.6833,100.0,16.67,0.0,EUR,2026-07-27
2026-07-27,200361,"VARUS, вул.Марії Кюрі 5",Dnipro,71.559079,6,6,0,0,701.0,701.0,1,11.6833,11.6833,100.0,0.0,0.0,EUR,2026-07-27
2026-07-27,200370,"VARUS, вул.Незалежної України 57В",Zaporizhia,80.058785,7,7,0,0,700.0,700.0,1,11.6667,11.6667,100.0,0.0,0.0,EUR,2026-07-27
2026-07-27,200404,"VARUS, вул.Нова 2В",Pavlohrad,3.517295,1,1,0,0,640.0,640.0,1,10.6667,10.6667,100.0,0.0,0.0,EUR,2026-07-27
2026-07-27,200363,"VARUS, вул.Робоча 67",Dnipro,88.120937,6,6,1,0,701.0,701.0,1,11.6833,11.6833,100.0,16.67,0.0,EUR,2026-07-27
2026-07-27,200369,"VARUS, вул.Тараса Шевченка 7",Kamianske,0.0,0,0,0,0,601.0,601.0,1,10.0167,10.0167,100.0,,,EUR,2026-07-27
2026-07-27,200395,"VARUS, вул.Терещенко 1Е",Kryvyi Rih,0.0,0,0,0,0,701.0,701.0,1,11.6833,11.6833,100.0,,,EUR,2026-07-27
2026-07-27,200402,"VARUS, вул.Французький бульвар 22",Odesa,34.1707,4,3,2,1,701.0,701.0,1,11.6833,11.6833,100.0,66.67,25.0,EUR,2026-07-27
2026-07-27,200396,"VARUS, мкр Сонячний 41а",Kryvyi Rih,0.0,0,0,0,0,701.0,701.0,1,11.6833,11.6833,100.0,,,EUR,2026-07-27
2026-07-27,200362,"VARUS, пр. Івана Мазепи, 58",Dnipro,0.0,0,0,0,0,701.0,701.0,1,11.6833,11.6833,100.0,,,EUR,2026-07-27
2026-07-27,200373,"VARUS, пр. Академіка Паладіна 16/39",Kyiv,360.853954,22,22,6,0,701.0,701.0,1,11.6833,11.6833,100.0,27.27,0.0,EUR,2026-07-27
2026-07-27,200368,"VARUS, пр. Героїв 2",Dnipro,80.118825,6,6,0,0,701.0,701.0,1,11.6833,11.6833,100.0,0.0,0.0,EUR,2026-07-27
2026-07-27,200408,"VARUS, пр. Гуляєва полковника ж.м. ""Дружний"" буд. 107/1",Odesa,0.0,0,0,0,0,701.0,701.0,1,11.6833,11.6833,100.0,,,EUR,2026-07-27
2026-07-27,200399,"VARUS, пр. Добровольського 122/1",Odesa,64.363596,3,3,1,0,701.0,701.0,1,11.6833,11.6833,100.0,33.33,0.0,EUR,2026-07-27
2026-07-27,862701,"VARUS, пр. Коцюбинського, 70",Vinnytsia,449.04121,31,30,12,1,701.0,701.0,1,11.6833,11.6833,100.0,40.0,3.23,EUR,2026-07-27
2026-07-27,200394,"VARUS, пр. Металургів 42А",Kryvyi Rih,61.857183,4,4,0,0,701.0,701.0,1,11.6833,11.6833,100.0,0.0,0.0,EUR,2026-07-27
2026-07-27,200380,"VARUS, пр. Миколи Бажана 38",Kyiv,43.480956,4,4,0,0,701.0,701.0,1,11.6833,11.6833,100.0,0.0,0.0,EUR,2026-07-27
2026-07-27,200359,"VARUS, пр. О. Поля, 104а",Dnipro,0.0,0,0,0,0,0.0,0.0,1,0.0,0.0,,,,EUR,2026-07-27
2026-07-27,198953,"VARUS, пр. Олександра Поля, 104",Dnipro,70.944347,5,5,0,0,701.0,701.0,1,11.6833,11.6833,100.0,0.0,0.0,EUR,2026-07-27
2026-07-27,200357,"VARUS, пр.Науки 8а",Dnipro,157.034689,11,11,1,0,701.0,701.0,1,11.6833,11.6833,100.0,9.09,0.0,EUR,2026-07-27
2026-07-27,200377,"VARUS, пр.Оболонський 47/42",Kyiv,118.086425,7,7,1,0,701.0,701.0,1,11.6833,11.6833,100.0,14.29,0.0,EUR,2026-07-27
2026-07-27,200360,"VARUS, проспект Слобожанський 86",Dnipro,5.970533,1,1,0,0,701.0,701.0,1,11.6833,11.6833,100.0,0.0,0.0,EUR,2026-07-27
2026-07-28,200367,"VARUS вул.Петра Сагайдачного, 7",Zaporizhia,54.097584,4,4,1,0,701.0,701.0,1,11.6833,11.6833,100.0,25.0,0.0,EUR,2026-07-27
2026-07-28,200390,"VARUS, 5-й Зарічний, д.19",Kryvyi Rih,73.201432,2,2,0,0,701.0,701.0,1,11.6833,11.6833,100.0,0.0,0.0,EUR,2026-07-27
2026-07-28,200383,"VARUS, Вулиця Героїв полку Азов, 12",Kyiv,35.931002,2,2,0,0,701.0,701.0,1,11.6833,11.6833,100.0,0.0,0.0,EUR,2026-07-27
2026-07-28,200364,"VARUS, Донецьке шосcе 110",Dnipro,10.027998,1,1,0,0,701.0,701.0,1,11.6833,11.6833,100.0,0.0,0.0,EUR,2026-07-27
2026-07-28,200356,"VARUS, Донецьке шосcе 9а",Dnipro,50.931393,4,4,2,0,701.0,701.0,1,11.6833,11.6833,100.0,50.0,0.0,EUR,2026-07-27
2026-07-28,200400,"VARUS, Люстдорфська дорога 114",Odesa,110.911227,7,6,2,1,701.0,701.0,1,11.6833,11.6833,100.0,33.33,14.29,EUR,2026-07-27
2026-07-28,200392,"VARUS, Площа Шахтарської Слави 1",Kryvyi Rih,138.398794,9,9,0,0,701.0,701.0,1,11.6833,11.6833,100.0,0.0,0.0,EUR,2026-07-27
2026-07-28,200374,"VARUS, Проспект Червоної Калини 44A",Kyiv,46.374866,2,2,0,0,701.0,701.0,1,11.6833,11.6833,100.0,0.0,0.0,EUR,2026-07-27
2026-07-28,200365,"VARUS, Північно-Кільцева вулиця, 10а,",Zaporizhia,42.347379,5,5,1,0,701.0,701.0,1,11.6833,11.6833,100.0,20.0,0.0,EUR,2026-07-27
2026-07-28,200385,"VARUS, Харківське Шосе 160",Kyiv,58.445198,3,3,1,0,701.0,701.0,1,11.6833,11.6833,100.0,33.33,0.0,EUR,2026-07-27
2026-07-28,200358,"VARUS, бул. Європейський 1Д",Dnipro,34.616244,4,3,1,1,701.0,701.0,1,11.6833,11.6833,100.0,33.33,25.0,EUR,2026-07-27
2026-07-28,200372,"VARUS, бул.Будівельників 27а",Kamianske,0.0,0,0,0,0,601.0,601.0,1,10.0167,10.0167,100.0,,,EUR,2026-07-27
2026-07-28,200355,"VARUS, вул Березинская 23а",Dnipro,25.225947,1,1,0,0,701.0,701.0,1,11.6833,11.6833,100.0,0.0,0.0,EUR,2026-07-27
2026-07-28,200393,"VARUS, вул. 200 річчя Кривого Рогу",Kryvyi Rih,35.590319,2,2,0,0,701.0,701.0,1,11.6833,11.6833,100.0,0.0,0.0,EUR,2026-07-27
2026-07-28,200397,"VARUS, вул. Івана Авраменко 21В",Kryvyi Rih,118.833261,6,6,2,0,701.0,701.0,1,11.6833,11.6833,100.0,33.33,0.0,EUR,2026-07-27
2026-07-28,200376,"VARUS, вул. Волинська 37",Kyiv,92.788305,9,8,0,1,701.0,701.0,1,11.6833,11.6833,100.0,0.0,11.11,EUR,2026-07-27
2026-07-28,200401,"VARUS, вул. Дача Ковалевського 91",Odesa,0.0,0,0,0,0,701.0,701.0,1,11.6833,11.6833,100.0,,,EUR,2026-07-27
2026-07-28,200378,"VARUS, вул. Деміївська 27",Kyiv,39.433763,2,2,0,0,701.0,701.0,1,11.6833,11.6833,100.0,0.0,0.0,EUR,2026-07-27
2026-07-28,200387,"VARUS, вул. Драгаманова 40г",Kyiv,6.108783,1,1,1,0,701.0,701.0,1,11.6833,11.6833,100.0,100.0,0.0,EUR,2026-07-27
2026-07-28,200391,"VARUS, вул. Жилянська 59",Kyiv,257.696284,15,15,1,0,701.0,701.0,1,11.6833,11.6833,100.0,6.67,0.0,EUR,2026-07-27
2026-07-28,200384,"VARUS, вул. Костянтинівська 2А",Kyiv,90.970944,6,6,1,0,701.0,701.0,1,11.6833,11.6833,100.0,16.67,0.0,EUR,2026-07-27
2026-07-28,200388,"VARUS, вул. Лесі Українки 30",Kyiv,0.0,0,0,0,0,701.0,701.0,1,11.6833,11.6833,100.0,,,EUR,2026-07-27
2026-07-28,200398,"VARUS, вул. Недєліна 43",Kryvyi Rih,0.0,0,0,0,0,701.0,701.0,1,11.6833,11.6833,100.0,,,EUR,2026-07-27
2026-07-28,200371,"VARUS, вул. Ольги Кобилянської 1В/23",Irpin,171.13365,15,15,2,0,701.0,701.0,1,11.6833,11.6833,100.0,13.33,0.0,EUR,2026-07-27
2026-07-28,200351,"VARUS, вул. Паникахи 15",Dnipro,78.218467,6,5,0,1,701.0,701.0,1,11.6833,11.6833,100.0,0.0,16.67,EUR,2026-07-27
2026-07-28,200403,"VARUS, вул. Соборна 97А",Pavlohrad,33.403297,2,2,1,0,641.0,641.0,1,10.6833,10.6833,100.0,50.0,0.0,EUR,2026-07-27
2026-07-28,200389,"VARUS, вул. Срібнокільска 11",Kyiv,95.612056,5,5,1,0,721.0,721.0,1,12.0167,12.0167,100.0,20.0,0.0,EUR,2026-07-27
2026-07-28,200381,"VARUS, вул. Тютюника 39-А",Kyiv,49.440812,4,4,2,0,701.0,701.0,1,11.6833,11.6833,100.0,50.0,0.0,EUR,2026-07-27
2026-07-28,200366,"VARUS, вул. Яценка 2",Zaporizhia,140.807259,12,11,2,1,701.0,701.0,1,11.6833,11.6833,100.0,18.18,8.33,EUR,2026-07-27
2026-07-28,200352,"VARUS, вул.20річчя Перемоги  43Д",Dnipro,0.0,0,0,0,0,701.0,701.0,1,11.6833,11.6833,100.0,,,EUR,2026-07-27
2026-07-28,200375,"VARUS, вул.Андрія Малишко,3",Kyiv,225.710346,9,8,4,1,701.0,701.0,1,11.6833,11.6833,100.0,50.0,11.11,EUR,2026-07-27
2026-07-28,200379,"VARUS, вул.Бажана 10-А",Kyiv,13.899049,2,1,0,1,701.0,701.0,1,11.6833,11.6833,100.0,0.0,50.0,EUR,2026-07-27
2026-07-28,200382,"VARUS, вул.Васильківска 34",Kyiv,278.071034,15,15,0,0,701.0,701.0,1,11.6833,11.6833,100.0,0.0,0.0,EUR,2026-07-27
2026-07-28,200386,"VARUS, вул.Вишгородска 45а",Kyiv,224.922271,19,16,0,3,661.0,661.0,1,11.0167,11.0167,100.0,0.0,15.79,EUR,2026-07-27
2026-07-28,200350,"VARUS, вул.Глинки 2",Dnipro,211.225868,11,11,1,0,701.0,701.0,1,11.6833,11.6833,100.0,9.09,0.0,EUR,2026-07-27
2026-07-28,200349,"VARUS, вул.Дніпровская 1",Vyshhorod,11.371539,2,2,0,0,701.0,701.0,1,11.6833,11.6833,100.0,0.0,0.0,EUR,2026-07-27
2026-07-28,200354,"VARUS, вул.Калиновая 9А",Dnipro,226.480008,17,16,1,1,701.0,701.0,1,11.6833,11.6833,100.0,6.25,5.88,EUR,2026-07-27
2026-07-28,200348,"VARUS, вул.Київська 239",Brovary,125.98132,9,9,0,0,701.0,701.0,1,11.6833,11.6833,100.0,0.0,0.0,EUR,2026-07-27
2026-07-28,200353,"VARUS, вул.Коммунарівська буд. 8",Dnipro,30.757919,2,2,1,0,701.0,701.0,1,11.6833,11.6833,100.0,50.0,0.0,EUR,2026-07-27
2026-07-28,200361,"VARUS, вул.Марії Кюрі 5",Dnipro,188.393707,6,6,3,0,701.0,701.0,1,11.6833,11.6833,100.0,50.0,0.0,EUR,2026-07-27
2026-07-28,200370,"VARUS, вул.Незалежної України 57В",Zaporizhia,198.207306,8,8,1,0,701.0,701.0,1,11.6833,11.6833,100.0,12.5,0.0,EUR,2026-07-27
2026-07-28,200404,"VARUS, вул.Нова 2В",Pavlohrad,12.25046,1,1,0,0,641.0,641.0,1,10.6833,10.6833,100.0,0.0,0.0,EUR,2026-07-27
2026-07-28,200363,"VARUS, вул.Робоча 67",Dnipro,134.569252,9,8,2,1,701.0,701.0,1,11.6833,11.6833,100.0,25.0,11.11,EUR,2026-07-27
2026-07-28,200369,"VARUS, вул.Тараса Шевченка 7",Kamianske,46.157144,3,3,1,0,601.0,601.0,1,10.0167,10.0167,100.0,33.33,0.0,EUR,2026-07-27
2026-07-28,200395,"VARUS, вул.Терещенко 1Е",Kryvyi Rih,0.0,0,0,0,0,701.0,701.0,1,11.6833,11.6833,100.0,,,EUR,2026-07-27
2026-07-28,200402,"VARUS, вул.Французький бульвар 22",Odesa,44.058034,2,2,0,0,701.0,701.0,1,11.6833,11.6833,100.0,0.0,0.0,EUR,2026-07-27
2026-07-28,200396,"VARUS, мкр Сонячний 41а",Kryvyi Rih,0.0,0,0,0,0,701.0,701.0,1,11.6833,11.6833,100.0,,,EUR,2026-07-27
2026-07-28,200362,"VARUS, пр. Івана Мазепи, 58",Dnipro,132.347574,9,8,2,1,701.0,701.0,1,11.6833,11.6833,100.0,25.0,11.11,EUR,2026-07-27
2026-07-28,200373,"VARUS, пр. Академіка Паладіна 16/39",Kyiv,235.717391,14,14,0,0,701.0,701.0,1,11.6833,11.6833,100.0,0.0,0.0,EUR,2026-07-27
2026-07-28,200368,"VARUS, пр. Героїв 2",Dnipro,135.036225,9,9,1,0,701.0,701.0,1,11.6833,11.6833,100.0,11.11,0.0,EUR,2026-07-27
2026-07-28,200408,"VARUS, пр. Гуляєва полковника ж.м. ""Дружний"" буд. 107/1",Odesa,56.36312,4,4,1,0,701.0,701.0,1,11.6833,11.6833,100.0,25.0,0.0,EUR,2026-07-27
2026-07-28,200399,"VARUS, пр. Добровольського 122/1",Odesa,31.550887,2,2,0,0,701.0,701.0,1,11.6833,11.6833,100.0,0.0,0.0,EUR,2026-07-27
2026-07-28,862701,"VARUS, пр. Коцюбинського, 70",Vinnytsia,275.179155,18,18,3,0,701.0,701.0,1,11.6833,11.6833,100.0,16.67,0.0,EUR,2026-07-27
2026-07-28,200394,"VARUS, пр. Металургів 42А",Kryvyi Rih,89.625643,5,5,0,0,701.0,701.0,1,11.6833,11.6833,100.0,0.0,0.0,EUR,2026-07-27
2026-07-28,200380,"VARUS, пр. Миколи Бажана 38",Kyiv,35.85425,2,2,0,0,701.0,701.0,1,11.6833,11.6833,100.0,0.0,0.0,EUR,2026-07-27
2026-07-28,200359,"VARUS, пр. О. Поля, 104а",Dnipro,0.0,0,0,0,0,0.0,0.0,1,0.0,0.0,,,,EUR,2026-07-27
2026-07-28,198953,"VARUS, пр. Олександра Поля, 104",Dnipro,61.583193,5,5,0,0,701.0,701.0,1,11.6833,11.6833,100.0,0.0,0.0,EUR,2026-07-27
2026-07-28,200357,"VARUS, пр.Науки 8а",Dnipro,119.675374,9,7,5,2,701.0,701.0,1,11.6833,11.6833,100.0,71.43,22.22,EUR,2026-07-27
2026-07-28,200377,"VARUS, пр.Оболонський 47/42",Kyiv,28.863023,4,3,0,1,701.0,701.0,1,11.6833,11.6833,100.0,0.0,25.0,EUR,2026-07-27
2026-07-28,200360,"VARUS, проспект Слобожанський 86",Dnipro,46.291068,3,2,0,1,701.0,701.0,1,11.6833,11.6833,100.0,0.0,33.33,EUR,2026-07-27
2026-07-29,200367,"VARUS вул.Петра Сагайдачного, 7",Zaporizhia,39.898531,2,2,0,0,701.6,701.6,1,11.6933,11.6933,100.0,0.0,0.0,EUR,2026-07-27
2026-07-29,200390,"VARUS, 5-й Зарічний, д.19",Kryvyi Rih,82.584058,4,4,1,0,701.6,701.6,1,11.6933,11.6933,100.0,25.0,0.0,EUR,2026-07-27
2026-07-29,200383,"VARUS, Вулиця Героїв полку Азов, 12",Kyiv,42.122958,4,4,0,0,701.6,701.6,1,11.6933,11.6933,100.0,0.0,0.0,EUR,2026-07-27
2026-07-29,200364,"VARUS, Донецьке шосcе 110",Dnipro,0.0,0,0,0,0,701.6,701.6,1,11.6933,11.6933,100.0,,,EUR,2026-07-27
2026-07-29,200356,"VARUS, Донецьке шосcе 9а",Dnipro,54.205756,3,3,1,0,701.6,701.6,1,11.6933,11.6933,100.0,33.33,0.0,EUR,2026-07-27
2026-07-29,200400,"VARUS, Люстдорфська дорога 114",Odesa,205.231909,12,12,3,0,701.6,701.6,1,11.6933,11.6933,100.0,25.0,0.0,EUR,2026-07-27
2026-07-29,200392,"VARUS, Площа Шахтарської Слави 1",Kryvyi Rih,154.798087,10,10,0,0,701.6,701.6,1,11.6933,11.6933,100.0,0.0,0.0,EUR,2026-07-27
2026-07-29,200374,"VARUS, Проспект Червоної Калини 44A",Kyiv,171.603292,7,7,0,0,701.6,701.6,1,11.6933,11.6933,100.0,0.0,0.0,EUR,2026-07-27
2026-07-29,200365,"VARUS, Північно-Кільцева вулиця, 10а,",Zaporizhia,41.854303,4,4,0,0,701.6,701.6,1,11.6933,11.6933,100.0,0.0,0.0,EUR,2026-07-27
2026-07-29,200385,"VARUS, Харківське Шосе 160",Kyiv,63.858718,4,4,0,0,701.6,701.6,1,11.6933,11.6933,100.0,0.0,0.0,EUR,2026-07-27
2026-07-29,200358,"VARUS, бул. Європейський 1Д",Dnipro,64.341003,5,5,0,0,701.6,701.6,1,11.6933,11.6933,100.0,0.0,0.0,EUR,2026-07-27
2026-07-29,200372,"VARUS, бул.Будівельників 27а",Kamianske,15.346401,1,1,1,0,601.6,601.6,1,10.0267,10.0267,100.0,100.0,0.0,EUR,2026-07-27
2026-07-29,200355,"VARUS, вул Березинская 23а",Dnipro,17.027647,1,1,0,0,701.6,701.6,1,11.6933,11.6933,100.0,0.0,0.0,EUR,2026-07-27
2026-07-29,200393,"VARUS, вул. 200 річчя Кривого Рогу",Kryvyi Rih,0.0,0,0,0,0,701.6,701.6,1,11.6933,11.6933,100.0,,,EUR,2026-07-27
2026-07-29,200397,"VARUS, вул. Івана Авраменко 21В",Kryvyi Rih,96.964518,7,7,0,0,701.6,701.6,1,11.6933,11.6933,100.0,0.0,0.0,EUR,2026-07-27
2026-07-29,200376,"VARUS, вул. Волинська 37",Kyiv,78.202756,6,4,0,2,701.6,701.6,1,11.6933,11.6933,100.0,0.0,33.33,EUR,2026-07-27
2026-07-29,200401,"VARUS, вул. Дача Ковалевського 91",Odesa,0.0,0,0,0,0,701.6,701.6,1,11.6933,11.6933,100.0,,,EUR,2026-07-27
2026-07-29,200378,"VARUS, вул. Деміївська 27",Kyiv,117.004345,7,7,0,0,701.6,701.6,1,11.6933,11.6933,100.0,0.0,0.0,EUR,2026-07-27
2026-07-29,200387,"VARUS, вул. Драгаманова 40г",Kyiv,17.673828,2,2,0,0,701.6,701.6,1,11.6933,11.6933,100.0,0.0,0.0,EUR,2026-07-27
2026-07-29,200391,"VARUS, вул. Жилянська 59",Kyiv,144.946768,10,10,1,0,701.6,701.6,1,11.6933,11.6933,100.0,10.0,0.0,EUR,2026-07-27
2026-07-29,200384,"VARUS, вул. Костянтинівська 2А",Kyiv,110.137403,5,5,0,0,701.6,701.6,1,11.6933,11.6933,100.0,0.0,0.0,EUR,2026-07-27
2026-07-29,200388,"VARUS, вул. Лесі Українки 30",Kyiv,0.0,0,0,0,0,701.6,701.6,1,11.6933,11.6933,100.0,,,EUR,2026-07-27
2026-07-29,200398,"VARUS, вул. Недєліна 43",Kryvyi Rih,0.0,0,0,0,0,701.6,701.6,1,11.6933,11.6933,100.0,,,EUR,2026-07-27
2026-07-29,200371,"VARUS, вул. Ольги Кобилянської 1В/23",Irpin,136.638842,10,9,0,1,701.6,701.6,1,11.6933,11.6933,100.0,0.0,10.0,EUR,2026-07-27
2026-07-29,200351,"VARUS, вул. Паникахи 15",Dnipro,169.335393,10,10,0,0,701.6,701.6,1,11.6933,11.6933,100.0,0.0,0.0,EUR,2026-07-27
2026-07-29,200403,"VARUS, вул. Соборна 97А",Pavlohrad,28.786766,4,4,1,0,641.6,641.6,1,10.6933,10.6933,100.0,25.0,0.0,EUR,2026-07-27
2026-07-29,200389,"VARUS, вул. Срібнокільска 11",Kyiv,59.472522,4,4,0,0,721.6,721.6,1,12.0267,12.0267,100.0,0.0,0.0,EUR,2026-07-27
2026-07-29,200381,"VARUS, вул. Тютюника 39-А",Kyiv,287.109866,20,20,4,0,701.6,701.6,1,11.6933,11.6933,100.0,20.0,0.0,EUR,2026-07-27
2026-07-29,200366,"VARUS, вул. Яценка 2",Zaporizhia,96.87973,9,8,0,1,701.6,701.6,1,11.6933,11.6933,100.0,0.0,11.11,EUR,2026-07-27
2026-07-29,200352,"VARUS, вул.20річчя Перемоги  43Д",Dnipro,0.0,0,0,0,0,701.6,701.6,1,11.6933,11.6933,100.0,,,EUR,2026-07-27
2026-07-29,200375,"VARUS, вул.Андрія Малишко,3",Kyiv,244.479365,12,12,3,0,701.6,701.6,1,11.6933,11.6933,100.0,25.0,0.0,EUR,2026-07-27
2026-07-29,200379,"VARUS, вул.Бажана 10-А",Kyiv,40.742089,3,3,0,0,701.6,701.6,1,11.6933,11.6933,100.0,0.0,0.0,EUR,2026-07-27
2026-07-29,200382,"VARUS, вул.Васильківска 34",Kyiv,227.22986,17,16,2,1,701.6,701.6,1,11.6933,11.6933,100.0,12.5,5.88,EUR,2026-07-27
2026-07-29,200386,"VARUS, вул.Вишгородска 45а",Kyiv,260.955215,15,15,4,0,661.6,661.6,1,11.0267,11.0267,100.0,26.67,0.0,EUR,2026-07-27
2026-07-29,200350,"VARUS, вул.Глинки 2",Dnipro,173.47173,12,11,3,1,701.6,701.6,1,11.6933,11.6933,100.0,27.27,8.33,EUR,2026-07-27
2026-07-29,200349,"VARUS, вул.Дніпровская 1",Vyshhorod,0.0,0,0,0,0,701.6,701.6,1,11.6933,11.6933,100.0,,,EUR,2026-07-27
2026-07-29,200354,"VARUS, вул.Калиновая 9А",Dnipro,139.749517,8,8,0,0,701.6,701.6,1,11.6933,11.6933,100.0,0.0,0.0,EUR,2026-07-27
2026-07-29,200348,"VARUS, вул.Київська 239",Brovary,67.620274,6,6,0,0,701.6,701.6,1,11.6933,11.6933,100.0,0.0,0.0,EUR,2026-07-27
2026-07-29,200353,"VARUS, вул.Коммунарівська буд. 8",Dnipro,98.342251,4,4,0,0,701.6,701.6,1,11.6933,11.6933,100.0,0.0,0.0,EUR,2026-07-27
2026-07-29,200361,"VARUS, вул.Марії Кюрі 5",Dnipro,85.666339,6,6,0,0,701.6,701.6,1,11.6933,11.6933,100.0,0.0,0.0,EUR,2026-07-27
2026-07-29,200370,"VARUS, вул.Незалежної України 57В",Zaporizhia,281.527452,13,13,0,0,701.6,701.6,1,11.6933,11.6933,100.0,0.0,0.0,EUR,2026-07-27
2026-07-29,200404,"VARUS, вул.Нова 2В",Pavlohrad,23.931404,2,2,0,0,641.6,641.6,1,10.6933,10.6933,100.0,0.0,0.0,EUR,2026-07-27
2026-07-29,200363,"VARUS, вул.Робоча 67",Dnipro,122.192003,11,10,1,1,701.6,701.6,1,11.6933,11.6933,100.0,10.0,9.09,EUR,2026-07-27
2026-07-29,200369,"VARUS, вул.Тараса Шевченка 7",Kamianske,0.0,0,0,0,0,601.6,601.6,1,10.0267,10.0267,100.0,,,EUR,2026-07-27
2026-07-29,200395,"VARUS, вул.Терещенко 1Е",Kryvyi Rih,0.0,0,0,0,0,701.6,701.6,1,11.6933,11.6933,100.0,,,EUR,2026-07-27
2026-07-29,200402,"VARUS, вул.Французький бульвар 22",Odesa,23.674694,2,1,1,1,701.6,701.6,1,11.6933,11.6933,100.0,100.0,50.0,EUR,2026-07-27
2026-07-29,200396,"VARUS, мкр Сонячний 41а",Kryvyi Rih,34.972087,2,2,0,0,701.6,701.6,1,11.6933,11.6933,100.0,0.0,0.0,EUR,2026-07-27
2026-07-29,200362,"VARUS, пр. Івана Мазепи, 58",Dnipro,47.450229,3,3,0,0,701.6,701.6,1,11.6933,11.6933,100.0,0.0,0.0,EUR,2026-07-27
2026-07-29,200373,"VARUS, пр. Академіка Паладіна 16/39",Kyiv,356.105136,18,17,0,1,701.6,701.6,1,11.6933,11.6933,100.0,0.0,5.56,EUR,2026-07-27
2026-07-29,200368,"VARUS, пр. Героїв 2",Dnipro,118.9282,8,8,2,0,701.6,701.6,1,11.6933,11.6933,100.0,25.0,0.0,EUR,2026-07-27
2026-07-29,200408,"VARUS, пр. Гуляєва полковника ж.м. ""Дружний"" буд. 107/1",Odesa,99.457991,3,3,1,0,701.6,701.6,1,11.6933,11.6933,100.0,33.33,0.0,EUR,2026-07-27
2026-07-29,200399,"VARUS, пр. Добровольського 122/1",Odesa,15.65794,1,1,1,0,701.6,701.6,1,11.6933,11.6933,100.0,100.0,0.0,EUR,2026-07-27
2026-07-29,862701,"VARUS, пр. Коцюбинського, 70",Vinnytsia,326.387083,23,23,1,0,701.6,701.6,1,11.6933,11.6933,100.0,4.35,0.0,EUR,2026-07-27
2026-07-29,200394,"VARUS, пр. Металургів 42А",Kryvyi Rih,38.210432,2,2,0,0,701.6,701.6,1,11.6933,11.6933,100.0,0.0,0.0,EUR,2026-07-27
2026-07-29,200380,"VARUS, пр. Миколи Бажана 38",Kyiv,26.258633,2,1,1,1,701.6,701.6,1,11.6933,11.6933,100.0,100.0,50.0,EUR,2026-07-27
2026-07-29,200359,"VARUS, пр. О. Поля, 104а",Dnipro,0.0,0,0,0,0,0.0,0.0,1,0.0,0.0,,,,EUR,2026-07-27
2026-07-29,198953,"VARUS, пр. Олександра Поля, 104",Dnipro,190.96835,11,11,1,0,701.6,701.6,1,11.6933,11.6933,100.0,9.09,0.0,EUR,2026-07-27
2026-07-29,200357,"VARUS, пр.Науки 8а",Dnipro,115.994343,10,10,2,0,701.6,701.6,1,11.6933,11.6933,100.0,20.0,0.0,EUR,2026-07-27
2026-07-29,200377,"VARUS, пр.Оболонський 47/42",Kyiv,116.312931,4,4,1,0,701.6,701.6,1,11.6933,11.6933,100.0,25.0,0.0,EUR,2026-07-27
2026-07-29,200360,"VARUS, проспект Слобожанський 86",Dnipro,56.824159,6,6,1,0,701.6,701.6,1,11.6933,11.6933,100.0,16.67,0.0,EUR,2026-07-27
2026-07-30,200367,"VARUS вул.Петра Сагайдачного, 7",Zaporizhia,50.449089,3,3,0,0,701.1166666666667,701.1166666666667,1,11.6853,11.6853,100.0,0.0,0.0,EUR,2026-07-27
2026-07-30,200390,"VARUS, 5-й Зарічний, д.19",Kryvyi Rih,25.236486,1,1,0,0,701.1166666666667,701.1166666666667,1,11.6853,11.6853,100.0,0.0,0.0,EUR,2026-07-27
2026-07-30,200383,"VARUS, Вулиця Героїв полку Азов, 12",Kyiv,79.304713,6,4,0,2,701.1166666666667,701.1166666666667,1,11.6853,11.6853,100.0,0.0,33.33,EUR,2026-07-27
2026-07-30,200364,"VARUS, Донецьке шосcе 110",Dnipro,15.916227,3,2,1,1,701.1166666666667,701.1166666666667,1,11.6853,11.6853,100.0,50.0,33.33,EUR,2026-07-27
2026-07-30,200356,"VARUS, Донецьке шосcе 9а",Dnipro,17.141335,1,1,0,0,701.1166666666667,701.1166666666667,1,11.6853,11.6853,100.0,0.0,0.0,EUR,2026-07-27
2026-07-30,200400,"VARUS, Люстдорфська дорога 114",Odesa,60.635419,4,4,1,0,701.1166666666667,701.1166666666667,1,11.6853,11.6853,100.0,25.0,0.0,EUR,2026-07-27
2026-07-30,200392,"VARUS, Площа Шахтарської Слави 1",Kryvyi Rih,165.100075,9,9,1,0,701.1166666666667,701.1166666666667,1,11.6853,11.6853,100.0,11.11,0.0,EUR,2026-07-27
2026-07-30,200374,"VARUS, Проспект Червоної Калини 44A",Kyiv,42.902085,3,3,1,0,701.1166666666667,701.1166666666667,1,11.6853,11.6853,100.0,33.33,0.0,EUR,2026-07-27
2026-07-30,200365,"VARUS, Північно-Кільцева вулиця, 10а,",Zaporizhia,134.176367,9,9,1,0,701.1166666666667,701.1166666666667,1,11.6853,11.6853,100.0,11.11,0.0,EUR,2026-07-27
2026-07-30,200385,"VARUS, Харківське Шосе 160",Kyiv,67.993116,4,4,0,0,701.1166666666667,701.1166666666667,1,11.6853,11.6853,100.0,0.0,0.0,EUR,2026-07-27
2026-07-30,200358,"VARUS, бул. Європейський 1Д",Dnipro,54.281808,4,4,2,0,701.1166666666667,701.1166666666667,1,11.6853,11.6853,100.0,50.0,0.0,EUR,2026-07-27
2026-07-30,200372,"VARUS, бул.Будівельників 27а",Kamianske,37.869706,2,2,1,0,601.1166666666667,601.1166666666667,1,10.0186,10.0186,100.0,50.0,0.0,EUR,2026-07-27
2026-07-30,200355,"VARUS, вул Березинская 23а",Dnipro,39.090702,3,3,1,0,701.1166666666667,701.1166666666667,1,11.6853,11.6853,100.0,33.33,0.0,EUR,2026-07-27
2026-07-30,200393,"VARUS, вул. 200 річчя Кривого Рогу",Kryvyi Rih,38.697602,3,3,0,0,701.1166666666667,701.1166666666667,1,11.6853,11.6853,100.0,0.0,0.0,EUR,2026-07-27
2026-07-30,200397,"VARUS, вул. Івана Авраменко 21В",Kryvyi Rih,96.578779,6,6,0,0,701.1166666666667,701.1166666666667,1,11.6853,11.6853,100.0,0.0,0.0,EUR,2026-07-27
2026-07-30,200376,"VARUS, вул. Волинська 37",Kyiv,152.362905,11,11,0,0,661.1166666666667,661.1166666666667,1,11.0186,11.0186,100.0,0.0,0.0,EUR,2026-07-27
2026-07-30,200401,"VARUS, вул. Дача Ковалевського 91",Odesa,0.0,0,0,0,0,701.1166666666667,701.1166666666667,1,11.6853,11.6853,100.0,,,EUR,2026-07-27
2026-07-30,200378,"VARUS, вул. Деміївська 27",Kyiv,32.365724,2,2,1,0,701.1166666666667,701.1166666666667,1,11.6853,11.6853,100.0,50.0,0.0,EUR,2026-07-27
2026-07-30,200387,"VARUS, вул. Драгаманова 40г",Kyiv,0.0,0,0,0,0,701.1166666666667,701.1166666666667,1,11.6853,11.6853,100.0,,,EUR,2026-07-27
2026-07-30,200391,"VARUS, вул. Жилянська 59",Kyiv,168.026594,13,13,5,0,701.1166666666667,701.1166666666667,1,11.6853,11.6853,100.0,38.46,0.0,EUR,2026-07-27
2026-07-30,200384,"VARUS, вул. Костянтинівська 2А",Kyiv,34.429692,3,3,0,0,701.1166666666667,701.1166666666667,1,11.6853,11.6853,100.0,0.0,0.0,EUR,2026-07-27
2026-07-30,200388,"VARUS, вул. Лесі Українки 30",Kyiv,0.0,0,0,0,0,701.1166666666667,701.1166666666667,1,11.6853,11.6853,100.0,,,EUR,2026-07-27
2026-07-30,200398,"VARUS, вул. Недєліна 43",Kryvyi Rih,0.0,0,0,0,0,701.1166666666667,701.1166666666667,1,11.6853,11.6853,100.0,,,EUR,2026-07-27
2026-07-30,200371,"VARUS, вул. Ольги Кобилянської 1В/23",Irpin,209.11979,14,14,3,0,701.1166666666667,701.1166666666667,1,11.6853,11.6853,100.0,21.43,0.0,EUR,2026-07-27
2026-07-30,200351,"VARUS, вул. Паникахи 15",Dnipro,142.022704,7,7,3,0,701.1166666666667,701.1166666666667,1,11.6853,11.6853,100.0,42.86,0.0,EUR,2026-07-27
2026-07-30,200403,"VARUS, вул. Соборна 97А",Pavlohrad,35.725276,2,2,0,0,641.1166666666667,641.1166666666667,1,10.6853,10.6853,100.0,0.0,0.0,EUR,2026-07-27
2026-07-30,200389,"VARUS, вул. Срібнокільска 11",Kyiv,95.486991,7,6,0,1,721.1166666666667,721.1166666666667,1,12.0186,12.0186,100.0,0.0,14.29,EUR,2026-07-27
2026-07-30,200381,"VARUS, вул. Тютюника 39-А",Kyiv,203.057094,13,13,1,0,701.1166666666667,701.1166666666667,1,11.6853,11.6853,100.0,7.69,0.0,EUR,2026-07-27
2026-07-30,200366,"VARUS, вул. Яценка 2",Zaporizhia,173.16214,12,11,0,1,701.1166666666667,701.1166666666667,1,11.6853,11.6853,100.0,0.0,8.33,EUR,2026-07-27
2026-07-30,200352,"VARUS, вул.20річчя Перемоги  43Д",Dnipro,0.0,0,0,0,0,701.1166666666667,701.1166666666667,1,11.6853,11.6853,100.0,,,EUR,2026-07-27
2026-07-30,200375,"VARUS, вул.Андрія Малишко,3",Kyiv,241.080672,19,13,1,6,701.1166666666667,701.1166666666667,1,11.6853,11.6853,100.0,7.69,31.58,EUR,2026-07-27
2026-07-30,200379,"VARUS, вул.Бажана 10-А",Kyiv,18.953156,2,2,0,0,701.1166666666667,701.1166666666667,1,11.6853,11.6853,100.0,0.0,0.0,EUR,2026-07-27
2026-07-30,200382,"VARUS, вул.Васильківска 34",Kyiv,256.323853,19,18,1,1,701.1166666666667,701.1166666666667,1,11.6853,11.6853,100.0,5.56,5.26,EUR,2026-07-27
2026-07-30,200386,"VARUS, вул.Вишгородска 45а",Kyiv,267.128219,12,12,2,0,661.1166666666667,661.1166666666667,1,11.0186,11.0186,100.0,16.67,0.0,EUR,2026-07-27
2026-07-30,200350,"VARUS, вул.Глинки 2",Dnipro,42.814775,5,5,0,0,701.1166666666667,701.1166666666667,1,11.6853,11.6853,100.0,0.0,0.0,EUR,2026-07-27
2026-07-30,200349,"VARUS, вул.Дніпровская 1",Vyshhorod,25.735887,1,1,0,0,701.1166666666667,701.1166666666667,1,11.6853,11.6853,100.0,0.0,0.0,EUR,2026-07-27
2026-07-30,200354,"VARUS, вул.Калиновая 9А",Dnipro,140.282729,10,10,3,0,701.1166666666667,701.1166666666667,1,11.6853,11.6853,100.0,30.0,0.0,EUR,2026-07-27
2026-07-30,200348,"VARUS, вул.Київська 239",Brovary,114.237918,9,9,2,0,701.1166666666667,701.1166666666667,1,11.6853,11.6853,100.0,22.22,0.0,EUR,2026-07-27
2026-07-30,200353,"VARUS, вул.Коммунарівська буд. 8",Dnipro,75.11648,6,5,0,1,701.1166666666667,701.1166666666667,1,11.6853,11.6853,100.0,0.0,16.67,EUR,2026-07-27
2026-07-30,200361,"VARUS, вул.Марії Кюрі 5",Dnipro,170.657114,11,10,4,1,701.1166666666667,701.1166666666667,1,11.6853,11.6853,100.0,40.0,9.09,EUR,2026-07-27
2026-07-30,200370,"VARUS, вул.Незалежної України 57В",Zaporizhia,216.642914,13,13,2,0,701.1166666666667,701.1166666666667,1,11.6853,11.6853,100.0,15.38,0.0,EUR,2026-07-27
2026-07-30,200404,"VARUS, вул.Нова 2В",Pavlohrad,0.0,0,0,0,0,641.1166666666667,641.1166666666667,1,10.6853,10.6853,100.0,,,EUR,2026-07-27
2026-07-30,200363,"VARUS, вул.Робоча 67",Dnipro,188.794312,13,13,3,0,701.1166666666667,701.1166666666667,1,11.6853,11.6853,100.0,23.08,0.0,EUR,2026-07-27
2026-07-30,200369,"VARUS, вул.Тараса Шевченка 7",Kamianske,0.0,1,0,0,1,601.1166666666667,601.1166666666667,1,10.0186,10.0186,100.0,,100.0,EUR,2026-07-27
2026-07-30,200395,"VARUS, вул.Терещенко 1Е",Kryvyi Rih,0.0,0,0,0,0,701.1166666666667,701.1166666666667,1,11.6853,11.6853,100.0,,,EUR,2026-07-27
2026-07-30,200402,"VARUS, вул.Французький бульвар 22",Odesa,123.998068,6,6,3,0,701.1166666666667,701.1166666666667,1,11.6853,11.6853,100.0,50.0,0.0,EUR,2026-07-27
2026-07-30,200396,"VARUS, мкр Сонячний 41а",Kryvyi Rih,25.851389,2,2,0,0,701.1166666666667,701.1166666666667,1,11.6853,11.6853,100.0,0.0,0.0,EUR,2026-07-27
2026-07-30,200362,"VARUS, пр. Івана Мазепи, 58",Dnipro,8.769763,1,1,0,0,701.1166666666667,701.1166666666667,1,11.6853,11.6853,100.0,0.0,0.0,EUR,2026-07-27
2026-07-30,200373,"VARUS, пр. Академіка Паладіна 16/39",Kyiv,319.081193,15,15,3,0,701.1166666666667,701.1166666666667,1,11.6853,11.6853,100.0,20.0,0.0,EUR,2026-07-27
2026-07-30,200368,"VARUS, пр. Героїв 2",Dnipro,224.628238,17,15,2,2,701.1166666666667,701.1166666666667,1,11.6853,11.6853,100.0,13.33,11.76,EUR,2026-07-27
2026-07-30,200408,"VARUS, пр. Гуляєва полковника ж.м. ""Дружний"" буд. 107/1",Odesa,47.066239,3,3,0,0,701.1166666666667,701.1166666666667,1,11.6853,11.6853,100.0,0.0,0.0,EUR,2026-07-27
2026-07-30,200399,"VARUS, пр. Добровольського 122/1",Odesa,33.326156,2,2,0,0,701.1166666666667,701.1166666666667,1,11.6853,11.6853,100.0,0.0,0.0,EUR,2026-07-27
2026-07-30,862701,"VARUS, пр. Коцюбинського, 70",Vinnytsia,305.963838,22,22,1,0,701.1166666666667,701.1166666666667,1,11.6853,11.6853,100.0,4.55,0.0,EUR,2026-07-27
2026-07-30,200394,"VARUS, пр. Металургів 42А",Kryvyi Rih,0.0,0,0,0,0,701.1166666666667,701.1166666666667,1,11.6853,11.6853,100.0,,,EUR,2026-07-27
2026-07-30,200380,"VARUS, пр. Миколи Бажана 38",Kyiv,135.208061,8,8,1,0,701.1166666666667,701.1166666666667,1,11.6853,11.6853,100.0,12.5,0.0,EUR,2026-07-27
2026-07-30,200359,"VARUS, пр. О. Поля, 104а",Dnipro,0.0,0,0,0,0,0.0,0.0,1,0.0,0.0,,,,EUR,2026-07-27
2026-07-30,198953,"VARUS, пр. Олександра Поля, 104",Dnipro,89.679373,5,5,1,0,701.1166666666667,701.1166666666667,1,11.6853,11.6853,100.0,20.0,0.0,EUR,2026-07-27
2026-07-30,200357,"VARUS, пр.Науки 8а",Dnipro,52.23409,5,3,0,2,654.95,701.1166666666667,1,10.9158,11.6853,93.42,0.0,40.0,EUR,2026-07-27
2026-07-30,200377,"VARUS, пр.Оболонський 47/42",Kyiv,60.711574,6,6,1,0,701.1166666666667,701.1166666666667,1,11.6853,11.6853,100.0,16.67,0.0,EUR,2026-07-27
2026-07-30,200360,"VARUS, проспект Слобожанський 86",Dnipro,80.166285,4,4,1,0,701.1166666666667,701.1166666666667,1,11.6853,11.6853,100.0,25.0,0.0,EUR,2026-07-27
2026-07-31,200367,"VARUS вул.Петра Сагайдачного, 7",Zaporizhia,22.502327,1,1,1,0,701.0,701.0,1,11.6833,11.6833,100.0,100.0,0.0,EUR,2026-07-27
2026-07-31,200390,"VARUS, 5-й Зарічний, д.19",Kryvyi Rih,27.186703,2,2,0,0,701.0,701.0,1,11.6833,11.6833,100.0,0.0,0.0,EUR,2026-07-27
2026-07-31,200383,"VARUS, Вулиця Героїв полку Азов, 12",Kyiv,99.829743,6,5,0,1,701.0,701.0,1,11.6833,11.6833,100.0,0.0,16.67,EUR,2026-07-27
2026-07-31,200364,"VARUS, Донецьке шосcе 110",Dnipro,44.051355,3,3,0,0,701.0,701.0,1,11.6833,11.6833,100.0,0.0,0.0,EUR,2026-07-27
2026-07-31,200356,"VARUS, Донецьке шосcе 9а",Dnipro,6.106325,1,1,1,0,701.0,701.0,1,11.6833,11.6833,100.0,100.0,0.0,EUR,2026-07-27
2026-07-31,200400,"VARUS, Люстдорфська дорога 114",Odesa,123.969521,6,6,1,0,701.0,701.0,1,11.6833,11.6833,100.0,16.67,0.0,EUR,2026-07-27
2026-07-31,200392,"VARUS, Площа Шахтарської Слави 1",Kryvyi Rih,126.866269,9,9,2,0,701.0,701.0,1,11.6833,11.6833,100.0,22.22,0.0,EUR,2026-07-27
2026-07-31,200374,"VARUS, Проспект Червоної Калини 44A",Kyiv,178.325374,12,8,1,4,701.0,701.0,1,11.6833,11.6833,100.0,12.5,33.33,EUR,2026-07-27
2026-07-31,200365,"VARUS, Північно-Кільцева вулиця, 10а,",Zaporizhia,27.869495,2,2,1,0,701.0,701.0,1,11.6833,11.6833,100.0,50.0,0.0,EUR,2026-07-27
2026-07-31,200385,"VARUS, Харківське Шосе 160",Kyiv,45.355703,3,3,1,0,701.0,701.0,1,11.6833,11.6833,100.0,33.33,0.0,EUR,2026-07-27
2026-07-31,200358,"VARUS, бул. Європейський 1Д",Dnipro,73.579173,8,7,1,1,701.0,701.0,1,11.6833,11.6833,100.0,14.29,12.5,EUR,2026-07-27
2026-07-31,200372,"VARUS, бул.Будівельників 27а",Kamianske,56.229094,2,2,1,0,601.0,601.0,1,10.0167,10.0167,100.0,50.0,0.0,EUR,2026-07-27
2026-07-31,200355,"VARUS, вул Березинская 23а",Dnipro,92.208242,7,6,0,1,701.0,701.0,1,11.6833,11.6833,100.0,0.0,14.29,EUR,2026-07-27
2026-07-31,200393,"VARUS, вул. 200 річчя Кривого Рогу",Kryvyi Rih,24.462356,2,2,0,0,701.0,701.0,1,11.6833,11.6833,100.0,0.0,0.0,EUR,2026-07-27
2026-07-31,200397,"VARUS, вул. Івана Авраменко 21В",Kryvyi Rih,57.008623,4,4,0,0,701.0,701.0,1,11.6833,11.6833,100.0,0.0,0.0,EUR,2026-07-27
2026-07-31,200376,"VARUS, вул. Волинська 37",Kyiv,206.742311,10,10,1,0,661.0,661.0,1,11.0167,11.0167,100.0,10.0,0.0,EUR,2026-07-27
2026-07-31,200401,"VARUS, вул. Дача Ковалевського 91",Odesa,0.0,0,0,0,0,701.0,701.0,1,11.6833,11.6833,100.0,,,EUR,2026-07-27
2026-07-31,200378,"VARUS, вул. Деміївська 27",Kyiv,83.501805,5,5,0,0,701.0,701.0,1,11.6833,11.6833,100.0,0.0,0.0,EUR,2026-07-27
2026-07-31,200387,"VARUS, вул. Драгаманова 40г",Kyiv,29.787596,2,2,0,0,701.0,701.0,1,11.6833,11.6833,100.0,0.0,0.0,EUR,2026-07-27
2026-07-31,200391,"VARUS, вул. Жилянська 59",Kyiv,242.153735,16,14,2,2,701.0,701.0,1,11.6833,11.6833,100.0,14.29,12.5,EUR,2026-07-27
2026-07-31,200384,"VARUS, вул. Костянтинівська 2А",Kyiv,130.79706,11,10,1,1,701.0,701.0,1,11.6833,11.6833,100.0,10.0,9.09,EUR,2026-07-27
2026-07-31,200388,"VARUS, вул. Лесі Українки 30",Kyiv,0.0,0,0,0,0,701.0,701.0,1,11.6833,11.6833,100.0,,,EUR,2026-07-27
2026-07-31,200398,"VARUS, вул. Недєліна 43",Kryvyi Rih,0.0,0,0,0,0,701.0,701.0,1,11.6833,11.6833,100.0,,,EUR,2026-07-27
2026-07-31,200371,"VARUS, вул. Ольги Кобилянської 1В/23",Irpin,92.971973,7,7,0,0,701.0,701.0,1,11.6833,11.6833,100.0,0.0,0.0,EUR,2026-07-27
2026-07-31,200351,"VARUS, вул. Паникахи 15",Dnipro,192.013797,10,10,1,0,701.0,701.0,1,11.6833,11.6833,100.0,10.0,0.0,EUR,2026-07-27
2026-07-31,200403,"VARUS, вул. Соборна 97А",Pavlohrad,37.10524,2,2,0,0,641.0,641.0,1,10.6833,10.6833,100.0,0.0,0.0,EUR,2026-07-27
2026-07-31,200389,"VARUS, вул. Срібнокільска 11",Kyiv,118.366955,7,7,2,0,721.0,721.0,1,12.0167,12.0167,100.0,28.57,0.0,EUR,2026-07-27
2026-07-31,200381,"VARUS, вул. Тютюника 39-А",Kyiv,209.808736,16,16,0,0,701.0,701.0,1,11.6833,11.6833,100.0,0.0,0.0,EUR,2026-07-27
2026-07-31,200366,"VARUS, вул. Яценка 2",Zaporizhia,251.357297,12,12,0,0,701.0,701.0,1,11.6833,11.6833,100.0,0.0,0.0,EUR,2026-07-27
2026-07-31,200352,"VARUS, вул.20річчя Перемоги  43Д",Dnipro,0.0,0,0,0,0,701.0,701.0,1,11.6833,11.6833,100.0,,,EUR,2026-07-27
2026-07-31,200375,"VARUS, вул.Андрія Малишко,3",Kyiv,177.71786,10,10,0,0,701.0,701.0,1,11.6833,11.6833,100.0,0.0,0.0,EUR,2026-07-27
2026-07-31,200379,"VARUS, вул.Бажана 10-А",Kyiv,0.0,4,0,0,4,701.0,701.0,1,11.6833,11.6833,100.0,,100.0,EUR,2026-07-27
2026-07-31,200382,"VARUS, вул.Васильківска 34",Kyiv,264.32958,12,11,3,1,701.0,701.0,1,11.6833,11.6833,100.0,27.27,8.33,EUR,2026-07-27
2026-07-31,200386,"VARUS, вул.Вишгородска 45а",Kyiv,292.14661,13,13,2,0,661.0,661.0,1,11.0167,11.0167,100.0,15.38,0.0,EUR,2026-07-27
2026-07-31,200350,"VARUS, вул.Глинки 2",Dnipro,169.251111,9,9,0,0,701.0,701.0,1,11.6833,11.6833,100.0,0.0,0.0,EUR,2026-07-27
2026-07-31,200349,"VARUS, вул.Дніпровская 1",Vyshhorod,38.007049,1,1,0,0,701.0,701.0,1,11.6833,11.6833,100.0,0.0,0.0,EUR,2026-07-27
2026-07-31,200354,"VARUS, вул.Калиновая 9А",Dnipro,237.422354,16,16,0,0,701.0,701.0,1,11.6833,11.6833,100.0,0.0,0.0,EUR,2026-07-27
2026-07-31,200348,"VARUS, вул.Київська 239",Brovary,136.39202,11,11,0,0,701.0,701.0,1,11.6833,11.6833,100.0,0.0,0.0,EUR,2026-07-27
2026-07-31,200353,"VARUS, вул.Коммунарівська буд. 8",Dnipro,102.65472,7,7,2,0,701.0,701.0,1,11.6833,11.6833,100.0,28.57,0.0,EUR,2026-07-27
2026-07-31,200361,"VARUS, вул.Марії Кюрі 5",Dnipro,99.202141,8,8,0,0,701.0,701.0,1,11.6833,11.6833,100.0,0.0,0.0,EUR,2026-07-27
2026-07-31,200370,"VARUS, вул.Незалежної України 57В",Zaporizhia,38.431626,4,2,1,2,221.7,701.0,1,3.695,11.6833,31.63,50.0,50.0,EUR,2026-07-27
2026-07-31,200404,"VARUS, вул.Нова 2В",Pavlohrad,0.0,0,0,0,0,641.0,641.0,1,10.6833,10.6833,100.0,,,EUR,2026-07-27
2026-07-31,200363,"VARUS, вул.Робоча 67",Dnipro,116.709802,10,7,2,3,701.0,701.0,1,11.6833,11.6833,100.0,28.57,30.0,EUR,2026-07-27
2026-07-31,200369,"VARUS, вул.Тараса Шевченка 7",Kamianske,13.565169,1,1,0,0,601.0,601.0,1,10.0167,10.0167,100.0,0.0,0.0,EUR,2026-07-27
2026-07-31,200395,"VARUS, вул.Терещенко 1Е",Kryvyi Rih,0.0,0,0,0,0,701.0,701.0,1,11.6833,11.6833,100.0,,,EUR,2026-07-27
2026-07-31,200402,"VARUS, вул.Французький бульвар 22",Odesa,4.370381,1,1,0,0,701.0,701.0,1,11.6833,11.6833,100.0,0.0,0.0,EUR,2026-07-27
2026-07-31,200396,"VARUS, мкр Сонячний 41а",Kryvyi Rih,24.679033,1,1,0,0,701.0,701.0,1,11.6833,11.6833,100.0,0.0,0.0,EUR,2026-07-27
2026-07-31,200362,"VARUS, пр. Івана Мазепи, 58",Dnipro,20.021765,1,1,0,0,701.0,701.0,1,11.6833,11.6833,100.0,0.0,0.0,EUR,2026-07-27
2026-07-31,200373,"VARUS, пр. Академіка Паладіна 16/39",Kyiv,299.299654,15,15,2,0,701.0,701.0,1,11.6833,11.6833,100.0,13.33,0.0,EUR,2026-07-27
2026-07-31,200368,"VARUS, пр. Героїв 2",Dnipro,102.526001,7,7,1,0,701.0,701.0,1,11.6833,11.6833,100.0,14.29,0.0,EUR,2026-07-27
2026-07-31,200408,"VARUS, пр. Гуляєва полковника ж.м. ""Дружний"" буд. 107/1",Odesa,58.107018,1,1,0,0,701.0,701.0,1,11.6833,11.6833,100.0,0.0,0.0,EUR,2026-07-27
2026-07-31,200399,"VARUS, пр. Добровольського 122/1",Odesa,80.699056,4,4,0,0,701.0,701.0,1,11.6833,11.6833,100.0,0.0,0.0,EUR,2026-07-27
2026-07-31,862701,"VARUS, пр. Коцюбинського, 70",Vinnytsia,543.59109,28,28,8,0,701.0,701.0,1,11.6833,11.6833,100.0,28.57,0.0,EUR,2026-07-27
2026-07-31,200394,"VARUS, пр. Металургів 42А",Kryvyi Rih,54.14288,4,4,1,0,701.0,701.0,1,11.6833,11.6833,100.0,25.0,0.0,EUR,2026-07-27
2026-07-31,200380,"VARUS, пр. Миколи Бажана 38",Kyiv,66.682205,6,6,0,0,701.0,701.0,1,11.6833,11.6833,100.0,0.0,0.0,EUR,2026-07-27
2026-07-31,200359,"VARUS, пр. О. Поля, 104а",Dnipro,0.0,0,0,0,0,0.0,0.0,1,0.0,0.0,,,,EUR,2026-07-27
2026-07-31,198953,"VARUS, пр. Олександра Поля, 104",Dnipro,107.663038,6,6,1,0,701.0,701.0,1,11.6833,11.6833,100.0,16.67,0.0,EUR,2026-07-27
2026-07-31,200357,"VARUS, пр.Науки 8а",Dnipro,183.702682,11,11,1,0,701.0,701.0,1,11.6833,11.6833,100.0,9.09,0.0,EUR,2026-07-27
2026-07-31,200377,"VARUS, пр.Оболонський 47/42",Kyiv,16.462309,1,1,0,0,701.0,701.0,1,11.6833,11.6833,100.0,0.0,0.0,EUR,2026-07-27
2026-07-31,200360,"VARUS, проспект Слобожанський 86",Dnipro,16.88006,3,2,1,1,701.0,701.0,1,11.6833,11.6833,100.0,50.0,33.33,EUR,2026-07-27
2026-08-01,200367,"VARUS вул.Петра Сагайдачного, 7",Zaporizhia,212.715626,7,7,1,0,701.0,701.0,1,11.6833,11.6833,100.0,14.29,0.0,EUR,2026-07-27
2026-08-01,200390,"VARUS, 5-й Зарічний, д.19",Kryvyi Rih,36.659795,3,3,0,0,701.0,701.0,1,11.6833,11.6833,100.0,0.0,0.0,EUR,2026-07-27
2026-08-01,200383,"VARUS, Вулиця Героїв полку Азов, 12",Kyiv,151.398252,10,10,1,0,701.0,701.0,1,11.6833,11.6833,100.0,10.0,0.0,EUR,2026-07-27
2026-08-01,200364,"VARUS, Донецьке шосcе 110",Dnipro,0.0,0,0,0,0,701.0,701.0,1,11.6833,11.6833,100.0,,,EUR,2026-07-27
2026-08-01,200356,"VARUS, Донецьке шосcе 9а",Dnipro,0.0,0,0,0,0,701.0,701.0,1,11.6833,11.6833,100.0,,,EUR,2026-07-27
2026-08-01,200400,"VARUS, Люстдорфська дорога 114",Odesa,90.909358,5,5,2,0,701.0,701.0,1,11.6833,11.6833,100.0,40.0,0.0,EUR,2026-07-27
2026-08-01,200392,"VARUS, Площа Шахтарської Слави 1",Kryvyi Rih,72.639528,5,5,1,0,701.0,701.0,1,11.6833,11.6833,100.0,20.0,0.0,EUR,2026-07-27
2026-08-01,200374,"VARUS, Проспект Червоної Калини 44A",Kyiv,392.910928,18,18,2,0,701.0,701.0,1,11.6833,11.6833,100.0,11.11,0.0,EUR,2026-07-27
2026-08-01,200365,"VARUS, Північно-Кільцева вулиця, 10а,",Zaporizhia,42.681089,3,3,0,0,701.0,701.0,1,11.6833,11.6833,100.0,0.0,0.0,EUR,2026-07-27
2026-08-01,200385,"VARUS, Харківське Шосе 160",Kyiv,104.42265,5,5,0,0,701.0,701.0,1,11.6833,11.6833,100.0,0.0,0.0,EUR,2026-07-27
2026-08-01,200358,"VARUS, бул. Європейський 1Д",Dnipro,73.789606,8,7,3,1,701.0,701.0,1,11.6833,11.6833,100.0,42.86,12.5,EUR,2026-07-27
2026-08-01,200372,"VARUS, бул.Будівельників 27а",Kamianske,24.006965,1,1,0,0,601.0,601.0,1,10.0167,10.0167,100.0,0.0,0.0,EUR,2026-07-27
2026-08-01,200355,"VARUS, вул Березинская 23а",Dnipro,35.932145,3,3,0,0,701.0,701.0,1,11.6833,11.6833,100.0,0.0,0.0,EUR,2026-07-27
2026-08-01,200393,"VARUS, вул. 200 річчя Кривого Рогу",Kryvyi Rih,89.887993,5,5,1,0,701.0,701.0,1,11.6833,11.6833,100.0,20.0,0.0,EUR,2026-07-27
2026-08-01,200397,"VARUS, вул. Івана Авраменко 21В",Kryvyi Rih,103.519476,4,4,0,0,701.0,701.0,1,11.6833,11.6833,100.0,0.0,0.0,EUR,2026-07-27
2026-08-01,200376,"VARUS, вул. Волинська 37",Kyiv,137.999639,10,10,0,0,661.0,661.0,1,11.0167,11.0167,100.0,0.0,0.0,EUR,2026-07-27
2026-08-01,200401,"VARUS, вул. Дача Ковалевського 91",Odesa,0.0,0,0,0,0,701.0,701.0,1,11.6833,11.6833,100.0,,,EUR,2026-07-27
2026-08-01,200378,"VARUS, вул. Деміївська 27",Kyiv,86.168424,4,4,0,0,701.0,701.0,1,11.6833,11.6833,100.0,0.0,0.0,EUR,2026-07-27
2026-08-01,200387,"VARUS, вул. Драгаманова 40г",Kyiv,17.925214,1,1,0,0,701.0,701.0,1,11.6833,11.6833,100.0,0.0,0.0,EUR,2026-07-27
2026-08-01,200391,"VARUS, вул. Жилянська 59",Kyiv,271.140351,14,14,2,0,701.0,701.0,1,11.6833,11.6833,100.0,14.29,0.0,EUR,2026-07-27
2026-08-01,200384,"VARUS, вул. Костянтинівська 2А",Kyiv,149.127739,6,6,1,0,701.0,701.0,1,11.6833,11.6833,100.0,16.67,0.0,EUR,2026-07-27
2026-08-01,200388,"VARUS, вул. Лесі Українки 30",Kyiv,0.0,0,0,0,0,701.0,701.0,1,11.6833,11.6833,100.0,,,EUR,2026-07-27
2026-08-01,200398,"VARUS, вул. Недєліна 43",Kryvyi Rih,0.0,0,0,0,0,701.0,701.0,1,11.6833,11.6833,100.0,,,EUR,2026-07-27
2026-08-01,200371,"VARUS, вул. Ольги Кобилянської 1В/23",Irpin,252.583631,9,9,2,0,701.0,701.0,1,11.6833,11.6833,100.0,22.22,0.0,EUR,2026-07-27
2026-08-01,200351,"VARUS, вул. Паникахи 15",Dnipro,103.037365,8,8,0,0,701.0,701.0,1,11.6833,11.6833,100.0,0.0,0.0,EUR,2026-07-27
2026-08-01,200403,"VARUS, вул. Соборна 97А",Pavlohrad,32.476445,2,2,0,0,641.0,641.0,1,10.6833,10.6833,100.0,0.0,0.0,EUR,2026-07-27
2026-08-01,200389,"VARUS, вул. Срібнокільска 11",Kyiv,120.330494,10,10,0,0,721.0,721.0,1,12.0167,12.0167,100.0,0.0,0.0,EUR,2026-07-27
2026-08-01,200381,"VARUS, вул. Тютюника 39-А",Kyiv,211.645901,12,11,1,1,701.0,701.0,1,11.6833,11.6833,100.0,9.09,8.33,EUR,2026-07-27
2026-08-01,200366,"VARUS, вул. Яценка 2",Zaporizhia,285.268176,16,16,1,0,701.0,701.0,1,11.6833,11.6833,100.0,6.25,0.0,EUR,2026-07-27
2026-08-01,200352,"VARUS, вул.20річчя Перемоги  43Д",Dnipro,0.0,0,0,0,0,701.0,701.0,1,11.6833,11.6833,100.0,,,EUR,2026-07-27
2026-08-01,200375,"VARUS, вул.Андрія Малишко,3",Kyiv,390.58405,16,15,3,1,701.0,701.0,1,11.6833,11.6833,100.0,20.0,6.25,EUR,2026-07-27
2026-08-01,200379,"VARUS, вул.Бажана 10-А",Kyiv,83.916823,4,4,1,0,701.0,701.0,1,11.6833,11.6833,100.0,25.0,0.0,EUR,2026-07-27
2026-08-01,200382,"VARUS, вул.Васильківска 34",Kyiv,213.870389,18,12,1,6,701.0,701.0,1,11.6833,11.6833,100.0,8.33,33.33,EUR,2026-07-27
2026-08-01,200386,"VARUS, вул.Вишгородска 45а",Kyiv,135.341798,8,8,0,0,661.0,661.0,1,11.0167,11.0167,100.0,0.0,0.0,EUR,2026-07-27
2026-08-01,200350,"VARUS, вул.Глинки 2",Dnipro,218.415321,13,11,4,2,701.0,701.0,1,11.6833,11.6833,100.0,36.36,15.38,EUR,2026-07-27
2026-08-01,200349,"VARUS, вул.Дніпровская 1",Vyshhorod,31.338652,2,2,0,0,701.0,701.0,1,11.6833,11.6833,100.0,0.0,0.0,EUR,2026-07-27
2026-08-01,200354,"VARUS, вул.Калиновая 9А",Dnipro,143.655448,10,9,0,1,701.0,701.0,1,11.6833,11.6833,100.0,0.0,10.0,EUR,2026-07-27
2026-08-01,200348,"VARUS, вул.Київська 239",Brovary,105.30476,8,8,0,0,701.0,701.0,1,11.6833,11.6833,100.0,0.0,0.0,EUR,2026-07-27
2026-08-01,200353,"VARUS, вул.Коммунарівська буд. 8",Dnipro,26.628532,3,2,0,1,701.0,701.0,1,11.6833,11.6833,100.0,0.0,33.33,EUR,2026-07-27
2026-08-01,200361,"VARUS, вул.Марії Кюрі 5",Dnipro,115.072735,8,8,1,0,701.0,701.0,1,11.6833,11.6833,100.0,12.5,0.0,EUR,2026-07-27
2026-08-01,200370,"VARUS, вул.Незалежної України 57В",Zaporizhia,0.0,0,0,0,0,264.6333333333333,701.0,1,4.4106,11.6833,37.75,,,EUR,2026-07-27
2026-08-01,200404,"VARUS, вул.Нова 2В",Pavlohrad,40.22042,2,2,0,0,641.0,641.0,1,10.6833,10.6833,100.0,0.0,0.0,EUR,2026-07-27
2026-08-01,200363,"VARUS, вул.Робоча 67",Dnipro,97.505787,7,6,1,1,701.0,701.0,1,11.6833,11.6833,100.0,16.67,14.29,EUR,2026-07-27
2026-08-01,200369,"VARUS, вул.Тараса Шевченка 7",Kamianske,54.682523,2,2,0,0,601.0,601.0,1,10.0167,10.0167,100.0,0.0,0.0,EUR,2026-07-27
2026-08-01,200395,"VARUS, вул.Терещенко 1Е",Kryvyi Rih,0.0,0,0,0,0,701.0,701.0,1,11.6833,11.6833,100.0,,,EUR,2026-07-27
2026-08-01,200402,"VARUS, вул.Французький бульвар 22",Odesa,67.261631,2,2,0,0,701.0,701.0,1,11.6833,11.6833,100.0,0.0,0.0,EUR,2026-07-27
2026-08-01,200396,"VARUS, мкр Сонячний 41а",Kryvyi Rih,53.921914,3,3,1,0,701.0,701.0,1,11.6833,11.6833,100.0,33.33,0.0,EUR,2026-07-27
2026-08-01,200362,"VARUS, пр. Івана Мазепи, 58",Dnipro,37.579742,2,2,0,0,701.0,701.0,1,11.6833,11.6833,100.0,0.0,0.0,EUR,2026-07-27
2026-08-01,200373,"VARUS, пр. Академіка Паладіна 16/39",Kyiv,403.660482,23,23,1,0,701.0,701.0,1,11.6833,11.6833,100.0,4.35,0.0,EUR,2026-07-27
2026-08-01,200368,"VARUS, пр. Героїв 2",Dnipro,126.693865,7,7,0,0,701.0,701.0,1,11.6833,11.6833,100.0,0.0,0.0,EUR,2026-07-27
2026-08-01,200408,"VARUS, пр. Гуляєва полковника ж.м. ""Дружний"" буд. 107/1",Odesa,64.047184,3,3,0,0,701.0,701.0,1,11.6833,11.6833,100.0,0.0,0.0,EUR,2026-07-27
2026-08-01,200399,"VARUS, пр. Добровольського 122/1",Odesa,75.519701,4,4,0,0,701.0,701.0,1,11.6833,11.6833,100.0,0.0,0.0,EUR,2026-07-27
2026-08-01,862701,"VARUS, пр. Коцюбинського, 70",Vinnytsia,404.3068,29,27,15,2,701.0,701.0,1,11.6833,11.6833,100.0,55.56,6.9,EUR,2026-07-27
2026-08-01,200394,"VARUS, пр. Металургів 42А",Kryvyi Rih,158.83623,8,8,0,0,701.0,701.0,1,11.6833,11.6833,100.0,0.0,0.0,EUR,2026-07-27
2026-08-01,200380,"VARUS, пр. Миколи Бажана 38",Kyiv,74.045093,4,4,1,0,701.0,701.0,1,11.6833,11.6833,100.0,25.0,0.0,EUR,2026-07-27
2026-08-01,200359,"VARUS, пр. О. Поля, 104а",Dnipro,0.0,0,0,0,0,0.0,0.0,1,0.0,0.0,,,,EUR,2026-07-27
2026-08-01,198953,"VARUS, пр. Олександра Поля, 104",Dnipro,269.038139,11,11,0,0,701.0,701.0,1,11.6833,11.6833,100.0,0.0,0.0,EUR,2026-07-27
2026-08-01,200357,"VARUS, пр.Науки 8а",Dnipro,87.495782,7,6,2,1,701.0,701.0,1,11.6833,11.6833,100.0,33.33,14.29,EUR,2026-07-27
2026-08-01,200377,"VARUS, пр.Оболонський 47/42",Kyiv,128.841904,6,6,0,0,701.0,701.0,1,11.6833,11.6833,100.0,0.0,0.0,EUR,2026-07-27
2026-08-01,200360,"VARUS, проспект Слобожанський 86",Dnipro,35.490604,3,3,0,0,701.0,701.0,1,11.6833,11.6833,100.0,0.0,0.0,EUR,2026-07-27
2026-08-02,200367,"VARUS вул.Петра Сагайдачного, 7",Zaporizhia,56.528852,3,3,1,0,701.0,701.0,1,11.6833,11.6833,100.0,33.33,0.0,EUR,2026-07-27
2026-08-02,200390,"VARUS, 5-й Зарічний, д.19",Kryvyi Rih,86.234147,3,3,1,0,701.0,701.0,1,11.6833,11.6833,100.0,33.33,0.0,EUR,2026-07-27
2026-08-02,200383,"VARUS, Вулиця Героїв полку Азов, 12",Kyiv,181.909207,11,11,0,0,701.0,701.0,1,11.6833,11.6833,100.0,0.0,0.0,EUR,2026-07-27
2026-08-02,200364,"VARUS, Донецьке шосcе 110",Dnipro,89.351082,6,6,2,0,701.0,701.0,1,11.6833,11.6833,100.0,33.33,0.0,EUR,2026-07-27
2026-08-02,200356,"VARUS, Донецьке шосcе 9а",Dnipro,25.778795,3,3,0,0,701.0,701.0,1,11.6833,11.6833,100.0,0.0,0.0,EUR,2026-07-27
2026-08-02,200400,"VARUS, Люстдорфська дорога 114",Odesa,90.24392,7,6,0,1,701.0,701.0,1,11.6833,11.6833,100.0,0.0,14.29,EUR,2026-07-27
2026-08-02,200392,"VARUS, Площа Шахтарської Слави 1",Kryvyi Rih,193.60367,14,12,0,2,701.0,701.0,1,11.6833,11.6833,100.0,0.0,14.29,EUR,2026-07-27
2026-08-02,200374,"VARUS, Проспект Червоної Калини 44A",Kyiv,134.784796,8,8,1,0,701.0,701.0,1,11.6833,11.6833,100.0,12.5,0.0,EUR,2026-07-27
2026-08-02,200365,"VARUS, Північно-Кільцева вулиця, 10а,",Zaporizhia,14.526462,2,2,0,0,701.0,701.0,1,11.6833,11.6833,100.0,0.0,0.0,EUR,2026-07-27
2026-08-02,200385,"VARUS, Харківське Шосе 160",Kyiv,104.800807,4,4,0,0,701.0,701.0,1,11.6833,11.6833,100.0,0.0,0.0,EUR,2026-07-27
2026-08-02,200358,"VARUS, бул. Європейський 1Д",Dnipro,37.193976,6,4,0,2,701.0,701.0,1,11.6833,11.6833,100.0,0.0,33.33,EUR,2026-07-27
2026-08-02,200372,"VARUS, бул.Будівельників 27а",Kamianske,12.895054,2,1,1,1,601.0,601.0,1,10.0167,10.0167,100.0,100.0,50.0,EUR,2026-07-27
2026-08-02,200355,"VARUS, вул Березинская 23а",Dnipro,77.639654,5,5,0,0,701.0,701.0,1,11.6833,11.6833,100.0,0.0,0.0,EUR,2026-07-27
2026-08-02,200393,"VARUS, вул. 200 річчя Кривого Рогу",Kryvyi Rih,76.895818,5,5,0,0,701.0,701.0,1,11.6833,11.6833,100.0,0.0,0.0,EUR,2026-07-27
2026-08-02,200397,"VARUS, вул. Івана Авраменко 21В",Kryvyi Rih,93.776266,3,3,0,0,701.0,701.0,1,11.6833,11.6833,100.0,0.0,0.0,EUR,2026-07-27
2026-08-02,200376,"VARUS, вул. Волинська 37",Kyiv,237.092952,18,17,0,1,661.0,661.0,1,11.0167,11.0167,100.0,0.0,5.56,EUR,2026-07-27
2026-08-02,200401,"VARUS, вул. Дача Ковалевського 91",Odesa,0.0,0,0,0,0,701.0,701.0,1,11.6833,11.6833,100.0,,,EUR,2026-07-27
2026-08-02,200378,"VARUS, вул. Деміївська 27",Kyiv,121.61222,8,8,1,0,701.0,701.0,1,11.6833,11.6833,100.0,12.5,0.0,EUR,2026-07-27
2026-08-02,200387,"VARUS, вул. Драгаманова 40г",Kyiv,6.606182,1,1,0,0,701.0,701.0,1,11.6833,11.6833,100.0,0.0,0.0,EUR,2026-07-27
2026-08-02,200391,"VARUS, вул. Жилянська 59",Kyiv,282.085125,16,16,2,0,701.0,701.0,1,11.6833,11.6833,100.0,12.5,0.0,EUR,2026-07-27
2026-08-02,200384,"VARUS, вул. Костянтинівська 2А",Kyiv,96.56302,7,6,0,1,701.0,701.0,1,11.6833,11.6833,100.0,0.0,14.29,EUR,2026-07-27
2026-08-02,200388,"VARUS, вул. Лесі Українки 30",Kyiv,0.0,0,0,0,0,701.0,701.0,1,11.6833,11.6833,100.0,,,EUR,2026-07-27
2026-08-02,200398,"VARUS, вул. Недєліна 43",Kryvyi Rih,0.0,0,0,0,0,701.0,701.0,1,11.6833,11.6833,100.0,,,EUR,2026-07-27
2026-08-02,200371,"VARUS, вул. Ольги Кобилянської 1В/23",Irpin,170.481935,12,12,1,0,701.0,701.0,1,11.6833,11.6833,100.0,8.33,0.0,EUR,2026-07-27
2026-08-02,200351,"VARUS, вул. Паникахи 15",Dnipro,183.9334,13,10,2,3,701.0,701.0,1,11.6833,11.6833,100.0,20.0,23.08,EUR,2026-07-27
2026-08-02,200403,"VARUS, вул. Соборна 97А",Pavlohrad,27.873006,4,4,0,0,641.0,641.0,1,10.6833,10.6833,100.0,0.0,0.0,EUR,2026-07-27
2026-08-02,200389,"VARUS, вул. Срібнокільска 11",Kyiv,170.832399,11,11,1,0,721.0,721.0,1,12.0167,12.0167,100.0,9.09,0.0,EUR,2026-07-27
2026-08-02,200381,"VARUS, вул. Тютюника 39-А",Kyiv,189.191941,15,13,1,2,701.0,701.0,1,11.6833,11.6833,100.0,7.69,13.33,EUR,2026-07-27
2026-08-02,200366,"VARUS, вул. Яценка 2",Zaporizhia,492.228139,22,21,4,1,701.0,701.0,1,11.6833,11.6833,100.0,19.05,4.55,EUR,2026-07-27
2026-08-02,200352,"VARUS, вул.20річчя Перемоги  43Д",Dnipro,0.0,0,0,0,0,701.0,701.0,1,11.6833,11.6833,100.0,,,EUR,2026-07-27
2026-08-02,200375,"VARUS, вул.Андрія Малишко,3",Kyiv,441.526133,23,22,6,1,701.0,701.0,1,11.6833,11.6833,100.0,27.27,4.35,EUR,2026-07-27
2026-08-02,200379,"VARUS, вул.Бажана 10-А",Kyiv,23.20228,2,1,0,1,701.0,701.0,1,11.6833,11.6833,100.0,0.0,50.0,EUR,2026-07-27
2026-08-02,200382,"VARUS, вул.Васильківска 34",Kyiv,437.499587,26,26,1,0,701.0,701.0,1,11.6833,11.6833,100.0,3.85,0.0,EUR,2026-07-27
2026-08-02,200386,"VARUS, вул.Вишгородска 45а",Kyiv,190.781417,12,12,0,0,661.0,661.0,1,11.0167,11.0167,100.0,0.0,0.0,EUR,2026-07-27
2026-08-02,200350,"VARUS, вул.Глинки 2",Dnipro,299.105213,15,15,4,0,701.0,701.0,1,11.6833,11.6833,100.0,26.67,0.0,EUR,2026-07-27
2026-08-02,200349,"VARUS, вул.Дніпровская 1",Vyshhorod,42.982406,2,2,0,0,701.0,701.0,1,11.6833,11.6833,100.0,0.0,0.0,EUR,2026-07-27
2026-08-02,200354,"VARUS, вул.Калиновая 9А",Dnipro,253.716356,14,14,0,0,701.0,701.0,1,11.6833,11.6833,100.0,0.0,0.0,EUR,2026-07-27
2026-08-02,200348,"VARUS, вул.Київська 239",Brovary,92.454955,8,8,0,0,701.0,701.0,1,11.6833,11.6833,100.0,0.0,0.0,EUR,2026-07-27
2026-08-02,200353,"VARUS, вул.Коммунарівська буд. 8",Dnipro,69.036191,7,6,0,1,701.0,701.0,1,11.6833,11.6833,100.0,0.0,14.29,EUR,2026-07-27
2026-08-02,200361,"VARUS, вул.Марії Кюрі 5",Dnipro,179.61275,10,10,1,0,701.0,701.0,1,11.6833,11.6833,100.0,10.0,0.0,EUR,2026-07-27
2026-08-02,200370,"VARUS, вул.Незалежної України 57В",Zaporizhia,0.0,0,0,0,0,701.0,701.0,1,11.6833,11.6833,100.0,,,EUR,2026-07-27
2026-08-02,200404,"VARUS, вул.Нова 2В",Pavlohrad,77.977833,3,3,0,0,641.0,641.0,1,10.6833,10.6833,100.0,0.0,0.0,EUR,2026-07-27
2026-08-02,200363,"VARUS, вул.Робоча 67",Dnipro,188.020799,13,12,2,1,701.0,701.0,1,11.6833,11.6833,100.0,16.67,7.69,EUR,2026-07-27
2026-08-02,200369,"VARUS, вул.Тараса Шевченка 7",Kamianske,0.0,0,0,0,0,601.0,601.0,1,10.0167,10.0167,100.0,,,EUR,2026-07-27
2026-08-02,200395,"VARUS, вул.Терещенко 1Е",Kryvyi Rih,0.0,0,0,0,0,701.0,701.0,1,11.6833,11.6833,100.0,,,EUR,2026-07-27
2026-08-02,200402,"VARUS, вул.Французький бульвар 22",Odesa,30.508028,3,3,2,0,701.0,701.0,1,11.6833,11.6833,100.0,66.67,0.0,EUR,2026-07-27
2026-08-02,200396,"VARUS, мкр Сонячний 41а",Kryvyi Rih,0.0,0,0,0,0,701.0,701.0,1,11.6833,11.6833,100.0,,,EUR,2026-07-27
2026-08-02,200362,"VARUS, пр. Івана Мазепи, 58",Dnipro,57.178101,2,2,1,0,701.0,701.0,1,11.6833,11.6833,100.0,50.0,0.0,EUR,2026-07-27
2026-08-02,200373,"VARUS, пр. Академіка Паладіна 16/39",Kyiv,502.017757,24,24,2,0,701.0,701.0,1,11.6833,11.6833,100.0,8.33,0.0,EUR,2026-07-27
2026-08-02,200368,"VARUS, пр. Героїв 2",Dnipro,215.107647,11,11,2,0,701.0,701.0,1,11.6833,11.6833,100.0,18.18,0.0,EUR,2026-07-27
2026-08-02,200408,"VARUS, пр. Гуляєва полковника ж.м. ""Дружний"" буд. 107/1",Odesa,85.499474,4,4,0,0,701.0,701.0,1,11.6833,11.6833,100.0,0.0,0.0,EUR,2026-07-27
2026-08-02,200399,"VARUS, пр. Добровольського 122/1",Odesa,104.180034,4,4,1,0,701.0,701.0,1,11.6833,11.6833,100.0,25.0,0.0,EUR,2026-07-27
2026-08-02,862701,"VARUS, пр. Коцюбинського, 70",Vinnytsia,467.336524,33,30,2,3,701.0,701.0,1,11.6833,11.6833,100.0,6.67,9.09,EUR,2026-07-27
2026-08-02,200394,"VARUS, пр. Металургів 42А",Kryvyi Rih,128.672034,7,7,0,0,701.0,701.0,1,11.6833,11.6833,100.0,0.0,0.0,EUR,2026-07-27
2026-08-02,200380,"VARUS, пр. Миколи Бажана 38",Kyiv,99.408091,6,6,0,0,701.0,701.0,1,11.6833,11.6833,100.0,0.0,0.0,EUR,2026-07-27
2026-08-02,200359,"VARUS, пр. О. Поля, 104а",Dnipro,0.0,0,0,0,0,0.0,0.0,1,0.0,0.0,,,,EUR,2026-07-27
2026-08-02,198953,"VARUS, пр. Олександра Поля, 104",Dnipro,102.01932,5,5,0,0,701.0,701.0,1,11.6833,11.6833,100.0,0.0,0.0,EUR,2026-07-27
2026-08-02,200357,"VARUS, пр.Науки 8а",Dnipro,102.638338,8,8,1,0,701.0,701.0,1,11.6833,11.6833,100.0,12.5,0.0,EUR,2026-07-27
2026-08-02,200377,"VARUS, пр.Оболонський 47/42",Kyiv,41.412236,3,3,0,0,701.0,701.0,1,11.6833,11.6833,100.0,0.0,0.0,EUR,2026-07-27
2026-08-02,200360,"VARUS, проспект Слобожанський 86",Dnipro,64.188966,5,5,2,0,701.0,701.0,1,11.6833,11.6833,100.0,40.0,0.0,EUR,2026-07-27
2026-08-03,200367,"VARUS вул.Петра Сагайдачного, 7",Zaporizhia,23.39657,2,2,1,0,487.6166666666667,701.0,1,8.1269,11.6833,69.56,50.0,0.0,EUR,2026-08-03
2026-08-03,200390,"VARUS, 5-й Зарічний, д.19",Kryvyi Rih,0.0,0,0,0,0,701.0,701.0,1,11.6833,11.6833,100.0,,,EUR,2026-08-03
2026-08-03,200383,"VARUS, Вулиця Героїв полку Азов, 12",Kyiv,116.513598,7,7,1,0,701.0,701.0,1,11.6833,11.6833,100.0,14.29,0.0,EUR,2026-08-03
2026-08-03,200364,"VARUS, Донецьке шосcе 110",Dnipro,43.188312,3,3,0,0,701.0,701.0,1,11.6833,11.6833,100.0,0.0,0.0,EUR,2026-08-03
2026-08-03,200356,"VARUS, Донецьке шосcе 9а",Dnipro,57.220676,3,3,0,0,701.0,701.0,1,11.6833,11.6833,100.0,0.0,0.0,EUR,2026-08-03
2026-08-03,200400,"VARUS, Люстдорфська дорога 114",Odesa,80.995614,5,5,2,0,701.0,701.0,1,11.6833,11.6833,100.0,40.0,0.0,EUR,2026-08-03
2026-08-03,200392,"VARUS, Площа Шахтарської Слави 1",Kryvyi Rih,67.534117,4,3,0,1,701.0,701.0,1,11.6833,11.6833,100.0,0.0,25.0,EUR,2026-08-03
2026-08-03,200374,"VARUS, Проспект Червоної Калини 44A",Kyiv,298.469952,18,18,0,0,701.0,701.0,1,11.6833,11.6833,100.0,0.0,0.0,EUR,2026-08-03
2026-08-03,200365,"VARUS, Північно-Кільцева вулиця, 10а,",Zaporizhia,22.413984,2,2,0,0,488.2,701.0,1,8.1367,11.6833,69.64,0.0,0.0,EUR,2026-08-03
2026-08-03,200385,"VARUS, Харківське Шосе 160",Kyiv,173.6664,9,9,0,0,701.0,701.0,1,11.6833,11.6833,100.0,0.0,0.0,EUR,2026-08-03
2026-08-03,200358,"VARUS, бул. Європейський 1Д",Dnipro,186.589992,14,13,1,1,661.0,661.0,1,11.0167,11.0167,100.0,7.69,7.14,EUR,2026-08-03
2026-08-03,200372,"VARUS, бул.Будівельників 27а",Kamianske,37.502072,1,1,1,0,601.0,601.0,1,10.0167,10.0167,100.0,100.0,0.0,EUR,2026-08-03
2026-08-03,200355,"VARUS, вул Березинская 23а",Dnipro,89.091313,6,6,1,0,701.0,701.0,1,11.6833,11.6833,100.0,16.67,0.0,EUR,2026-08-03
2026-08-03,200393,"VARUS, вул. 200 річчя Кривого Рогу",Kryvyi Rih,99.519434,5,5,1,0,701.0,701.0,1,11.6833,11.6833,100.0,20.0,0.0,EUR,2026-08-03
2026-08-03,200397,"VARUS, вул. Івана Авраменко 21В",Kryvyi Rih,11.375991,1,1,0,0,701.0,701.0,1,11.6833,11.6833,100.0,0.0,0.0,EUR,2026-08-03
2026-08-03,200376,"VARUS, вул. Волинська 37",Kyiv,101.381432,6,6,2,0,661.0,661.0,1,11.0167,11.0167,100.0,33.33,0.0,EUR,2026-08-03
2026-08-03,200401,"VARUS, вул. Дача Ковалевського 91",Odesa,0.0,0,0,0,0,701.0,701.0,1,11.6833,11.6833,100.0,,,EUR,2026-08-03
2026-08-03,200378,"VARUS, вул. Деміївська 27",Kyiv,67.725834,5,5,0,0,701.0,701.0,1,11.6833,11.6833,100.0,0.0,0.0,EUR,2026-08-03
2026-08-03,200387,"VARUS, вул. Драгаманова 40г",Kyiv,52.16362,2,2,1,0,701.0,701.0,1,11.6833,11.6833,100.0,50.0,0.0,EUR,2026-08-03
2026-08-03,200391,"VARUS, вул. Жилянська 59",Kyiv,350.344531,21,21,6,0,701.0,701.0,1,11.6833,11.6833,100.0,28.57,0.0,EUR,2026-08-03
2026-08-03,200384,"VARUS, вул. Костянтинівська 2А",Kyiv,124.510217,9,9,0,0,701.0,701.0,1,11.6833,11.6833,100.0,0.0,0.0,EUR,2026-08-03
2026-08-03,200388,"VARUS, вул. Лесі Українки 30",Kyiv,0.0,0,0,0,0,701.0,701.0,1,11.6833,11.6833,100.0,,,EUR,2026-08-03
2026-08-03,200398,"VARUS, вул. Недєліна 43",Kryvyi Rih,0.0,0,0,0,0,701.0,701.0,1,11.6833,11.6833,100.0,,,EUR,2026-08-03
2026-08-03,200371,"VARUS, вул. Ольги Кобилянської 1В/23",Irpin,135.454988,11,11,3,0,701.0,701.0,1,11.6833,11.6833,100.0,27.27,0.0,EUR,2026-08-03
2026-08-03,200351,"VARUS, вул. Паникахи 15",Dnipro,61.760892,6,4,0,2,701.0,701.0,1,11.6833,11.6833,100.0,0.0,33.33,EUR,2026-08-03
2026-08-03,200403,"VARUS, вул. Соборна 97А",Pavlohrad,43.241556,2,2,0,0,641.0,641.0,1,10.6833,10.6833,100.0,0.0,0.0,EUR,2026-08-03
2026-08-03,200389,"VARUS, вул. Срібнокільска 11",Kyiv,85.645827,8,6,3,2,721.0,721.0,1,12.0167,12.0167,100.0,50.0,25.0,EUR,2026-08-03
2026-08-03,200381,"VARUS, вул. Тютюника 39-А",Kyiv,212.941339,15,14,2,1,701.0,701.0,1,11.6833,11.6833,100.0,14.29,6.67,EUR,2026-08-03
2026-08-03,200366,"VARUS, вул. Яценка 2",Zaporizhia,26.443989,3,3,0,0,487.8833333333333,701.0,1,8.1314,11.6833,69.6,0.0,0.0,EUR,2026-08-03
2026-08-03,200352,"VARUS, вул.20річчя Перемоги  43Д",Dnipro,0.0,0,0,0,0,701.0,701.0,1,11.6833,11.6833,100.0,,,EUR,2026-08-03
2026-08-03,200375,"VARUS, вул.Андрія Малишко,3",Kyiv,587.082065,23,22,4,1,701.0,701.0,1,11.6833,11.6833,100.0,18.18,4.35,EUR,2026-08-03
2026-08-03,200379,"VARUS, вул.Бажана 10-А",Kyiv,60.039903,6,5,0,1,701.0,701.0,1,11.6833,11.6833,100.0,0.0,16.67,EUR,2026-08-03
2026-08-03,200382,"VARUS, вул.Васильківска 34",Kyiv,429.846755,20,18,2,2,701.0,701.0,1,11.6833,11.6833,100.0,11.11,10.0,EUR,2026-08-03
2026-08-03,200386,"VARUS, вул.Вишгородска 45а",Kyiv,141.79362,9,9,0,0,661.0,661.0,1,11.0167,11.0167,100.0,0.0,0.0,EUR,2026-08-03
2026-08-03,200350,"VARUS, вул.Глинки 2",Dnipro,174.576823,11,11,0,0,701.0,701.0,1,11.6833,11.6833,100.0,0.0,0.0,EUR,2026-08-03
2026-08-03,200349,"VARUS, вул.Дніпровская 1",Vyshhorod,43.875224,3,3,0,0,701.0,701.0,1,11.6833,11.6833,100.0,0.0,0.0,EUR,2026-08-03
2026-08-03,200354,"VARUS, вул.Калиновая 9А",Dnipro,112.579746,11,6,2,5,701.0,701.0,1,11.6833,11.6833,100.0,33.33,45.45,EUR,2026-08-03
2026-08-03,200348,"VARUS, вул.Київська 239",Brovary,181.541517,12,12,0,0,701.0,701.0,1,11.6833,11.6833,100.0,0.0,0.0,EUR,2026-08-03
2026-08-03,200353,"VARUS, вул.Коммунарівська буд. 8",Dnipro,74.715885,7,6,1,1,701.0,701.0,1,11.6833,11.6833,100.0,16.67,14.29,EUR,2026-08-03
2026-08-03,200361,"VARUS, вул.Марії Кюрі 5",Dnipro,127.774711,8,8,0,0,701.0,701.0,1,11.6833,11.6833,100.0,0.0,0.0,EUR,2026-08-03
2026-08-03,200370,"VARUS, вул.Незалежної України 57В",Zaporizhia,0.0,0,0,0,0,487.31666666666666,701.0,1,8.1219,11.6833,69.52,,,EUR,2026-08-03
2026-08-03,200404,"VARUS, вул.Нова 2В",Pavlohrad,87.873318,3,3,0,0,641.0,641.0,1,10.6833,10.6833,100.0,0.0,0.0,EUR,2026-08-03
2026-08-03,200363,"VARUS, вул.Робоча 67",Dnipro,91.329922,10,9,2,1,701.0,701.0,1,11.6833,11.6833,100.0,22.22,10.0,EUR,2026-08-03
2026-08-03,200369,"VARUS, вул.Тараса Шевченка 7",Kamianske,0.0,0,0,0,0,601.0,601.0,1,10.0167,10.0167,100.0,,,EUR,2026-08-03
2026-08-03,200395,"VARUS, вул.Терещенко 1Е",Kryvyi Rih,0.0,0,0,0,0,701.0,701.0,1,11.6833,11.6833,100.0,,,EUR,2026-08-03
2026-08-03,200402,"VARUS, вул.Французький бульвар 22",Odesa,14.398249,3,2,0,1,701.0,701.0,1,11.6833,11.6833,100.0,0.0,33.33,EUR,2026-08-03
2026-08-03,200396,"VARUS, мкр Сонячний 41а",Kryvyi Rih,0.0,0,0,0,0,701.0,701.0,1,11.6833,11.6833,100.0,,,EUR,2026-08-03
2026-08-03,200362,"VARUS, пр. Івана Мазепи, 58",Dnipro,9.374348,1,1,0,0,701.0,701.0,1,11.6833,11.6833,100.0,0.0,0.0,EUR,2026-08-03
2026-08-03,200373,"VARUS, пр. Академіка Паладіна 16/39",Kyiv,373.321192,20,19,2,1,701.0,701.0,1,11.6833,11.6833,100.0,10.53,5.0,EUR,2026-08-03
2026-08-03,200368,"VARUS, пр. Героїв 2",Dnipro,184.811273,15,14,2,1,701.0,701.0,1,11.6833,11.6833,100.0,14.29,6.67,EUR,2026-08-03
2026-08-03,200408,"VARUS, пр. Гуляєва полковника ж.м. ""Дружний"" буд. 107/1",Odesa,24.872594,2,2,0,0,701.0,701.0,1,11.6833,11.6833,100.0,0.0,0.0,EUR,2026-08-03
2026-08-03,200399,"VARUS, пр. Добровольського 122/1",Odesa,19.779065,2,1,0,1,701.0,701.0,1,11.6833,11.6833,100.0,0.0,50.0,EUR,2026-08-03
2026-08-03,862701,"VARUS, пр. Коцюбинського, 70",Vinnytsia,417.438258,30,29,1,1,701.0,701.0,1,11.6833,11.6833,100.0,3.45,3.33,EUR,2026-08-03
2026-08-03,200394,"VARUS, пр. Металургів 42А",Kryvyi Rih,64.026025,5,5,0,0,701.0,701.0,1,11.6833,11.6833,100.0,0.0,0.0,EUR,2026-08-03
2026-08-03,200380,"VARUS, пр. Миколи Бажана 38",Kyiv,65.826975,4,4,1,0,701.0,701.0,1,11.6833,11.6833,100.0,25.0,0.0,EUR,2026-08-03
2026-08-03,200359,"VARUS, пр. О. Поля, 104а",Dnipro,0.0,0,0,0,0,0.0,0.0,1,0.0,0.0,,,,EUR,2026-08-03
2026-08-03,198953,"VARUS, пр. Олександра Поля, 104",Dnipro,86.775471,5,5,0,0,701.0,701.0,1,11.6833,11.6833,100.0,0.0,0.0,EUR,2026-08-03
2026-08-03,200357,"VARUS, пр.Науки 8а",Dnipro,188.79447,11,11,6,0,701.0,701.0,1,11.6833,11.6833,100.0,54.55,0.0,EUR,2026-08-03
2026-08-03,200377,"VARUS, пр.Оболонський 47/42",Kyiv,9.338266,1,1,1,0,701.0,701.0,1,11.6833,11.6833,100.0,100.0,0.0,EUR,2026-08-03
2026-08-03,200360,"VARUS, проспект Слобожанський 86",Dnipro,31.365302,2,2,0,0,701.0,701.0,1,11.6833,11.6833,100.0,0.0,0.0,EUR,2026-08-03
2026-08-04,200367,"VARUS вул.Петра Сагайдачного, 7",Zaporizhia,33.867779,2,2,0,0,701.1833333333333,701.1833333333333,1,11.6864,11.6864,100.0,0.0,0.0,EUR,2026-08-03
2026-08-04,200390,"VARUS, 5-й Зарічний, д.19",Kryvyi Rih,0.0,0,0,0,0,701.1833333333333,701.1833333333333,1,11.6864,11.6864,100.0,,,EUR,2026-08-03
2026-08-04,200383,"VARUS, Вулиця Героїв полку Азов, 12",Kyiv,121.293398,9,9,0,0,701.1833333333333,701.1833333333333,1,11.6864,11.6864,100.0,0.0,0.0,EUR,2026-08-03
2026-08-04,200364,"VARUS, Донецьке шосcе 110",Dnipro,49.258456,3,3,1,0,701.1833333333333,701.1833333333333,1,11.6864,11.6864,100.0,33.33,0.0,EUR,2026-08-03
2026-08-04,200356,"VARUS, Донецьке шосcе 9а",Dnipro,24.81977,2,2,0,0,701.1833333333333,701.1833333333333,1,11.6864,11.6864,100.0,0.0,0.0,EUR,2026-08-03
2026-08-04,200400,"VARUS, Люстдорфська дорога 114",Odesa,68.16234,5,5,2,0,701.1833333333333,701.1833333333333,1,11.6864,11.6864,100.0,40.0,0.0,EUR,2026-08-03
2026-08-04,200392,"VARUS, Площа Шахтарської Слави 1",Kryvyi Rih,81.939224,5,5,1,0,701.1833333333333,701.1833333333333,1,11.6864,11.6864,100.0,20.0,0.0,EUR,2026-08-03
2026-08-04,200374,"VARUS, Проспект Червоної Калини 44A",Kyiv,195.087945,10,10,0,0,701.1833333333333,701.1833333333333,1,11.6864,11.6864,100.0,0.0,0.0,EUR,2026-08-03
2026-08-04,200365,"VARUS, Північно-Кільцева вулиця, 10а,",Zaporizhia,24.193346,2,2,0,0,701.1833333333333,701.1833333333333,1,11.6864,11.6864,100.0,0.0,0.0,EUR,2026-08-03
2026-08-04,200385,"VARUS, Харківське Шосе 160",Kyiv,42.623392,3,3,0,0,701.1833333333333,701.1833333333333,1,11.6864,11.6864,100.0,0.0,0.0,EUR,2026-08-03
2026-08-04,200358,"VARUS, бул. Європейський 1Д",Dnipro,48.285029,5,4,2,1,661.1833333333333,661.1833333333333,1,11.0197,11.0197,100.0,50.0,20.0,EUR,2026-08-03
2026-08-04,200372,"VARUS, бул.Будівельників 27а",Kamianske,0.0,2,0,0,2,601.1833333333333,601.1833333333333,1,10.0197,10.0197,100.0,,100.0,EUR,2026-08-03
2026-08-04,200355,"VARUS, вул Березинская 23а",Dnipro,86.663841,8,7,1,1,701.1833333333333,701.1833333333333,1,11.6864,11.6864,100.0,14.29,12.5,EUR,2026-08-03
2026-08-04,200393,"VARUS, вул. 200 річчя Кривого Рогу",Kryvyi Rih,55.99247,3,3,0,0,701.1833333333333,701.1833333333333,1,11.6864,11.6864,100.0,0.0,0.0,EUR,2026-08-03
2026-08-04,200397,"VARUS, вул. Івана Авраменко 21В",Kryvyi Rih,14.587461,1,1,1,0,701.1833333333333,701.1833333333333,1,11.6864,11.6864,100.0,100.0,0.0,EUR,2026-08-03
2026-08-04,200376,"VARUS, вул. Волинська 37",Kyiv,123.151951,6,6,0,0,661.1833333333333,661.1833333333333,1,11.0197,11.0197,100.0,0.0,0.0,EUR,2026-08-03
2026-08-04,200401,"VARUS, вул. Дача Ковалевського 91",Odesa,0.0,0,0,0,0,701.1833333333333,701.1833333333333,1,11.6864,11.6864,100.0,,,EUR,2026-08-03
2026-08-04,200378,"VARUS, вул. Деміївська 27",Kyiv,118.583797,8,8,1,0,701.1833333333333,701.1833333333333,1,11.6864,11.6864,100.0,12.5,0.0,EUR,2026-08-03
2026-08-04,200387,"VARUS, вул. Драгаманова 40г",Kyiv,67.822696,4,4,0,0,701.1833333333333,701.1833333333333,1,11.6864,11.6864,100.0,0.0,0.0,EUR,2026-08-03
2026-08-04,200391,"VARUS, вул. Жилянська 59",Kyiv,171.146331,10,10,4,0,701.1833333333333,701.1833333333333,1,11.6864,11.6864,100.0,40.0,0.0,EUR,2026-08-03
2026-08-04,200384,"VARUS, вул. Костянтинівська 2А",Kyiv,79.6992,8,8,0,0,701.1833333333333,701.1833333333333,1,11.6864,11.6864,100.0,0.0,0.0,EUR,2026-08-03
2026-08-04,200388,"VARUS, вул. Лесі Українки 30",Kyiv,0.0,0,0,0,0,701.1833333333333,701.1833333333333,1,11.6864,11.6864,100.0,,,EUR,2026-08-03
2026-08-04,200398,"VARUS, вул. Недєліна 43",Kryvyi Rih,0.0,0,0,0,0,701.1833333333333,701.1833333333333,1,11.6864,11.6864,100.0,,,EUR,2026-08-03
2026-08-04,200371,"VARUS, вул. Ольги Кобилянської 1В/23",Irpin,79.978816,6,6,0,0,701.1833333333333,701.1833333333333,1,11.6864,11.6864,100.0,0.0,0.0,EUR,2026-08-03
2026-08-04,200351,"VARUS, вул. Паникахи 15",Dnipro,143.99165,9,8,0,1,701.1833333333333,701.1833333333333,1,11.6864,11.6864,100.0,0.0,11.11,EUR,2026-08-03
2026-08-04,200403,"VARUS, вул. Соборна 97А",Pavlohrad,80.858908,6,6,1,0,641.1833333333333,641.1833333333333,1,10.6864,10.6864,100.0,16.67,0.0,EUR,2026-08-03
2026-08-04,200389,"VARUS, вул. Срібнокільска 11",Kyiv,134.537965,9,9,1,0,721.1833333333333,721.1833333333333,1,12.0197,12.0197,100.0,11.11,0.0,EUR,2026-08-03
2026-08-04,200381,"VARUS, вул. Тютюника 39-А",Kyiv,194.623205,12,12,0,0,701.1833333333333,701.1833333333333,1,11.6864,11.6864,100.0,0.0,0.0,EUR,2026-08-03
2026-08-04,200366,"VARUS, вул. Яценка 2",Zaporizhia,74.178725,4,4,0,0,701.1833333333333,701.1833333333333,1,11.6864,11.6864,100.0,0.0,0.0,EUR,2026-08-03
2026-08-04,200352,"VARUS, вул.20річчя Перемоги  43Д",Dnipro,0.0,0,0,0,0,701.1833333333333,701.1833333333333,1,11.6864,11.6864,100.0,,,EUR,2026-08-03
2026-08-04,200375,"VARUS, вул.Андрія Малишко,3",Kyiv,217.23742,10,10,4,0,701.1833333333333,701.1833333333333,1,11.6864,11.6864,100.0,40.0,0.0,EUR,2026-08-03
2026-08-04,200379,"VARUS, вул.Бажана 10-А",Kyiv,0.0,0,0,0,0,701.1833333333333,701.1833333333333,1,11.6864,11.6864,100.0,,,EUR,2026-08-03
2026-08-04,200382,"VARUS, вул.Васильківска 34",Kyiv,263.719471,19,17,4,2,701.1833333333333,701.1833333333333,1,11.6864,11.6864,100.0,23.53,10.53,EUR,2026-08-03
2026-08-04,200386,"VARUS, вул.Вишгородска 45а",Kyiv,187.426004,12,12,0,0,661.1833333333333,661.1833333333333,1,11.0197,11.0197,100.0,0.0,0.0,EUR,2026-08-03
2026-08-04,200350,"VARUS, вул.Глинки 2",Dnipro,70.868068,4,4,0,0,701.1833333333333,701.1833333333333,1,11.6864,11.6864,100.0,0.0,0.0,EUR,2026-08-03
2026-08-04,200349,"VARUS, вул.Дніпровская 1",Vyshhorod,8.438431,1,1,0,0,701.1833333333333,701.1833333333333,1,11.6864,11.6864,100.0,0.0,0.0,EUR,2026-08-03
2026-08-04,200354,"VARUS, вул.Калиновая 9А",Dnipro,226.6456,14,14,2,0,701.1833333333333,701.1833333333333,1,11.6864,11.6864,100.0,14.29,0.0,EUR,2026-08-03
2026-08-04,200348,"VARUS, вул.Київська 239",Brovary,153.28442,12,12,3,0,701.1833333333333,701.1833333333333,1,11.6864,11.6864,100.0,25.0,0.0,EUR,2026-08-03
2026-08-04,200353,"VARUS, вул.Коммунарівська буд. 8",Dnipro,60.591801,5,5,0,0,701.1833333333333,701.1833333333333,1,11.6864,11.6864,100.0,0.0,0.0,EUR,2026-08-03
2026-08-04,200361,"VARUS, вул.Марії Кюрі 5",Dnipro,65.023052,5,5,0,0,701.1833333333333,701.1833333333333,1,11.6864,11.6864,100.0,0.0,0.0,EUR,2026-08-03
2026-08-04,200370,"VARUS, вул.Незалежної України 57В",Zaporizhia,33.897794,5,4,1,1,701.1833333333333,701.1833333333333,1,11.6864,11.6864,100.0,25.0,20.0,EUR,2026-08-03
2026-08-04,200404,"VARUS, вул.Нова 2В",Pavlohrad,60.21614,3,3,0,0,641.1833333333333,641.1833333333333,1,10.6864,10.6864,100.0,0.0,0.0,EUR,2026-08-03
2026-08-04,200363,"VARUS, вул.Робоча 67",Dnipro,162.668199,11,10,2,1,701.1833333333333,701.1833333333333,1,11.6864,11.6864,100.0,20.0,9.09,EUR,2026-08-03
2026-08-04,200369,"VARUS, вул.Тараса Шевченка 7",Kamianske,0.0,0,0,0,0,601.1833333333333,601.1833333333333,1,10.0197,10.0197,100.0,,,EUR,2026-08-03
2026-08-04,200395,"VARUS, вул.Терещенко 1Е",Kryvyi Rih,0.0,0,0,0,0,701.1833333333333,701.1833333333333,1,11.6864,11.6864,100.0,,,EUR,2026-08-03
2026-08-04,200402,"VARUS, вул.Французький бульвар 22",Odesa,17.32572,3,3,1,0,701.1833333333333,701.1833333333333,1,11.6864,11.6864,100.0,33.33,0.0,EUR,2026-08-03
2026-08-04,200396,"VARUS, мкр Сонячний 41а",Kryvyi Rih,50.694103,3,3,0,0,701.1833333333333,701.1833333333333,1,11.6864,11.6864,100.0,0.0,0.0,EUR,2026-08-03
2026-08-04,200362,"VARUS, пр. Івана Мазепи, 58",Dnipro,15.656545,1,1,0,0,701.1833333333333,701.1833333333333,1,11.6864,11.6864,100.0,0.0,0.0,EUR,2026-08-03
2026-08-04,200373,"VARUS, пр. Академіка Паладіна 16/39",Kyiv,254.225317,14,14,0,0,701.1833333333333,701.1833333333333,1,11.6864,11.6864,100.0,0.0,0.0,EUR,2026-08-03
2026-08-04,200368,"VARUS, пр. Героїв 2",Dnipro,208.936475,15,15,0,0,701.1833333333333,701.1833333333333,1,11.6864,11.6864,100.0,0.0,0.0,EUR,2026-08-03
2026-08-04,200408,"VARUS, пр. Гуляєва полковника ж.м. ""Дружний"" буд. 107/1",Odesa,0.0,0,0,0,0,701.1833333333333,701.1833333333333,1,11.6864,11.6864,100.0,,,EUR,2026-08-03
2026-08-04,200399,"VARUS, пр. Добровольського 122/1",Odesa,29.015362,2,2,0,0,701.1833333333333,701.1833333333333,1,11.6864,11.6864,100.0,0.0,0.0,EUR,2026-08-03
2026-08-04,862701,"VARUS, пр. Коцюбинського, 70",Vinnytsia,272.295968,25,25,3,0,701.1833333333333,701.1833333333333,1,11.6864,11.6864,100.0,12.0,0.0,EUR,2026-08-03
2026-08-04,200394,"VARUS, пр. Металургів 42А",Kryvyi Rih,103.756029,8,8,1,0,701.1833333333333,701.1833333333333,1,11.6864,11.6864,100.0,12.5,0.0,EUR,2026-08-03
2026-08-04,200380,"VARUS, пр. Миколи Бажана 38",Kyiv,6.41722,1,1,0,0,701.1833333333333,701.1833333333333,1,11.6864,11.6864,100.0,0.0,0.0,EUR,2026-08-03
2026-08-04,200359,"VARUS, пр. О. Поля, 104а",Dnipro,0.0,0,0,0,0,0.0,0.0,1,0.0,0.0,,,,EUR,2026-08-03
2026-08-04,198953,"VARUS, пр. Олександра Поля, 104",Dnipro,243.839833,13,13,0,0,701.1833333333333,701.1833333333333,1,11.6864,11.6864,100.0,0.0,0.0,EUR,2026-08-03
2026-08-04,200357,"VARUS, пр.Науки 8а",Dnipro,128.242932,12,11,0,1,701.1833333333333,701.1833333333333,1,11.6864,11.6864,100.0,0.0,8.33,EUR,2026-08-03
2026-08-04,200377,"VARUS, пр.Оболонський 47/42",Kyiv,55.86409,3,3,0,0,701.1833333333333,701.1833333333333,1,11.6864,11.6864,100.0,0.0,0.0,EUR,2026-08-03
2026-08-04,200360,"VARUS, проспект Слобожанський 86",Dnipro,77.077123,6,6,0,0,701.1833333333333,701.1833333333333,1,11.6864,11.6864,100.0,0.0,0.0,EUR,2026-08-03
2026-08-05,200367,"VARUS вул.Петра Сагайдачного, 7",Zaporizhia,49.977492,5,5,0,0,701.0,701.0,1,11.6833,11.6833,100.0,0.0,0.0,EUR,2026-08-03
2026-08-05,200390,"VARUS, 5-й Зарічний, д.19",Kryvyi Rih,59.001654,3,3,0,0,701.0,701.0,1,11.6833,11.6833,100.0,0.0,0.0,EUR,2026-08-03
2026-08-05,200383,"VARUS, Вулиця Героїв полку Азов, 12",Kyiv,193.42436,11,11,0,0,701.0,701.0,1,11.6833,11.6833,100.0,0.0,0.0,EUR,2026-08-03
2026-08-05,200364,"VARUS, Донецьке шосcе 110",Dnipro,64.469547,4,4,0,0,701.0,701.0,1,11.6833,11.6833,100.0,0.0,0.0,EUR,2026-08-03
2026-08-05,200356,"VARUS, Донецьке шосcе 9а",Dnipro,14.60382,2,1,0,1,701.0,701.0,1,11.6833,11.6833,100.0,0.0,50.0,EUR,2026-08-03
2026-08-05,200400,"VARUS, Люстдорфська дорога 114",Odesa,79.214431,6,6,0,0,701.0,701.0,1,11.6833,11.6833,100.0,0.0,0.0,EUR,2026-08-03
2026-08-05,200392,"VARUS, Площа Шахтарської Слави 1",Kryvyi Rih,166.407567,12,12,0,0,701.0,701.0,1,11.6833,11.6833,100.0,0.0,0.0,EUR,2026-08-03
2026-08-05,200374,"VARUS, Проспект Червоної Калини 44A",Kyiv,158.921131,9,9,0,0,701.0,701.0,1,11.6833,11.6833,100.0,0.0,0.0,EUR,2026-08-03
2026-08-05,200365,"VARUS, Північно-Кільцева вулиця, 10а,",Zaporizhia,23.830166,3,3,0,0,701.0,701.0,1,11.6833,11.6833,100.0,0.0,0.0,EUR,2026-08-03
2026-08-05,200385,"VARUS, Харківське Шосе 160",Kyiv,57.598395,4,4,1,0,701.0,701.0,1,11.6833,11.6833,100.0,25.0,0.0,EUR,2026-08-03
2026-08-05,200358,"VARUS, бул. Європейський 1Д",Dnipro,91.043751,7,6,0,1,661.0,661.0,1,11.0167,11.0167,100.0,0.0,14.29,EUR,2026-08-03
2026-08-05,200372,"VARUS, бул.Будівельників 27а",Kamianske,27.474136,2,2,0,0,601.0,601.0,1,10.0167,10.0167,100.0,0.0,0.0,EUR,2026-08-03
2026-08-05,200355,"VARUS, вул Березинская 23а",Dnipro,98.145999,8,7,1,1,701.0,701.0,1,11.6833,11.6833,100.0,14.29,12.5,EUR,2026-08-03
2026-08-05,200393,"VARUS, вул. 200 річчя Кривого Рогу",Kryvyi Rih,58.147707,4,4,0,0,701.0,701.0,1,11.6833,11.6833,100.0,0.0,0.0,EUR,2026-08-03
2026-08-05,200397,"VARUS, вул. Івана Авраменко 21В",Kryvyi Rih,118.245848,9,9,2,0,701.0,701.0,1,11.6833,11.6833,100.0,22.22,0.0,EUR,2026-08-03
2026-08-05,200376,"VARUS, вул. Волинська 37",Kyiv,132.73946,7,7,1,0,661.0,661.0,1,11.0167,11.0167,100.0,14.29,0.0,EUR,2026-08-03
2026-08-05,200401,"VARUS, вул. Дача Ковалевського 91",Odesa,0.0,0,0,0,0,701.0,701.0,1,11.6833,11.6833,100.0,,,EUR,2026-08-03
2026-08-05,200378,"VARUS, вул. Деміївська 27",Kyiv,86.840186,7,6,0,1,701.0,701.0,1,11.6833,11.6833,100.0,0.0,14.29,EUR,2026-08-03
2026-08-05,200387,"VARUS, вул. Драгаманова 40г",Kyiv,33.558091,2,2,1,0,701.0,701.0,1,11.6833,11.6833,100.0,50.0,0.0,EUR,2026-08-03
2026-08-05,200391,"VARUS, вул. Жилянська 59",Kyiv,273.031716,15,15,2,0,701.0,701.0,1,11.6833,11.6833,100.0,13.33,0.0,EUR,2026-08-03
2026-08-05,200384,"VARUS, вул. Костянтинівська 2А",Kyiv,105.143858,7,7,0,0,701.0,701.0,1,11.6833,11.6833,100.0,0.0,0.0,EUR,2026-08-03
2026-08-05,200388,"VARUS, вул. Лесі Українки 30",Kyiv,0.0,0,0,0,0,701.0,701.0,1,11.6833,11.6833,100.0,,,EUR,2026-08-03
2026-08-05,200398,"VARUS, вул. Недєліна 43",Kryvyi Rih,0.0,0,0,0,0,701.0,701.0,1,11.6833,11.6833,100.0,,,EUR,2026-08-03
2026-08-05,200371,"VARUS, вул. Ольги Кобилянської 1В/23",Irpin,207.329656,10,10,2,0,701.0,701.0,1,11.6833,11.6833,100.0,20.0,0.0,EUR,2026-08-03
2026-08-05,200351,"VARUS, вул. Паникахи 15",Dnipro,148.43414,10,10,0,0,701.0,701.0,1,11.6833,11.6833,100.0,0.0,0.0,EUR,2026-08-03
2026-08-05,200403,"VARUS, вул. Соборна 97А",Pavlohrad,33.933548,2,2,0,0,641.0,641.0,1,10.6833,10.6833,100.0,0.0,0.0,EUR,2026-08-03
2026-08-05,200389,"VARUS, вул. Срібнокільска 11",Kyiv,219.116674,11,11,1,0,721.0,721.0,1,12.0167,12.0167,100.0,9.09,0.0,EUR,2026-08-03
2026-08-05,200381,"VARUS, вул. Тютюника 39-А",Kyiv,186.015734,11,11,3,0,701.0,701.0,1,11.6833,11.6833,100.0,27.27,0.0,EUR,2026-08-03
2026-08-05,200366,"VARUS, вул. Яценка 2",Zaporizhia,124.811787,7,7,3,0,701.0,701.0,1,11.6833,11.6833,100.0,42.86,0.0,EUR,2026-08-03
2026-08-05,200352,"VARUS, вул.20річчя Перемоги  43Д",Dnipro,0.0,0,0,0,0,701.0,701.0,1,11.6833,11.6833,100.0,,,EUR,2026-08-03
2026-08-05,200375,"VARUS, вул.Андрія Малишко,3",Kyiv,357.769922,20,20,4,0,701.0,701.0,1,11.6833,11.6833,100.0,20.0,0.0,EUR,2026-08-03
2026-08-05,200379,"VARUS, вул.Бажана 10-А",Kyiv,0.0,3,0,0,3,701.0,701.0,1,11.6833,11.6833,100.0,,100.0,EUR,2026-08-03
2026-08-05,200382,"VARUS, вул.Васильківска 34",Kyiv,139.297635,13,12,2,1,701.0,701.0,1,11.6833,11.6833,100.0,16.67,7.69,EUR,2026-08-03
2026-08-05,200386,"VARUS, вул.Вишгородска 45а",Kyiv,189.565014,16,15,1,1,661.0,661.0,1,11.0167,11.0167,100.0,6.67,6.25,EUR,2026-08-03
2026-08-05,200350,"VARUS, вул.Глинки 2",Dnipro,100.69406,7,6,1,1,701.0,701.0,1,11.6833,11.6833,100.0,16.67,14.29,EUR,2026-08-03
2026-08-05,200349,"VARUS, вул.Дніпровская 1",Vyshhorod,96.994209,5,5,0,0,701.0,701.0,1,11.6833,11.6833,100.0,0.0,0.0,EUR,2026-08-03
2026-08-05,200354,"VARUS, вул.Калиновая 9А",Dnipro,188.469298,12,12,0,0,701.0,701.0,1,11.6833,11.6833,100.0,0.0,0.0,EUR,2026-08-03
2026-08-05,200348,"VARUS, вул.Київська 239",Brovary,78.920857,7,7,1,0,701.0,701.0,1,11.6833,11.6833,100.0,14.29,0.0,EUR,2026-08-03
2026-08-05,200353,"VARUS, вул.Коммунарівська буд. 8",Dnipro,44.229217,4,4,0,0,701.0,701.0,1,11.6833,11.6833,100.0,0.0,0.0,EUR,2026-08-03
2026-08-05,200361,"VARUS, вул.Марії Кюрі 5",Dnipro,84.714149,8,8,3,0,701.0,701.0,1,11.6833,11.6833,100.0,37.5,0.0,EUR,2026-08-03
2026-08-05,200370,"VARUS, вул.Незалежної України 57В",Zaporizhia,144.493881,8,8,0,0,701.0,701.0,1,11.6833,11.6833,100.0,0.0,0.0,EUR,2026-08-03
2026-08-05,200404,"VARUS, вул.Нова 2В",Pavlohrad,25.401846,1,1,0,0,641.0,641.0,1,10.6833,10.6833,100.0,0.0,0.0,EUR,2026-08-03
2026-08-05,200363,"VARUS, вул.Робоча 67",Dnipro,166.028034,12,11,0,1,701.0,701.0,1,11.6833,11.6833,100.0,0.0,8.33,EUR,2026-08-03
2026-08-05,200369,"VARUS, вул.Тараса Шевченка 7",Kamianske,20.31581,2,2,1,0,601.0,601.0,1,10.0167,10.0167,100.0,50.0,0.0,EUR,2026-08-03
2026-08-05,200395,"VARUS, вул.Терещенко 1Е",Kryvyi Rih,0.0,0,0,0,0,701.0,701.0,1,11.6833,11.6833,100.0,,,EUR,2026-08-03
2026-08-05,200402,"VARUS, вул.Французький бульвар 22",Odesa,105.441505,6,5,1,1,701.0,701.0,1,11.6833,11.6833,100.0,20.0,16.67,EUR,2026-08-03
2026-08-05,200396,"VARUS, мкр Сонячний 41а",Kryvyi Rih,58.99098,3,3,0,0,701.0,701.0,1,11.6833,11.6833,100.0,0.0,0.0,EUR,2026-08-03
2026-08-05,200362,"VARUS, пр. Івана Мазепи, 58",Dnipro,81.139836,6,6,1,0,701.0,701.0,1,11.6833,11.6833,100.0,16.67,0.0,EUR,2026-08-03
2026-08-05,200373,"VARUS, пр. Академіка Паладіна 16/39",Kyiv,317.746792,17,17,3,0,701.0,701.0,1,11.6833,11.6833,100.0,17.65,0.0,EUR,2026-08-03
2026-08-05,200368,"VARUS, пр. Героїв 2",Dnipro,254.607547,19,18,2,1,701.0,701.0,1,11.6833,11.6833,100.0,11.11,5.26,EUR,2026-08-03
2026-08-05,200408,"VARUS, пр. Гуляєва полковника ж.м. ""Дружний"" буд. 107/1",Odesa,18.149414,2,2,0,0,701.0,701.0,1,11.6833,11.6833,100.0,0.0,0.0,EUR,2026-08-03
2026-08-05,200399,"VARUS, пр. Добровольського 122/1",Odesa,22.462804,1,1,0,0,701.0,701.0,1,11.6833,11.6833,100.0,0.0,0.0,EUR,2026-08-03
2026-08-05,862701,"VARUS, пр. Коцюбинського, 70",Vinnytsia,505.969862,35,35,11,0,701.0,701.0,1,11.6833,11.6833,100.0,31.43,0.0,EUR,2026-08-03
2026-08-05,200394,"VARUS, пр. Металургів 42А",Kryvyi Rih,79.18552,7,6,1,1,701.0,701.0,1,11.6833,11.6833,100.0,16.67,14.29,EUR,2026-08-03
2026-08-05,200380,"VARUS, пр. Миколи Бажана 38",Kyiv,103.086118,8,8,1,0,701.0,701.0,1,11.6833,11.6833,100.0,12.5,0.0,EUR,2026-08-03
2026-08-05,200359,"VARUS, пр. О. Поля, 104а",Dnipro,0.0,0,0,0,0,0.0,0.0,1,0.0,0.0,,,,EUR,2026-08-03
2026-08-05,198953,"VARUS, пр. Олександра Поля, 104",Dnipro,123.705595,8,8,0,0,701.0,701.0,1,11.6833,11.6833,100.0,0.0,0.0,EUR,2026-08-03
2026-08-05,200357,"VARUS, пр.Науки 8а",Dnipro,179.477736,12,9,2,3,701.0,701.0,1,11.6833,11.6833,100.0,22.22,25.0,EUR,2026-08-03
2026-08-05,200377,"VARUS, пр.Оболонський 47/42",Kyiv,101.971197,5,5,1,0,701.0,701.0,1,11.6833,11.6833,100.0,20.0,0.0,EUR,2026-08-03
2026-08-05,200360,"VARUS, проспект Слобожанський 86",Dnipro,24.043603,3,3,1,0,701.0,701.0,1,11.6833,11.6833,100.0,33.33,0.0,EUR,2026-08-03
2026-08-06,200367,"VARUS вул.Петра Сагайдачного, 7",Zaporizhia,40.214004,5,5,0,0,700.0166666666667,700.0166666666667,1,11.6669,11.6669,100.0,0.0,0.0,EUR,2026-08-03
2026-08-06,200390,"VARUS, 5-й Зарічний, д.19",Kryvyi Rih,2.986908,1,1,0,0,701.0166666666667,701.0166666666667,1,11.6836,11.6836,100.0,0.0,0.0,EUR,2026-08-03
2026-08-06,200383,"VARUS, Вулиця Героїв полку Азов, 12",Kyiv,50.851616,3,3,1,0,701.0166666666667,701.0166666666667,1,11.6836,11.6836,100.0,33.33,0.0,EUR,2026-08-03
2026-08-06,200364,"VARUS, Донецьке шосcе 110",Dnipro,30.792655,1,1,0,0,701.0166666666667,701.0166666666667,1,11.6836,11.6836,100.0,0.0,0.0,EUR,2026-08-03
2026-08-06,200356,"VARUS, Донецьке шосcе 9а",Dnipro,0.0,0,0,0,0,701.0166666666667,701.0166666666667,1,11.6836,11.6836,100.0,,,EUR,2026-08-03
2026-08-06,200400,"VARUS, Люстдорфська дорога 114",Odesa,147.400012,7,7,1,0,701.0166666666667,701.0166666666667,1,11.6836,11.6836,100.0,14.29,0.0,EUR,2026-08-03
2026-08-06,200392,"VARUS, Площа Шахтарської Слави 1",Kryvyi Rih,242.733892,15,15,2,0,701.0166666666667,701.0166666666667,1,11.6836,11.6836,100.0,13.33,0.0,EUR,2026-08-03
2026-08-06,200374,"VARUS, Проспект Червоної Калини 44A",Kyiv,368.025366,17,17,1,0,701.0166666666667,701.0166666666667,1,11.6836,11.6836,100.0,5.88,0.0,EUR,2026-08-03
2026-08-06,200365,"VARUS, Північно-Кільцева вулиця, 10а,",Zaporizhia,28.792085,3,3,1,0,700.0166666666667,700.0166666666667,1,11.6669,11.6669,100.0,33.33,0.0,EUR,2026-08-03
2026-08-06,200385,"VARUS, Харківське Шосе 160",Kyiv,79.289998,4,4,0,0,701.0166666666667,701.0166666666667,1,11.6836,11.6836,100.0,0.0,0.0,EUR,2026-08-03
2026-08-06,200358,"VARUS, бул. Європейський 1Д",Dnipro,122.49401,14,13,6,1,661.0166666666667,661.0166666666667,1,11.0169,11.0169,100.0,46.15,7.14,EUR,2026-08-03
2026-08-06,200372,"VARUS, бул.Будівельників 27а",Kamianske,44.470445,5,2,1,3,601.0166666666667,601.0166666666667,1,10.0169,10.0169,100.0,50.0,60.0,EUR,2026-08-03
2026-08-06,200355,"VARUS, вул Березинская 23а",Dnipro,28.843609,3,3,1,0,701.0166666666667,701.0166666666667,1,11.6836,11.6836,100.0,33.33,0.0,EUR,2026-08-03
2026-08-06,200393,"VARUS, вул. 200 річчя Кривого Рогу",Kryvyi Rih,117.227019,8,8,2,0,701.0166666666667,701.0166666666667,1,11.6836,11.6836,100.0,25.0,0.0,EUR,2026-08-03
2026-08-06,200397,"VARUS, вул. Івана Авраменко 21В",Kryvyi Rih,53.073396,3,3,0,0,701.0166666666667,701.0166666666667,1,11.6836,11.6836,100.0,0.0,0.0,EUR,2026-08-03
2026-08-06,200376,"VARUS, вул. Волинська 37",Kyiv,176.643044,11,11,2,0,661.0166666666667,661.0166666666667,1,11.0169,11.0169,100.0,18.18,0.0,EUR,2026-08-03
2026-08-06,200401,"VARUS, вул. Дача Ковалевського 91",Odesa,0.0,0,0,0,0,701.0166666666667,701.0166666666667,1,11.6836,11.6836,100.0,,,EUR,2026-08-03
2026-08-06,200378,"VARUS, вул. Деміївська 27",Kyiv,126.460671,8,8,0,0,701.0166666666667,701.0166666666667,1,11.6836,11.6836,100.0,0.0,0.0,EUR,2026-08-03
2026-08-06,200387,"VARUS, вул. Драгаманова 40г",Kyiv,0.0,0,0,0,0,701.0166666666667,701.0166666666667,1,11.6836,11.6836,100.0,,,EUR,2026-08-03
2026-08-06,200391,"VARUS, вул. Жилянська 59",Kyiv,216.784019,15,15,1,0,701.0166666666667,701.0166666666667,1,11.6836,11.6836,100.0,6.67,0.0,EUR,2026-08-03
2026-08-06,200384,"VARUS, вул. Костянтинівська 2А",Kyiv,61.031122,7,7,1,0,701.0166666666667,701.0166666666667,1,11.6836,11.6836,100.0,14.29,0.0,EUR,2026-08-03
2026-08-06,200388,"VARUS, вул. Лесі Українки 30",Kyiv,0.0,0,0,0,0,701.0166666666667,701.0166666666667,1,11.6836,11.6836,100.0,,,EUR,2026-08-03
2026-08-06,200398,"VARUS, вул. Недєліна 43",Kryvyi Rih,0.0,0,0,0,0,701.0166666666667,701.0166666666667,1,11.6836,11.6836,100.0,,,EUR,2026-08-03
2026-08-06,200371,"VARUS, вул. Ольги Кобилянської 1В/23",Irpin,168.334907,15,15,4,0,701.0166666666667,701.0166666666667,1,11.6836,11.6836,100.0,26.67,0.0,EUR,2026-08-03
2026-08-06,200351,"VARUS, вул. Паникахи 15",Dnipro,103.54458,10,9,1,1,701.0166666666667,701.0166666666667,1,11.6836,11.6836,100.0,11.11,10.0,EUR,2026-08-03
2026-08-06,200403,"VARUS, вул. Соборна 97А",Pavlohrad,51.866043,4,4,0,0,640.0166666666667,640.0166666666667,1,10.6669,10.6669,100.0,0.0,0.0,EUR,2026-08-03
2026-08-06,200389,"VARUS, вул. Срібнокільска 11",Kyiv,162.989268,7,7,0,0,721.0166666666667,721.0166666666667,1,12.0169,12.0169,100.0,0.0,0.0,EUR,2026-08-03
2026-08-06,200381,"VARUS, вул. Тютюника 39-А",Kyiv,201.369677,14,14,1,0,701.0166666666667,701.0166666666667,1,11.6836,11.6836,100.0,7.14,0.0,EUR,2026-08-03
2026-08-06,200366,"VARUS, вул. Яценка 2",Zaporizhia,56.720639,6,6,0,0,700.0166666666667,700.0166666666667,1,11.6669,11.6669,100.0,0.0,0.0,EUR,2026-08-03
2026-08-06,200352,"VARUS, вул.20річчя Перемоги  43Д",Dnipro,0.0,0,0,0,0,701.0166666666667,701.0166666666667,1,11.6836,11.6836,100.0,,,EUR,2026-08-03
2026-08-06,200375,"VARUS, вул.Андрія Малишко,3",Kyiv,269.97654,16,16,5,0,701.0166666666667,701.0166666666667,1,11.6836,11.6836,100.0,31.25,0.0,EUR,2026-08-03
2026-08-06,200379,"VARUS, вул.Бажана 10-А",Kyiv,0.0,1,0,0,1,701.0166666666667,701.0166666666667,1,11.6836,11.6836,100.0,,100.0,EUR,2026-08-03
2026-08-06,200382,"VARUS, вул.Васильківска 34",Kyiv,296.200507,18,17,2,1,701.0166666666667,701.0166666666667,1,11.6836,11.6836,100.0,11.76,5.56,EUR,2026-08-03
2026-08-06,200386,"VARUS, вул.Вишгородска 45а",Kyiv,208.962078,16,14,3,2,661.0166666666667,661.0166666666667,1,11.0169,11.0169,100.0,21.43,12.5,EUR,2026-08-03
2026-08-06,200350,"VARUS, вул.Глинки 2",Dnipro,123.882478,8,8,1,0,701.0166666666667,701.0166666666667,1,11.6836,11.6836,100.0,12.5,0.0,EUR,2026-08-03
2026-08-06,200349,"VARUS, вул.Дніпровская 1",Vyshhorod,68.938873,6,6,0,0,700.0166666666667,700.0166666666667,1,11.6669,11.6669,100.0,0.0,0.0,EUR,2026-08-03
2026-08-06,200354,"VARUS, вул.Калиновая 9А",Dnipro,137.587968,9,8,0,1,701.0166666666667,701.0166666666667,1,11.6836,11.6836,100.0,0.0,11.11,EUR,2026-08-03
2026-08-06,200348,"VARUS, вул.Київська 239",Brovary,179.669271,11,11,0,0,701.0166666666667,701.0166666666667,1,11.6836,11.6836,100.0,0.0,0.0,EUR,2026-08-03
2026-08-06,200353,"VARUS, вул.Коммунарівська буд. 8",Dnipro,161.645741,7,7,4,0,701.0166666666667,701.0166666666667,1,11.6836,11.6836,100.0,57.14,0.0,EUR,2026-08-03
2026-08-06,200361,"VARUS, вул.Марії Кюрі 5",Dnipro,122.679193,8,8,1,0,701.0166666666667,701.0166666666667,1,11.6836,11.6836,100.0,12.5,0.0,EUR,2026-08-03
2026-08-06,200370,"VARUS, вул.Незалежної України 57В",Zaporizhia,157.326736,10,10,1,0,700.0166666666667,700.0166666666667,1,11.6669,11.6669,100.0,10.0,0.0,EUR,2026-08-03
2026-08-06,200404,"VARUS, вул.Нова 2В",Pavlohrad,2.988651,1,1,1,0,640.0166666666667,640.0166666666667,1,10.6669,10.6669,100.0,100.0,0.0,EUR,2026-08-03
2026-08-06,200363,"VARUS, вул.Робоча 67",Dnipro,241.489736,20,19,4,1,701.0166666666667,701.0166666666667,1,11.6836,11.6836,100.0,21.05,5.0,EUR,2026-08-03
2026-08-06,200369,"VARUS, вул.Тараса Шевченка 7",Kamianske,79.22414,3,2,0,1,601.0166666666667,601.0166666666667,1,10.0169,10.0169,100.0,0.0,33.33,EUR,2026-08-03
2026-08-06,200395,"VARUS, вул.Терещенко 1Е",Kryvyi Rih,0.0,0,0,0,0,701.0166666666667,701.0166666666667,1,11.6836,11.6836,100.0,,,EUR,2026-08-03
2026-08-06,200402,"VARUS, вул.Французький бульвар 22",Odesa,30.599919,5,3,1,2,701.0166666666667,701.0166666666667,1,11.6836,11.6836,100.0,33.33,40.0,EUR,2026-08-03
2026-08-06,200396,"VARUS, мкр Сонячний 41а",Kryvyi Rih,13.791106,1,1,0,0,701.0166666666667,701.0166666666667,1,11.6836,11.6836,100.0,0.0,0.0,EUR,2026-08-03
2026-08-06,200362,"VARUS, пр. Івана Мазепи, 58",Dnipro,33.436707,3,3,1,0,701.0166666666667,701.0166666666667,1,11.6836,11.6836,100.0,33.33,0.0,EUR,2026-08-03
2026-08-06,200373,"VARUS, пр. Академіка Паладіна 16/39",Kyiv,226.207694,17,17,0,0,701.0166666666667,701.0166666666667,1,11.6836,11.6836,100.0,0.0,0.0,EUR,2026-08-03
2026-08-06,200368,"VARUS, пр. Героїв 2",Dnipro,361.519256,23,22,4,1,701.0166666666667,701.0166666666667,1,11.6836,11.6836,100.0,18.18,4.35,EUR,2026-08-03
2026-08-06,200408,"VARUS, пр. Гуляєва полковника ж.м. ""Дружний"" буд. 107/1",Odesa,86.975379,4,4,1,0,701.0166666666667,701.0166666666667,1,11.6836,11.6836,100.0,25.0,0.0,EUR,2026-08-03
2026-08-06,200399,"VARUS, пр. Добровольського 122/1",Odesa,0.0,0,0,0,0,701.0166666666667,701.0166666666667,1,11.6836,11.6836,100.0,,,EUR,2026-08-03
2026-08-06,862701,"VARUS, пр. Коцюбинського, 70",Vinnytsia,436.906902,31,30,4,1,701.0166666666667,701.0166666666667,1,11.6836,11.6836,100.0,13.33,3.23,EUR,2026-08-03
2026-08-06,200394,"VARUS, пр. Металургів 42А",Kryvyi Rih,131.250181,8,8,0,0,701.0166666666667,701.0166666666667,1,11.6836,11.6836,100.0,0.0,0.0,EUR,2026-08-03
2026-08-06,200380,"VARUS, пр. Миколи Бажана 38",Kyiv,118.849863,7,7,1,0,701.0166666666667,701.0166666666667,1,11.6836,11.6836,100.0,14.29,0.0,EUR,2026-08-03
2026-08-06,200359,"VARUS, пр. О. Поля, 104а",Dnipro,0.0,0,0,0,0,0.0,0.0,1,0.0,0.0,,,,EUR,2026-08-03
2026-08-06,198953,"VARUS, пр. Олександра Поля, 104",Dnipro,179.917016,11,11,0,0,701.0166666666667,701.0166666666667,1,11.6836,11.6836,100.0,0.0,0.0,EUR,2026-08-03
2026-08-06,200357,"VARUS, пр.Науки 8а",Dnipro,171.120362,13,12,6,1,701.0166666666667,701.0166666666667,1,11.6836,11.6836,100.0,50.0,7.69,EUR,2026-08-03
2026-08-06,200377,"VARUS, пр.Оболонський 47/42",Kyiv,57.538455,6,6,0,0,701.0166666666667,701.0166666666667,1,11.6836,11.6836,100.0,0.0,0.0,EUR,2026-08-03
2026-08-06,200360,"VARUS, проспект Слобожанський 86",Dnipro,65.10858,5,5,0,0,701.0166666666667,701.0166666666667,1,11.6836,11.6836,100.0,0.0,0.0,EUR,2026-08-03
2026-08-07,200367,"VARUS вул.Петра Сагайдачного, 7",Zaporizhia,27.654596,4,3,1,1,700.0333333333333,700.0333333333333,1,11.6672,11.6672,100.0,33.33,25.0,EUR,2026-08-03
2026-08-07,200390,"VARUS, 5-й Зарічний, д.19",Kryvyi Rih,0.0,0,0,0,0,701.0333333333333,701.0333333333333,1,11.6839,11.6839,100.0,,,EUR,2026-08-03
2026-08-07,200383,"VARUS, Вулиця Героїв полку Азов, 12",Kyiv,139.213341,7,7,0,0,701.0333333333333,701.0333333333333,1,11.6839,11.6839,100.0,0.0,0.0,EUR,2026-08-03
2026-08-07,200364,"VARUS, Донецьке шосcе 110",Dnipro,49.03903,4,4,1,0,701.0333333333333,701.0333333333333,1,11.6839,11.6839,100.0,25.0,0.0,EUR,2026-08-03
2026-08-07,200356,"VARUS, Донецьке шосcе 9а",Dnipro,44.086803,2,2,0,0,701.0333333333333,701.0333333333333,1,11.6839,11.6839,100.0,0.0,0.0,EUR,2026-08-03
2026-08-07,200400,"VARUS, Люстдорфська дорога 114",Odesa,0.0,0,0,0,0,113.0,113.0,1,1.8833,1.8833,100.0,,,EUR,2026-08-03
2026-08-07,200392,"VARUS, Площа Шахтарської Слави 1",Kryvyi Rih,135.586598,11,10,2,1,636.6166666666667,701.0333333333333,1,10.6103,11.6839,90.81,20.0,9.09,EUR,2026-08-03
2026-08-07,200374,"VARUS, Проспект Червоної Калини 44A",Kyiv,296.598912,15,15,3,0,701.0333333333333,701.0333333333333,1,11.6839,11.6839,100.0,20.0,0.0,EUR,2026-08-03
2026-08-07,200365,"VARUS, Північно-Кільцева вулиця, 10а,",Zaporizhia,26.215511,5,3,2,2,700.0333333333333,700.0333333333333,1,11.6672,11.6672,100.0,66.67,40.0,EUR,2026-08-03
2026-08-07,200385,"VARUS, Харківське Шосе 160",Kyiv,168.791426,9,9,1,0,701.0333333333333,701.0333333333333,1,11.6839,11.6839,100.0,11.11,0.0,EUR,2026-08-03
2026-08-07,200358,"VARUS, бул. Європейський 1Д",Dnipro,136.458253,8,8,1,0,661.0333333333333,661.0333333333333,1,11.0172,11.0172,100.0,12.5,0.0,EUR,2026-08-03
2026-08-07,200372,"VARUS, бул.Будівельників 27а",Kamianske,145.605814,7,6,3,1,600.0333333333333,600.0333333333333,1,10.0006,10.0006,100.0,50.0,14.29,EUR,2026-08-03
2026-08-07,200355,"VARUS, вул Березинская 23а",Dnipro,73.163066,5,5,1,0,701.0333333333333,701.0333333333333,1,11.6839,11.6839,100.0,20.0,0.0,EUR,2026-08-03
2026-08-07,200393,"VARUS, вул. 200 річчя Кривого Рогу",Kryvyi Rih,99.637712,8,7,1,1,701.0333333333333,701.0333333333333,1,11.6839,11.6839,100.0,14.29,12.5,EUR,2026-08-03
2026-08-07,200397,"VARUS, вул. Івана Авраменко 21В",Kryvyi Rih,132.308787,6,6,1,0,701.0333333333333,701.0333333333333,1,11.6839,11.6839,100.0,16.67,0.0,EUR,2026-08-03
2026-08-07,200376,"VARUS, вул. Волинська 37",Kyiv,209.709186,11,11,1,0,661.0333333333333,661.0333333333333,1,11.0172,11.0172,100.0,9.09,0.0,EUR,2026-08-03
2026-08-07,200401,"VARUS, вул. Дача Ковалевського 91",Odesa,0.0,0,0,0,0,701.0333333333333,701.0333333333333,1,11.6839,11.6839,100.0,,,EUR,2026-08-03
2026-08-07,200378,"VARUS, вул. Деміївська 27",Kyiv,106.424986,6,6,0,0,701.0333333333333,701.0333333333333,1,11.6839,11.6839,100.0,0.0,0.0,EUR,2026-08-03
2026-08-07,200387,"VARUS, вул. Драгаманова 40г",Kyiv,0.0,0,0,0,0,701.0333333333333,701.0333333333333,1,11.6839,11.6839,100.0,,,EUR,2026-08-03
2026-08-07,200391,"VARUS, вул. Жилянська 59",Kyiv,162.736274,9,9,0,0,701.0333333333333,701.0333333333333,1,11.6839,11.6839,100.0,0.0,0.0,EUR,2026-08-03
2026-08-07,200384,"VARUS, вул. Костянтинівська 2А",Kyiv,202.28094,10,10,2,0,701.0333333333333,701.0333333333333,1,11.6839,11.6839,100.0,20.0,0.0,EUR,2026-08-03
2026-08-07,200388,"VARUS, вул. Лесі Українки 30",Kyiv,0.0,0,0,0,0,701.0333333333333,701.0333333333333,1,11.6839,11.6839,100.0,,,EUR,2026-08-03
2026-08-07,200398,"VARUS, вул. Недєліна 43",Kryvyi Rih,0.0,0,0,0,0,701.0333333333333,701.0333333333333,1,11.6839,11.6839,100.0,,,EUR,2026-08-03
2026-08-07,200371,"VARUS, вул. Ольги Кобилянської 1В/23",Irpin,177.979436,11,11,0,0,701.0333333333333,701.0333333333333,1,11.6839,11.6839,100.0,0.0,0.0,EUR,2026-08-03
2026-08-07,200351,"VARUS, вул. Паникахи 15",Dnipro,240.485412,18,16,1,2,701.0333333333333,701.0333333333333,1,11.6839,11.6839,100.0,6.25,11.11,EUR,2026-08-03
2026-08-07,200403,"VARUS, вул. Соборна 97А",Pavlohrad,27.8489,1,1,0,0,640.0333333333333,640.0333333333333,1,10.6672,10.6672,100.0,0.0,0.0,EUR,2026-08-03
2026-08-07,200389,"VARUS, вул. Срібнокільска 11",Kyiv,95.839888,8,7,0,1,721.0333333333333,721.0333333333333,1,12.0172,12.0172,100.0,0.0,12.5,EUR,2026-08-03
2026-08-07,200381,"VARUS, вул. Тютюника 39-А",Kyiv,203.475404,19,16,2,3,701.0333333333333,701.0333333333333,1,11.6839,11.6839,100.0,12.5,15.79,EUR,2026-08-03
2026-08-07,200366,"VARUS, вул. Яценка 2",Zaporizhia,41.102575,3,3,0,0,700.0333333333333,700.0333333333333,1,11.6672,11.6672,100.0,0.0,0.0,EUR,2026-08-03
2026-08-07,200352,"VARUS, вул.20річчя Перемоги  43Д",Dnipro,0.0,0,0,0,0,701.0333333333333,701.0333333333333,1,11.6839,11.6839,100.0,,,EUR,2026-08-03
2026-08-07,200375,"VARUS, вул.Андрія Малишко,3",Kyiv,153.190431,13,10,1,3,701.0333333333333,701.0333333333333,1,11.6839,11.6839,100.0,10.0,23.08,EUR,2026-08-03
2026-08-07,200379,"VARUS, вул.Бажана 10-А",Kyiv,11.617578,3,1,0,2,701.0333333333333,701.0333333333333,1,11.6839,11.6839,100.0,0.0,66.67,EUR,2026-08-03
2026-08-07,200382,"VARUS, вул.Васильківска 34",Kyiv,262.870589,24,15,1,9,701.0333333333333,701.0333333333333,1,11.6839,11.6839,100.0,6.67,37.5,EUR,2026-08-03
2026-08-07,200386,"VARUS, вул.Вишгородска 45а",Kyiv,347.493891,18,17,2,1,661.0333333333333,661.0333333333333,1,11.0172,11.0172,100.0,11.76,5.56,EUR,2026-08-03
2026-08-07,200350,"VARUS, вул.Глинки 2",Dnipro,168.886063,11,11,4,0,701.0333333333333,701.0333333333333,1,11.6839,11.6839,100.0,36.36,0.0,EUR,2026-08-03
2026-08-07,200349,"VARUS, вул.Дніпровская 1",Vyshhorod,19.579189,1,1,0,0,700.0333333333333,700.0333333333333,1,11.6672,11.6672,100.0,0.0,0.0,EUR,2026-08-03
2026-08-07,200354,"VARUS, вул.Калиновая 9А",Dnipro,292.980685,18,17,3,1,701.0333333333333,701.0333333333333,1,11.6839,11.6839,100.0,17.65,5.56,EUR,2026-08-03
2026-08-07,200348,"VARUS, вул.Київська 239",Brovary,156.882976,14,14,1,0,701.0333333333333,701.0333333333333,1,11.6839,11.6839,100.0,7.14,0.0,EUR,2026-08-03
2026-08-07,200353,"VARUS, вул.Коммунарівська буд. 8",Dnipro,116.168424,10,9,1,1,701.0333333333333,701.0333333333333,1,11.6839,11.6839,100.0,11.11,10.0,EUR,2026-08-03
2026-08-07,200361,"VARUS, вул.Марії Кюрі 5",Dnipro,123.589316,7,6,0,1,701.0333333333333,701.0333333333333,1,11.6839,11.6839,100.0,0.0,14.29,EUR,2026-08-03
2026-08-07,200370,"VARUS, вул.Незалежної України 57В",Zaporizhia,57.659609,4,4,2,0,700.0333333333333,700.0333333333333,1,11.6672,11.6672,100.0,50.0,0.0,EUR,2026-08-03
2026-08-07,200404,"VARUS, вул.Нова 2В",Pavlohrad,7.671704,2,2,0,0,640.0333333333333,640.0333333333333,1,10.6672,10.6672,100.0,0.0,0.0,EUR,2026-08-03
2026-08-07,200363,"VARUS, вул.Робоча 67",Dnipro,316.794108,16,14,2,2,701.0333333333333,701.0333333333333,1,11.6839,11.6839,100.0,14.29,12.5,EUR,2026-08-03
2026-08-07,200369,"VARUS, вул.Тараса Шевченка 7",Kamianske,15.277608,1,1,0,0,600.0333333333333,600.0333333333333,1,10.0006,10.0006,100.0,0.0,0.0,EUR,2026-08-03
2026-08-07,200395,"VARUS, вул.Терещенко 1Е",Kryvyi Rih,0.0,0,0,0,0,701.0333333333333,701.0333333333333,1,11.6839,11.6839,100.0,,,EUR,2026-08-03
2026-08-07,200402,"VARUS, вул.Французький бульвар 22",Odesa,79.264084,6,4,1,2,701.0333333333333,701.0333333333333,1,11.6839,11.6839,100.0,25.0,33.33,EUR,2026-08-03
2026-08-07,200396,"VARUS, мкр Сонячний 41а",Kryvyi Rih,13.698795,1,1,0,0,701.0333333333333,701.0333333333333,1,11.6839,11.6839,100.0,0.0,0.0,EUR,2026-08-03
2026-08-07,200362,"VARUS, пр. Івана Мазепи, 58",Dnipro,41.632073,4,3,0,1,701.0333333333333,701.0333333333333,1,11.6839,11.6839,100.0,0.0,25.0,EUR,2026-08-03
2026-08-07,200373,"VARUS, пр. Академіка Паладіна 16/39",Kyiv,335.010848,20,20,2,0,701.0333333333333,701.0333333333333,1,11.6839,11.6839,100.0,10.0,0.0,EUR,2026-08-03
2026-08-07,200368,"VARUS, пр. Героїв 2",Dnipro,252.561071,18,16,0,2,701.0333333333333,701.0333333333333,1,11.6839,11.6839,100.0,0.0,11.11,EUR,2026-08-03
2026-08-07,200408,"VARUS, пр. Гуляєва полковника ж.м. ""Дружний"" буд. 107/1",Odesa,72.551125,6,6,2,0,701.0333333333333,701.0333333333333,1,11.6839,11.6839,100.0,33.33,0.0,EUR,2026-08-03
2026-08-07,200399,"VARUS, пр. Добровольського 122/1",Odesa,90.469446,6,5,1,1,701.0333333333333,701.0333333333333,1,11.6839,11.6839,100.0,20.0,16.67,EUR,2026-08-03
2026-08-07,862701,"VARUS, пр. Коцюбинського, 70",Vinnytsia,379.392975,25,25,6,0,701.0333333333333,701.0333333333333,1,11.6839,11.6839,100.0,24.0,0.0,EUR,2026-08-03
2026-08-07,200394,"VARUS, пр. Металургів 42А",Kryvyi Rih,106.919648,8,8,0,0,701.0333333333333,701.0333333333333,1,11.6839,11.6839,100.0,0.0,0.0,EUR,2026-08-03
2026-08-07,200380,"VARUS, пр. Миколи Бажана 38",Kyiv,172.964311,11,11,1,0,701.0333333333333,701.0333333333333,1,11.6839,11.6839,100.0,9.09,0.0,EUR,2026-08-03
2026-08-07,200359,"VARUS, пр. О. Поля, 104а",Dnipro,0.0,0,0,0,0,0.0,0.0,1,0.0,0.0,,,,EUR,2026-08-03
2026-08-07,198953,"VARUS, пр. Олександра Поля, 104",Dnipro,151.341451,11,11,3,0,701.0333333333333,701.0333333333333,1,11.6839,11.6839,100.0,27.27,0.0,EUR,2026-08-03
2026-08-07,200357,"VARUS, пр.Науки 8а",Dnipro,158.306963,11,10,4,1,701.0333333333333,701.0333333333333,1,11.6839,11.6839,100.0,40.0,9.09,EUR,2026-08-03
2026-08-07,200377,"VARUS, пр.Оболонський 47/42",Kyiv,103.260003,7,5,0,2,701.0333333333333,701.0333333333333,1,11.6839,11.6839,100.0,0.0,28.57,EUR,2026-08-03
2026-08-07,200360,"VARUS, проспект Слобожанський 86",Dnipro,38.509474,3,3,0,0,701.0333333333333,701.0333333333333,1,11.6839,11.6839,100.0,0.0,0.0,EUR,2026-08-03
2026-08-08,200367,"VARUS вул.Петра Сагайдачного, 7",Zaporizhia,60.666864,4,4,0,0,701.0,701.0,1,11.6833,11.6833,100.0,0.0,0.0,EUR,2026-08-03
2026-08-08,200390,"VARUS, 5-й Зарічний, д.19",Kryvyi Rih,75.344918,4,4,2,0,701.0,701.0,1,11.6833,11.6833,100.0,50.0,0.0,EUR,2026-08-03
2026-08-08,200383,"VARUS, Вулиця Героїв полку Азов, 12",Kyiv,105.294001,5,5,1,0,701.0,701.0,1,11.6833,11.6833,100.0,20.0,0.0,EUR,2026-08-03
2026-08-08,200364,"VARUS, Донецьке шосcе 110",Dnipro,10.299255,1,1,0,0,701.0,701.0,1,11.6833,11.6833,100.0,0.0,0.0,EUR,2026-08-03
2026-08-08,200356,"VARUS, Донецьке шосcе 9а",Dnipro,126.792616,9,5,1,4,701.0,701.0,1,11.6833,11.6833,100.0,20.0,44.44,EUR,2026-08-03
2026-08-08,200400,"VARUS, Люстдорфська дорога 114",Odesa,0.0,0,0,0,0,41.0,41.0,1,0.6833,0.6833,100.0,,,EUR,2026-08-03
2026-08-08,200392,"VARUS, Площа Шахтарської Слави 1",Kryvyi Rih,0.0,0,0,0,0,0.0,701.0,1,0.0,11.6833,0.0,,,EUR,2026-08-03
2026-08-08,200374,"VARUS, Проспект Червоної Калини 44A",Kyiv,99.289166,6,5,0,1,701.0,701.0,1,11.6833,11.6833,100.0,0.0,16.67,EUR,2026-08-03
2026-08-08,200365,"VARUS, Північно-Кільцева вулиця, 10а,",Zaporizhia,52.012417,14,5,2,9,701.0,701.0,1,11.6833,11.6833,100.0,40.0,64.29,EUR,2026-08-03
2026-08-08,200385,"VARUS, Харківське Шосе 160",Kyiv,44.573334,3,3,0,0,701.0,701.0,1,11.6833,11.6833,100.0,0.0,0.0,EUR,2026-08-03
2026-08-08,200358,"VARUS, бул. Європейський 1Д",Dnipro,112.055728,13,11,3,2,661.0,661.0,1,11.0167,11.0167,100.0,27.27,15.38,EUR,2026-08-03
2026-08-08,200372,"VARUS, бул.Будівельників 27а",Kamianske,0.0,2,0,0,2,601.0,601.0,1,10.0167,10.0167,100.0,,100.0,EUR,2026-08-03
2026-08-08,200355,"VARUS, вул Березинская 23а",Dnipro,20.613798,2,2,0,0,701.0,701.0,1,11.6833,11.6833,100.0,0.0,0.0,EUR,2026-08-03
2026-08-08,200393,"VARUS, вул. 200 річчя Кривого Рогу",Kryvyi Rih,101.688739,5,5,0,0,701.0,701.0,1,11.6833,11.6833,100.0,0.0,0.0,EUR,2026-08-03
2026-08-08,200397,"VARUS, вул. Івана Авраменко 21В",Kryvyi Rih,40.756739,4,4,0,0,701.0,701.0,1,11.6833,11.6833,100.0,0.0,0.0,EUR,2026-08-03
2026-08-08,200376,"VARUS, вул. Волинська 37",Kyiv,84.234504,11,3,2,8,640.3,661.0,1,10.6717,11.0167,96.87,66.67,72.73,EUR,2026-08-03
2026-08-08,200401,"VARUS, вул. Дача Ковалевського 91",Odesa,0.0,0,0,0,0,701.0,701.0,1,11.6833,11.6833,100.0,,,EUR,2026-08-03
2026-08-08,200378,"VARUS, вул. Деміївська 27",Kyiv,123.879607,6,6,1,0,701.0,701.0,1,11.6833,11.6833,100.0,16.67,0.0,EUR,2026-08-03
2026-08-08,200387,"VARUS, вул. Драгаманова 40г",Kyiv,8.004382,1,1,0,0,701.0,701.0,1,11.6833,11.6833,100.0,0.0,0.0,EUR,2026-08-03
2026-08-08,200391,"VARUS, вул. Жилянська 59",Kyiv,268.529197,10,10,0,0,701.0,701.0,1,11.6833,11.6833,100.0,0.0,0.0,EUR,2026-08-03
2026-08-08,200384,"VARUS, вул. Костянтинівська 2А",Kyiv,229.829092,16,16,1,0,701.0,701.0,1,11.6833,11.6833,100.0,6.25,0.0,EUR,2026-08-03
2026-08-08,200388,"VARUS, вул. Лесі Українки 30",Kyiv,0.0,0,0,0,0,701.0,701.0,1,11.6833,11.6833,100.0,,,EUR,2026-08-03
2026-08-08,200398,"VARUS, вул. Недєліна 43",Kryvyi Rih,0.0,0,0,0,0,701.0,701.0,1,11.6833,11.6833,100.0,,,EUR,2026-08-03
2026-08-08,200371,"VARUS, вул. Ольги Кобилянської 1В/23",Irpin,155.97687,15,13,3,2,701.0,701.0,1,11.6833,11.6833,100.0,23.08,13.33,EUR,2026-08-03
2026-08-08,200351,"VARUS, вул. Паникахи 15",Dnipro,163.583158,13,11,3,2,701.0,701.0,1,11.6833,11.6833,100.0,27.27,15.38,EUR,2026-08-03
2026-08-08,200403,"VARUS, вул. Соборна 97А",Pavlohrad,66.174909,4,4,0,0,641.0,641.0,1,10.6833,10.6833,100.0,0.0,0.0,EUR,2026-08-03
2026-08-08,200389,"VARUS, вул. Срібнокільска 11",Kyiv,118.436591,8,8,1,0,721.0,721.0,1,12.0167,12.0167,100.0,12.5,0.0,EUR,2026-08-03
2026-08-08,200381,"VARUS, вул. Тютюника 39-А",Kyiv,240.782865,19,19,1,0,701.0,701.0,1,11.6833,11.6833,100.0,5.26,0.0,EUR,2026-08-03
2026-08-08,200366,"VARUS, вул. Яценка 2",Zaporizhia,60.639189,4,4,1,0,701.0,701.0,1,11.6833,11.6833,100.0,25.0,0.0,EUR,2026-08-03
2026-08-08,200352,"VARUS, вул.20річчя Перемоги  43Д",Dnipro,0.0,0,0,0,0,701.0,701.0,1,11.6833,11.6833,100.0,,,EUR,2026-08-03
2026-08-08,200375,"VARUS, вул.Андрія Малишко,3",Kyiv,433.200571,22,21,3,1,701.0,701.0,1,11.6833,11.6833,100.0,14.29,4.55,EUR,2026-08-03
2026-08-08,200379,"VARUS, вул.Бажана 10-А",Kyiv,31.556153,1,1,1,0,701.0,701.0,1,11.6833,11.6833,100.0,100.0,0.0,EUR,2026-08-03
2026-08-08,200382,"VARUS, вул.Васильківска 34",Kyiv,232.083133,17,14,5,3,701.0,701.0,1,11.6833,11.6833,100.0,35.71,17.65,EUR,2026-08-03
2026-08-08,200386,"VARUS, вул.Вишгородска 45а",Kyiv,263.715341,20,20,1,0,661.0,661.0,1,11.0167,11.0167,100.0,5.0,0.0,EUR,2026-08-03
2026-08-08,200350,"VARUS, вул.Глинки 2",Dnipro,111.121367,9,8,4,1,701.0,701.0,1,11.6833,11.6833,100.0,50.0,11.11,EUR,2026-08-03
2026-08-08,200349,"VARUS, вул.Дніпровская 1",Vyshhorod,114.309186,7,7,0,0,701.0,701.0,1,11.6833,11.6833,100.0,0.0,0.0,EUR,2026-08-03
2026-08-08,200354,"VARUS, вул.Калиновая 9А",Dnipro,135.469124,11,10,3,1,701.0,701.0,1,11.6833,11.6833,100.0,30.0,9.09,EUR,2026-08-03
2026-08-08,200348,"VARUS, вул.Київська 239",Brovary,99.956264,8,8,0,0,701.0,701.0,1,11.6833,11.6833,100.0,0.0,0.0,EUR,2026-08-03
2026-08-08,200353,"VARUS, вул.Коммунарівська буд. 8",Dnipro,89.125963,8,7,0,1,701.0,701.0,1,11.6833,11.6833,100.0,0.0,12.5,EUR,2026-08-03
2026-08-08,200361,"VARUS, вул.Марії Кюрі 5",Dnipro,135.642336,7,5,0,2,701.0,701.0,1,11.6833,11.6833,100.0,0.0,28.57,EUR,2026-08-03
2026-08-08,200370,"VARUS, вул.Незалежної України 57В",Zaporizhia,61.914935,6,6,0,0,701.0,701.0,1,11.6833,11.6833,100.0,0.0,0.0,EUR,2026-08-03
2026-08-08,200404,"VARUS, вул.Нова 2В",Pavlohrad,18.901062,1,1,0,0,641.0,641.0,1,10.6833,10.6833,100.0,0.0,0.0,EUR,2026-08-03
2026-08-08,200363,"VARUS, вул.Робоча 67",Dnipro,339.845214,23,20,4,3,701.0,701.0,1,11.6833,11.6833,100.0,20.0,13.04,EUR,2026-08-03
2026-08-08,200369,"VARUS, вул.Тараса Шевченка 7",Kamianske,47.275975,4,3,3,1,601.0,601.0,1,10.0167,10.0167,100.0,100.0,25.0,EUR,2026-08-03
2026-08-08,200395,"VARUS, вул.Терещенко 1Е",Kryvyi Rih,0.0,0,0,0,0,701.0,701.0,1,11.6833,11.6833,100.0,,,EUR,2026-08-03
2026-08-08,200402,"VARUS, вул.Французький бульвар 22",Odesa,84.962369,3,3,1,0,701.0,701.0,1,11.6833,11.6833,100.0,33.33,0.0,EUR,2026-08-03
2026-08-08,200396,"VARUS, мкр Сонячний 41а",Kryvyi Rih,51.039736,3,3,1,0,701.0,701.0,1,11.6833,11.6833,100.0,33.33,0.0,EUR,2026-08-03
2026-08-08,200362,"VARUS, пр. Івана Мазепи, 58",Dnipro,57.042831,4,4,1,0,701.0,701.0,1,11.6833,11.6833,100.0,25.0,0.0,EUR,2026-08-03
2026-08-08,200373,"VARUS, пр. Академіка Паладіна 16/39",Kyiv,381.410325,17,16,4,1,701.0,701.0,1,11.6833,11.6833,100.0,25.0,5.88,EUR,2026-08-03
2026-08-08,200368,"VARUS, пр. Героїв 2",Dnipro,284.454933,21,21,1,0,701.0,701.0,1,11.6833,11.6833,100.0,4.76,0.0,EUR,2026-08-03
2026-08-08,200408,"VARUS, пр. Гуляєва полковника ж.м. ""Дружний"" буд. 107/1",Odesa,29.496997,4,2,0,2,701.0,701.0,1,11.6833,11.6833,100.0,0.0,50.0,EUR,2026-08-03
2026-08-08,200399,"VARUS, пр. Добровольського 122/1",Odesa,66.871615,4,4,0,0,701.0,701.0,1,11.6833,11.6833,100.0,0.0,0.0,EUR,2026-08-03
2026-08-08,862701,"VARUS, пр. Коцюбинського, 70",Vinnytsia,311.842074,32,20,2,12,701.0,701.0,1,11.6833,11.6833,100.0,10.0,37.5,EUR,2026-08-03
2026-08-08,200394,"VARUS, пр. Металургів 42А",Kryvyi Rih,331.691625,24,24,4,0,701.0,701.0,1,11.6833,11.6833,100.0,16.67,0.0,EUR,2026-08-03
2026-08-08,200380,"VARUS, пр. Миколи Бажана 38",Kyiv,76.591054,4,4,1,0,701.0,701.0,1,11.6833,11.6833,100.0,25.0,0.0,EUR,2026-08-03
2026-08-08,200359,"VARUS, пр. О. Поля, 104а",Dnipro,0.0,0,0,0,0,0.0,0.0,1,0.0,0.0,,,,EUR,2026-08-03
2026-08-08,198953,"VARUS, пр. Олександра Поля, 104",Dnipro,237.788388,12,11,2,1,701.0,701.0,1,11.6833,11.6833,100.0,18.18,8.33,EUR,2026-08-03
2026-08-08,200357,"VARUS, пр.Науки 8а",Dnipro,185.863827,13,9,2,4,701.0,701.0,1,11.6833,11.6833,100.0,22.22,30.77,EUR,2026-08-03
2026-08-08,200377,"VARUS, пр.Оболонський 47/42",Kyiv,68.031824,5,4,0,1,701.0,701.0,1,11.6833,11.6833,100.0,0.0,20.0,EUR,2026-08-03
2026-08-08,200360,"VARUS, проспект Слобожанський 86",Dnipro,67.811199,4,4,1,0,701.0,701.0,1,11.6833,11.6833,100.0,25.0,0.0,EUR,2026-08-03
2026-08-09,200367,"VARUS вул.Петра Сагайдачного, 7",Zaporizhia,32.987496,3,3,1,0,700.9333333333333,700.9333333333333,1,11.6822,11.6822,100.0,33.33,0.0,EUR,2026-08-03
2026-08-09,200390,"VARUS, 5-й Зарічний, д.19",Kryvyi Rih,0.0,0,0,0,0,700.9333333333333,700.9333333333333,1,11.6822,11.6822,100.0,,,EUR,2026-08-03
2026-08-09,200383,"VARUS, Вулиця Героїв полку Азов, 12",Kyiv,130.720685,14,10,1,4,700.9333333333333,700.9333333333333,1,11.6822,11.6822,100.0,10.0,28.57,EUR,2026-08-03
2026-08-09,200364,"VARUS, Донецьке шосcе 110",Dnipro,12.994927,1,1,0,0,700.9333333333333,700.9333333333333,1,11.6822,11.6822,100.0,0.0,0.0,EUR,2026-08-03
2026-08-09,200356,"VARUS, Донецьке шосcе 9а",Dnipro,64.611383,4,4,0,0,700.9333333333333,700.9333333333333,1,11.6822,11.6822,100.0,0.0,0.0,EUR,2026-08-03
2026-08-09,200400,"VARUS, Люстдорфська дорога 114",Odesa,0.0,0,0,0,0,41.0,41.0,1,0.6833,0.6833,100.0,,,EUR,2026-08-03
2026-08-09,200392,"VARUS, Площа Шахтарської Слави 1",Kryvyi Rih,0.0,0,0,0,0,0.0,700.9333333333333,1,0.0,11.6822,0.0,,,EUR,2026-08-03
2026-08-09,200374,"VARUS, Проспект Червоної Калини 44A",Kyiv,325.696076,19,18,0,1,700.9333333333333,700.9333333333333,1,11.6822,11.6822,100.0,0.0,5.26,EUR,2026-08-03
2026-08-09,200365,"VARUS, Північно-Кільцева вулиця, 10а,",Zaporizhia,0.0,8,0,0,8,514.55,700.9333333333333,1,8.5758,11.6822,73.41,,100.0,EUR,2026-08-03
2026-08-09,200385,"VARUS, Харківське Шосе 160",Kyiv,121.977215,7,7,1,0,700.9333333333333,700.9333333333333,1,11.6822,11.6822,100.0,14.29,0.0,EUR,2026-08-03
2026-08-09,200358,"VARUS, бул. Європейський 1Д",Dnipro,97.231946,9,7,3,2,660.9333333333333,660.9333333333333,1,11.0156,11.0156,100.0,42.86,22.22,EUR,2026-08-03
2026-08-09,200372,"VARUS, бул.Будівельників 27а",Kamianske,17.275801,2,1,1,1,600.9333333333333,600.9333333333333,1,10.0156,10.0156,100.0,100.0,50.0,EUR,2026-08-03
2026-08-09,200355,"VARUS, вул Березинская 23а",Dnipro,58.647964,6,6,2,0,700.9333333333333,700.9333333333333,1,11.6822,11.6822,100.0,33.33,0.0,EUR,2026-08-03
2026-08-09,200393,"VARUS, вул. 200 річчя Кривого Рогу",Kryvyi Rih,183.633788,12,12,3,0,700.9333333333333,700.9333333333333,1,11.6822,11.6822,100.0,25.0,0.0,EUR,2026-08-03
2026-08-09,200397,"VARUS, вул. Івана Авраменко 21В",Kryvyi Rih,135.280627,10,9,1,1,700.9333333333333,700.9333333333333,1,11.6822,11.6822,100.0,11.11,10.0,EUR,2026-08-03
2026-08-09,200376,"VARUS, вул. Волинська 37",Kyiv,0.0,0,0,0,0,0.0,660.9333333333333,1,0.0,11.0156,0.0,,,EUR,2026-08-03
2026-08-09,200401,"VARUS, вул. Дача Ковалевського 91",Odesa,0.0,0,0,0,0,700.9333333333333,700.9333333333333,1,11.6822,11.6822,100.0,,,EUR,2026-08-03
2026-08-09,200378,"VARUS, вул. Деміївська 27",Kyiv,90.750837,6,6,0,0,700.9333333333333,700.9333333333333,1,11.6822,11.6822,100.0,0.0,0.0,EUR,2026-08-03
2026-08-09,200387,"VARUS, вул. Драгаманова 40г",Kyiv,32.351558,3,3,0,0,700.9333333333333,700.9333333333333,1,11.6822,11.6822,100.0,0.0,0.0,EUR,2026-08-03
2026-08-09,200391,"VARUS, вул. Жилянська 59",Kyiv,321.603896,14,14,5,0,700.9333333333333,700.9333333333333,1,11.6822,11.6822,100.0,35.71,0.0,EUR,2026-08-03
2026-08-09,200384,"VARUS, вул. Костянтинівська 2А",Kyiv,107.668219,8,7,0,1,700.9333333333333,700.9333333333333,1,11.6822,11.6822,100.0,0.0,12.5,EUR,2026-08-03
2026-08-09,200388,"VARUS, вул. Лесі Українки 30",Kyiv,0.0,0,0,0,0,700.9333333333333,700.9333333333333,1,11.6822,11.6822,100.0,,,EUR,2026-08-03
2026-08-09,200398,"VARUS, вул. Недєліна 43",Kryvyi Rih,0.0,0,0,0,0,700.9333333333333,700.9333333333333,1,11.6822,11.6822,100.0,,,EUR,2026-08-03
2026-08-09,200371,"VARUS, вул. Ольги Кобилянської 1В/23",Irpin,157.948354,10,10,4,0,700.9333333333333,700.9333333333333,1,11.6822,11.6822,100.0,40.0,0.0,EUR,2026-08-03
2026-08-09,200351,"VARUS, вул. Паникахи 15",Dnipro,205.358058,14,13,1,1,700.9333333333333,700.9333333333333,1,11.6822,11.6822,100.0,7.69,7.14,EUR,2026-08-03
2026-08-09,200403,"VARUS, вул. Соборна 97А",Pavlohrad,30.643273,2,2,0,0,640.9333333333333,640.9333333333333,1,10.6822,10.6822,100.0,0.0,0.0,EUR,2026-08-03
2026-08-09,200389,"VARUS, вул. Срібнокільска 11",Kyiv,46.329035,4,4,2,0,720.9333333333333,720.9333333333333,1,12.0156,12.0156,100.0,50.0,0.0,EUR,2026-08-03
2026-08-09,200381,"VARUS, вул. Тютюника 39-А",Kyiv,233.492804,19,18,0,1,700.9333333333333,700.9333333333333,1,11.6822,11.6822,100.0,0.0,5.26,EUR,2026-08-03
2026-08-09,200366,"VARUS, вул. Яценка 2",Zaporizhia,75.287632,7,6,1,1,700.9333333333333,700.9333333333333,1,11.6822,11.6822,100.0,16.67,14.29,EUR,2026-08-03
2026-08-09,200352,"VARUS, вул.20річчя Перемоги  43Д",Dnipro,0.0,0,0,0,0,700.9333333333333,700.9333333333333,1,11.6822,11.6822,100.0,,,EUR,2026-08-03
2026-08-09,200375,"VARUS, вул.Андрія Малишко,3",Kyiv,357.07573,24,21,5,3,700.9333333333333,700.9333333333333,1,11.6822,11.6822,100.0,23.81,12.5,EUR,2026-08-03
2026-08-09,200379,"VARUS, вул.Бажана 10-А",Kyiv,0.0,1,0,0,1,700.9333333333333,700.9333333333333,1,11.6822,11.6822,100.0,,100.0,EUR,2026-08-03
2026-08-09,200382,"VARUS, вул.Васильківска 34",Kyiv,427.045753,28,27,4,1,700.9333333333333,700.9333333333333,1,11.6822,11.6822,100.0,14.81,3.57,EUR,2026-08-03
2026-08-09,200386,"VARUS, вул.Вишгородска 45а",Kyiv,554.087828,29,28,6,1,660.9333333333333,660.9333333333333,1,11.0156,11.0156,100.0,21.43,3.45,EUR,2026-08-03
2026-08-09,200350,"VARUS, вул.Глинки 2",Dnipro,223.698075,13,13,1,0,700.9333333333333,700.9333333333333,1,11.6822,11.6822,100.0,7.69,0.0,EUR,2026-08-03
2026-08-09,200349,"VARUS, вул.Дніпровская 1",Vyshhorod,74.476164,4,4,0,0,700.9333333333333,700.9333333333333,1,11.6822,11.6822,100.0,0.0,0.0,EUR,2026-08-03
2026-08-09,200354,"VARUS, вул.Калиновая 9А",Dnipro,329.594921,20,19,1,1,700.9333333333333,700.9333333333333,1,11.6822,11.6822,100.0,5.26,5.0,EUR,2026-08-03
2026-08-09,200348,"VARUS, вул.Київська 239",Brovary,188.840699,14,14,0,0,700.9333333333333,700.9333333333333,1,11.6822,11.6822,100.0,0.0,0.0,EUR,2026-08-03
2026-08-09,200353,"VARUS, вул.Коммунарівська буд. 8",Dnipro,76.820775,4,4,2,0,700.9333333333333,700.9333333333333,1,11.6822,11.6822,100.0,50.0,0.0,EUR,2026-08-03
2026-08-09,200361,"VARUS, вул.Марії Кюрі 5",Dnipro,115.021376,8,7,0,1,700.9333333333333,700.9333333333333,1,11.6822,11.6822,100.0,0.0,12.5,EUR,2026-08-03
2026-08-09,200370,"VARUS, вул.Незалежної України 57В",Zaporizhia,58.468563,5,5,0,0,700.9333333333333,700.9333333333333,1,11.6822,11.6822,100.0,0.0,0.0,EUR,2026-08-03
2026-08-09,200404,"VARUS, вул.Нова 2В",Pavlohrad,161.51491,4,4,0,0,640.9333333333333,640.9333333333333,1,10.6822,10.6822,100.0,0.0,0.0,EUR,2026-08-03
2026-08-09,200363,"VARUS, вул.Робоча 67",Dnipro,252.780344,15,15,3,0,700.9333333333333,700.9333333333333,1,11.6822,11.6822,100.0,20.0,0.0,EUR,2026-08-03
2026-08-09,200369,"VARUS, вул.Тараса Шевченка 7",Kamianske,0.0,0,0,0,0,600.9333333333333,600.9333333333333,1,10.0156,10.0156,100.0,,,EUR,2026-08-03
2026-08-09,200395,"VARUS, вул.Терещенко 1Е",Kryvyi Rih,0.0,0,0,0,0,700.9333333333333,700.9333333333333,1,11.6822,11.6822,100.0,,,EUR,2026-08-03
2026-08-09,200402,"VARUS, вул.Французький бульвар 22",Odesa,52.92936,5,4,0,1,700.9333333333333,700.9333333333333,1,11.6822,11.6822,100.0,0.0,20.0,EUR,2026-08-03
2026-08-09,200396,"VARUS, мкр Сонячний 41а",Kryvyi Rih,58.165494,4,4,1,0,700.9333333333333,700.9333333333333,1,11.6822,11.6822,100.0,25.0,0.0,EUR,2026-08-03
2026-08-09,200362,"VARUS, пр. Івана Мазепи, 58",Dnipro,20.556901,2,2,1,0,700.9333333333333,700.9333333333333,1,11.6822,11.6822,100.0,50.0,0.0,EUR,2026-08-03
2026-08-09,200373,"VARUS, пр. Академіка Паладіна 16/39",Kyiv,508.195588,26,26,3,0,700.9333333333333,700.9333333333333,1,11.6822,11.6822,100.0,11.54,0.0,EUR,2026-08-03
2026-08-09,200368,"VARUS, пр. Героїв 2",Dnipro,204.749406,16,15,0,1,700.9333333333333,700.9333333333333,1,11.6822,11.6822,100.0,0.0,6.25,EUR,2026-08-03
2026-08-09,200408,"VARUS, пр. Гуляєва полковника ж.м. ""Дружний"" буд. 107/1",Odesa,44.869241,2,2,0,0,700.9333333333333,700.9333333333333,1,11.6822,11.6822,100.0,0.0,0.0,EUR,2026-08-03
2026-08-09,200399,"VARUS, пр. Добровольського 122/1",Odesa,5.166271,1,1,0,0,700.9333333333333,700.9333333333333,1,11.6822,11.6822,100.0,0.0,0.0,EUR,2026-08-03
2026-08-09,862701,"VARUS, пр. Коцюбинського, 70",Vinnytsia,438.187827,36,32,11,4,700.9333333333333,700.9333333333333,1,11.6822,11.6822,100.0,34.38,11.11,EUR,2026-08-03
2026-08-09,200394,"VARUS, пр. Металургів 42А",Kryvyi Rih,80.486806,5,4,0,1,303.9,700.9333333333333,1,5.065,11.6822,43.36,0.0,20.0,EUR,2026-08-03
2026-08-09,200380,"VARUS, пр. Миколи Бажана 38",Kyiv,78.561766,6,6,1,0,700.9333333333333,700.9333333333333,1,11.6822,11.6822,100.0,16.67,0.0,EUR,2026-08-03
2026-08-09,200359,"VARUS, пр. О. Поля, 104а",Dnipro,0.0,0,0,0,0,0.0,0.0,1,0.0,0.0,,,,EUR,2026-08-03
2026-08-09,198953,"VARUS, пр. Олександра Поля, 104",Dnipro,100.785731,8,7,0,1,700.9333333333333,700.9333333333333,1,11.6822,11.6822,100.0,0.0,12.5,EUR,2026-08-03
2026-08-09,200357,"VARUS, пр.Науки 8а",Dnipro,345.066057,17,16,7,1,700.9333333333333,700.9333333333333,1,11.6822,11.6822,100.0,43.75,5.88,EUR,2026-08-03
2026-08-09,200377,"VARUS, пр.Оболонський 47/42",Kyiv,81.195122,6,6,1,0,700.9333333333333,700.9333333333333,1,11.6822,11.6822,100.0,16.67,0.0,EUR,2026-08-03
2026-08-09,200360,"VARUS, проспект Слобожанський 86",Dnipro,40.709905,3,3,0,0,700.9333333333333,700.9333333333333,1,11.6822,11.6822,100.0,0.0,0.0,EUR,2026-08-03
2026-08-10,200367,"VARUS вул.Петра Сагайдачного, 7",Zaporizhia,62.980774,4,4,0,0,701.0,701.0,1,11.6833,11.6833,100.0,0.0,0.0,EUR,2026-08-10
2026-08-10,200390,"VARUS, 5-й Зарічний, д.19",Kryvyi Rih,81.411922,4,4,1,0,701.0,701.0,1,11.6833,11.6833,100.0,25.0,0.0,EUR,2026-08-10
2026-08-10,200383,"VARUS, Вулиця Героїв полку Азов, 12",Kyiv,139.476662,8,8,0,0,701.0,701.0,1,11.6833,11.6833,100.0,0.0,0.0,EUR,2026-08-10
2026-08-10,200364,"VARUS, Донецьке шосcе 110",Dnipro,23.225509,2,2,0,0,701.0,701.0,1,11.6833,11.6833,100.0,0.0,0.0,EUR,2026-08-10
2026-08-10,200356,"VARUS, Донецьке шосcе 9а",Dnipro,48.425644,4,4,0,0,701.0,701.0,1,11.6833,11.6833,100.0,0.0,0.0,EUR,2026-08-10
2026-08-10,200400,"VARUS, Люстдорфська дорога 114",Odesa,18.72738,1,1,0,0,319.4166666666667,700.8666666666667,1,5.3236,11.6811,45.57,0.0,0.0,EUR,2026-08-10
2026-08-10,200392,"VARUS, Площа Шахтарської Слави 1",Kryvyi Rih,0.0,0,0,0,0,0.0,701.0,1,0.0,11.6833,0.0,,,EUR,2026-08-10
2026-08-10,200374,"VARUS, Проспект Червоної Калини 44A",Kyiv,177.521757,10,10,2,0,701.0,701.0,1,11.6833,11.6833,100.0,20.0,0.0,EUR,2026-08-10
2026-08-10,200365,"VARUS, Північно-Кільцева вулиця, 10а,",Zaporizhia,0.0,0,0,0,0,0.0,701.0,1,0.0,11.6833,0.0,,,EUR,2026-08-10
2026-08-10,200385,"VARUS, Харківське Шосе 160",Kyiv,134.143695,9,9,1,0,701.0,701.0,1,11.6833,11.6833,100.0,11.11,0.0,EUR,2026-08-10
2026-08-10,200358,"VARUS, бул. Європейський 1Д",Dnipro,223.053269,13,13,4,0,661.0,661.0,1,11.0167,11.0167,100.0,30.77,0.0,EUR,2026-08-10
2026-08-10,200372,"VARUS, бул.Будівельників 27а",Kamianske,0.0,1,0,0,1,601.0,601.0,1,10.0167,10.0167,100.0,,100.0,EUR,2026-08-10
2026-08-10,200355,"VARUS, вул Березинская 23а",Dnipro,27.189876,3,2,0,1,701.0,701.0,1,11.6833,11.6833,100.0,0.0,33.33,EUR,2026-08-10
2026-08-10,200393,"VARUS, вул. 200 річчя Кривого Рогу",Kryvyi Rih,78.375193,8,7,2,1,701.0,701.0,1,11.6833,11.6833,100.0,28.57,12.5,EUR,2026-08-10
2026-08-10,200397,"VARUS, вул. Івана Авраменко 21В",Kryvyi Rih,251.631511,15,15,4,0,701.0,701.0,1,11.6833,11.6833,100.0,26.67,0.0,EUR,2026-08-10
2026-08-10,200376,"VARUS, вул. Волинська 37",Kyiv,0.0,0,0,0,0,0.0,661.0,1,0.0,11.0167,0.0,,,EUR,2026-08-10
2026-08-10,200401,"VARUS, вул. Дача Ковалевського 91",Odesa,0.0,0,0,0,0,701.0,701.0,1,11.6833,11.6833,100.0,,,EUR,2026-08-10
2026-08-10,200378,"VARUS, вул. Деміївська 27",Kyiv,214.369911,9,9,2,0,701.0,701.0,1,11.6833,11.6833,100.0,22.22,0.0,EUR,2026-08-10
2026-08-10,200387,"VARUS, вул. Драгаманова 40г",Kyiv,34.393236,3,3,1,0,701.0,701.0,1,11.6833,11.6833,100.0,33.33,0.0,EUR,2026-08-10
2026-08-10,200391,"VARUS, вул. Жилянська 59",Kyiv,510.724637,26,26,7,0,701.0,701.0,1,11.6833,11.6833,100.0,26.92,0.0,EUR,2026-08-10
2026-08-10,200384,"VARUS, вул. Костянтинівська 2А",Kyiv,143.819019,7,7,0,0,701.0,701.0,1,11.6833,11.6833,100.0,0.0,0.0,EUR,2026-08-10
2026-08-10,200388,"VARUS, вул. Лесі Українки 30",Kyiv,0.0,0,0,0,0,701.0,701.0,1,11.6833,11.6833,100.0,,,EUR,2026-08-10
2026-08-10,200398,"VARUS, вул. Недєліна 43",Kryvyi Rih,0.0,0,0,0,0,701.0,701.0,1,11.6833,11.6833,100.0,,,EUR,2026-08-10
2026-08-10,200371,"VARUS, вул. Ольги Кобилянської 1В/23",Irpin,251.532699,15,15,3,0,701.0,701.0,1,11.6833,11.6833,100.0,20.0,0.0,EUR,2026-08-10
2026-08-10,200351,"VARUS, вул. Паникахи 15",Dnipro,117.573257,10,10,2,0,701.0,701.0,1,11.6833,11.6833,100.0,20.0,0.0,EUR,2026-08-10
2026-08-10,200403,"VARUS, вул. Соборна 97А",Pavlohrad,27.945086,3,3,0,0,641.0,641.0,1,10.6833,10.6833,100.0,0.0,0.0,EUR,2026-08-10
2026-08-10,200389,"VARUS, вул. Срібнокільска 11",Kyiv,178.299055,8,8,0,0,721.0,721.0,1,12.0167,12.0167,100.0,0.0,0.0,EUR,2026-08-10
2026-08-10,200381,"VARUS, вул. Тютюника 39-А",Kyiv,168.315678,12,12,0,0,701.0,701.0,1,11.6833,11.6833,100.0,0.0,0.0,EUR,2026-08-10
2026-08-10,200366,"VARUS, вул. Яценка 2",Zaporizhia,156.614578,11,10,1,1,701.0,701.0,1,11.6833,11.6833,100.0,10.0,9.09,EUR,2026-08-10
2026-08-10,200352,"VARUS, вул.20річчя Перемоги  43Д",Dnipro,0.0,0,0,0,0,701.0,701.0,1,11.6833,11.6833,100.0,,,EUR,2026-08-10
2026-08-10,200375,"VARUS, вул.Андрія Малишко,3",Kyiv,270.511946,16,12,6,4,499.48333333333335,701.0,1,8.3247,11.6833,71.25,50.0,25.0,EUR,2026-08-10
2026-08-10,200379,"VARUS, вул.Бажана 10-А",Kyiv,5.747576,3,1,0,2,701.0,701.0,1,11.6833,11.6833,100.0,0.0,66.67,EUR,2026-08-10
2026-08-10,200382,"VARUS, вул.Васильківска 34",Kyiv,369.7083,24,22,2,2,701.0,701.0,1,11.6833,11.6833,100.0,9.09,8.33,EUR,2026-08-10
2026-08-10,200386,"VARUS, вул.Вишгородска 45а",Kyiv,207.803768,18,18,5,0,661.0,661.0,1,11.0167,11.0167,100.0,27.78,0.0,EUR,2026-08-10
2026-08-10,200350,"VARUS, вул.Глинки 2",Dnipro,40.466494,4,3,1,1,701.0,701.0,1,11.6833,11.6833,100.0,33.33,25.0,EUR,2026-08-10
2026-08-10,200349,"VARUS, вул.Дніпровская 1",Vyshhorod,35.530701,4,4,0,0,701.0,701.0,1,11.6833,11.6833,100.0,0.0,0.0,EUR,2026-08-10
2026-08-10,200354,"VARUS, вул.Калиновая 9А",Dnipro,240.618003,17,15,4,2,701.0,701.0,1,11.6833,11.6833,100.0,26.67,11.76,EUR,2026-08-10
2026-08-10,200348,"VARUS, вул.Київська 239",Brovary,169.888674,14,13,2,1,701.0,701.0,1,11.6833,11.6833,100.0,15.38,7.14,EUR,2026-08-10
2026-08-10,200353,"VARUS, вул.Коммунарівська буд. 8",Dnipro,89.985043,6,6,2,0,701.0,701.0,1,11.6833,11.6833,100.0,33.33,0.0,EUR,2026-08-10
2026-08-10,200361,"VARUS, вул.Марії Кюрі 5",Dnipro,199.748329,14,14,3,0,701.0,701.0,1,11.6833,11.6833,100.0,21.43,0.0,EUR,2026-08-10
2026-08-10,200370,"VARUS, вул.Незалежної України 57В",Zaporizhia,68.939337,2,2,0,0,701.0,701.0,1,11.6833,11.6833,100.0,0.0,0.0,EUR,2026-08-10
2026-08-10,200404,"VARUS, вул.Нова 2В",Pavlohrad,48.614156,2,1,0,1,641.0,641.0,1,10.6833,10.6833,100.0,0.0,50.0,EUR,2026-08-10
2026-08-10,200363,"VARUS, вул.Робоча 67",Dnipro,138.755356,13,12,0,1,701.0,701.0,1,11.6833,11.6833,100.0,0.0,7.69,EUR,2026-08-10
2026-08-10,200369,"VARUS, вул.Тараса Шевченка 7",Kamianske,30.207033,2,2,0,0,601.0,601.0,1,10.0167,10.0167,100.0,0.0,0.0,EUR,2026-08-10
2026-08-10,200395,"VARUS, вул.Терещенко 1Е",Kryvyi Rih,0.0,0,0,0,0,701.0,701.0,1,11.6833,11.6833,100.0,,,EUR,2026-08-10
2026-08-10,200402,"VARUS, вул.Французький бульвар 22",Odesa,68.586916,5,3,2,2,701.0,701.0,1,11.6833,11.6833,100.0,66.67,40.0,EUR,2026-08-10
2026-08-10,200396,"VARUS, мкр Сонячний 41а",Kryvyi Rih,40.023599,1,1,0,0,701.0,701.0,1,11.6833,11.6833,100.0,0.0,0.0,EUR,2026-08-10
2026-08-10,200362,"VARUS, пр. Івана Мазепи, 58",Dnipro,15.242139,2,1,0,1,701.0,701.0,1,11.6833,11.6833,100.0,0.0,50.0,EUR,2026-08-10
2026-08-10,200373,"VARUS, пр. Академіка Паладіна 16/39",Kyiv,407.614875,17,17,6,0,701.0,701.0,1,11.6833,11.6833,100.0,35.29,0.0,EUR,2026-08-10
2026-08-10,200368,"VARUS, пр. Героїв 2",Dnipro,265.446927,15,15,0,0,701.0,701.0,1,11.6833,11.6833,100.0,0.0,0.0,EUR,2026-08-10
2026-08-10,200408,"VARUS, пр. Гуляєва полковника ж.м. ""Дружний"" буд. 107/1",Odesa,0.0,0,0,0,0,701.0,701.0,1,11.6833,11.6833,100.0,,,EUR,2026-08-10
2026-08-10,200399,"VARUS, пр. Добровольського 122/1",Odesa,29.695553,3,3,1,0,701.0,701.0,1,11.6833,11.6833,100.0,33.33,0.0,EUR,2026-08-10
2026-08-10,862701,"VARUS, пр. Коцюбинського, 70",Vinnytsia,468.922092,27,26,3,1,701.0,701.0,1,11.6833,11.6833,100.0,11.54,3.7,EUR,2026-08-10
2026-08-10,200394,"VARUS, пр. Металургів 42А",Kryvyi Rih,0.0,0,0,0,0,0.0,701.0,1,0.0,11.6833,0.0,,,EUR,2026-08-10
2026-08-10,200380,"VARUS, пр. Миколи Бажана 38",Kyiv,56.348954,6,6,0,0,701.0,701.0,1,11.6833,11.6833,100.0,0.0,0.0,EUR,2026-08-10
2026-08-10,200359,"VARUS, пр. О. Поля, 104а",Dnipro,0.0,0,0,0,0,0.0,0.0,1,0.0,0.0,,,,EUR,2026-08-10
2026-08-10,198953,"VARUS, пр. Олександра Поля, 104",Dnipro,158.879818,12,12,2,0,701.0,701.0,1,11.6833,11.6833,100.0,16.67,0.0,EUR,2026-08-10
2026-08-10,200357,"VARUS, пр.Науки 8а",Dnipro,333.7812,18,16,10,2,701.0,701.0,1,11.6833,11.6833,100.0,62.5,11.11,EUR,2026-08-10
2026-08-10,200377,"VARUS, пр.Оболонський 47/42",Kyiv,29.677147,3,3,1,0,701.0,701.0,1,11.6833,11.6833,100.0,33.33,0.0,EUR,2026-08-10
2026-08-10,200360,"VARUS, проспект Слобожанський 86",Dnipro,36.787122,4,4,2,0,701.0,701.0,1,11.6833,11.6833,100.0,50.0,0.0,EUR,2026-08-10
2026-08-11,200367,"VARUS вул.Петра Сагайдачного, 7",Zaporizhia,68.354529,6,6,2,0,701.0,701.0,1,11.6833,11.6833,100.0,33.33,0.0,EUR,2026-08-10
2026-08-11,200390,"VARUS, 5-й Зарічний, д.19",Kryvyi Rih,67.98625,5,5,1,0,701.0,701.0,1,11.6833,11.6833,100.0,20.0,0.0,EUR,2026-08-10
2026-08-11,200383,"VARUS, Вулиця Героїв полку Азов, 12",Kyiv,181.332138,13,12,0,1,701.0,701.0,1,11.6833,11.6833,100.0,0.0,7.69,EUR,2026-08-10
2026-08-11,200364,"VARUS, Донецьке шосcе 110",Dnipro,18.6781,2,2,0,0,701.0,701.0,1,11.6833,11.6833,100.0,0.0,0.0,EUR,2026-08-10
2026-08-11,200356,"VARUS, Донецьке шосcе 9а",Dnipro,158.570921,8,8,0,0,701.0,701.0,1,11.6833,11.6833,100.0,0.0,0.0,EUR,2026-08-10
2026-08-11,200400,"VARUS, Люстдорфська дорога 114",Odesa,0.0,0,0,0,0,0.0,701.0,1,0.0,11.6833,0.0,,,EUR,2026-08-10
2026-08-11,200392,"VARUS, Площа Шахтарської Слави 1",Kryvyi Rih,0.0,0,0,0,0,0.0,701.0,1,0.0,11.6833,0.0,,,EUR,2026-08-10
2026-08-11,200374,"VARUS, Проспект Червоної Калини 44A",Kyiv,309.46902,20,20,1,0,701.0,701.0,1,11.6833,11.6833,100.0,5.0,0.0,EUR,2026-08-10
2026-08-11,200365,"VARUS, Північно-Кільцева вулиця, 10а,",Zaporizhia,0.0,0,0,0,0,0.0,701.0,1,0.0,11.6833,0.0,,,EUR,2026-08-10
2026-08-11,200385,"VARUS, Харківське Шосе 160",Kyiv,194.026438,13,13,5,0,701.0,701.0,1,11.6833,11.6833,100.0,38.46,0.0,EUR,2026-08-10
2026-08-11,200358,"VARUS, бул. Європейський 1Д",Dnipro,87.087087,8,7,1,1,661.0,661.0,1,11.0167,11.0167,100.0,14.29,12.5,EUR,2026-08-10
2026-08-11,200372,"VARUS, бул.Будівельників 27а",Kamianske,0.0,0,0,0,0,601.0,601.0,1,10.0167,10.0167,100.0,,,EUR,2026-08-10
2026-08-11,200355,"VARUS, вул Березинская 23а",Dnipro,127.866515,9,8,0,1,701.0,701.0,1,11.6833,11.6833,100.0,0.0,11.11,EUR,2026-08-10
2026-08-11,200393,"VARUS, вул. 200 річчя Кривого Рогу",Kryvyi Rih,30.351574,2,2,0,0,701.0,701.0,1,11.6833,11.6833,100.0,0.0,0.0,EUR,2026-08-10
2026-08-11,200397,"VARUS, вул. Івана Авраменко 21В",Kryvyi Rih,252.950378,26,18,1,8,701.0,701.0,1,11.6833,11.6833,100.0,5.56,30.77,EUR,2026-08-10
2026-08-11,200376,"VARUS, вул. Волинська 37",Kyiv,0.0,0,0,0,0,0.0,661.0,1,0.0,11.0167,0.0,,,EUR,2026-08-10
2026-08-11,200401,"VARUS, вул. Дача Ковалевського 91",Odesa,0.0,0,0,0,0,701.0,701.0,1,11.6833,11.6833,100.0,,,EUR,2026-08-10
2026-08-11,200378,"VARUS, вул. Деміївська 27",Kyiv,163.622723,12,11,2,1,701.0,701.0,1,11.6833,11.6833,100.0,18.18,8.33,EUR,2026-08-10
2026-08-11,200387,"VARUS, вул. Драгаманова 40г",Kyiv,49.94023,4,3,0,1,701.0,701.0,1,11.6833,11.6833,100.0,0.0,25.0,EUR,2026-08-10
2026-08-11,200391,"VARUS, вул. Жилянська 59",Kyiv,334.594787,20,20,4,0,701.0,701.0,1,11.6833,11.6833,100.0,20.0,0.0,EUR,2026-08-10
2026-08-11,200384,"VARUS, вул. Костянтинівська 2А",Kyiv,199.815186,13,13,2,0,701.0,701.0,1,11.6833,11.6833,100.0,15.38,0.0,EUR,2026-08-10
2026-08-11,200388,"VARUS, вул. Лесі Українки 30",Kyiv,0.0,0,0,0,0,701.0,701.0,1,11.6833,11.6833,100.0,,,EUR,2026-08-10
2026-08-11,200398,"VARUS, вул. Недєліна 43",Kryvyi Rih,0.0,0,0,0,0,701.0,701.0,1,11.6833,11.6833,100.0,,,EUR,2026-08-10
2026-08-11,200371,"VARUS, вул. Ольги Кобилянської 1В/23",Irpin,240.523738,18,17,2,1,701.0,701.0,1,11.6833,11.6833,100.0,11.76,5.56,EUR,2026-08-10
2026-08-11,200351,"VARUS, вул. Паникахи 15",Dnipro,208.535098,13,12,3,1,701.0,701.0,1,11.6833,11.6833,100.0,25.0,7.69,EUR,2026-08-10
2026-08-11,200403,"VARUS, вул. Соборна 97А",Pavlohrad,71.29612,4,4,0,0,641.0,641.0,1,10.6833,10.6833,100.0,0.0,0.0,EUR,2026-08-10
2026-08-11,200389,"VARUS, вул. Срібнокільска 11",Kyiv,117.852516,6,6,0,0,721.0,721.0,1,12.0167,12.0167,100.0,0.0,0.0,EUR,2026-08-10
2026-08-11,200381,"VARUS, вул. Тютюника 39-А",Kyiv,156.217761,10,9,0,1,701.0,701.0,1,11.6833,11.6833,100.0,0.0,10.0,EUR,2026-08-10
2026-08-11,200366,"VARUS, вул. Яценка 2",Zaporizhia,155.326707,7,7,2,0,701.0,701.0,1,11.6833,11.6833,100.0,28.57,0.0,EUR,2026-08-10
2026-08-11,200352,"VARUS, вул.20річчя Перемоги  43Д",Dnipro,0.0,0,0,0,0,701.0,701.0,1,11.6833,11.6833,100.0,,,EUR,2026-08-10
2026-08-11,200375,"VARUS, вул.Андрія Малишко,3",Kyiv,0.0,0,0,0,0,0.0,701.0,1,0.0,11.6833,0.0,,,EUR,2026-08-10
2026-08-11,200379,"VARUS, вул.Бажана 10-А",Kyiv,30.399853,3,3,0,0,701.0,701.0,1,11.6833,11.6833,100.0,0.0,0.0,EUR,2026-08-10
2026-08-11,200382,"VARUS, вул.Васильківска 34",Kyiv,181.230747,11,11,1,0,486.53333333333336,700.9166666666666,1,8.1089,11.6819,69.41,9.09,0.0,EUR,2026-08-10
2026-08-11,200386,"VARUS, вул.Вишгородска 45а",Kyiv,260.460205,16,16,2,0,661.0,661.0,1,11.0167,11.0167,100.0,12.5,0.0,EUR,2026-08-10
2026-08-11,200350,"VARUS, вул.Глинки 2",Dnipro,198.949044,15,14,3,1,701.0,701.0,1,11.6833,11.6833,100.0,21.43,6.67,EUR,2026-08-10
2026-08-11,200349,"VARUS, вул.Дніпровская 1",Vyshhorod,52.332011,4,4,0,0,701.0,701.0,1,11.6833,11.6833,100.0,0.0,0.0,EUR,2026-08-10
2026-08-11,200354,"VARUS, вул.Калиновая 9А",Dnipro,214.458252,20,15,3,5,701.0,701.0,1,11.6833,11.6833,100.0,20.0,25.0,EUR,2026-08-10
2026-08-11,200348,"VARUS, вул.Київська 239",Brovary,174.422908,12,12,0,0,701.0,701.0,1,11.6833,11.6833,100.0,0.0,0.0,EUR,2026-08-10
2026-08-11,200353,"VARUS, вул.Коммунарівська буд. 8",Dnipro,71.646823,7,7,1,0,701.0,701.0,1,11.6833,11.6833,100.0,14.29,0.0,EUR,2026-08-10
2026-08-11,200361,"VARUS, вул.Марії Кюрі 5",Dnipro,99.426822,7,6,0,1,701.0,701.0,1,11.6833,11.6833,100.0,0.0,14.29,EUR,2026-08-10
2026-08-11,200370,"VARUS, вул.Незалежної України 57В",Zaporizhia,112.22541,5,5,0,0,701.0,701.0,1,11.6833,11.6833,100.0,0.0,0.0,EUR,2026-08-10
2026-08-11,200404,"VARUS, вул.Нова 2В",Pavlohrad,57.465891,3,3,0,0,641.0,641.0,1,10.6833,10.6833,100.0,0.0,0.0,EUR,2026-08-10
2026-08-11,200363,"VARUS, вул.Робоча 67",Dnipro,188.86919,15,15,1,0,701.0,701.0,1,11.6833,11.6833,100.0,6.67,0.0,EUR,2026-08-10
2026-08-11,200369,"VARUS, вул.Тараса Шевченка 7",Kamianske,0.0,0,0,0,0,601.0,601.0,1,10.0167,10.0167,100.0,,,EUR,2026-08-10
2026-08-11,200395,"VARUS, вул.Терещенко 1Е",Kryvyi Rih,0.0,0,0,0,0,701.0,701.0,1,11.6833,11.6833,100.0,,,EUR,2026-08-10
2026-08-11,200402,"VARUS, вул.Французький бульвар 22",Odesa,61.939883,5,5,1,0,701.0,701.0,1,11.6833,11.6833,100.0,20.0,0.0,EUR,2026-08-10
2026-08-11,200396,"VARUS, мкр Сонячний 41а",Kryvyi Rih,28.079912,2,2,1,0,701.0,701.0,1,11.6833,11.6833,100.0,50.0,0.0,EUR,2026-08-10
2026-08-11,200362,"VARUS, пр. Івана Мазепи, 58",Dnipro,41.320163,3,3,2,0,701.0,701.0,1,11.6833,11.6833,100.0,66.67,0.0,EUR,2026-08-10
2026-08-11,200373,"VARUS, пр. Академіка Паладіна 16/39",Kyiv,308.826508,16,15,1,1,701.0,701.0,1,11.6833,11.6833,100.0,6.67,6.25,EUR,2026-08-10
2026-08-11,200368,"VARUS, пр. Героїв 2",Dnipro,148.755057,12,11,1,1,701.0,701.0,1,11.6833,11.6833,100.0,9.09,8.33,EUR,2026-08-10
2026-08-11,200408,"VARUS, пр. Гуляєва полковника ж.м. ""Дружний"" буд. 107/1",Odesa,42.78246,5,4,0,1,701.0,701.0,1,11.6833,11.6833,100.0,0.0,20.0,EUR,2026-08-10
2026-08-11,200399,"VARUS, пр. Добровольського 122/1",Odesa,6.493632,1,1,1,0,701.0,701.0,1,11.6833,11.6833,100.0,100.0,0.0,EUR,2026-08-10
2026-08-11,862701,"VARUS, пр. Коцюбинського, 70",Vinnytsia,807.041705,46,44,5,2,701.0,701.0,1,11.6833,11.6833,100.0,11.36,4.35,EUR,2026-08-10
2026-08-11,200394,"VARUS, пр. Металургів 42А",Kryvyi Rih,0.0,0,0,0,0,0.0,701.0,1,0.0,11.6833,0.0,,,EUR,2026-08-10
2026-08-11,200380,"VARUS, пр. Миколи Бажана 38",Kyiv,132.614155,9,7,1,2,701.0,701.0,1,11.6833,11.6833,100.0,14.29,22.22,EUR,2026-08-10
2026-08-11,200359,"VARUS, пр. О. Поля, 104а",Dnipro,0.0,0,0,0,0,0.0,0.0,1,0.0,0.0,,,,EUR,2026-08-10
2026-08-11,198953,"VARUS, пр. Олександра Поля, 104",Dnipro,137.694349,11,10,2,1,701.0,701.0,1,11.6833,11.6833,100.0,20.0,9.09,EUR,2026-08-10
2026-08-11,200357,"VARUS, пр.Науки 8а",Dnipro,260.262062,18,18,1,0,701.0,701.0,1,11.6833,11.6833,100.0,5.56,0.0,EUR,2026-08-10
2026-08-11,200377,"VARUS, пр.Оболонський 47/42",Kyiv,9.286714,1,1,0,0,701.0,701.0,1,11.6833,11.6833,100.0,0.0,0.0,EUR,2026-08-10
2026-08-11,200360,"VARUS, проспект Слобожанський 86",Dnipro,30.209052,4,4,1,0,701.0,701.0,1,11.6833,11.6833,100.0,25.0,0.0,EUR,2026-08-10
2026-08-12,200367,"VARUS вул.Петра Сагайдачного, 7",Zaporizhia,90.407789,5,5,4,0,701.0,701.0,1,11.6833,11.6833,100.0,80.0,0.0,EUR,2026-08-10
2026-08-12,200390,"VARUS, 5-й Зарічний, д.19",Kryvyi Rih,21.340155,3,3,0,0,701.0,701.0,1,11.6833,11.6833,100.0,0.0,0.0,EUR,2026-08-10
2026-08-12,200383,"VARUS, Вулиця Героїв полку Азов, 12",Kyiv,327.993206,17,16,0,1,701.0,701.0,1,11.6833,11.6833,100.0,0.0,5.88,EUR,2026-08-10
2026-08-12,200364,"VARUS, Донецьке шосcе 110",Dnipro,32.351231,3,3,0,0,701.0,701.0,1,11.6833,11.6833,100.0,0.0,0.0,EUR,2026-08-10
2026-08-12,200356,"VARUS, Донецьке шосcе 9а",Dnipro,5.450379,1,1,0,0,701.0,701.0,1,11.6833,11.6833,100.0,0.0,0.0,EUR,2026-08-10
2026-08-12,200400,"VARUS, Люстдорфська дорога 114",Odesa,0.0,0,0,0,0,442.6166666666667,701.0,1,7.3769,11.6833,63.14,,,EUR,2026-08-10
2026-08-12,200392,"VARUS, Площа Шахтарської Слави 1",Kryvyi Rih,0.0,3,0,0,3,443.0833333333333,701.0,1,7.3847,11.6833,63.21,,100.0,EUR,2026-08-10
2026-08-12,200374,"VARUS, Проспект Червоної Калини 44A",Kyiv,299.829597,18,17,2,1,701.0,701.0,1,11.6833,11.6833,100.0,11.76,5.56,EUR,2026-08-10
2026-08-12,200365,"VARUS, Північно-Кільцева вулиця, 10а,",Zaporizhia,0.0,0,0,0,0,131.4666748046875,700.9333333333333,1,2.1911,11.6822,18.76,,,EUR,2026-08-10
2026-08-12,200385,"VARUS, Харківське Шосе 160",Kyiv,55.571227,5,4,1,1,701.0,701.0,1,11.6833,11.6833,100.0,25.0,20.0,EUR,2026-08-10
2026-08-12,200358,"VARUS, бул. Європейський 1Д",Dnipro,187.980609,10,10,0,0,661.0,661.0,1,11.0167,11.0167,100.0,0.0,0.0,EUR,2026-08-10
2026-08-12,200372,"VARUS, бул.Будівельників 27а",Kamianske,48.392473,3,3,2,0,601.0,601.0,1,10.0167,10.0167,100.0,66.67,0.0,EUR,2026-08-10
2026-08-12,200355,"VARUS, вул Березинская 23а",Dnipro,55.881508,3,3,1,0,701.0,701.0,1,11.6833,11.6833,100.0,33.33,0.0,EUR,2026-08-10
2026-08-12,200393,"VARUS, вул. 200 річчя Кривого Рогу",Kryvyi Rih,64.15126,5,5,1,0,701.0,701.0,1,11.6833,11.6833,100.0,20.0,0.0,EUR,2026-08-10
2026-08-12,200397,"VARUS, вул. Івана Авраменко 21В",Kryvyi Rih,133.59293,22,10,4,12,701.0,701.0,1,11.6833,11.6833,100.0,40.0,54.55,EUR,2026-08-10
2026-08-12,200376,"VARUS, вул. Волинська 37",Kyiv,0.0,0,0,0,0,86.68333333333334,660.9166666666666,1,1.4447,11.0153,13.12,,,EUR,2026-08-10
2026-08-12,200401,"VARUS, вул. Дача Ковалевського 91",Odesa,0.0,0,0,0,0,701.0,701.0,1,11.6833,11.6833,100.0,,,EUR,2026-08-10
2026-08-12,200378,"VARUS, вул. Деміївська 27",Kyiv,225.637128,11,11,0,0,701.0,701.0,1,11.6833,11.6833,100.0,0.0,0.0,EUR,2026-08-10
2026-08-12,200387,"VARUS, вул. Драгаманова 40г",Kyiv,143.260297,8,8,3,0,701.0,701.0,1,11.6833,11.6833,100.0,37.5,0.0,EUR,2026-08-10
2026-08-12,200391,"VARUS, вул. Жилянська 59",Kyiv,321.484475,22,21,2,1,701.0,701.0,1,11.6833,11.6833,100.0,9.52,4.55,EUR,2026-08-10
2026-08-12,200384,"VARUS, вул. Костянтинівська 2А",Kyiv,147.545289,9,9,1,0,701.0,701.0,1,11.6833,11.6833,100.0,11.11,0.0,EUR,2026-08-10
2026-08-12,200388,"VARUS, вул. Лесі Українки 30",Kyiv,0.0,0,0,0,0,701.0,701.0,1,11.6833,11.6833,100.0,,,EUR,2026-08-10
2026-08-12,200398,"VARUS, вул. Недєліна 43",Kryvyi Rih,0.0,0,0,0,0,701.0,701.0,1,11.6833,11.6833,100.0,,,EUR,2026-08-10
2026-08-12,200371,"VARUS, вул. Ольги Кобилянської 1В/23",Irpin,204.479547,14,14,4,0,701.0,701.0,1,11.6833,11.6833,100.0,28.57,0.0,EUR,2026-08-10
2026-08-12,200351,"VARUS, вул. Паникахи 15",Dnipro,167.66693,13,11,5,2,701.0,701.0,1,11.6833,11.6833,100.0,45.45,15.38,EUR,2026-08-10
2026-08-12,200403,"VARUS, вул. Соборна 97А",Pavlohrad,23.617602,3,3,0,0,641.0,641.0,1,10.6833,10.6833,100.0,0.0,0.0,EUR,2026-08-10
2026-08-12,200389,"VARUS, вул. Срібнокільска 11",Kyiv,40.886635,4,3,0,1,721.0,721.0,1,12.0167,12.0167,100.0,0.0,25.0,EUR,2026-08-10
2026-08-12,200381,"VARUS, вул. Тютюника 39-А",Kyiv,183.438662,12,11,3,1,701.0,701.0,1,11.6833,11.6833,100.0,27.27,8.33,EUR,2026-08-10
2026-08-12,200366,"VARUS, вул. Яценка 2",Zaporizhia,19.694859,2,2,0,0,344.73333333333335,899.3166666666667,1,5.7456,14.9886,38.33,0.0,0.0,EUR,2026-08-10
2026-08-12,200352,"VARUS, вул.20річчя Перемоги  43Д",Dnipro,0.0,0,0,0,0,701.0,701.0,1,11.6833,11.6833,100.0,,,EUR,2026-08-10
2026-08-12,200375,"VARUS, вул.Андрія Малишко,3",Kyiv,0.0,0,0,0,0,442.5,701.0,1,7.375,11.6833,63.12,,,EUR,2026-08-10
2026-08-12,200379,"VARUS, вул.Бажана 10-А",Kyiv,60.450312,4,3,0,1,701.0,701.0,1,11.6833,11.6833,100.0,0.0,25.0,EUR,2026-08-10
2026-08-12,200382,"VARUS, вул.Васильківска 34",Kyiv,73.765884,5,4,1,1,241.93333333333334,344.7,1,4.0322,5.745,70.19,25.0,20.0,EUR,2026-08-10
2026-08-12,200386,"VARUS, вул.Вишгородска 45а",Kyiv,292.161083,16,16,2,0,661.0,661.0,1,11.0167,11.0167,100.0,12.5,0.0,EUR,2026-08-10
2026-08-12,200350,"VARUS, вул.Глинки 2",Dnipro,154.866044,13,12,7,1,701.0,701.0,1,11.6833,11.6833,100.0,58.33,7.69,EUR,2026-08-10
2026-08-12,200349,"VARUS, вул.Дніпровская 1",Vyshhorod,107.751397,6,6,0,0,701.0,701.0,1,11.6833,11.6833,100.0,0.0,0.0,EUR,2026-08-10
2026-08-12,200354,"VARUS, вул.Калиновая 9А",Dnipro,252.333375,12,11,1,1,701.0,701.0,1,11.6833,11.6833,100.0,9.09,8.33,EUR,2026-08-10
2026-08-12,200348,"VARUS, вул.Київська 239",Brovary,202.102988,18,16,2,2,701.0,701.0,1,11.6833,11.6833,100.0,12.5,11.11,EUR,2026-08-10
2026-08-12,200353,"VARUS, вул.Коммунарівська буд. 8",Dnipro,156.247815,13,13,1,0,701.0,701.0,1,11.6833,11.6833,100.0,7.69,0.0,EUR,2026-08-10
2026-08-12,200361,"VARUS, вул.Марії Кюрі 5",Dnipro,172.504286,9,9,0,0,701.0,701.0,1,11.6833,11.6833,100.0,0.0,0.0,EUR,2026-08-10
2026-08-12,200370,"VARUS, вул.Незалежної України 57В",Zaporizhia,272.322675,8,8,0,0,701.0,701.0,1,11.6833,11.6833,100.0,0.0,0.0,EUR,2026-08-10
2026-08-12,200404,"VARUS, вул.Нова 2В",Pavlohrad,16.475945,1,1,0,0,641.0,641.0,1,10.6833,10.6833,100.0,0.0,0.0,EUR,2026-08-10
2026-08-12,200363,"VARUS, вул.Робоча 67",Dnipro,73.558579,13,9,0,4,701.0,701.0,1,11.6833,11.6833,100.0,0.0,30.77,EUR,2026-08-10
2026-08-12,200369,"VARUS, вул.Тараса Шевченка 7",Kamianske,18.735425,1,1,0,0,601.0,601.0,1,10.0167,10.0167,100.0,0.0,0.0,EUR,2026-08-10
2026-08-12,200395,"VARUS, вул.Терещенко 1Е",Kryvyi Rih,0.0,0,0,0,0,701.0,701.0,1,11.6833,11.6833,100.0,,,EUR,2026-08-10
2026-08-12,200402,"VARUS, вул.Французький бульвар 22",Odesa,47.610207,6,5,3,1,701.0,701.0,1,11.6833,11.6833,100.0,60.0,16.67,EUR,2026-08-10
2026-08-12,200396,"VARUS, мкр Сонячний 41а",Kryvyi Rih,26.870326,2,2,1,0,701.0,701.0,1,11.6833,11.6833,100.0,50.0,0.0,EUR,2026-08-10
2026-08-12,200362,"VARUS, пр. Івана Мазепи, 58",Dnipro,24.224832,3,2,0,1,701.0,701.0,1,11.6833,11.6833,100.0,0.0,33.33,EUR,2026-08-10
2026-08-12,200373,"VARUS, пр. Академіка Паладіна 16/39",Kyiv,261.025279,16,16,2,0,701.0,701.0,1,11.6833,11.6833,100.0,12.5,0.0,EUR,2026-08-10
2026-08-12,200368,"VARUS, пр. Героїв 2",Dnipro,101.276476,9,8,1,1,701.0,701.0,1,11.6833,11.6833,100.0,12.5,11.11,EUR,2026-08-10
2026-08-12,200408,"VARUS, пр. Гуляєва полковника ж.м. ""Дружний"" буд. 107/1",Odesa,42.466051,3,3,0,0,701.0,701.0,1,11.6833,11.6833,100.0,0.0,0.0,EUR,2026-08-10
2026-08-12,200399,"VARUS, пр. Добровольського 122/1",Odesa,32.788057,3,2,0,1,701.0,701.0,1,11.6833,11.6833,100.0,0.0,33.33,EUR,2026-08-10
2026-08-12,862701,"VARUS, пр. Коцюбинського, 70",Vinnytsia,894.410712,71,58,10,13,701.0,701.0,1,11.6833,11.6833,100.0,17.24,18.31,EUR,2026-08-10
2026-08-12,200394,"VARUS, пр. Металургів 42А",Kryvyi Rih,0.0,0,0,0,0,442.85,701.0,1,7.3808,11.6833,63.17,,,EUR,2026-08-10
2026-08-12,200380,"VARUS, пр. Миколи Бажана 38",Kyiv,36.739393,3,3,0,0,701.0,701.0,1,11.6833,11.6833,100.0,0.0,0.0,EUR,2026-08-10
2026-08-12,200359,"VARUS, пр. О. Поля, 104а",Dnipro,0.0,0,0,0,0,0.0,0.0,1,0.0,0.0,,,,EUR,2026-08-10
2026-08-12,198953,"VARUS, пр. Олександра Поля, 104",Dnipro,214.564808,13,12,1,1,701.0,701.0,1,11.6833,11.6833,100.0,8.33,7.69,EUR,2026-08-10
2026-08-12,200357,"VARUS, пр.Науки 8а",Dnipro,171.454817,18,13,7,5,701.0,701.0,1,11.6833,11.6833,100.0,53.85,27.78,EUR,2026-08-10
2026-08-12,200377,"VARUS, пр.Оболонський 47/42",Kyiv,51.582604,5,4,2,1,701.0,701.0,1,11.6833,11.6833,100.0,50.0,20.0,EUR,2026-08-10
2026-08-12,200360,"VARUS, проспект Слобожанський 86",Dnipro,39.540415,4,4,2,0,701.0,701.0,1,11.6833,11.6833,100.0,50.0,0.0,EUR,2026-08-10
2026-08-13,200367,"VARUS вул.Петра Сагайдачного, 7",Zaporizhia,87.583084,6,6,3,0,700.4333333333333,700.4333333333333,1,11.6739,11.6739,100.0,50.0,0.0,EUR,2026-08-10
2026-08-13,200390,"VARUS, 5-й Зарічний, д.19",Kryvyi Rih,27.371264,2,2,0,0,700.4333333333333,700.4333333333333,1,11.6739,11.6739,100.0,0.0,0.0,EUR,2026-08-10
2026-08-13,200383,"VARUS, Вулиця Героїв полку Азов, 12",Kyiv,138.158356,10,9,0,1,700.4333333333333,700.4333333333333,1,11.6739,11.6739,100.0,0.0,10.0,EUR,2026-08-10
2026-08-13,200364,"VARUS, Донецьке шосcе 110",Dnipro,20.526897,1,1,0,0,700.4333333333333,700.4333333333333,1,11.6739,11.6739,100.0,0.0,0.0,EUR,2026-08-10
2026-08-13,200356,"VARUS, Донецьке шосcе 9а",Dnipro,91.375093,7,7,0,0,700.4333333333333,700.4333333333333,1,11.6739,11.6739,100.0,0.0,0.0,EUR,2026-08-10
2026-08-13,200400,"VARUS, Люстдорфська дорога 114",Odesa,0.0,0,0,0,0,700.4333333333333,700.4333333333333,1,11.6739,11.6739,100.0,,,EUR,2026-08-10
2026-08-13,200392,"VARUS, Площа Шахтарської Слави 1",Kryvyi Rih,11.339795,2,2,0,0,700.4333333333333,700.4333333333333,1,11.6739,11.6739,100.0,0.0,0.0,EUR,2026-08-10
2026-08-13,200374,"VARUS, Проспект Червоної Калини 44A",Kyiv,291.87239,19,18,3,1,700.4333333333333,700.4333333333333,1,11.6739,11.6739,100.0,16.67,5.26,EUR,2026-08-10
2026-08-13,200365,"VARUS, Північно-Кільцева вулиця, 10а,",Zaporizhia,0.0,0,0,0,0,592.0,700.4333333333333,1,9.8667,11.6739,84.52,,,EUR,2026-08-10
2026-08-13,200385,"VARUS, Харківське Шосе 160",Kyiv,196.873832,13,13,5,0,700.4333333333333,700.4333333333333,1,11.6739,11.6739,100.0,38.46,0.0,EUR,2026-08-10
2026-08-13,200358,"VARUS, бул. Європейський 1Д",Dnipro,110.930259,7,7,1,0,660.4333333333333,660.4333333333333,1,11.0072,11.0072,100.0,14.29,0.0,EUR,2026-08-10
2026-08-13,200372,"VARUS, бул.Будівельників 27а",Kamianske,48.774581,2,2,2,0,601.0,601.0,1,10.0167,10.0167,100.0,100.0,0.0,EUR,2026-08-10
2026-08-13,200355,"VARUS, вул Березинская 23а",Dnipro,46.796826,4,4,0,0,700.4333333333333,700.4333333333333,1,11.6739,11.6739,100.0,0.0,0.0,EUR,2026-08-10
2026-08-13,200393,"VARUS, вул. 200 річчя Кривого Рогу",Kryvyi Rih,35.834022,5,3,0,2,700.4333333333333,700.4333333333333,1,11.6739,11.6739,100.0,0.0,40.0,EUR,2026-08-10
2026-08-13,200397,"VARUS, вул. Івана Авраменко 21В",Kryvyi Rih,102.561455,10,8,1,2,700.4333333333333,700.4333333333333,1,11.6739,11.6739,100.0,12.5,20.0,EUR,2026-08-10
2026-08-13,200376,"VARUS, вул. Волинська 37",Kyiv,0.0,0,0,0,0,552.1,660.4333333333333,1,9.2017,11.0072,83.6,,,EUR,2026-08-10
2026-08-13,200401,"VARUS, вул. Дача Ковалевського 91",Odesa,0.0,0,0,0,0,700.4333333333333,700.4333333333333,1,11.6739,11.6739,100.0,,,EUR,2026-08-10
2026-08-13,200378,"VARUS, вул. Деміївська 27",Kyiv,261.419513,16,15,3,1,700.4333333333333,700.4333333333333,1,11.6739,11.6739,100.0,20.0,6.25,EUR,2026-08-10
2026-08-13,200387,"VARUS, вул. Драгаманова 40г",Kyiv,33.061793,4,3,0,1,700.4333333333333,700.4333333333333,1,11.6739,11.6739,100.0,0.0,25.0,EUR,2026-08-10
2026-08-13,200391,"VARUS, вул. Жилянська 59",Kyiv,256.1978,18,18,1,0,700.4333333333333,700.4333333333333,1,11.6739,11.6739,100.0,5.56,0.0,EUR,2026-08-10
2026-08-13,200384,"VARUS, вул. Костянтинівська 2А",Kyiv,228.552609,13,13,2,0,700.4333333333333,700.4333333333333,1,11.6739,11.6739,100.0,15.38,0.0,EUR,2026-08-10
2026-08-13,200388,"VARUS, вул. Лесі Українки 30",Kyiv,0.0,0,0,0,0,700.4333333333333,700.4333333333333,1,11.6739,11.6739,100.0,,,EUR,2026-08-10
2026-08-13,200398,"VARUS, вул. Недєліна 43",Kryvyi Rih,0.0,0,0,0,0,700.4333333333333,700.4333333333333,1,11.6739,11.6739,100.0,,,EUR,2026-08-10
2026-08-13,200371,"VARUS, вул. Ольги Кобилянської 1В/23",Irpin,169.251499,11,11,0,0,700.4333333333333,700.4333333333333,1,11.6739,11.6739,100.0,0.0,0.0,EUR,2026-08-10
2026-08-13,200351,"VARUS, вул. Паникахи 15",Dnipro,0.0,0,0,0,0,591.8666666666667,700.4333333333333,1,9.8644,11.6739,84.5,,,EUR,2026-08-10
2026-08-13,200403,"VARUS, вул. Соборна 97А",Pavlohrad,16.2961,1,1,0,0,641.0,641.0,1,10.6833,10.6833,100.0,0.0,0.0,EUR,2026-08-10
2026-08-13,200389,"VARUS, вул. Срібнокільска 11",Kyiv,130.294409,10,8,2,2,720.4333333333333,720.4333333333333,1,12.0072,12.0072,100.0,25.0,20.0,EUR,2026-08-10
2026-08-13,200381,"VARUS, вул. Тютюника 39-А",Kyiv,244.808415,18,16,0,2,700.4333333333333,700.4333333333333,1,11.6739,11.6739,100.0,0.0,11.11,EUR,2026-08-10
2026-08-13,200366,"VARUS, вул. Яценка 2",Zaporizhia,0.0,0,0,0,0,1241.0333333333333,1241.0333333333333,1,20.6839,20.6839,100.0,,,EUR,2026-08-10
2026-08-13,200352,"VARUS, вул.20річчя Перемоги  43Д",Dnipro,0.0,0,0,0,0,700.4333333333333,700.4333333333333,1,11.6739,11.6739,100.0,,,EUR,2026-08-10
2026-08-13,200375,"VARUS, вул.Андрія Малишко,3",Kyiv,322.06974,21,15,2,6,700.4333333333333,700.4333333333333,1,11.6739,11.6739,100.0,13.33,28.57,EUR,2026-08-10
2026-08-13,200379,"VARUS, вул.Бажана 10-А",Kyiv,4.879589,1,1,0,0,700.4333333333333,700.4333333333333,1,11.6739,11.6739,100.0,0.0,0.0,EUR,2026-08-10
2026-08-13,200382,"VARUS, вул.Васильківска 34",Kyiv,195.556298,13,12,0,1,496.53333333333336,700.3166666666667,1,8.2756,11.6719,70.9,0.0,7.69,EUR,2026-08-10
2026-08-13,200386,"VARUS, вул.Вишгородска 45а",Kyiv,386.443775,24,23,3,1,660.4333333333333,660.4333333333333,1,11.0072,11.0072,100.0,13.04,4.17,EUR,2026-08-10
2026-08-13,200350,"VARUS, вул.Глинки 2",Dnipro,44.842122,3,3,2,0,685.4,700.35,1,11.4233,11.6725,97.87,66.67,0.0,EUR,2026-08-10
2026-08-13,200349,"VARUS, вул.Дніпровская 1",Vyshhorod,89.272575,5,5,0,0,700.4333333333333,700.4333333333333,1,11.6739,11.6739,100.0,0.0,0.0,EUR,2026-08-10
2026-08-13,200354,"VARUS, вул.Калиновая 9А",Dnipro,377.263259,19,19,0,0,700.4333333333333,700.4333333333333,1,11.6739,11.6739,100.0,0.0,0.0,EUR,2026-08-10
2026-08-13,200348,"VARUS, вул.Київська 239",Brovary,186.614253,14,14,3,0,700.4333333333333,700.4333333333333,1,11.6739,11.6739,100.0,21.43,0.0,EUR,2026-08-10
2026-08-13,200353,"VARUS, вул.Коммунарівська буд. 8",Dnipro,61.792437,7,6,0,1,700.4333333333333,700.4333333333333,1,11.6739,11.6739,100.0,0.0,14.29,EUR,2026-08-10
2026-08-13,200361,"VARUS, вул.Марії Кюрі 5",Dnipro,164.233589,11,11,0,0,700.4333333333333,700.4333333333333,1,11.6739,11.6739,100.0,0.0,0.0,EUR,2026-08-10
2026-08-13,200370,"VARUS, вул.Незалежної України 57В",Zaporizhia,253.011385,22,17,3,5,700.4333333333333,700.4333333333333,1,11.6739,11.6739,100.0,17.65,22.73,EUR,2026-08-10
2026-08-13,200404,"VARUS, вул.Нова 2В",Pavlohrad,27.295322,2,2,0,0,641.0,641.0,1,10.6833,10.6833,100.0,0.0,0.0,EUR,2026-08-10
2026-08-13,200363,"VARUS, вул.Робоча 67",Dnipro,132.175494,9,8,0,1,700.4333333333333,700.4333333333333,1,11.6739,11.6739,100.0,0.0,11.11,EUR,2026-08-10
2026-08-13,200369,"VARUS, вул.Тараса Шевченка 7",Kamianske,0.0,0,0,0,0,601.0,601.0,1,10.0167,10.0167,100.0,,,EUR,2026-08-10
2026-08-13,200395,"VARUS, вул.Терещенко 1Е",Kryvyi Rih,0.0,0,0,0,0,700.4333333333333,700.4333333333333,1,11.6739,11.6739,100.0,,,EUR,2026-08-10
2026-08-13,200402,"VARUS, вул.Французький бульвар 22",Odesa,28.651023,2,2,0,0,700.4333333333333,700.4333333333333,1,11.6739,11.6739,100.0,0.0,0.0,EUR,2026-08-10
2026-08-13,200396,"VARUS, мкр Сонячний 41а",Kryvyi Rih,10.296576,1,1,0,0,700.4333333333333,700.4333333333333,1,11.6739,11.6739,100.0,0.0,0.0,EUR,2026-08-10
2026-08-13,200362,"VARUS, пр. Івана Мазепи, 58",Dnipro,28.123698,2,2,0,0,700.4333333333333,700.4333333333333,1,11.6739,11.6739,100.0,0.0,0.0,EUR,2026-08-10
2026-08-13,200373,"VARUS, пр. Академіка Паладіна 16/39",Kyiv,554.996508,27,25,2,2,700.4333333333333,700.4333333333333,1,11.6739,11.6739,100.0,8.0,7.41,EUR,2026-08-10
2026-08-13,200368,"VARUS, пр. Героїв 2",Dnipro,341.348258,19,18,1,1,700.4333333333333,700.4333333333333,1,11.6739,11.6739,100.0,5.56,5.26,EUR,2026-08-10
2026-08-13,200408,"VARUS, пр. Гуляєва полковника ж.м. ""Дружний"" буд. 107/1",Odesa,51.932133,3,3,2,0,700.4333333333333,700.4333333333333,1,11.6739,11.6739,100.0,66.67,0.0,EUR,2026-08-10
2026-08-13,200399,"VARUS, пр. Добровольського 122/1",Odesa,34.186764,3,3,1,0,700.4333333333333,700.4333333333333,1,11.6739,11.6739,100.0,33.33,0.0,EUR,2026-08-10
2026-08-13,862701,"VARUS, пр. Коцюбинського, 70",Vinnytsia,776.716559,76,55,17,21,700.4333333333333,700.4333333333333,1,11.6739,11.6739,100.0,30.91,27.63,EUR,2026-08-10
2026-08-13,200394,"VARUS, пр. Металургів 42А",Kryvyi Rih,320.902536,34,29,3,5,700.4333333333333,700.4333333333333,1,11.6739,11.6739,100.0,10.34,14.71,EUR,2026-08-10
2026-08-13,200380,"VARUS, пр. Миколи Бажана 38",Kyiv,74.101253,6,6,0,0,700.4333333333333,700.4333333333333,1,11.6739,11.6739,100.0,0.0,0.0,EUR,2026-08-10
2026-08-13,200359,"VARUS, пр. О. Поля, 104а",Dnipro,0.0,0,0,0,0,0.0,0.0,1,0.0,0.0,,,,EUR,2026-08-10
2026-08-13,198953,"VARUS, пр. Олександра Поля, 104",Dnipro,125.231746,9,9,2,0,700.4333333333333,700.4333333333333,1,11.6739,11.6739,100.0,22.22,0.0,EUR,2026-08-10
2026-08-13,200357,"VARUS, пр.Науки 8а",Dnipro,187.309929,12,11,5,1,700.4333333333333,700.4333333333333,1,11.6739,11.6739,100.0,45.45,8.33,EUR,2026-08-10
2026-08-13,200377,"VARUS, пр.Оболонський 47/42",Kyiv,85.952682,5,5,0,0,700.4333333333333,700.4333333333333,1,11.6739,11.6739,100.0,0.0,0.0,EUR,2026-08-10
2026-08-13,200360,"VARUS, проспект Слобожанський 86",Dnipro,50.708363,3,3,0,0,700.4333333333333,700.4333333333333,1,11.6739,11.6739,100.0,0.0,0.0,EUR,2026-08-10
2026-08-14,200367,"VARUS вул.Петра Сагайдачного, 7",Zaporizhia,17.446459,2,1,0,1,701.0,701.0,1,11.6833,11.6833,100.0,0.0,50.0,EUR,2026-08-10
2026-08-14,200390,"VARUS, 5-й Зарічний, д.19",Kryvyi Rih,106.870426,8,8,1,0,701.0,701.0,1,11.6833,11.6833,100.0,12.5,0.0,EUR,2026-08-10
2026-08-14,200383,"VARUS, Вулиця Героїв полку Азов, 12",Kyiv,163.301411,13,10,1,3,701.0,701.0,1,11.6833,11.6833,100.0,10.0,23.08,EUR,2026-08-10
2026-08-14,200364,"VARUS, Донецьке шосcе 110",Dnipro,170.387344,6,6,3,0,701.0,701.0,1,11.6833,11.6833,100.0,50.0,0.0,EUR,2026-08-10
2026-08-14,200356,"VARUS, Донецьке шосcе 9а",Dnipro,32.984058,2,2,0,0,701.0,701.0,1,11.6833,11.6833,100.0,0.0,0.0,EUR,2026-08-10
2026-08-14,200400,"VARUS, Люстдорфська дорога 114",Odesa,0.0,0,0,0,0,701.0,701.0,1,11.6833,11.6833,100.0,,,EUR,2026-08-10
2026-08-14,200392,"VARUS, Площа Шахтарської Слави 1",Kryvyi Rih,63.215096,5,5,1,0,701.0,701.0,1,11.6833,11.6833,100.0,20.0,0.0,EUR,2026-08-10
2026-08-14,200374,"VARUS, Проспект Червоної Калини 44A",Kyiv,420.883809,29,25,0,4,701.0,701.0,1,11.6833,11.6833,100.0,0.0,13.79,EUR,2026-08-10
2026-08-14,200365,"VARUS, Північно-Кільцева вулиця, 10а,",Zaporizhia,0.0,0,0,0,0,701.0,701.0,1,11.6833,11.6833,100.0,,,EUR,2026-08-10
2026-08-14,200385,"VARUS, Харківське Шосе 160",Kyiv,111.969322,8,7,0,1,701.0,701.0,1,11.6833,11.6833,100.0,0.0,12.5,EUR,2026-08-10
2026-08-14,200358,"VARUS, бул. Європейський 1Д",Dnipro,205.904261,16,14,2,2,661.0,661.0,1,11.0167,11.0167,100.0,14.29,12.5,EUR,2026-08-10
2026-08-14,200372,"VARUS, бул.Будівельників 27а",Kamianske,26.34853,2,2,1,0,601.0,601.0,1,10.0167,10.0167,100.0,50.0,0.0,EUR,2026-08-10
2026-08-14,200355,"VARUS, вул Березинская 23а",Dnipro,144.191078,15,14,4,1,701.0,701.0,1,11.6833,11.6833,100.0,28.57,6.67,EUR,2026-08-10
2026-08-14,200393,"VARUS, вул. 200 річчя Кривого Рогу",Kryvyi Rih,105.484508,7,7,0,0,701.0,701.0,1,11.6833,11.6833,100.0,0.0,0.0,EUR,2026-08-10
2026-08-14,200397,"VARUS, вул. Івана Авраменко 21В",Kryvyi Rih,170.713207,11,11,2,0,701.0,701.0,1,11.6833,11.6833,100.0,18.18,0.0,EUR,2026-08-10
2026-08-14,200376,"VARUS, вул. Волинська 37",Kyiv,0.0,0,0,0,0,661.0,661.0,1,11.0167,11.0167,100.0,,,EUR,2026-08-10
2026-08-14,200401,"VARUS, вул. Дача Ковалевського 91",Odesa,0.0,0,0,0,0,701.0,701.0,1,11.6833,11.6833,100.0,,,EUR,2026-08-10
2026-08-14,200378,"VARUS, вул. Деміївська 27",Kyiv,187.47825,12,12,2,0,701.0,701.0,1,11.6833,11.6833,100.0,16.67,0.0,EUR,2026-08-10
2026-08-14,200387,"VARUS, вул. Драгаманова 40г",Kyiv,61.217591,4,4,1,0,701.0,701.0,1,11.6833,11.6833,100.0,25.0,0.0,EUR,2026-08-10
2026-08-14,200391,"VARUS, вул. Жилянська 59",Kyiv,426.835205,30,30,5,0,701.0,701.0,1,11.6833,11.6833,100.0,16.67,0.0,EUR,2026-08-10
2026-08-14,200384,"VARUS, вул. Костянтинівська 2А",Kyiv,101.403568,8,8,0,0,701.0,701.0,1,11.6833,11.6833,100.0,0.0,0.0,EUR,2026-08-10
2026-08-14,200388,"VARUS, вул. Лесі Українки 30",Kyiv,0.0,0,0,0,0,701.0,701.0,1,11.6833,11.6833,100.0,,,EUR,2026-08-10
2026-08-14,200398,"VARUS, вул. Недєліна 43",Kryvyi Rih,0.0,0,0,0,0,701.0,701.0,1,11.6833,11.6833,100.0,,,EUR,2026-08-10
2026-08-14,200371,"VARUS, вул. Ольги Кобилянської 1В/23",Irpin,194.087396,14,12,1,2,701.0,701.0,1,11.6833,11.6833,100.0,8.33,14.29,EUR,2026-08-10
2026-08-14,200351,"VARUS, вул. Паникахи 15",Dnipro,0.0,0,0,0,0,701.0,701.0,1,11.6833,11.6833,100.0,,,EUR,2026-08-10
2026-08-14,200403,"VARUS, вул. Соборна 97А",Pavlohrad,92.201427,5,5,2,0,641.0,641.0,1,10.6833,10.6833,100.0,40.0,0.0,EUR,2026-08-10
2026-08-14,200389,"VARUS, вул. Срібнокільска 11",Kyiv,254.269384,15,15,1,0,721.0,721.0,1,12.0167,12.0167,100.0,6.67,0.0,EUR,2026-08-10
2026-08-14,200381,"VARUS, вул. Тютюника 39-А",Kyiv,257.142855,19,18,1,1,701.0,701.0,1,11.6833,11.6833,100.0,5.56,5.26,EUR,2026-08-10
2026-08-14,200366,"VARUS, вул. Яценка 2",Zaporizhia,0.0,0,0,0,0,701.0,701.0,1,11.6833,11.6833,100.0,,,EUR,2026-08-10
2026-08-14,200352,"VARUS, вул.20річчя Перемоги  43Д",Dnipro,0.0,0,0,0,0,701.0,701.0,1,11.6833,11.6833,100.0,,,EUR,2026-08-10
2026-08-14,200375,"VARUS, вул.Андрія Малишко,3",Kyiv,583.669643,39,36,6,3,701.0,701.0,1,11.6833,11.6833,100.0,16.67,7.69,EUR,2026-08-10
2026-08-14,200379,"VARUS, вул.Бажана 10-А",Kyiv,61.235433,8,3,2,5,701.0,701.0,1,11.6833,11.6833,100.0,66.67,62.5,EUR,2026-08-10
2026-08-14,200382,"VARUS, вул.Васильківска 34",Kyiv,380.402607,29,28,3,1,701.0,701.0,1,11.6833,11.6833,100.0,10.71,3.45,EUR,2026-08-10
2026-08-14,200386,"VARUS, вул.Вишгородска 45а",Kyiv,378.279211,28,27,7,1,661.0,661.0,1,11.0167,11.0167,100.0,25.93,3.57,EUR,2026-08-10
2026-08-14,200350,"VARUS, вул.Глинки 2",Dnipro,0.0,0,0,0,0,701.0,701.0,1,11.6833,11.6833,100.0,,,EUR,2026-08-10
2026-08-14,200349,"VARUS, вул.Дніпровская 1",Vyshhorod,104.869432,7,7,0,0,701.0,701.0,1,11.6833,11.6833,100.0,0.0,0.0,EUR,2026-08-10
2026-08-14,200354,"VARUS, вул.Калиновая 9А",Dnipro,335.178637,18,18,0,0,701.0,701.0,1,11.6833,11.6833,100.0,0.0,0.0,EUR,2026-08-10
2026-08-14,200348,"VARUS, вул.Київська 239",Brovary,342.421294,25,25,5,0,701.0,701.0,1,11.6833,11.6833,100.0,20.0,0.0,EUR,2026-08-10
2026-08-14,200353,"VARUS, вул.Коммунарівська буд. 8",Dnipro,298.453473,25,24,0,1,701.0,701.0,1,11.6833,11.6833,100.0,0.0,4.0,EUR,2026-08-10
2026-08-14,200361,"VARUS, вул.Марії Кюрі 5",Dnipro,217.107401,10,10,0,0,701.0,701.0,1,11.6833,11.6833,100.0,0.0,0.0,EUR,2026-08-10
2026-08-14,200370,"VARUS, вул.Незалежної України 57В",Zaporizhia,247.057955,19,17,4,2,701.0,701.0,1,11.6833,11.6833,100.0,23.53,10.53,EUR,2026-08-10
2026-08-14,200404,"VARUS, вул.Нова 2В",Pavlohrad,72.702956,7,6,0,1,641.0,641.0,1,10.6833,10.6833,100.0,0.0,14.29,EUR,2026-08-10
2026-08-14,200363,"VARUS, вул.Робоча 67",Dnipro,369.910751,19,19,3,0,701.0,701.0,1,11.6833,11.6833,100.0,15.79,0.0,EUR,2026-08-10
2026-08-14,200369,"VARUS, вул.Тараса Шевченка 7",Kamianske,114.255843,6,6,3,0,601.0,601.0,1,10.0167,10.0167,100.0,50.0,0.0,EUR,2026-08-10
2026-08-14,200395,"VARUS, вул.Терещенко 1Е",Kryvyi Rih,0.0,0,0,0,0,701.0,701.0,1,11.6833,11.6833,100.0,,,EUR,2026-08-10
2026-08-14,200402,"VARUS, вул.Французький бульвар 22",Odesa,47.834031,6,5,2,1,701.0,701.0,1,11.6833,11.6833,100.0,40.0,16.67,EUR,2026-08-10
2026-08-14,200396,"VARUS, мкр Сонячний 41а",Kryvyi Rih,26.276179,2,2,0,0,701.0,701.0,1,11.6833,11.6833,100.0,0.0,0.0,EUR,2026-08-10
2026-08-14,200362,"VARUS, пр. Івана Мазепи, 58",Dnipro,65.162946,5,5,0,0,701.0,701.0,1,11.6833,11.6833,100.0,0.0,0.0,EUR,2026-08-10
2026-08-14,200373,"VARUS, пр. Академіка Паладіна 16/39",Kyiv,356.502366,27,21,3,6,701.0,701.0,1,11.6833,11.6833,100.0,14.29,22.22,EUR,2026-08-10
2026-08-14,200368,"VARUS, пр. Героїв 2",Dnipro,378.466588,25,23,6,2,701.0,701.0,1,11.6833,11.6833,100.0,26.09,8.0,EUR,2026-08-10
2026-08-14,200408,"VARUS, пр. Гуляєва полковника ж.м. ""Дружний"" буд. 107/1",Odesa,47.917245,3,3,0,0,701.0,701.0,1,11.6833,11.6833,100.0,0.0,0.0,EUR,2026-08-10
2026-08-14,200399,"VARUS, пр. Добровольського 122/1",Odesa,23.227548,2,2,0,0,701.0,701.0,1,11.6833,11.6833,100.0,0.0,0.0,EUR,2026-08-10
2026-08-14,862701,"VARUS, пр. Коцюбинського, 70",Vinnytsia,1577.561916,130,121,7,9,701.0,701.0,1,11.6833,11.6833,100.0,5.79,6.92,EUR,2026-08-10
2026-08-14,200394,"VARUS, пр. Металургів 42А",Kryvyi Rih,413.689064,32,31,4,1,701.0,701.0,1,11.6833,11.6833,100.0,12.9,3.12,EUR,2026-08-10
2026-08-14,200380,"VARUS, пр. Миколи Бажана 38",Kyiv,226.343098,14,13,0,1,701.0,701.0,1,11.6833,11.6833,100.0,0.0,7.14,EUR,2026-08-10
2026-08-14,200359,"VARUS, пр. О. Поля, 104а",Dnipro,0.0,0,0,0,0,0.0,0.0,1,0.0,0.0,,,,EUR,2026-08-10
2026-08-14,198953,"VARUS, пр. Олександра Поля, 104",Dnipro,272.972961,17,16,1,1,701.0,701.0,1,11.6833,11.6833,100.0,6.25,5.88,EUR,2026-08-10
2026-08-14,200357,"VARUS, пр.Науки 8а",Dnipro,159.692401,15,13,10,2,701.0,701.0,1,11.6833,11.6833,100.0,76.92,13.33,EUR,2026-08-10
2026-08-14,200377,"VARUS, пр.Оболонський 47/42",Kyiv,94.154513,8,6,0,2,701.0,701.0,1,11.6833,11.6833,100.0,0.0,25.0,EUR,2026-08-10
2026-08-14,200360,"VARUS, проспект Слобожанський 86",Dnipro,3.627825,1,1,0,0,701.0,701.0,1,11.6833,11.6833,100.0,0.0,0.0,EUR,2026-08-10
2026-08-15,200367,"VARUS вул.Петра Сагайдачного, 7",Zaporizhia,144.23239,12,12,3,0,701.0,701.0,1,11.6833,11.6833,100.0,25.0,0.0,EUR,2026-08-10
2026-08-15,200390,"VARUS, 5-й Зарічний, д.19",Kryvyi Rih,211.224086,12,11,2,1,701.0,701.0,1,11.6833,11.6833,100.0,18.18,8.33,EUR,2026-08-10
2026-08-15,200383,"VARUS, Вулиця Героїв полку Азов, 12",Kyiv,401.481542,26,21,7,5,701.0,701.0,1,11.6833,11.6833,100.0,33.33,19.23,EUR,2026-08-10
2026-08-15,200364,"VARUS, Донецьке шосcе 110",Dnipro,69.219056,5,5,1,0,701.0,701.0,1,11.6833,11.6833,100.0,20.0,0.0,EUR,2026-08-10
2026-08-15,200356,"VARUS, Донецьке шосcе 9а",Dnipro,104.062707,7,7,0,0,701.0,701.0,1,11.6833,11.6833,100.0,0.0,0.0,EUR,2026-08-10
2026-08-15,200400,"VARUS, Люстдорфська дорога 114",Odesa,0.0,0,0,0,0,701.0,701.0,1,11.6833,11.6833,100.0,,,EUR,2026-08-10
2026-08-15,200392,"VARUS, Площа Шахтарської Слави 1",Kryvyi Rih,6.390543,2,1,1,1,701.0,701.0,1,11.6833,11.6833,100.0,100.0,50.0,EUR,2026-08-10
2026-08-15,200374,"VARUS, Проспект Червоної Калини 44A",Kyiv,436.546127,34,30,0,4,701.0,701.0,1,11.6833,11.6833,100.0,0.0,11.76,EUR,2026-08-10
2026-08-15,200365,"VARUS, Північно-Кільцева вулиця, 10а,",Zaporizhia,0.0,0,0,0,0,701.0,701.0,1,11.6833,11.6833,100.0,,,EUR,2026-08-10
2026-08-15,200385,"VARUS, Харківське Шосе 160",Kyiv,207.070991,14,14,1,0,701.0,701.0,1,11.6833,11.6833,100.0,7.14,0.0,EUR,2026-08-10
2026-08-15,200358,"VARUS, бул. Європейський 1Д",Dnipro,351.127839,28,24,4,4,661.0,661.0,1,11.0167,11.0167,100.0,16.67,14.29,EUR,2026-08-10
2026-08-15,200372,"VARUS, бул.Будівельників 27а",Kamianske,100.818943,12,5,2,7,601.0,601.0,1,10.0167,10.0167,100.0,40.0,58.33,EUR,2026-08-10
2026-08-15,200355,"VARUS, вул Березинская 23а",Dnipro,409.923715,29,27,1,2,701.0,701.0,1,11.6833,11.6833,100.0,3.7,6.9,EUR,2026-08-10
2026-08-15,200393,"VARUS, вул. 200 річчя Кривого Рогу",Kryvyi Rih,189.753713,16,13,2,3,658.3166666666667,701.0,1,10.9719,11.6833,93.91,15.38,18.75,EUR,2026-08-10
2026-08-15,200397,"VARUS, вул. Івана Авраменко 21В",Kryvyi Rih,161.995992,12,12,6,0,701.0,701.0,1,11.6833,11.6833,100.0,50.0,0.0,EUR,2026-08-10
2026-08-15,200376,"VARUS, вул. Волинська 37",Kyiv,0.0,0,0,0,0,661.0,661.0,1,11.0167,11.0167,100.0,,,EUR,2026-08-10
2026-08-15,200401,"VARUS, вул. Дача Ковалевського 91",Odesa,0.0,0,0,0,0,701.0,701.0,1,11.6833,11.6833,100.0,,,EUR,2026-08-10
2026-08-15,200378,"VARUS, вул. Деміївська 27",Kyiv,386.808669,22,22,5,0,701.0,701.0,1,11.6833,11.6833,100.0,22.73,0.0,EUR,2026-08-10
2026-08-15,200387,"VARUS, вул. Драгаманова 40г",Kyiv,209.91867,15,15,2,0,701.0,701.0,1,11.6833,11.6833,100.0,13.33,0.0,EUR,2026-08-10
2026-08-15,200391,"VARUS, вул. Жилянська 59",Kyiv,570.089208,38,34,12,4,701.0,701.0,1,11.6833,11.6833,100.0,35.29,10.53,EUR,2026-08-10
2026-08-15,200384,"VARUS, вул. Костянтинівська 2А",Kyiv,246.539477,17,16,1,1,701.0,701.0,1,11.6833,11.6833,100.0,6.25,5.88,EUR,2026-08-10
2026-08-15,200388,"VARUS, вул. Лесі Українки 30",Kyiv,0.0,0,0,0,0,701.0,701.0,1,11.6833,11.6833,100.0,,,EUR,2026-08-10
2026-08-15,200398,"VARUS, вул. Недєліна 43",Kryvyi Rih,0.0,0,0,0,0,701.0,701.0,1,11.6833,11.6833,100.0,,,EUR,2026-08-10
2026-08-15,200371,"VARUS, вул. Ольги Кобилянської 1В/23",Irpin,435.270187,30,26,15,4,701.0,701.0,1,11.6833,11.6833,100.0,57.69,13.33,EUR,2026-08-10
2026-08-15,200351,"VARUS, вул. Паникахи 15",Dnipro,0.0,0,0,0,0,701.0,701.0,1,11.6833,11.6833,100.0,,,EUR,2026-08-10
2026-08-15,200403,"VARUS, вул. Соборна 97А",Pavlohrad,98.873808,7,7,1,0,641.0,641.0,1,10.6833,10.6833,100.0,14.29,0.0,EUR,2026-08-10
2026-08-15,200389,"VARUS, вул. Срібнокільска 11",Kyiv,352.620251,22,22,5,0,721.0,721.0,1,12.0167,12.0167,100.0,22.73,0.0,EUR,2026-08-10
2026-08-15,200381,"VARUS, вул. Тютюника 39-А",Kyiv,213.016567,16,14,2,2,432.26666666666665,701.0,1,7.2044,11.6833,61.66,14.29,12.5,EUR,2026-08-10
2026-08-15,200366,"VARUS, вул. Яценка 2",Zaporizhia,0.0,0,0,0,0,701.0,701.0,1,11.6833,11.6833,100.0,,,EUR,2026-08-10
2026-08-15,200352,"VARUS, вул.20річчя Перемоги  43Д",Dnipro,0.0,0,0,0,0,701.0,701.0,1,11.6833,11.6833,100.0,,,EUR,2026-08-10
2026-08-15,200375,"VARUS, вул.Андрія Малишко,3",Kyiv,695.72121,50,40,9,10,701.0,701.0,1,11.6833,11.6833,100.0,22.5,20.0,EUR,2026-08-10
2026-08-15,200379,"VARUS, вул.Бажана 10-А",Kyiv,122.780836,9,9,2,0,701.0,701.0,1,11.6833,11.6833,100.0,22.22,0.0,EUR,2026-08-10
2026-08-15,200382,"VARUS, вул.Васильківска 34",Kyiv,411.369762,27,24,3,3,701.0,701.0,1,11.6833,11.6833,100.0,12.5,11.11,EUR,2026-08-10
2026-08-15,200386,"VARUS, вул.Вишгородска 45а",Kyiv,472.421507,37,32,6,5,661.0,661.0,1,11.0167,11.0167,100.0,18.75,13.51,EUR,2026-08-10
2026-08-15,200350,"VARUS, вул.Глинки 2",Dnipro,0.0,0,0,0,0,701.0,701.0,1,11.6833,11.6833,100.0,,,EUR,2026-08-10
2026-08-15,200349,"VARUS, вул.Дніпровская 1",Vyshhorod,152.694344,8,8,0,0,701.0,701.0,1,11.6833,11.6833,100.0,0.0,0.0,EUR,2026-08-10
2026-08-15,200354,"VARUS, вул.Калиновая 9А",Dnipro,547.198974,37,37,4,0,701.0,701.0,1,11.6833,11.6833,100.0,10.81,0.0,EUR,2026-08-10
2026-08-15,200348,"VARUS, вул.Київська 239",Brovary,582.55276,42,41,3,1,701.0,701.0,1,11.6833,11.6833,100.0,7.32,2.38,EUR,2026-08-10
2026-08-15,200353,"VARUS, вул.Коммунарівська буд. 8",Dnipro,354.697669,29,26,4,3,701.0,701.0,1,11.6833,11.6833,100.0,15.38,10.34,EUR,2026-08-10
2026-08-15,200361,"VARUS, вул.Марії Кюрі 5",Dnipro,425.212635,31,29,4,2,701.0,701.0,1,11.6833,11.6833,100.0,13.79,6.45,EUR,2026-08-10
2026-08-15,200370,"VARUS, вул.Незалежної України 57В",Zaporizhia,474.396321,32,30,4,2,701.0,701.0,1,11.6833,11.6833,100.0,13.33,6.25,EUR,2026-08-10
2026-08-15,200404,"VARUS, вул.Нова 2В",Pavlohrad,60.477788,5,4,1,1,641.0,641.0,1,10.6833,10.6833,100.0,25.0,20.0,EUR,2026-08-10
2026-08-15,200363,"VARUS, вул.Робоча 67",Dnipro,424.12175,30,29,3,1,701.0,701.0,1,11.6833,11.6833,100.0,10.34,3.33,EUR,2026-08-10
2026-08-15,200369,"VARUS, вул.Тараса Шевченка 7",Kamianske,83.024112,22,5,1,17,601.0,601.0,1,10.0167,10.0167,100.0,20.0,77.27,EUR,2026-08-10
2026-08-15,200395,"VARUS, вул.Терещенко 1Е",Kryvyi Rih,0.0,0,0,0,0,701.0,701.0,1,11.6833,11.6833,100.0,,,EUR,2026-08-10
2026-08-15,200402,"VARUS, вул.Французький бульвар 22",Odesa,196.371591,12,12,5,0,701.0,701.0,1,11.6833,11.6833,100.0,41.67,0.0,EUR,2026-08-10
2026-08-15,200396,"VARUS, мкр Сонячний 41а",Kryvyi Rih,65.778607,6,6,0,0,701.0,701.0,1,11.6833,11.6833,100.0,0.0,0.0,EUR,2026-08-10
2026-08-15,200362,"VARUS, пр. Івана Мазепи, 58",Dnipro,45.200885,5,5,0,0,701.0,701.0,1,11.6833,11.6833,100.0,0.0,0.0,EUR,2026-08-10
2026-08-15,200373,"VARUS, пр. Академіка Паладіна 16/39",Kyiv,643.913703,38,32,3,6,701.0,701.0,1,11.6833,11.6833,100.0,9.38,15.79,EUR,2026-08-10
2026-08-15,200368,"VARUS, пр. Героїв 2",Dnipro,599.511587,45,40,5,5,701.0,701.0,1,11.6833,11.6833,100.0,12.5,11.11,EUR,2026-08-10
2026-08-15,200408,"VARUS, пр. Гуляєва полковника ж.м. ""Дружний"" буд. 107/1",Odesa,377.655791,27,24,3,3,701.0,701.0,1,11.6833,11.6833,100.0,12.5,11.11,EUR,2026-08-10
2026-08-15,200399,"VARUS, пр. Добровольського 122/1",Odesa,245.484855,16,15,2,1,701.0,701.0,1,11.6833,11.6833,100.0,13.33,6.25,EUR,2026-08-10
2026-08-15,862701,"VARUS, пр. Коцюбинського, 70",Vinnytsia,2161.148736,174,154,32,20,701.0,701.0,1,11.6833,11.6833,100.0,20.78,11.49,EUR,2026-08-10
2026-08-15,200394,"VARUS, пр. Металургів 42А",Kryvyi Rih,734.131975,43,43,4,0,701.0,701.0,1,11.6833,11.6833,100.0,9.3,0.0,EUR,2026-08-10
2026-08-15,200380,"VARUS, пр. Миколи Бажана 38",Kyiv,328.55145,21,21,2,0,701.0,701.0,1,11.6833,11.6833,100.0,9.52,0.0,EUR,2026-08-10
2026-08-15,200359,"VARUS, пр. О. Поля, 104а",Dnipro,0.0,0,0,0,0,0.0,0.0,1,0.0,0.0,,,,EUR,2026-08-10
2026-08-15,198953,"VARUS, пр. Олександра Поля, 104",Dnipro,174.838374,13,12,2,1,701.0,701.0,1,11.6833,11.6833,100.0,16.67,7.69,EUR,2026-08-10
2026-08-15,200357,"VARUS, пр.Науки 8а",Dnipro,360.685535,41,22,14,19,701.0,701.0,1,11.6833,11.6833,100.0,63.64,46.34,EUR,2026-08-10
2026-08-15,200377,"VARUS, пр.Оболонський 47/42",Kyiv,200.114832,13,10,5,3,701.0,701.0,1,11.6833,11.6833,100.0,50.0,23.08,EUR,2026-08-10
2026-08-15,200360,"VARUS, проспект Слобожанський 86",Dnipro,118.799402,11,9,1,2,701.0,701.0,1,11.6833,11.6833,100.0,11.11,18.18,EUR,2026-08-10
2026-08-16,200367,"VARUS вул.Петра Сагайдачного, 7",Zaporizhia,115.29979,7,7,1,0,701.0166666666667,701.0166666666667,1,11.6836,11.6836,100.0,14.29,0.0,EUR,2026-08-10
2026-08-16,200390,"VARUS, 5-й Зарічний, д.19",Kryvyi Rih,22.619063,1,1,0,0,701.0166666666667,701.0166666666667,1,11.6836,11.6836,100.0,0.0,0.0,EUR,2026-08-10
2026-08-16,200383,"VARUS, Вулиця Героїв полку Азов, 12",Kyiv,228.90467,14,14,2,0,701.0166666666667,701.0166666666667,1,11.6836,11.6836,100.0,14.29,0.0,EUR,2026-08-10
2026-08-16,200364,"VARUS, Донецьке шосcе 110",Dnipro,23.627515,2,2,0,0,701.0166666666667,701.0166666666667,1,11.6836,11.6836,100.0,0.0,0.0,EUR,2026-08-10
2026-08-16,200356,"VARUS, Донецьке шосcе 9а",Dnipro,61.138061,2,2,0,0,701.0166666666667,701.0166666666667,1,11.6836,11.6836,100.0,0.0,0.0,EUR,2026-08-10
2026-08-16,200400,"VARUS, Люстдорфська дорога 114",Odesa,215.227048,11,11,1,0,701.0166666666667,701.0166666666667,1,11.6836,11.6836,100.0,9.09,0.0,EUR,2026-08-10
2026-08-16,200392,"VARUS, Площа Шахтарської Слави 1",Kryvyi Rih,13.086784,1,1,0,0,701.0166666666667,701.0166666666667,1,11.6836,11.6836,100.0,0.0,0.0,EUR,2026-08-10
2026-08-16,200374,"VARUS, Проспект Червоної Калини 44A",Kyiv,216.788706,15,14,5,1,701.0166666666667,701.0166666666667,1,11.6836,11.6836,100.0,35.71,6.67,EUR,2026-08-10
2026-08-16,200365,"VARUS, Північно-Кільцева вулиця, 10а,",Zaporizhia,0.0,0,0,0,0,701.0166666666667,701.0166666666667,1,11.6836,11.6836,100.0,,,EUR,2026-08-10
2026-08-16,200385,"VARUS, Харківське Шосе 160",Kyiv,185.890409,11,11,1,0,701.0166666666667,701.0166666666667,1,11.6836,11.6836,100.0,9.09,0.0,EUR,2026-08-10
2026-08-16,200358,"VARUS, бул. Європейський 1Д",Dnipro,147.262012,12,11,1,1,661.0166666666667,661.0166666666667,1,11.0169,11.0169,100.0,9.09,8.33,EUR,2026-08-10
2026-08-16,200372,"VARUS, бул.Будівельників 27а",Kamianske,20.884775,1,1,1,0,601.0166666666667,601.0166666666667,1,10.0169,10.0169,100.0,100.0,0.0,EUR,2026-08-10
2026-08-16,200355,"VARUS, вул Березинская 23а",Dnipro,73.824491,4,4,1,0,701.0166666666667,701.0166666666667,1,11.6836,11.6836,100.0,25.0,0.0,EUR,2026-08-10
2026-08-16,200393,"VARUS, вул. 200 річчя Кривого Рогу",Kryvyi Rih,29.552917,3,2,0,1,701.0166666666667,701.0166666666667,1,11.6836,11.6836,100.0,0.0,33.33,EUR,2026-08-10
2026-08-16,200397,"VARUS, вул. Івана Авраменко 21В",Kryvyi Rih,95.658365,7,7,0,0,701.0166666666667,701.0166666666667,1,11.6836,11.6836,100.0,0.0,0.0,EUR,2026-08-10
2026-08-16,200376,"VARUS, вул. Волинська 37",Kyiv,0.0,0,0,0,0,661.0166666666667,661.0166666666667,1,11.0169,11.0169,100.0,,,EUR,2026-08-10
2026-08-16,200401,"VARUS, вул. Дача Ковалевського 91",Odesa,0.0,0,0,0,0,701.0166666666667,701.0166666666667,1,11.6836,11.6836,100.0,,,EUR,2026-08-10
2026-08-16,200378,"VARUS, вул. Деміївська 27",Kyiv,286.124921,18,18,1,0,701.0166666666667,701.0166666666667,1,11.6836,11.6836,100.0,5.56,0.0,EUR,2026-08-10
2026-08-16,200387,"VARUS, вул. Драгаманова 40г",Kyiv,32.154059,2,2,0,0,701.0166666666667,701.0166666666667,1,11.6836,11.6836,100.0,0.0,0.0,EUR,2026-08-10
2026-08-16,200391,"VARUS, вул. Жилянська 59",Kyiv,353.809477,24,23,6,1,701.0166666666667,701.0166666666667,1,11.6836,11.6836,100.0,26.09,4.17,EUR,2026-08-10
2026-08-16,200384,"VARUS, вул. Костянтинівська 2А",Kyiv,122.472618,10,9,1,1,701.0166666666667,701.0166666666667,1,11.6836,11.6836,100.0,11.11,10.0,EUR,2026-08-10
2026-08-16,200388,"VARUS, вул. Лесі Українки 30",Kyiv,0.0,0,0,0,0,701.0166666666667,701.0166666666667,1,11.6836,11.6836,100.0,,,EUR,2026-08-10
2026-08-16,200398,"VARUS, вул. Недєліна 43",Kryvyi Rih,0.0,0,0,0,0,701.0166666666667,701.0166666666667,1,11.6836,11.6836,100.0,,,EUR,2026-08-10
2026-08-16,200371,"VARUS, вул. Ольги Кобилянської 1В/23",Irpin,341.961774,16,15,3,1,701.0166666666667,701.0166666666667,1,11.6836,11.6836,100.0,20.0,6.25,EUR,2026-08-10
2026-08-16,200351,"VARUS, вул. Паникахи 15",Dnipro,0.0,0,0,0,0,701.0166666666667,701.0166666666667,1,11.6836,11.6836,100.0,,,EUR,2026-08-10
2026-08-16,200403,"VARUS, вул. Соборна 97А",Pavlohrad,50.829903,3,3,0,0,641.0166666666667,641.0166666666667,1,10.6836,10.6836,100.0,0.0,0.0,EUR,2026-08-10
2026-08-16,200389,"VARUS, вул. Срібнокільска 11",Kyiv,355.285207,19,19,2,0,721.0166666666667,721.0166666666667,1,12.0169,12.0169,100.0,10.53,0.0,EUR,2026-08-10
2026-08-16,200381,"VARUS, вул. Тютюника 39-А",Kyiv,78.555038,4,4,0,0,164.93333333333334,701.0166666666667,1,2.7489,11.6836,23.53,0.0,0.0,EUR,2026-08-10
2026-08-16,200366,"VARUS, вул. Яценка 2",Zaporizhia,0.0,0,0,0,0,701.0166666666667,701.0166666666667,1,11.6836,11.6836,100.0,,,EUR,2026-08-10
2026-08-16,200352,"VARUS, вул.20річчя Перемоги  43Д",Dnipro,0.0,0,0,0,0,701.0166666666667,701.0166666666667,1,11.6836,11.6836,100.0,,,EUR,2026-08-10
2026-08-16,200375,"VARUS, вул.Андрія Малишко,3",Kyiv,414.270197,24,21,3,3,701.0166666666667,701.0166666666667,1,11.6836,11.6836,100.0,14.29,12.5,EUR,2026-08-10
2026-08-16,200379,"VARUS, вул.Бажана 10-А",Kyiv,53.401365,4,4,0,0,701.0166666666667,701.0166666666667,1,11.6836,11.6836,100.0,0.0,0.0,EUR,2026-08-10
2026-08-16,200382,"VARUS, вул.Васильківска 34",Kyiv,325.319905,20,18,2,2,701.0166666666667,701.0166666666667,1,11.6836,11.6836,100.0,11.11,10.0,EUR,2026-08-10
2026-08-16,200386,"VARUS, вул.Вишгородска 45а",Kyiv,367.677572,23,21,1,2,661.0166666666667,661.0166666666667,1,11.0169,11.0169,100.0,4.76,8.7,EUR,2026-08-10
2026-08-16,200350,"VARUS, вул.Глинки 2",Dnipro,0.0,0,0,0,0,701.0166666666667,701.0166666666667,1,11.6836,11.6836,100.0,,,EUR,2026-08-10
2026-08-16,200349,"VARUS, вул.Дніпровская 1",Vyshhorod,18.851386,5,2,0,3,701.0166666666667,701.0166666666667,1,11.6836,11.6836,100.0,0.0,60.0,EUR,2026-08-10
2026-08-16,200354,"VARUS, вул.Калиновая 9А",Dnipro,269.47529,14,14,0,0,701.0166666666667,701.0166666666667,1,11.6836,11.6836,100.0,0.0,0.0,EUR,2026-08-10
2026-08-16,200348,"VARUS, вул.Київська 239",Brovary,133.980677,11,11,0,0,701.0166666666667,701.0166666666667,1,11.6836,11.6836,100.0,0.0,0.0,EUR,2026-08-10
2026-08-16,200353,"VARUS, вул.Коммунарівська буд. 8",Dnipro,101.105629,6,6,0,0,701.0166666666667,701.0166666666667,1,11.6836,11.6836,100.0,0.0,0.0,EUR,2026-08-10
2026-08-16,200361,"VARUS, вул.Марії Кюрі 5",Dnipro,271.358743,15,15,4,0,701.0166666666667,701.0166666666667,1,11.6836,11.6836,100.0,26.67,0.0,EUR,2026-08-10
2026-08-16,200370,"VARUS, вул.Незалежної України 57В",Zaporizhia,366.76766,19,19,0,0,701.0166666666667,701.0166666666667,1,11.6836,11.6836,100.0,0.0,0.0,EUR,2026-08-10
2026-08-16,200404,"VARUS, вул.Нова 2В",Pavlohrad,2.21902,1,1,0,0,641.0166666666667,641.0166666666667,1,10.6836,10.6836,100.0,0.0,0.0,EUR,2026-08-10
2026-08-16,200363,"VARUS, вул.Робоча 67",Dnipro,139.569349,11,10,1,1,701.0166666666667,701.0166666666667,1,11.6836,11.6836,100.0,10.0,9.09,EUR,2026-08-10
2026-08-16,200369,"VARUS, вул.Тараса Шевченка 7",Kamianske,72.143548,4,4,0,0,601.0166666666667,601.0166666666667,1,10.0169,10.0169,100.0,0.0,0.0,EUR,2026-08-10
2026-08-16,200395,"VARUS, вул.Терещенко 1Е",Kryvyi Rih,0.0,0,0,0,0,701.0166666666667,701.0166666666667,1,11.6836,11.6836,100.0,,,EUR,2026-08-10
2026-08-16,200402,"VARUS, вул.Французький бульвар 22",Odesa,58.893438,3,3,0,0,701.0166666666667,701.0166666666667,1,11.6836,11.6836,100.0,0.0,0.0,EUR,2026-08-10
2026-08-16,200396,"VARUS, мкр Сонячний 41а",Kryvyi Rih,0.0,0,0,0,0,701.0166666666667,701.0166666666667,1,11.6836,11.6836,100.0,,,EUR,2026-08-10
2026-08-16,200362,"VARUS, пр. Івана Мазепи, 58",Dnipro,53.598051,3,3,0,0,701.0166666666667,701.0166666666667,1,11.6836,11.6836,100.0,0.0,0.0,EUR,2026-08-10
2026-08-16,200373,"VARUS, пр. Академіка Паладіна 16/39",Kyiv,566.01564,27,27,2,0,701.0166666666667,701.0166666666667,1,11.6836,11.6836,100.0,7.41,0.0,EUR,2026-08-10
2026-08-16,200368,"VARUS, пр. Героїв 2",Dnipro,396.944582,24,22,0,2,701.0166666666667,701.0166666666667,1,11.6836,11.6836,100.0,0.0,8.33,EUR,2026-08-10
2026-08-16,200408,"VARUS, пр. Гуляєва полковника ж.м. ""Дружний"" буд. 107/1",Odesa,111.464031,5,5,2,0,701.0166666666667,701.0166666666667,1,11.6836,11.6836,100.0,40.0,0.0,EUR,2026-08-10
2026-08-16,200399,"VARUS, пр. Добровольського 122/1",Odesa,37.404446,2,2,0,0,701.0166666666667,701.0166666666667,1,11.6836,11.6836,100.0,0.0,0.0,EUR,2026-08-10
2026-08-16,862701,"VARUS, пр. Коцюбинського, 70",Vinnytsia,440.749464,30,27,9,3,449.3666666666667,701.0166666666667,1,7.4894,11.6836,64.1,33.33,10.0,EUR,2026-08-10
2026-08-16,200394,"VARUS, пр. Металургів 42А",Kryvyi Rih,246.33018,15,15,0,0,701.0166666666667,701.0166666666667,1,11.6836,11.6836,100.0,0.0,0.0,EUR,2026-08-10
2026-08-16,200380,"VARUS, пр. Миколи Бажана 38",Kyiv,85.02026,5,4,1,1,701.0166666666667,701.0166666666667,1,11.6836,11.6836,100.0,25.0,20.0,EUR,2026-08-10
2026-08-16,200359,"VARUS, пр. О. Поля, 104а",Dnipro,0.0,0,0,0,0,0.0,0.0,1,0.0,0.0,,,,EUR,2026-08-10
2026-08-16,198953,"VARUS, пр. Олександра Поля, 104",Dnipro,203.219324,12,12,1,0,701.0166666666667,701.0166666666667,1,11.6836,11.6836,100.0,8.33,0.0,EUR,2026-08-10
2026-08-16,200357,"VARUS, пр.Науки 8а",Dnipro,272.674638,15,14,3,1,701.0166666666667,701.0166666666667,1,11.6836,11.6836,100.0,21.43,6.67,EUR,2026-08-10
2026-08-16,200377,"VARUS, пр.Оболонський 47/42",Kyiv,8.962007,1,1,0,0,701.0166666666667,701.0166666666667,1,11.6836,11.6836,100.0,0.0,0.0,EUR,2026-08-10
2026-08-16,200360,"VARUS, проспект Слобожанський 86",Dnipro,178.257294,8,8,2,0,701.0166666666667,701.0166666666667,1,11.6836,11.6836,100.0,25.0,0.0,EUR,2026-08-10
2026-08-17,200367,"VARUS вул.Петра Сагайдачного, 7",Zaporizhia,31.747698,3,3,0,0,701.0,701.0,1,11.6833,11.6833,100.0,0.0,0.0,EUR,2026-08-17
2026-08-17,200390,"VARUS, 5-й Зарічний, д.19",Kryvyi Rih,21.037751,2,2,1,0,701.0,701.0,1,11.6833,11.6833,100.0,50.0,0.0,EUR,2026-08-17
2026-08-17,200383,"VARUS, Вулиця Героїв полку Азов, 12",Kyiv,123.242437,10,7,2,3,701.0,701.0,1,11.6833,11.6833,100.0,28.57,30.0,EUR,2026-08-17
2026-08-17,200364,"VARUS, Донецьке шосcе 110",Dnipro,27.78719,2,2,0,0,701.0,701.0,1,11.6833,11.6833,100.0,0.0,0.0,EUR,2026-08-17
2026-08-17,200356,"VARUS, Донецьке шосcе 9а",Dnipro,30.020887,4,4,2,0,701.0,701.0,1,11.6833,11.6833,100.0,50.0,0.0,EUR,2026-08-17
2026-08-17,200400,"VARUS, Люстдорфська дорога 114",Odesa,131.073528,8,8,1,0,701.0,701.0,1,11.6833,11.6833,100.0,12.5,0.0,EUR,2026-08-17
2026-08-17,200392,"VARUS, Площа Шахтарської Слави 1",Kryvyi Rih,5.868338,1,1,0,0,701.0,701.0,1,11.6833,11.6833,100.0,0.0,0.0,EUR,2026-08-17
2026-08-17,200374,"VARUS, Проспект Червоної Калини 44A",Kyiv,121.458573,7,6,0,1,701.0,701.0,1,11.6833,11.6833,100.0,0.0,14.29,EUR,2026-08-17
2026-08-17,200365,"VARUS, Північно-Кільцева вулиця, 10а,",Zaporizhia,0.0,0,0,0,0,701.0,701.0,1,11.6833,11.6833,100.0,,,EUR,2026-08-17
2026-08-17,200385,"VARUS, Харківське Шосе 160",Kyiv,197.254779,13,13,0,0,701.0,701.0,1,11.6833,11.6833,100.0,0.0,0.0,EUR,2026-08-17
2026-08-17,200358,"VARUS, бул. Європейський 1Д",Dnipro,108.854529,9,9,2,0,661.0,661.0,1,11.0167,11.0167,100.0,22.22,0.0,EUR,2026-08-17
2026-08-17,200372,"VARUS, бул.Будівельників 27а",Kamianske,0.0,0,0,0,0,601.0,601.0,1,10.0167,10.0167,100.0,,,EUR,2026-08-17
2026-08-17,200355,"VARUS, вул Березинская 23а",Dnipro,113.044597,5,5,1,0,701.0,701.0,1,11.6833,11.6833,100.0,20.0,0.0,EUR,2026-08-17
2026-08-17,200393,"VARUS, вул. 200 річчя Кривого Рогу",Kryvyi Rih,81.575965,6,6,1,0,701.0,701.0,1,11.6833,11.6833,100.0,16.67,0.0,EUR,2026-08-17
2026-08-17,200397,"VARUS, вул. Івана Авраменко 21В",Kryvyi Rih,97.477759,6,6,1,0,701.0,701.0,1,11.6833,11.6833,100.0,16.67,0.0,EUR,2026-08-17
2026-08-17,200376,"VARUS, вул. Волинська 37",Kyiv,0.0,0,0,0,0,661.0,661.0,1,11.0167,11.0167,100.0,,,EUR,2026-08-17
2026-08-17,200401,"VARUS, вул. Дача Ковалевського 91",Odesa,0.0,0,0,0,0,701.0,701.0,1,11.6833,11.6833,100.0,,,EUR,2026-08-17
2026-08-17,200378,"VARUS, вул. Деміївська 27",Kyiv,235.824631,17,16,1,1,701.0,701.0,1,11.6833,11.6833,100.0,6.25,5.88,EUR,2026-08-17
2026-08-17,200387,"VARUS, вул. Драгаманова 40г",Kyiv,54.459659,4,4,0,0,701.0,701.0,1,11.6833,11.6833,100.0,0.0,0.0,EUR,2026-08-17
2026-08-17,200391,"VARUS, вул. Жилянська 59",Kyiv,0.0,20,0,0,20,701.0,701.0,1,11.6833,11.6833,100.0,,100.0,EUR,2026-08-17
2026-08-17,200384,"VARUS, вул. Костянтинівська 2А",Kyiv,401.318172,23,23,5,0,701.0,701.0,1,11.6833,11.6833,100.0,21.74,0.0,EUR,2026-08-17
2026-08-17,200388,"VARUS, вул. Лесі Українки 30",Kyiv,0.0,0,0,0,0,701.0,701.0,1,11.6833,11.6833,100.0,,,EUR,2026-08-17
2026-08-17,200398,"VARUS, вул. Недєліна 43",Kryvyi Rih,0.0,0,0,0,0,701.0,701.0,1,11.6833,11.6833,100.0,,,EUR,2026-08-17
2026-08-17,200371,"VARUS, вул. Ольги Кобилянської 1В/23",Irpin,193.048079,11,11,2,0,701.0,701.0,1,11.6833,11.6833,100.0,18.18,0.0,EUR,2026-08-17
2026-08-17,200351,"VARUS, вул. Паникахи 15",Dnipro,0.0,0,0,0,0,701.0,701.0,1,11.6833,11.6833,100.0,,,EUR,2026-08-17
2026-08-17,200403,"VARUS, вул. Соборна 97А",Pavlohrad,27.744643,2,2,0,0,641.0,641.0,1,10.6833,10.6833,100.0,0.0,0.0,EUR,2026-08-17
2026-08-17,200389,"VARUS, вул. Срібнокільска 11",Kyiv,223.307611,14,12,6,2,721.0,721.0,1,12.0167,12.0167,100.0,50.0,14.29,EUR,2026-08-17
2026-08-17,200381,"VARUS, вул. Тютюника 39-А",Kyiv,247.268699,17,16,1,1,701.0,701.0,1,11.6833,11.6833,100.0,6.25,5.88,EUR,2026-08-17
2026-08-17,200366,"VARUS, вул. Яценка 2",Zaporizhia,0.0,0,0,0,0,701.0,701.0,1,11.6833,11.6833,100.0,,,EUR,2026-08-17
2026-08-17,200352,"VARUS, вул.20річчя Перемоги  43Д",Dnipro,0.0,0,0,0,0,701.0,701.0,1,11.6833,11.6833,100.0,,,EUR,2026-08-17
2026-08-17,200375,"VARUS, вул.Андрія Малишко,3",Kyiv,449.552872,21,21,4,0,701.0,701.0,1,11.6833,11.6833,100.0,19.05,0.0,EUR,2026-08-17
2026-08-17,200379,"VARUS, вул.Бажана 10-А",Kyiv,16.736675,6,3,1,3,701.0,701.0,1,11.6833,11.6833,100.0,33.33,50.0,EUR,2026-08-17
2026-08-17,200382,"VARUS, вул.Васильківска 34",Kyiv,240.750753,14,13,0,1,701.0,701.0,1,11.6833,11.6833,100.0,0.0,7.14,EUR,2026-08-17
2026-08-17,200386,"VARUS, вул.Вишгородска 45а",Kyiv,471.79276,24,24,4,0,661.0,661.0,1,11.0167,11.0167,100.0,16.67,0.0,EUR,2026-08-17
2026-08-17,200350,"VARUS, вул.Глинки 2",Dnipro,0.0,0,0,0,0,701.0,701.0,1,11.6833,11.6833,100.0,,,EUR,2026-08-17
2026-08-17,200349,"VARUS, вул.Дніпровская 1",Vyshhorod,64.03303,5,5,0,0,701.0,701.0,1,11.6833,11.6833,100.0,0.0,0.0,EUR,2026-08-17
2026-08-17,200354,"VARUS, вул.Калиновая 9А",Dnipro,290.447124,16,15,1,1,701.0,701.0,1,11.6833,11.6833,100.0,6.67,6.25,EUR,2026-08-17
2026-08-17,200348,"VARUS, вул.Київська 239",Brovary,228.302197,17,17,0,0,701.0,701.0,1,11.6833,11.6833,100.0,0.0,0.0,EUR,2026-08-17
2026-08-17,200353,"VARUS, вул.Коммунарівська буд. 8",Dnipro,38.222133,4,4,0,0,701.0,701.0,1,11.6833,11.6833,100.0,0.0,0.0,EUR,2026-08-17
2026-08-17,200361,"VARUS, вул.Марії Кюрі 5",Dnipro,323.023519,21,21,1,0,701.0,701.0,1,11.6833,11.6833,100.0,4.76,0.0,EUR,2026-08-17
2026-08-17,200370,"VARUS, вул.Незалежної України 57В",Zaporizhia,236.178155,15,15,1,0,701.0,701.0,1,11.6833,11.6833,100.0,6.67,0.0,EUR,2026-08-17
2026-08-17,200404,"VARUS, вул.Нова 2В",Pavlohrad,53.28924,6,5,0,1,641.0,641.0,1,10.6833,10.6833,100.0,0.0,16.67,EUR,2026-08-17
2026-08-17,200363,"VARUS, вул.Робоча 67",Dnipro,131.309663,11,10,1,1,701.0,701.0,1,11.6833,11.6833,100.0,10.0,9.09,EUR,2026-08-17
2026-08-17,200369,"VARUS, вул.Тараса Шевченка 7",Kamianske,24.250214,2,1,0,1,601.0,601.0,1,10.0167,10.0167,100.0,0.0,50.0,EUR,2026-08-17
2026-08-17,200395,"VARUS, вул.Терещенко 1Е",Kryvyi Rih,0.0,0,0,0,0,701.0,701.0,1,11.6833,11.6833,100.0,,,EUR,2026-08-17
2026-08-17,200402,"VARUS, вул.Французький бульвар 22",Odesa,128.593448,7,5,2,2,701.0,701.0,1,11.6833,11.6833,100.0,40.0,28.57,EUR,2026-08-17
2026-08-17,200396,"VARUS, мкр Сонячний 41а",Kryvyi Rih,22.303319,1,1,0,0,701.0,701.0,1,11.6833,11.6833,100.0,0.0,0.0,EUR,2026-08-17
2026-08-17,200362,"VARUS, пр. Івана Мазепи, 58",Dnipro,33.671,2,2,2,0,701.0,701.0,1,11.6833,11.6833,100.0,100.0,0.0,EUR,2026-08-17
2026-08-17,200373,"VARUS, пр. Академіка Паладіна 16/39",Kyiv,303.745457,19,17,1,2,701.0,701.0,1,11.6833,11.6833,100.0,5.88,10.53,EUR,2026-08-17
2026-08-17,200368,"VARUS, пр. Героїв 2",Dnipro,316.927165,20,20,0,0,701.0,701.0,1,11.6833,11.6833,100.0,0.0,0.0,EUR,2026-08-17
2026-08-17,200408,"VARUS, пр. Гуляєва полковника ж.м. ""Дружний"" буд. 107/1",Odesa,39.942176,4,3,0,1,701.0,701.0,1,11.6833,11.6833,100.0,0.0,25.0,EUR,2026-08-17
2026-08-17,200399,"VARUS, пр. Добровольського 122/1",Odesa,111.225345,8,7,1,1,701.0,701.0,1,11.6833,11.6833,100.0,14.29,12.5,EUR,2026-08-17
2026-08-17,862701,"VARUS, пр. Коцюбинського, 70",Vinnytsia,345.474588,34,32,8,2,701.0,701.0,1,11.6833,11.6833,100.0,25.0,5.88,EUR,2026-08-17
2026-08-17,200394,"VARUS, пр. Металургів 42А",Kryvyi Rih,154.634488,10,10,2,0,701.0,701.0,1,11.6833,11.6833,100.0,20.0,0.0,EUR,2026-08-17
2026-08-17,200380,"VARUS, пр. Миколи Бажана 38",Kyiv,74.696952,7,5,0,2,701.0,701.0,1,11.6833,11.6833,100.0,0.0,28.57,EUR,2026-08-17
2026-08-17,200359,"VARUS, пр. О. Поля, 104а",Dnipro,0.0,0,0,0,0,0.0,0.0,1,0.0,0.0,,,,EUR,2026-08-17
2026-08-17,198953,"VARUS, пр. Олександра Поля, 104",Dnipro,146.674014,9,8,1,1,701.0,701.0,1,11.6833,11.6833,100.0,12.5,11.11,EUR,2026-08-17
2026-08-17,200357,"VARUS, пр.Науки 8а",Dnipro,263.590935,16,14,8,2,701.0,701.0,1,11.6833,11.6833,100.0,57.14,12.5,EUR,2026-08-17
2026-08-17,200377,"VARUS, пр.Оболонський 47/42",Kyiv,132.29423,10,10,5,0,701.0,701.0,1,11.6833,11.6833,100.0,50.0,0.0,EUR,2026-08-17
2026-08-17,200360,"VARUS, проспект Слобожанський 86",Dnipro,22.284753,2,2,0,0,701.0,701.0,1,11.6833,11.6833,100.0,0.0,0.0,EUR,2026-08-17
2026-08-18,200367,"VARUS вул.Петра Сагайдачного, 7",Zaporizhia,80.538216,8,8,2,0,700.6,700.6,1,11.6767,11.6767,100.0,25.0,0.0,EUR,2026-08-17
2026-08-18,200390,"VARUS, 5-й Зарічний, д.19",Kryvyi Rih,75.7604,4,4,0,0,700.6,700.6,1,11.6767,11.6767,100.0,0.0,0.0,EUR,2026-08-17
2026-08-18,200383,"VARUS, Вулиця Героїв полку Азов, 12",Kyiv,133.183548,9,8,1,1,700.6,700.6,1,11.6767,11.6767,100.0,12.5,11.11,EUR,2026-08-17
2026-08-18,200364,"VARUS, Донецьке шосcе 110",Dnipro,89.547602,5,5,0,0,700.6,700.6,1,11.6767,11.6767,100.0,0.0,0.0,EUR,2026-08-17
2026-08-18,200356,"VARUS, Донецьке шосcе 9а",Dnipro,65.676863,6,5,0,1,700.6,700.6,1,11.6767,11.6767,100.0,0.0,16.67,EUR,2026-08-17
2026-08-18,200400,"VARUS, Люстдорфська дорога 114",Odesa,94.492571,7,7,1,0,700.6,700.6,1,11.6767,11.6767,100.0,14.29,0.0,EUR,2026-08-17
2026-08-18,200392,"VARUS, Площа Шахтарської Слави 1",Kryvyi Rih,33.479064,5,5,0,0,700.6,700.6,1,11.6767,11.6767,100.0,0.0,0.0,EUR,2026-08-17
2026-08-18,200374,"VARUS, Проспект Червоної Калини 44A",Kyiv,145.230482,12,11,1,1,700.6,700.6,1,11.6767,11.6767,100.0,9.09,8.33,EUR,2026-08-17
2026-08-18,200365,"VARUS, Північно-Кільцева вулиця, 10а,",Zaporizhia,0.0,0,0,0,0,700.6,700.6,1,11.6767,11.6767,100.0,,,EUR,2026-08-17
2026-08-18,200385,"VARUS, Харківське Шосе 160",Kyiv,139.696998,9,9,1,0,700.6,700.6,1,11.6767,11.6767,100.0,11.11,0.0,EUR,2026-08-17
2026-08-18,200358,"VARUS, бул. Європейський 1Д",Dnipro,159.557946,10,10,2,0,660.6,660.6,1,11.01,11.01,100.0,20.0,0.0,EUR,2026-08-17
2026-08-18,200372,"VARUS, бул.Будівельників 27а",Kamianske,10.730734,1,1,1,0,600.6,600.6,1,10.01,10.01,100.0,100.0,0.0,EUR,2026-08-17
2026-08-18,200355,"VARUS, вул Березинская 23а",Dnipro,73.400929,4,4,0,0,700.6,700.6,1,11.6767,11.6767,100.0,0.0,0.0,EUR,2026-08-17
2026-08-18,200393,"VARUS, вул. 200 річчя Кривого Рогу",Kryvyi Rih,61.058288,4,4,0,0,700.6,700.6,1,11.6767,11.6767,100.0,0.0,0.0,EUR,2026-08-17
2026-08-18,200397,"VARUS, вул. Івана Авраменко 21В",Kryvyi Rih,97.491323,8,8,1,0,700.6,700.6,1,11.6767,11.6767,100.0,12.5,0.0,EUR,2026-08-17
2026-08-18,200376,"VARUS, вул. Волинська 37",Kyiv,0.0,0,0,0,0,660.6,660.6,1,11.01,11.01,100.0,,,EUR,2026-08-17
2026-08-18,200401,"VARUS, вул. Дача Ковалевського 91",Odesa,0.0,0,0,0,0,700.6,700.6,1,11.6767,11.6767,100.0,,,EUR,2026-08-17
2026-08-18,200378,"VARUS, вул. Деміївська 27",Kyiv,73.731571,4,4,0,0,700.6,700.6,1,11.6767,11.6767,100.0,0.0,0.0,EUR,2026-08-17
2026-08-18,200387,"VARUS, вул. Драгаманова 40г",Kyiv,147.727581,6,6,2,0,700.6,700.6,1,11.6767,11.6767,100.0,33.33,0.0,EUR,2026-08-17
2026-08-18,200391,"VARUS, вул. Жилянська 59",Kyiv,276.862157,25,20,8,5,700.6,700.6,1,11.6767,11.6767,100.0,40.0,20.0,EUR,2026-08-17
2026-08-18,200384,"VARUS, вул. Костянтинівська 2А",Kyiv,194.1185,12,12,1,0,700.6,700.6,1,11.6767,11.6767,100.0,8.33,0.0,EUR,2026-08-17
2026-08-18,200388,"VARUS, вул. Лесі Українки 30",Kyiv,11.715906,4,1,0,3,600.6,600.6,1,10.01,10.01,100.0,0.0,75.0,EUR,2026-08-17
2026-08-18,200398,"VARUS, вул. Недєліна 43",Kryvyi Rih,0.0,0,0,0,0,700.6,700.6,1,11.6767,11.6767,100.0,,,EUR,2026-08-17
2026-08-18,200371,"VARUS, вул. Ольги Кобилянської 1В/23",Irpin,225.664471,13,13,6,0,700.6,700.6,1,11.6767,11.6767,100.0,46.15,0.0,EUR,2026-08-17
2026-08-18,200351,"VARUS, вул. Паникахи 15",Dnipro,0.0,0,0,0,0,700.6,700.6,1,11.6767,11.6767,100.0,,,EUR,2026-08-17
2026-08-18,200403,"VARUS, вул. Соборна 97А",Pavlohrad,43.264967,3,3,0,0,640.6,640.6,1,10.6767,10.6767,100.0,0.0,0.0,EUR,2026-08-17
2026-08-18,200389,"VARUS, вул. Срібнокільска 11",Kyiv,230.873491,13,13,1,0,720.6,720.6,1,12.01,12.01,100.0,7.69,0.0,EUR,2026-08-17
2026-08-18,200381,"VARUS, вул. Тютюника 39-А",Kyiv,285.448636,23,21,2,2,700.6,700.6,1,11.6767,11.6767,100.0,9.52,8.7,EUR,2026-08-17
2026-08-18,200366,"VARUS, вул. Яценка 2",Zaporizhia,0.0,0,0,0,0,700.6,700.6,1,11.6767,11.6767,100.0,,,EUR,2026-08-17
2026-08-18,200352,"VARUS, вул.20річчя Перемоги  43Д",Dnipro,0.0,0,0,0,0,700.6,700.6,1,11.6767,11.6767,100.0,,,EUR,2026-08-17
2026-08-18,200375,"VARUS, вул.Андрія Малишко,3",Kyiv,475.425127,27,17,5,10,700.6,700.6,1,11.6767,11.6767,100.0,29.41,37.04,EUR,2026-08-17
2026-08-18,200379,"VARUS, вул.Бажана 10-А",Kyiv,5.261522,4,1,0,3,700.6,700.6,1,11.6767,11.6767,100.0,0.0,75.0,EUR,2026-08-17
2026-08-18,200382,"VARUS, вул.Васильківска 34",Kyiv,328.681942,21,21,1,0,700.6,700.6,1,11.6767,11.6767,100.0,4.76,0.0,EUR,2026-08-17
2026-08-18,200386,"VARUS, вул.Вишгородска 45а",Kyiv,221.465134,13,13,4,0,660.6,660.6,1,11.01,11.01,100.0,30.77,0.0,EUR,2026-08-17
2026-08-18,200350,"VARUS, вул.Глинки 2",Dnipro,0.0,0,0,0,0,700.6,700.6,1,11.6767,11.6767,100.0,,,EUR,2026-08-17
2026-08-18,200349,"VARUS, вул.Дніпровская 1",Vyshhorod,29.168163,2,2,0,0,700.6,700.6,1,11.6767,11.6767,100.0,0.0,0.0,EUR,2026-08-17
2026-08-18,200354,"VARUS, вул.Калиновая 9А",Dnipro,327.237386,16,15,2,1,700.6,700.6,1,11.6767,11.6767,100.0,13.33,6.25,EUR,2026-08-17
2026-08-18,200348,"VARUS, вул.Київська 239",Brovary,139.785982,13,13,2,0,700.6,700.6,1,11.6767,11.6767,100.0,15.38,0.0,EUR,2026-08-17
2026-08-18,200353,"VARUS, вул.Коммунарівська буд. 8",Dnipro,15.715659,2,2,0,0,700.6,700.6,1,11.6767,11.6767,100.0,0.0,0.0,EUR,2026-08-17
2026-08-18,200361,"VARUS, вул.Марії Кюрі 5",Dnipro,174.627956,13,12,0,1,700.6,700.6,1,11.6767,11.6767,100.0,0.0,7.69,EUR,2026-08-17
2026-08-18,200370,"VARUS, вул.Незалежної України 57В",Zaporizhia,268.728504,16,16,1,0,700.6,700.6,1,11.6767,11.6767,100.0,6.25,0.0,EUR,2026-08-17
2026-08-18,200404,"VARUS, вул.Нова 2В",Pavlohrad,31.321296,1,1,0,0,640.6,640.6,1,10.6767,10.6767,100.0,0.0,0.0,EUR,2026-08-17
2026-08-18,200363,"VARUS, вул.Робоча 67",Dnipro,68.067796,5,5,0,0,700.6,700.6,1,11.6767,11.6767,100.0,0.0,0.0,EUR,2026-08-17
2026-08-18,200369,"VARUS, вул.Тараса Шевченка 7",Kamianske,105.363822,5,4,3,1,600.6,600.6,1,10.01,10.01,100.0,75.0,20.0,EUR,2026-08-17
2026-08-18,200395,"VARUS, вул.Терещенко 1Е",Kryvyi Rih,0.0,0,0,0,0,700.6,700.6,1,11.6767,11.6767,100.0,,,EUR,2026-08-17
2026-08-18,200402,"VARUS, вул.Французький бульвар 22",Odesa,36.544407,3,3,1,0,700.6,700.6,1,11.6767,11.6767,100.0,33.33,0.0,EUR,2026-08-17
2026-08-18,200396,"VARUS, мкр Сонячний 41а",Kryvyi Rih,37.977192,4,4,0,0,700.6,700.6,1,11.6767,11.6767,100.0,0.0,0.0,EUR,2026-08-17
2026-08-18,200362,"VARUS, пр. Івана Мазепи, 58",Dnipro,123.75068,9,9,1,0,700.6,700.6,1,11.6767,11.6767,100.0,11.11,0.0,EUR,2026-08-17
2026-08-18,200373,"VARUS, пр. Академіка Паладіна 16/39",Kyiv,343.288707,23,20,1,3,700.6,700.6,1,11.6767,11.6767,100.0,5.0,13.04,EUR,2026-08-17
2026-08-18,200368,"VARUS, пр. Героїв 2",Dnipro,319.58744,27,25,3,2,700.6,700.6,1,11.6767,11.6767,100.0,12.0,7.41,EUR,2026-08-17
2026-08-18,200408,"VARUS, пр. Гуляєва полковника ж.м. ""Дружний"" буд. 107/1",Odesa,129.901829,6,6,2,0,700.6,700.6,1,11.6767,11.6767,100.0,33.33,0.0,EUR,2026-08-17
2026-08-18,200399,"VARUS, пр. Добровольського 122/1",Odesa,61.563806,4,4,0,0,700.6,700.6,1,11.6767,11.6767,100.0,0.0,0.0,EUR,2026-08-17
2026-08-18,862701,"VARUS, пр. Коцюбинського, 70",Vinnytsia,433.077196,35,35,7,0,700.6,700.6,1,11.6767,11.6767,100.0,20.0,0.0,EUR,2026-08-17
2026-08-18,200394,"VARUS, пр. Металургів 42А",Kryvyi Rih,184.582943,14,14,1,0,700.6,700.6,1,11.6767,11.6767,100.0,7.14,0.0,EUR,2026-08-17
2026-08-18,200380,"VARUS, пр. Миколи Бажана 38",Kyiv,64.79515,5,5,1,0,700.6,700.6,1,11.6767,11.6767,100.0,20.0,0.0,EUR,2026-08-17
2026-08-18,200359,"VARUS, пр. О. Поля, 104а",Dnipro,0.0,0,0,0,0,0.0,0.0,1,0.0,0.0,,,,EUR,2026-08-17
2026-08-18,198953,"VARUS, пр. Олександра Поля, 104",Dnipro,172.69197,12,12,2,0,700.6,700.6,1,11.6767,11.6767,100.0,16.67,0.0,EUR,2026-08-17
2026-08-18,200357,"VARUS, пр.Науки 8а",Dnipro,179.659785,11,11,2,0,700.6,700.6,1,11.6767,11.6767,100.0,18.18,0.0,EUR,2026-08-17
2026-08-18,200377,"VARUS, пр.Оболонський 47/42",Kyiv,102.385143,6,6,0,0,700.6,700.6,1,11.6767,11.6767,100.0,0.0,0.0,EUR,2026-08-17
2026-08-18,200360,"VARUS, проспект Слобожанський 86",Dnipro,17.160797,2,2,2,0,700.6,700.6,1,11.6767,11.6767,100.0,100.0,0.0,EUR,2026-08-17
2026-08-19,200367,"VARUS вул.Петра Сагайдачного, 7",Zaporizhia,125.38356,8,8,1,0,701.0,701.0,1,11.6833,11.6833,100.0,12.5,0.0,EUR,2026-08-17
2026-08-19,200390,"VARUS, 5-й Зарічний, д.19",Kryvyi Rih,8.223745,1,1,0,0,701.0,701.0,1,11.6833,11.6833,100.0,0.0,0.0,EUR,2026-08-17
2026-08-19,200383,"VARUS, Вулиця Героїв полку Азов, 12",Kyiv,111.064741,10,8,0,2,701.0,701.0,1,11.6833,11.6833,100.0,0.0,20.0,EUR,2026-08-17
2026-08-19,200364,"VARUS, Донецьке шосcе 110",Dnipro,46.281141,4,4,0,0,701.0,701.0,1,11.6833,11.6833,100.0,0.0,0.0,EUR,2026-08-17
2026-08-19,200356,"VARUS, Донецьке шосcе 9а",Dnipro,20.350798,2,2,0,0,701.0,701.0,1,11.6833,11.6833,100.0,0.0,0.0,EUR,2026-08-17
2026-08-19,200400,"VARUS, Люстдорфська дорога 114",Odesa,181.904633,8,8,1,0,701.0,701.0,1,11.6833,11.6833,100.0,12.5,0.0,EUR,2026-08-17
2026-08-19,200392,"VARUS, Площа Шахтарської Слави 1",Kryvyi Rih,50.592123,3,3,1,0,701.0,701.0,1,11.6833,11.6833,100.0,33.33,0.0,EUR,2026-08-17
2026-08-19,200374,"VARUS, Проспект Червоної Калини 44A",Kyiv,172.20415,11,11,3,0,701.0,701.0,1,11.6833,11.6833,100.0,27.27,0.0,EUR,2026-08-17
2026-08-19,200365,"VARUS, Північно-Кільцева вулиця, 10а,",Zaporizhia,0.0,0,0,0,0,701.0,701.0,1,11.6833,11.6833,100.0,,,EUR,2026-08-17
2026-08-19,200385,"VARUS, Харківське Шосе 160",Kyiv,119.164043,8,8,1,0,701.0,701.0,1,11.6833,11.6833,100.0,12.5,0.0,EUR,2026-08-17
2026-08-19,200358,"VARUS, бул. Європейський 1Д",Dnipro,190.254943,16,14,4,2,661.0,661.0,1,11.0167,11.0167,100.0,28.57,12.5,EUR,2026-08-17
2026-08-19,200372,"VARUS, бул.Будівельників 27а",Kamianske,29.751266,1,1,1,0,601.0,601.0,1,10.0167,10.0167,100.0,100.0,0.0,EUR,2026-08-17
2026-08-19,200355,"VARUS, вул Березинская 23а",Dnipro,136.680403,10,10,1,0,701.0,701.0,1,11.6833,11.6833,100.0,10.0,0.0,EUR,2026-08-17
2026-08-19,200393,"VARUS, вул. 200 річчя Кривого Рогу",Kryvyi Rih,7.77536,1,1,0,0,701.0,701.0,1,11.6833,11.6833,100.0,0.0,0.0,EUR,2026-08-17
2026-08-19,200397,"VARUS, вул. Івана Авраменко 21В",Kryvyi Rih,106.443516,3,3,0,0,701.0,701.0,1,11.6833,11.6833,100.0,0.0,0.0,EUR,2026-08-17
2026-08-19,200376,"VARUS, вул. Волинська 37",Kyiv,0.0,0,0,0,0,661.0,661.0,1,11.0167,11.0167,100.0,,,EUR,2026-08-17
2026-08-19,200401,"VARUS, вул. Дача Ковалевського 91",Odesa,0.0,0,0,0,0,701.0,701.0,1,11.6833,11.6833,100.0,,,EUR,2026-08-17
2026-08-19,200378,"VARUS, вул. Деміївська 27",Kyiv,148.217647,14,13,2,1,701.0,701.0,1,11.6833,11.6833,100.0,15.38,7.14,EUR,2026-08-17
2026-08-19,200387,"VARUS, вул. Драгаманова 40г",Kyiv,41.005278,5,4,0,1,701.0,701.0,1,11.6833,11.6833,100.0,0.0,20.0,EUR,2026-08-17
2026-08-19,200391,"VARUS, вул. Жилянська 59",Kyiv,235.490563,18,18,1,0,701.0,701.0,1,11.6833,11.6833,100.0,5.56,0.0,EUR,2026-08-17
2026-08-19,200384,"VARUS, вул. Костянтинівська 2А",Kyiv,114.512334,8,8,0,0,701.0,701.0,1,11.6833,11.6833,100.0,0.0,0.0,EUR,2026-08-17
2026-08-19,200388,"VARUS, вул. Лесі Українки 30",Kyiv,113.164282,6,5,2,1,601.0,601.0,1,10.0167,10.0167,100.0,40.0,16.67,EUR,2026-08-17
2026-08-19,200398,"VARUS, вул. Недєліна 43",Kryvyi Rih,0.0,0,0,0,0,701.0,701.0,1,11.6833,11.6833,100.0,,,EUR,2026-08-17
2026-08-19,200371,"VARUS, вул. Ольги Кобилянської 1В/23",Irpin,124.062712,10,10,2,0,701.0,701.0,1,11.6833,11.6833,100.0,20.0,0.0,EUR,2026-08-17
2026-08-19,200351,"VARUS, вул. Паникахи 15",Dnipro,0.0,0,0,0,0,701.0,701.0,1,11.6833,11.6833,100.0,,,EUR,2026-08-17
2026-08-19,200403,"VARUS, вул. Соборна 97А",Pavlohrad,43.449211,3,3,0,0,641.0,641.0,1,10.6833,10.6833,100.0,0.0,0.0,EUR,2026-08-17
2026-08-19,200389,"VARUS, вул. Срібнокільска 11",Kyiv,128.584573,11,11,1,0,721.0,721.0,1,12.0167,12.0167,100.0,9.09,0.0,EUR,2026-08-17
2026-08-19,200381,"VARUS, вул. Тютюника 39-А",Kyiv,217.811748,18,14,2,4,701.0,701.0,1,11.6833,11.6833,100.0,14.29,22.22,EUR,2026-08-17
2026-08-19,200366,"VARUS, вул. Яценка 2",Zaporizhia,0.0,0,0,0,0,701.0,701.0,1,11.6833,11.6833,100.0,,,EUR,2026-08-17
2026-08-19,200352,"VARUS, вул.20річчя Перемоги  43Д",Dnipro,0.0,0,0,0,0,701.0,701.0,1,11.6833,11.6833,100.0,,,EUR,2026-08-17
2026-08-19,200375,"VARUS, вул.Андрія Малишко,3",Kyiv,284.390435,21,19,4,2,701.0,701.0,1,11.6833,11.6833,100.0,21.05,9.52,EUR,2026-08-17
2026-08-19,200379,"VARUS, вул.Бажана 10-А",Kyiv,7.626991,2,2,0,0,701.0,701.0,1,11.6833,11.6833,100.0,0.0,0.0,EUR,2026-08-17
2026-08-19,200382,"VARUS, вул.Васильківска 34",Kyiv,429.109559,23,22,0,1,701.0,701.0,1,11.6833,11.6833,100.0,0.0,4.35,EUR,2026-08-17
2026-08-19,200386,"VARUS, вул.Вишгородска 45а",Kyiv,296.537938,19,17,1,2,661.0,661.0,1,11.0167,11.0167,100.0,5.88,10.53,EUR,2026-08-17
2026-08-19,200350,"VARUS, вул.Глинки 2",Dnipro,0.0,0,0,0,0,701.0,701.0,1,11.6833,11.6833,100.0,,,EUR,2026-08-17
2026-08-19,200349,"VARUS, вул.Дніпровская 1",Vyshhorod,42.631351,3,3,0,0,701.0,701.0,1,11.6833,11.6833,100.0,0.0,0.0,EUR,2026-08-17
2026-08-19,200354,"VARUS, вул.Калиновая 9А",Dnipro,279.812042,23,21,1,2,701.0,701.0,1,11.6833,11.6833,100.0,4.76,8.7,EUR,2026-08-17
2026-08-19,200348,"VARUS, вул.Київська 239",Brovary,89.686941,9,9,0,0,701.0,701.0,1,11.6833,11.6833,100.0,0.0,0.0,EUR,2026-08-17
2026-08-19,200353,"VARUS, вул.Коммунарівська буд. 8",Dnipro,85.90036,6,6,0,0,701.0,701.0,1,11.6833,11.6833,100.0,0.0,0.0,EUR,2026-08-17
2026-08-19,200361,"VARUS, вул.Марії Кюрі 5",Dnipro,107.760696,9,9,2,0,701.0,701.0,1,11.6833,11.6833,100.0,22.22,0.0,EUR,2026-08-17
2026-08-19,200370,"VARUS, вул.Незалежної України 57В",Zaporizhia,256.902896,15,15,0,0,701.0,701.0,1,11.6833,11.6833,100.0,0.0,0.0,EUR,2026-08-17
2026-08-19,200404,"VARUS, вул.Нова 2В",Pavlohrad,82.444859,4,3,0,1,641.0,641.0,1,10.6833,10.6833,100.0,0.0,25.0,EUR,2026-08-17
2026-08-19,200363,"VARUS, вул.Робоча 67",Dnipro,196.146665,19,18,3,1,701.0,701.0,1,11.6833,11.6833,100.0,16.67,5.26,EUR,2026-08-17
2026-08-19,200369,"VARUS, вул.Тараса Шевченка 7",Kamianske,38.542053,2,2,0,0,601.0,601.0,1,10.0167,10.0167,100.0,0.0,0.0,EUR,2026-08-17
2026-08-19,200395,"VARUS, вул.Терещенко 1Е",Kryvyi Rih,0.0,0,0,0,0,701.0,701.0,1,11.6833,11.6833,100.0,,,EUR,2026-08-17
2026-08-19,200402,"VARUS, вул.Французький бульвар 22",Odesa,85.786913,8,7,4,1,701.0,701.0,1,11.6833,11.6833,100.0,57.14,12.5,EUR,2026-08-17
2026-08-19,200396,"VARUS, мкр Сонячний 41а",Kryvyi Rih,14.785724,1,1,0,0,701.0,701.0,1,11.6833,11.6833,100.0,0.0,0.0,EUR,2026-08-17
2026-08-19,200362,"VARUS, пр. Івана Мазепи, 58",Dnipro,18.520212,2,2,0,0,701.0,701.0,1,11.6833,11.6833,100.0,0.0,0.0,EUR,2026-08-17
2026-08-19,200373,"VARUS, пр. Академіка Паладіна 16/39",Kyiv,499.301374,27,26,2,1,701.0,701.0,1,11.6833,11.6833,100.0,7.69,3.7,EUR,2026-08-17
2026-08-19,200368,"VARUS, пр. Героїв 2",Dnipro,278.791402,22,20,1,2,701.0,701.0,1,11.6833,11.6833,100.0,5.0,9.09,EUR,2026-08-17
2026-08-19,200408,"VARUS, пр. Гуляєва полковника ж.м. ""Дружний"" буд. 107/1",Odesa,38.192258,5,4,0,1,701.0,701.0,1,11.6833,11.6833,100.0,0.0,20.0,EUR,2026-08-17
2026-08-19,200399,"VARUS, пр. Добровольського 122/1",Odesa,49.963149,5,5,0,0,701.0,701.0,1,11.6833,11.6833,100.0,0.0,0.0,EUR,2026-08-17
2026-08-19,862701,"VARUS, пр. Коцюбинського, 70",Vinnytsia,329.082736,27,26,2,1,701.0,701.0,1,11.6833,11.6833,100.0,7.69,3.7,EUR,2026-08-17
2026-08-19,200394,"VARUS, пр. Металургів 42А",Kryvyi Rih,145.265131,9,9,0,0,701.0,701.0,1,11.6833,11.6833,100.0,0.0,0.0,EUR,2026-08-17
2026-08-19,200380,"VARUS, пр. Миколи Бажана 38",Kyiv,77.656548,5,5,0,0,701.0,701.0,1,11.6833,11.6833,100.0,0.0,0.0,EUR,2026-08-17
2026-08-19,200359,"VARUS, пр. О. Поля, 104а",Dnipro,0.0,0,0,0,0,0.0,0.0,1,0.0,0.0,,,,EUR,2026-08-17
2026-08-19,198953,"VARUS, пр. Олександра Поля, 104",Dnipro,290.740764,20,20,5,0,701.0,701.0,1,11.6833,11.6833,100.0,25.0,0.0,EUR,2026-08-17
2026-08-19,200357,"VARUS, пр.Науки 8а",Dnipro,172.455932,12,9,3,3,701.0,701.0,1,11.6833,11.6833,100.0,33.33,25.0,EUR,2026-08-17
2026-08-19,200377,"VARUS, пр.Оболонський 47/42",Kyiv,23.824242,3,3,0,0,701.0,701.0,1,11.6833,11.6833,100.0,0.0,0.0,EUR,2026-08-17
2026-08-19,200360,"VARUS, проспект Слобожанський 86",Dnipro,33.833812,3,3,0,0,701.0,701.0,1,11.6833,11.6833,100.0,0.0,0.0,EUR,2026-08-17
2026-08-20,200367,"VARUS вул.Петра Сагайдачного, 7",Zaporizhia,113.62731,8,8,3,0,701.0166666666667,701.0166666666667,1,11.6836,11.6836,100.0,37.5,0.0,EUR,2026-08-17
2026-08-20,200390,"VARUS, 5-й Зарічний, д.19",Kryvyi Rih,29.014284,3,3,0,0,701.0166666666667,701.0166666666667,1,11.6836,11.6836,100.0,0.0,0.0,EUR,2026-08-17
2026-08-20,200383,"VARUS, Вулиця Героїв полку Азов, 12",Kyiv,147.800085,13,12,1,1,701.0166666666667,701.0166666666667,1,11.6836,11.6836,100.0,8.33,7.69,EUR,2026-08-17
2026-08-20,200364,"VARUS, Донецьке шосcе 110",Dnipro,52.820339,3,3,1,0,701.0166666666667,701.0166666666667,1,11.6836,11.6836,100.0,33.33,0.0,EUR,2026-08-17
2026-08-20,200356,"VARUS, Донецьке шосcе 9а",Dnipro,70.631354,5,5,0,0,701.0166666666667,701.0166666666667,1,11.6836,11.6836,100.0,0.0,0.0,EUR,2026-08-17
2026-08-20,200400,"VARUS, Люстдорфська дорога 114",Odesa,32.19313,2,2,0,0,701.0166666666667,701.0166666666667,1,11.6836,11.6836,100.0,0.0,0.0,EUR,2026-08-17
2026-08-20,200392,"VARUS, Площа Шахтарської Слави 1",Kryvyi Rih,83.474557,3,2,0,1,701.0166666666667,701.0166666666667,1,11.6836,11.6836,100.0,0.0,33.33,EUR,2026-08-17
2026-08-20,200374,"VARUS, Проспект Червоної Калини 44A",Kyiv,175.468451,10,9,2,1,701.0166666666667,701.0166666666667,1,11.6836,11.6836,100.0,22.22,10.0,EUR,2026-08-17
2026-08-20,200365,"VARUS, Північно-Кільцева вулиця, 10а,",Zaporizhia,0.0,0,0,0,0,701.0166666666667,701.0166666666667,1,11.6836,11.6836,100.0,,,EUR,2026-08-17
2026-08-20,200385,"VARUS, Харківське Шосе 160",Kyiv,125.354989,6,6,2,0,701.0166666666667,701.0166666666667,1,11.6836,11.6836,100.0,33.33,0.0,EUR,2026-08-17
2026-08-20,200358,"VARUS, бул. Європейський 1Д",Dnipro,118.627512,12,11,1,1,661.0166666666667,661.0166666666667,1,11.0169,11.0169,100.0,9.09,8.33,EUR,2026-08-17
2026-08-20,200372,"VARUS, бул.Будівельників 27а",Kamianske,49.7082,2,2,0,0,601.0166666666667,601.0166666666667,1,10.0169,10.0169,100.0,0.0,0.0,EUR,2026-08-17
2026-08-20,200355,"VARUS, вул Березинская 23а",Dnipro,103.5735,8,7,0,1,701.0166666666667,701.0166666666667,1,11.6836,11.6836,100.0,0.0,12.5,EUR,2026-08-17
2026-08-20,200393,"VARUS, вул. 200 річчя Кривого Рогу",Kryvyi Rih,27.087081,3,3,0,0,701.0166666666667,701.0166666666667,1,11.6836,11.6836,100.0,0.0,0.0,EUR,2026-08-17
2026-08-20,200397,"VARUS, вул. Івана Авраменко 21В",Kryvyi Rih,53.331831,4,4,1,0,701.0166666666667,701.0166666666667,1,11.6836,11.6836,100.0,25.0,0.0,EUR,2026-08-17
2026-08-20,200376,"VARUS, вул. Волинська 37",Kyiv,0.0,0,0,0,0,661.0166666666667,661.0166666666667,1,11.0169,11.0169,100.0,,,EUR,2026-08-17
2026-08-20,200401,"VARUS, вул. Дача Ковалевського 91",Odesa,0.0,0,0,0,0,701.0166666666667,701.0166666666667,1,11.6836,11.6836,100.0,,,EUR,2026-08-17
2026-08-20,200378,"VARUS, вул. Деміївська 27",Kyiv,166.163274,11,11,2,0,701.0166666666667,701.0166666666667,1,11.6836,11.6836,100.0,18.18,0.0,EUR,2026-08-17
2026-08-20,200387,"VARUS, вул. Драгаманова 40г",Kyiv,96.627781,8,8,3,0,701.0166666666667,701.0166666666667,1,11.6836,11.6836,100.0,37.5,0.0,EUR,2026-08-17
2026-08-20,200391,"VARUS, вул. Жилянська 59",Kyiv,203.915716,11,10,2,1,701.0166666666667,701.0166666666667,1,11.6836,11.6836,100.0,20.0,9.09,EUR,2026-08-17
2026-08-20,200384,"VARUS, вул. Костянтинівська 2А",Kyiv,209.627536,15,15,4,0,701.0166666666667,701.0166666666667,1,11.6836,11.6836,100.0,26.67,0.0,EUR,2026-08-17
2026-08-20,200388,"VARUS, вул. Лесі Українки 30",Kyiv,8.251153,12,1,1,11,601.0166666666667,601.0166666666667,1,10.0169,10.0169,100.0,100.0,91.67,EUR,2026-08-17
2026-08-20,200398,"VARUS, вул. Недєліна 43",Kryvyi Rih,0.0,0,0,0,0,701.0166666666667,701.0166666666667,1,11.6836,11.6836,100.0,,,EUR,2026-08-17
2026-08-20,200371,"VARUS, вул. Ольги Кобилянської 1В/23",Irpin,194.700965,14,14,2,0,701.0166666666667,701.0166666666667,1,11.6836,11.6836,100.0,14.29,0.0,EUR,2026-08-17
2026-08-20,200351,"VARUS, вул. Паникахи 15",Dnipro,0.0,0,0,0,0,701.0166666666667,701.0166666666667,1,11.6836,11.6836,100.0,,,EUR,2026-08-17
2026-08-20,200403,"VARUS, вул. Соборна 97А",Pavlohrad,0.0,0,0,0,0,641.0166666666667,641.0166666666667,1,10.6836,10.6836,100.0,,,EUR,2026-08-17
2026-08-20,200389,"VARUS, вул. Срібнокільска 11",Kyiv,157.53327,7,7,2,0,721.0166666666667,721.0166666666667,1,12.0169,12.0169,100.0,28.57,0.0,EUR,2026-08-17
2026-08-20,200381,"VARUS, вул. Тютюника 39-А",Kyiv,140.030731,15,14,0,1,701.0166666666667,701.0166666666667,1,11.6836,11.6836,100.0,0.0,6.67,EUR,2026-08-17
2026-08-20,200366,"VARUS, вул. Яценка 2",Zaporizhia,0.0,0,0,0,0,701.0166666666667,701.0166666666667,1,11.6836,11.6836,100.0,,,EUR,2026-08-17
2026-08-20,200352,"VARUS, вул.20річчя Перемоги  43Д",Dnipro,0.0,0,0,0,0,701.0166666666667,701.0166666666667,1,11.6836,11.6836,100.0,,,EUR,2026-08-17
2026-08-20,200375,"VARUS, вул.Андрія Малишко,3",Kyiv,339.91197,28,17,4,11,701.0166666666667,701.0166666666667,1,11.6836,11.6836,100.0,23.53,39.29,EUR,2026-08-17
2026-08-20,200379,"VARUS, вул.Бажана 10-А",Kyiv,10.391784,1,1,0,0,701.0166666666667,701.0166666666667,1,11.6836,11.6836,100.0,0.0,0.0,EUR,2026-08-17
2026-08-20,200382,"VARUS, вул.Васильківска 34",Kyiv,182.371563,17,14,1,3,701.0166666666667,701.0166666666667,1,11.6836,11.6836,100.0,7.14,17.65,EUR,2026-08-17
2026-08-20,200386,"VARUS, вул.Вишгородска 45а",Kyiv,443.607516,28,23,4,5,661.0166666666667,661.0166666666667,1,11.0169,11.0169,100.0,17.39,17.86,EUR,2026-08-17
2026-08-20,200350,"VARUS, вул.Глинки 2",Dnipro,0.0,0,0,0,0,701.0166666666667,701.0166666666667,1,11.6836,11.6836,100.0,,,EUR,2026-08-17
2026-08-20,200349,"VARUS, вул.Дніпровская 1",Vyshhorod,29.417424,3,3,0,0,701.0166666666667,701.0166666666667,1,11.6836,11.6836,100.0,0.0,0.0,EUR,2026-08-17
2026-08-20,200354,"VARUS, вул.Калиновая 9А",Dnipro,305.467544,21,21,0,0,701.0166666666667,701.0166666666667,1,11.6836,11.6836,100.0,0.0,0.0,EUR,2026-08-17
2026-08-20,200348,"VARUS, вул.Київська 239",Brovary,130.660774,10,10,0,0,701.0166666666667,701.0166666666667,1,11.6836,11.6836,100.0,0.0,0.0,EUR,2026-08-17
2026-08-20,200353,"VARUS, вул.Коммунарівська буд. 8",Dnipro,48.177003,5,5,0,0,701.0166666666667,701.0166666666667,1,11.6836,11.6836,100.0,0.0,0.0,EUR,2026-08-17
2026-08-20,200361,"VARUS, вул.Марії Кюрі 5",Dnipro,223.016165,14,13,1,1,701.0166666666667,701.0166666666667,1,11.6836,11.6836,100.0,7.69,7.14,EUR,2026-08-17
2026-08-20,200370,"VARUS, вул.Незалежної України 57В",Zaporizhia,262.55391,14,14,2,0,701.0166666666667,701.0166666666667,1,11.6836,11.6836,100.0,14.29,0.0,EUR,2026-08-17
2026-08-20,200404,"VARUS, вул.Нова 2В",Pavlohrad,17.918212,3,2,0,1,641.0166666666667,641.0166666666667,1,10.6836,10.6836,100.0,0.0,33.33,EUR,2026-08-17
2026-08-20,200363,"VARUS, вул.Робоча 67",Dnipro,65.54497,8,8,0,0,701.0166666666667,701.0166666666667,1,11.6836,11.6836,100.0,0.0,0.0,EUR,2026-08-17
2026-08-20,200369,"VARUS, вул.Тараса Шевченка 7",Kamianske,38.641049,4,3,0,1,601.0166666666667,601.0166666666667,1,10.0169,10.0169,100.0,0.0,25.0,EUR,2026-08-17
2026-08-20,200395,"VARUS, вул.Терещенко 1Е",Kryvyi Rih,0.0,0,0,0,0,701.0166666666667,701.0166666666667,1,11.6836,11.6836,100.0,,,EUR,2026-08-17
2026-08-20,200402,"VARUS, вул.Французький бульвар 22",Odesa,5.256623,1,1,0,0,701.0166666666667,701.0166666666667,1,11.6836,11.6836,100.0,0.0,0.0,EUR,2026-08-17
2026-08-20,200396,"VARUS, мкр Сонячний 41а",Kryvyi Rih,0.0,0,0,0,0,701.0166666666667,701.0166666666667,1,11.6836,11.6836,100.0,,,EUR,2026-08-17
2026-08-20,200362,"VARUS, пр. Івана Мазепи, 58",Dnipro,48.583805,3,3,2,0,701.0166666666667,701.0166666666667,1,11.6836,11.6836,100.0,66.67,0.0,EUR,2026-08-17
2026-08-20,200373,"VARUS, пр. Академіка Паладіна 16/39",Kyiv,510.923709,27,27,3,0,701.0166666666667,701.0166666666667,1,11.6836,11.6836,100.0,11.11,0.0,EUR,2026-08-17
2026-08-20,200368,"VARUS, пр. Героїв 2",Dnipro,183.28427,17,16,0,1,701.0166666666667,701.0166666666667,1,11.6836,11.6836,100.0,0.0,5.88,EUR,2026-08-17
2026-08-20,200408,"VARUS, пр. Гуляєва полковника ж.м. ""Дружний"" буд. 107/1",Odesa,17.297789,4,2,0,2,701.0166666666667,701.0166666666667,1,11.6836,11.6836,100.0,0.0,50.0,EUR,2026-08-17
2026-08-20,200399,"VARUS, пр. Добровольського 122/1",Odesa,15.829636,1,1,0,0,701.0166666666667,701.0166666666667,1,11.6836,11.6836,100.0,0.0,0.0,EUR,2026-08-17
2026-08-20,862701,"VARUS, пр. Коцюбинського, 70",Vinnytsia,363.772005,29,26,4,3,701.0166666666667,701.0166666666667,1,11.6836,11.6836,100.0,15.38,10.34,EUR,2026-08-17
2026-08-20,200394,"VARUS, пр. Металургів 42А",Kryvyi Rih,134.969028,10,10,0,0,701.0166666666667,701.0166666666667,1,11.6836,11.6836,100.0,0.0,0.0,EUR,2026-08-17
2026-08-20,200380,"VARUS, пр. Миколи Бажана 38",Kyiv,34.652261,6,4,0,2,701.0166666666667,701.0166666666667,1,11.6836,11.6836,100.0,0.0,33.33,EUR,2026-08-17
2026-08-20,200359,"VARUS, пр. О. Поля, 104а",Dnipro,0.0,0,0,0,0,0.0,0.0,1,0.0,0.0,,,,EUR,2026-08-17
2026-08-20,198953,"VARUS, пр. Олександра Поля, 104",Dnipro,158.748091,12,12,3,0,701.0166666666667,701.0166666666667,1,11.6836,11.6836,100.0,25.0,0.0,EUR,2026-08-17
2026-08-20,200357,"VARUS, пр.Науки 8а",Dnipro,38.765981,5,5,3,0,701.0166666666667,701.0166666666667,1,11.6836,11.6836,100.0,60.0,0.0,EUR,2026-08-17
2026-08-20,200377,"VARUS, пр.Оболонський 47/42",Kyiv,51.99902,4,4,1,0,701.0166666666667,701.0166666666667,1,11.6836,11.6836,100.0,25.0,0.0,EUR,2026-08-17
2026-08-20,200360,"VARUS, проспект Слобожанський 86",Dnipro,64.948841,8,8,1,0,701.0166666666667,701.0166666666667,1,11.6836,11.6836,100.0,12.5,0.0,EUR,2026-08-17
2026-08-21,200367,"VARUS вул.Петра Сагайдачного, 7",Zaporizhia,45.753606,5,5,3,0,700.7333333333333,700.7333333333333,1,11.6789,11.6789,100.0,60.0,0.0,EUR,2026-08-17
2026-08-21,200390,"VARUS, 5-й Зарічний, д.19",Kryvyi Rih,89.208536,3,3,0,0,700.7333333333333,700.7333333333333,1,11.6789,11.6789,100.0,0.0,0.0,EUR,2026-08-17
2026-08-21,200383,"VARUS, Вулиця Героїв полку Азов, 12",Kyiv,173.447203,10,10,4,0,700.7333333333333,700.7333333333333,1,11.6789,11.6789,100.0,40.0,0.0,EUR,2026-08-17
2026-08-21,200364,"VARUS, Донецьке шосcе 110",Dnipro,16.332982,3,2,0,1,700.7333333333333,700.7333333333333,1,11.6789,11.6789,100.0,0.0,33.33,EUR,2026-08-17
2026-08-21,200356,"VARUS, Донецьке шосcе 9а",Dnipro,76.797858,3,3,0,0,700.7333333333333,700.7333333333333,1,11.6789,11.6789,100.0,0.0,0.0,EUR,2026-08-17
2026-08-21,200400,"VARUS, Люстдорфська дорога 114",Odesa,68.608922,4,4,1,0,700.7333333333333,700.7333333333333,1,11.6789,11.6789,100.0,25.0,0.0,EUR,2026-08-17
2026-08-21,200392,"VARUS, Площа Шахтарської Слави 1",Kryvyi Rih,30.005121,3,3,0,0,700.7333333333333,700.7333333333333,1,11.6789,11.6789,100.0,0.0,0.0,EUR,2026-08-17
2026-08-21,200374,"VARUS, Проспект Червоної Калини 44A",Kyiv,239.761671,11,11,2,0,700.7333333333333,700.7333333333333,1,11.6789,11.6789,100.0,18.18,0.0,EUR,2026-08-17
2026-08-21,200365,"VARUS, Північно-Кільцева вулиця, 10а,",Zaporizhia,0.0,0,0,0,0,700.7333333333333,700.7333333333333,1,11.6789,11.6789,100.0,,,EUR,2026-08-17
2026-08-21,200385,"VARUS, Харківське Шосе 160",Kyiv,150.601092,8,8,0,0,700.7333333333333,700.7333333333333,1,11.6789,11.6789,100.0,0.0,0.0,EUR,2026-08-17
2026-08-21,200358,"VARUS, бул. Європейський 1Д",Dnipro,173.516451,11,10,2,1,660.7333333333333,660.7333333333333,1,11.0122,11.0122,100.0,20.0,9.09,EUR,2026-08-17
2026-08-21,200372,"VARUS, бул.Будівельників 27а",Kamianske,26.174897,1,1,0,0,600.7333333333333,600.7333333333333,1,10.0122,10.0122,100.0,0.0,0.0,EUR,2026-08-17
2026-08-21,200355,"VARUS, вул Березинская 23а",Dnipro,51.284575,9,6,1,3,700.7333333333333,700.7333333333333,1,11.6789,11.6789,100.0,16.67,33.33,EUR,2026-08-17
2026-08-21,200393,"VARUS, вул. 200 річчя Кривого Рогу",Kryvyi Rih,17.772075,2,2,0,0,511.05,700.7333333333333,1,8.5175,11.6789,72.93,0.0,0.0,EUR,2026-08-17
2026-08-21,200397,"VARUS, вул. Івана Авраменко 21В",Kryvyi Rih,35.482188,3,3,0,0,700.7333333333333,700.7333333333333,1,11.6789,11.6789,100.0,0.0,0.0,EUR,2026-08-17
2026-08-21,200376,"VARUS, вул. Волинська 37",Kyiv,0.0,0,0,0,0,660.7333333333333,660.7333333333333,1,11.0122,11.0122,100.0,,,EUR,2026-08-17
2026-08-21,200401,"VARUS, вул. Дача Ковалевського 91",Odesa,0.0,0,0,0,0,700.7333333333333,700.7333333333333,1,11.6789,11.6789,100.0,,,EUR,2026-08-17
2026-08-21,200378,"VARUS, вул. Деміївська 27",Kyiv,261.773148,13,13,1,0,700.7333333333333,700.7333333333333,1,11.6789,11.6789,100.0,7.69,0.0,EUR,2026-08-17
2026-08-21,200387,"VARUS, вул. Драгаманова 40г",Kyiv,56.215124,4,4,0,0,700.7333333333333,700.7333333333333,1,11.6789,11.6789,100.0,0.0,0.0,EUR,2026-08-17
2026-08-21,200391,"VARUS, вул. Жилянська 59",Kyiv,133.49351,21,13,2,8,700.7333333333333,700.7333333333333,1,11.6789,11.6789,100.0,15.38,38.1,EUR,2026-08-17
2026-08-21,200384,"VARUS, вул. Костянтинівська 2А",Kyiv,272.455075,13,13,1,0,700.7333333333333,700.7333333333333,1,11.6789,11.6789,100.0,7.69,0.0,EUR,2026-08-17
2026-08-21,200388,"VARUS, вул. Лесі Українки 30",Kyiv,88.358933,8,6,2,2,600.7333333333333,600.7333333333333,1,10.0122,10.0122,100.0,33.33,25.0,EUR,2026-08-17
2026-08-21,200398,"VARUS, вул. Недєліна 43",Kryvyi Rih,0.0,0,0,0,0,700.7333333333333,700.7333333333333,1,11.6789,11.6789,100.0,,,EUR,2026-08-17
2026-08-21,200371,"VARUS, вул. Ольги Кобилянської 1В/23",Irpin,106.750802,11,11,0,0,700.7333333333333,700.7333333333333,1,11.6789,11.6789,100.0,0.0,0.0,EUR,2026-08-17
2026-08-21,200351,"VARUS, вул. Паникахи 15",Dnipro,0.0,0,0,0,0,700.7333333333333,700.7333333333333,1,11.6789,11.6789,100.0,,,EUR,2026-08-17
2026-08-21,200403,"VARUS, вул. Соборна 97А",Pavlohrad,30.00301,2,2,0,0,640.7333333333333,640.7333333333333,1,10.6789,10.6789,100.0,0.0,0.0,EUR,2026-08-17
2026-08-21,200389,"VARUS, вул. Срібнокільска 11",Kyiv,90.394992,6,6,1,0,720.7333333333333,720.7333333333333,1,12.0122,12.0122,100.0,16.67,0.0,EUR,2026-08-17
2026-08-21,200381,"VARUS, вул. Тютюника 39-А",Kyiv,268.58974,15,15,5,0,700.7333333333333,700.7333333333333,1,11.6789,11.6789,100.0,33.33,0.0,EUR,2026-08-17
2026-08-21,200366,"VARUS, вул. Яценка 2",Zaporizhia,0.0,0,0,0,0,700.7333333333333,700.7333333333333,1,11.6789,11.6789,100.0,,,EUR,2026-08-17
2026-08-21,200352,"VARUS, вул.20річчя Перемоги  43Д",Dnipro,0.0,0,0,0,0,700.7333333333333,700.7333333333333,1,11.6789,11.6789,100.0,,,EUR,2026-08-17
2026-08-21,200375,"VARUS, вул.Андрія Малишко,3",Kyiv,181.565352,31,13,6,18,700.7333333333333,700.7333333333333,1,11.6789,11.6789,100.0,46.15,58.06,EUR,2026-08-17
2026-08-21,200379,"VARUS, вул.Бажана 10-А",Kyiv,4.987138,1,1,0,0,700.7333333333333,700.7333333333333,1,11.6789,11.6789,100.0,0.0,0.0,EUR,2026-08-17
2026-08-21,200382,"VARUS, вул.Васильківска 34",Kyiv,348.433247,24,24,7,0,700.7333333333333,700.7333333333333,1,11.6789,11.6789,100.0,29.17,0.0,EUR,2026-08-17
2026-08-21,200386,"VARUS, вул.Вишгородска 45а",Kyiv,327.343896,23,22,3,1,660.7333333333333,660.7333333333333,1,11.0122,11.0122,100.0,13.64,4.35,EUR,2026-08-17
2026-08-21,200350,"VARUS, вул.Глинки 2",Dnipro,0.0,0,0,0,0,700.7333333333333,700.7333333333333,1,11.6789,11.6789,100.0,,,EUR,2026-08-17
2026-08-21,200349,"VARUS, вул.Дніпровская 1",Vyshhorod,54.747641,4,4,0,0,700.7333333333333,700.7333333333333,1,11.6789,11.6789,100.0,0.0,0.0,EUR,2026-08-17
2026-08-21,200354,"VARUS, вул.Калиновая 9А",Dnipro,283.916392,18,18,5,0,700.7333333333333,700.7333333333333,1,11.6789,11.6789,100.0,27.78,0.0,EUR,2026-08-17
2026-08-21,200348,"VARUS, вул.Київська 239",Brovary,215.06174,13,13,0,0,700.7333333333333,700.7333333333333,1,11.6789,11.6789,100.0,0.0,0.0,EUR,2026-08-17
2026-08-21,200353,"VARUS, вул.Коммунарівська буд. 8",Dnipro,138.594592,8,8,2,0,700.7333333333333,700.7333333333333,1,11.6789,11.6789,100.0,25.0,0.0,EUR,2026-08-17
2026-08-21,200361,"VARUS, вул.Марії Кюрі 5",Dnipro,210.269692,13,13,0,0,700.7333333333333,700.7333333333333,1,11.6789,11.6789,100.0,0.0,0.0,EUR,2026-08-17
2026-08-21,200370,"VARUS, вул.Незалежної України 57В",Zaporizhia,649.325054,32,32,3,0,700.7333333333333,700.7333333333333,1,11.6789,11.6789,100.0,9.38,0.0,EUR,2026-08-17
2026-08-21,200404,"VARUS, вул.Нова 2В",Pavlohrad,15.828092,2,2,0,0,640.7333333333333,640.7333333333333,1,10.6789,10.6789,100.0,0.0,0.0,EUR,2026-08-17
2026-08-21,200363,"VARUS, вул.Робоча 67",Dnipro,123.876033,11,11,0,0,700.7333333333333,700.7333333333333,1,11.6789,11.6789,100.0,0.0,0.0,EUR,2026-08-17
2026-08-21,200369,"VARUS, вул.Тараса Шевченка 7",Kamianske,17.830582,1,1,1,0,600.7333333333333,600.7333333333333,1,10.0122,10.0122,100.0,100.0,0.0,EUR,2026-08-17
2026-08-21,200395,"VARUS, вул.Терещенко 1Е",Kryvyi Rih,0.0,0,0,0,0,700.7333333333333,700.7333333333333,1,11.6789,11.6789,100.0,,,EUR,2026-08-17
2026-08-21,200402,"VARUS, вул.Французький бульвар 22",Odesa,61.23142,4,4,0,0,700.7333333333333,700.7333333333333,1,11.6789,11.6789,100.0,0.0,0.0,EUR,2026-08-17
2026-08-21,200396,"VARUS, мкр Сонячний 41а",Kryvyi Rih,87.001176,6,6,2,0,700.7333333333333,700.7333333333333,1,11.6789,11.6789,100.0,33.33,0.0,EUR,2026-08-17
2026-08-21,200362,"VARUS, пр. Івана Мазепи, 58",Dnipro,29.971552,2,2,1,0,700.7333333333333,700.7333333333333,1,11.6789,11.6789,100.0,50.0,0.0,EUR,2026-08-17
2026-08-21,200373,"VARUS, пр. Академіка Паладіна 16/39",Kyiv,593.301565,30,30,3,0,700.7333333333333,700.7333333333333,1,11.6789,11.6789,100.0,10.0,0.0,EUR,2026-08-17
2026-08-21,200368,"VARUS, пр. Героїв 2",Dnipro,308.701881,18,16,0,2,700.7333333333333,700.7333333333333,1,11.6789,11.6789,100.0,0.0,11.11,EUR,2026-08-17
2026-08-21,200408,"VARUS, пр. Гуляєва полковника ж.м. ""Дружний"" буд. 107/1",Odesa,42.710449,4,3,0,1,700.7333333333333,700.7333333333333,1,11.6789,11.6789,100.0,0.0,25.0,EUR,2026-08-17
2026-08-21,200399,"VARUS, пр. Добровольського 122/1",Odesa,15.183359,2,2,1,0,700.7333333333333,700.7333333333333,1,11.6789,11.6789,100.0,50.0,0.0,EUR,2026-08-17
2026-08-21,862701,"VARUS, пр. Коцюбинського, 70",Vinnytsia,416.280807,32,30,6,2,700.7333333333333,700.7333333333333,1,11.6789,11.6789,100.0,20.0,6.25,EUR,2026-08-17
2026-08-21,200394,"VARUS, пр. Металургів 42А",Kryvyi Rih,220.834987,14,14,0,0,700.7333333333333,700.7333333333333,1,11.6789,11.6789,100.0,0.0,0.0,EUR,2026-08-17
2026-08-21,200380,"VARUS, пр. Миколи Бажана 38",Kyiv,89.609073,6,6,0,0,700.7333333333333,700.7333333333333,1,11.6789,11.6789,100.0,0.0,0.0,EUR,2026-08-17
2026-08-21,200359,"VARUS, пр. О. Поля, 104а",Dnipro,0.0,0,0,0,0,0.0,0.0,1,0.0,0.0,,,,EUR,2026-08-17
2026-08-21,198953,"VARUS, пр. Олександра Поля, 104",Dnipro,213.614208,13,13,5,0,700.7333333333333,700.7333333333333,1,11.6789,11.6789,100.0,38.46,0.0,EUR,2026-08-17
2026-08-21,200357,"VARUS, пр.Науки 8а",Dnipro,265.307377,17,14,2,3,700.7333333333333,700.7333333333333,1,11.6789,11.6789,100.0,14.29,17.65,EUR,2026-08-17
2026-08-21,200377,"VARUS, пр.Оболонський 47/42",Kyiv,100.978512,5,4,1,1,700.7333333333333,700.7333333333333,1,11.6789,11.6789,100.0,25.0,20.0,EUR,2026-08-17
2026-08-21,200360,"VARUS, проспект Слобожанський 86",Dnipro,165.502849,8,8,3,0,700.7333333333333,700.7333333333333,1,11.6789,11.6789,100.0,37.5,0.0,EUR,2026-08-17
2026-08-22,200367,"VARUS вул.Петра Сагайдачного, 7",Zaporizhia,101.103969,7,7,2,0,700.0,700.0,1,11.6667,11.6667,100.0,28.57,0.0,EUR,2026-08-17
2026-08-22,200390,"VARUS, 5-й Зарічний, д.19",Kryvyi Rih,25.611883,2,2,1,0,701.0,701.0,1,11.6833,11.6833,100.0,50.0,0.0,EUR,2026-08-17
2026-08-22,200383,"VARUS, Вулиця Героїв полку Азов, 12",Kyiv,126.740789,10,9,1,1,701.0,701.0,1,11.6833,11.6833,100.0,11.11,10.0,EUR,2026-08-17
2026-08-22,200364,"VARUS, Донецьке шосcе 110",Dnipro,56.699487,3,3,1,0,701.0,701.0,1,11.6833,11.6833,100.0,33.33,0.0,EUR,2026-08-17
2026-08-22,200356,"VARUS, Донецьке шосcе 9а",Dnipro,49.055344,3,3,0,0,701.0,701.0,1,11.6833,11.6833,100.0,0.0,0.0,EUR,2026-08-17
2026-08-22,200400,"VARUS, Люстдорфська дорога 114",Odesa,145.82055,6,6,1,0,701.0,701.0,1,11.6833,11.6833,100.0,16.67,0.0,EUR,2026-08-17
2026-08-22,200392,"VARUS, Площа Шахтарської Слави 1",Kryvyi Rih,17.721624,2,2,0,0,701.0,701.0,1,11.6833,11.6833,100.0,0.0,0.0,EUR,2026-08-17
2026-08-22,200374,"VARUS, Проспект Червоної Калини 44A",Kyiv,10.436581,1,1,0,0,40.06666666666667,701.0,1,0.6678,11.6833,5.72,0.0,0.0,EUR,2026-08-17
2026-08-22,200365,"VARUS, Північно-Кільцева вулиця, 10а,",Zaporizhia,0.0,0,0,0,0,700.0,700.0,1,11.6667,11.6667,100.0,,,EUR,2026-08-17
2026-08-22,200385,"VARUS, Харківське Шосе 160",Kyiv,142.522075,10,10,1,0,701.0,701.0,1,11.6833,11.6833,100.0,10.0,0.0,EUR,2026-08-17
2026-08-22,200358,"VARUS, бул. Європейський 1Д",Dnipro,192.72474,15,13,1,2,661.0,661.0,1,11.0167,11.0167,100.0,7.69,13.33,EUR,2026-08-17
2026-08-22,200372,"VARUS, бул.Будівельників 27а",Kamianske,29.035624,1,1,0,0,601.0,601.0,1,10.0167,10.0167,100.0,0.0,0.0,EUR,2026-08-17
2026-08-22,200355,"VARUS, вул Березинская 23а",Dnipro,125.959664,10,10,1,0,701.0,701.0,1,11.6833,11.6833,100.0,10.0,0.0,EUR,2026-08-17
2026-08-22,200393,"VARUS, вул. 200 річчя Кривого Рогу",Kryvyi Rih,0.0,0,0,0,0,0.0,701.0,1,0.0,11.6833,0.0,,,EUR,2026-08-17
2026-08-22,200397,"VARUS, вул. Івана Авраменко 21В",Kryvyi Rih,202.798959,9,9,4,0,701.0,701.0,1,11.6833,11.6833,100.0,44.44,0.0,EUR,2026-08-17
2026-08-22,200376,"VARUS, вул. Волинська 37",Kyiv,0.0,0,0,0,0,661.0,661.0,1,11.0167,11.0167,100.0,,,EUR,2026-08-17
2026-08-22,200401,"VARUS, вул. Дача Ковалевського 91",Odesa,0.0,0,0,0,0,701.0,701.0,1,11.6833,11.6833,100.0,,,EUR,2026-08-17
2026-08-22,200378,"VARUS, вул. Деміївська 27",Kyiv,93.831393,5,5,1,0,701.0,701.0,1,11.6833,11.6833,100.0,20.0,0.0,EUR,2026-08-17
2026-08-22,200387,"VARUS, вул. Драгаманова 40г",Kyiv,47.87196,2,2,1,0,701.0,701.0,1,11.6833,11.6833,100.0,50.0,0.0,EUR,2026-08-17
2026-08-22,200391,"VARUS, вул. Жилянська 59",Kyiv,275.733598,30,24,9,6,701.0,701.0,1,11.6833,11.6833,100.0,37.5,20.0,EUR,2026-08-17
2026-08-22,200384,"VARUS, вул. Костянтинівська 2А",Kyiv,239.346555,18,16,0,2,701.0,701.0,1,11.6833,11.6833,100.0,0.0,11.11,EUR,2026-08-17
2026-08-22,200388,"VARUS, вул. Лесі Українки 30",Kyiv,306.825999,12,9,4,3,452.56666666666666,601.0,1,7.5428,10.0167,75.3,44.44,25.0,EUR,2026-08-17
2026-08-22,200398,"VARUS, вул. Недєліна 43",Kryvyi Rih,0.0,0,0,0,0,701.0,701.0,1,11.6833,11.6833,100.0,,,EUR,2026-08-17
2026-08-22,200371,"VARUS, вул. Ольги Кобилянської 1В/23",Irpin,156.876543,14,12,3,2,701.0,701.0,1,11.6833,11.6833,100.0,25.0,14.29,EUR,2026-08-17
2026-08-22,200351,"VARUS, вул. Паникахи 15",Dnipro,0.0,0,0,0,0,701.0,701.0,1,11.6833,11.6833,100.0,,,EUR,2026-08-17
2026-08-22,200403,"VARUS, вул. Соборна 97А",Pavlohrad,44.710062,4,4,0,0,640.0,640.0,1,10.6667,10.6667,100.0,0.0,0.0,EUR,2026-08-17
2026-08-22,200389,"VARUS, вул. Срібнокільска 11",Kyiv,200.68003,9,9,0,0,721.0,721.0,1,12.0167,12.0167,100.0,0.0,0.0,EUR,2026-08-17
2026-08-22,200381,"VARUS, вул. Тютюника 39-А",Kyiv,303.634562,21,20,2,1,701.0,701.0,1,11.6833,11.6833,100.0,10.0,4.76,EUR,2026-08-17
2026-08-22,200366,"VARUS, вул. Яценка 2",Zaporizhia,0.0,0,0,0,0,700.0,700.0,1,11.6667,11.6667,100.0,,,EUR,2026-08-17
2026-08-22,200352,"VARUS, вул.20річчя Перемоги  43Д",Dnipro,0.0,0,0,0,0,701.0,701.0,1,11.6833,11.6833,100.0,,,EUR,2026-08-17
2026-08-22,200375,"VARUS, вул.Андрія Малишко,3",Kyiv,548.194038,31,29,2,2,701.0,701.0,1,11.6833,11.6833,100.0,6.9,6.45,EUR,2026-08-17
2026-08-22,200379,"VARUS, вул.Бажана 10-А",Kyiv,13.374423,1,1,0,0,701.0,701.0,1,11.6833,11.6833,100.0,0.0,0.0,EUR,2026-08-17
2026-08-22,200382,"VARUS, вул.Васильківска 34",Kyiv,646.665173,38,37,2,1,701.0,701.0,1,11.6833,11.6833,100.0,5.41,2.63,EUR,2026-08-17
2026-08-22,200386,"VARUS, вул.Вишгородска 45а",Kyiv,259.181544,17,15,5,2,661.0,661.0,1,11.0167,11.0167,100.0,33.33,11.76,EUR,2026-08-17
2026-08-22,200350,"VARUS, вул.Глинки 2",Dnipro,0.0,0,0,0,0,701.0,701.0,1,11.6833,11.6833,100.0,,,EUR,2026-08-17
2026-08-22,200349,"VARUS, вул.Дніпровская 1",Vyshhorod,88.046445,4,4,2,0,700.0,700.0,1,11.6667,11.6667,100.0,50.0,0.0,EUR,2026-08-17
2026-08-22,200354,"VARUS, вул.Калиновая 9А",Dnipro,481.958603,21,21,3,0,701.0,701.0,1,11.6833,11.6833,100.0,14.29,0.0,EUR,2026-08-17
2026-08-22,200348,"VARUS, вул.Київська 239",Brovary,250.487148,21,19,2,2,701.0,701.0,1,11.6833,11.6833,100.0,10.53,9.52,EUR,2026-08-17
2026-08-22,200353,"VARUS, вул.Коммунарівська буд. 8",Dnipro,28.172015,4,3,0,1,701.0,701.0,1,11.6833,11.6833,100.0,0.0,25.0,EUR,2026-08-17
2026-08-22,200361,"VARUS, вул.Марії Кюрі 5",Dnipro,211.943579,15,13,0,2,701.0,701.0,1,11.6833,11.6833,100.0,0.0,13.33,EUR,2026-08-17
2026-08-22,200370,"VARUS, вул.Незалежної України 57В",Zaporizhia,610.255306,27,27,2,0,700.0,700.0,1,11.6667,11.6667,100.0,7.41,0.0,EUR,2026-08-17
2026-08-22,200404,"VARUS, вул.Нова 2В",Pavlohrad,29.974239,1,1,0,0,640.0,640.0,1,10.6667,10.6667,100.0,0.0,0.0,EUR,2026-08-17
2026-08-22,200363,"VARUS, вул.Робоча 67",Dnipro,283.928288,20,20,0,0,701.0,701.0,1,11.6833,11.6833,100.0,0.0,0.0,EUR,2026-08-17
2026-08-22,200369,"VARUS, вул.Тараса Шевченка 7",Kamianske,50.346536,2,2,0,0,601.0,601.0,1,10.0167,10.0167,100.0,0.0,0.0,EUR,2026-08-17
2026-08-22,200395,"VARUS, вул.Терещенко 1Е",Kryvyi Rih,0.0,0,0,0,0,701.0,701.0,1,11.6833,11.6833,100.0,,,EUR,2026-08-17
2026-08-22,200402,"VARUS, вул.Французький бульвар 22",Odesa,80.642661,5,5,2,0,701.0,701.0,1,11.6833,11.6833,100.0,40.0,0.0,EUR,2026-08-17
2026-08-22,200396,"VARUS, мкр Сонячний 41а",Kryvyi Rih,74.772158,7,7,1,0,701.0,701.0,1,11.6833,11.6833,100.0,14.29,0.0,EUR,2026-08-17
2026-08-22,200362,"VARUS, пр. Івана Мазепи, 58",Dnipro,12.82215,1,1,0,0,701.0,701.0,1,11.6833,11.6833,100.0,0.0,0.0,EUR,2026-08-17
2026-08-22,200373,"VARUS, пр. Академіка Паладіна 16/39",Kyiv,416.80948,22,22,1,0,701.0,701.0,1,11.6833,11.6833,100.0,4.55,0.0,EUR,2026-08-17
2026-08-22,200368,"VARUS, пр. Героїв 2",Dnipro,385.857115,25,25,5,0,701.0,701.0,1,11.6833,11.6833,100.0,20.0,0.0,EUR,2026-08-17
2026-08-22,200408,"VARUS, пр. Гуляєва полковника ж.м. ""Дружний"" буд. 107/1",Odesa,122.541871,6,5,3,1,701.0,701.0,1,11.6833,11.6833,100.0,60.0,16.67,EUR,2026-08-17
2026-08-22,200399,"VARUS, пр. Добровольського 122/1",Odesa,27.668852,3,3,0,0,701.0,701.0,1,11.6833,11.6833,100.0,0.0,0.0,EUR,2026-08-17
2026-08-22,862701,"VARUS, пр. Коцюбинського, 70",Vinnytsia,806.417215,61,58,4,3,701.0,701.0,1,11.6833,11.6833,100.0,6.9,4.92,EUR,2026-08-17
2026-08-22,200394,"VARUS, пр. Металургів 42А",Kryvyi Rih,335.861239,19,19,3,0,701.0,701.0,1,11.6833,11.6833,100.0,15.79,0.0,EUR,2026-08-17
2026-08-22,200380,"VARUS, пр. Миколи Бажана 38",Kyiv,70.42457,5,5,0,0,701.0,701.0,1,11.6833,11.6833,100.0,0.0,0.0,EUR,2026-08-17
2026-08-22,200359,"VARUS, пр. О. Поля, 104а",Dnipro,0.0,0,0,0,0,0.0,0.0,1,0.0,0.0,,,,EUR,2026-08-17
2026-08-22,198953,"VARUS, пр. Олександра Поля, 104",Dnipro,295.475744,21,21,1,0,701.0,701.0,1,11.6833,11.6833,100.0,4.76,0.0,EUR,2026-08-17
2026-08-22,200357,"VARUS, пр.Науки 8а",Dnipro,174.765254,17,10,6,7,701.0,701.0,1,11.6833,11.6833,100.0,60.0,41.18,EUR,2026-08-17
2026-08-22,200377,"VARUS, пр.Оболонський 47/42",Kyiv,35.707011,3,3,0,0,701.0,701.0,1,11.6833,11.6833,100.0,0.0,0.0,EUR,2026-08-17
2026-08-22,200360,"VARUS, проспект Слобожанський 86",Dnipro,48.917037,5,4,0,1,701.0,701.0,1,11.6833,11.6833,100.0,0.0,20.0,EUR,2026-08-17
2026-08-23,200367,"VARUS вул.Петра Сагайдачного, 7",Zaporizhia,165.497478,12,12,3,0,701.0,701.0,1,11.6833,11.6833,100.0,25.0,0.0,EUR,2026-08-17
2026-08-23,200390,"VARUS, 5-й Зарічний, д.19",Kryvyi Rih,37.757265,5,3,1,2,701.0,701.0,1,11.6833,11.6833,100.0,33.33,40.0,EUR,2026-08-17
2026-08-23,200383,"VARUS, Вулиця Героїв полку Азов, 12",Kyiv,205.258193,17,14,6,3,701.0,701.0,1,11.6833,11.6833,100.0,42.86,17.65,EUR,2026-08-17
2026-08-23,200364,"VARUS, Донецьке шосcе 110",Dnipro,105.462872,6,6,0,0,701.0,701.0,1,11.6833,11.6833,100.0,0.0,0.0,EUR,2026-08-17
2026-08-23,200356,"VARUS, Донецьке шосcе 9а",Dnipro,28.423117,2,1,0,1,701.0,701.0,1,11.6833,11.6833,100.0,0.0,50.0,EUR,2026-08-17
2026-08-23,200400,"VARUS, Люстдорфська дорога 114",Odesa,124.504076,5,5,1,0,701.0,701.0,1,11.6833,11.6833,100.0,20.0,0.0,EUR,2026-08-17
2026-08-23,200392,"VARUS, Площа Шахтарської Слави 1",Kryvyi Rih,76.698875,6,6,1,0,701.0,701.0,1,11.6833,11.6833,100.0,16.67,0.0,EUR,2026-08-17
2026-08-23,200374,"VARUS, Проспект Червоної Калини 44A",Kyiv,207.47495,17,16,5,1,701.0,701.0,1,11.6833,11.6833,100.0,31.25,5.88,EUR,2026-08-17
2026-08-23,200365,"VARUS, Північно-Кільцева вулиця, 10а,",Zaporizhia,0.0,0,0,0,0,701.0,701.0,1,11.6833,11.6833,100.0,,,EUR,2026-08-17
2026-08-23,200385,"VARUS, Харківське Шосе 160",Kyiv,152.550829,10,10,1,0,701.0,701.0,1,11.6833,11.6833,100.0,10.0,0.0,EUR,2026-08-17
2026-08-23,200358,"VARUS, бул. Європейський 1Д",Dnipro,174.509735,15,14,1,1,661.0,661.0,1,11.0167,11.0167,100.0,7.14,6.67,EUR,2026-08-17
2026-08-23,200372,"VARUS, бул.Будівельників 27а",Kamianske,34.134597,1,1,0,0,601.0,601.0,1,10.0167,10.0167,100.0,0.0,0.0,EUR,2026-08-17
2026-08-23,200355,"VARUS, вул Березинская 23а",Dnipro,68.03248,9,6,1,3,701.0,701.0,1,11.6833,11.6833,100.0,16.67,33.33,EUR,2026-08-17
2026-08-23,200393,"VARUS, вул. 200 річчя Кривого Рогу",Kryvyi Rih,0.0,0,0,0,0,0.0,701.0,1,0.0,11.6833,0.0,,,EUR,2026-08-17
2026-08-23,200397,"VARUS, вул. Івана Авраменко 21В",Kryvyi Rih,167.637316,10,9,0,1,701.0,701.0,1,11.6833,11.6833,100.0,0.0,10.0,EUR,2026-08-17
2026-08-23,200376,"VARUS, вул. Волинська 37",Kyiv,0.0,0,0,0,0,661.0,661.0,1,11.0167,11.0167,100.0,,,EUR,2026-08-17
2026-08-23,200401,"VARUS, вул. Дача Ковалевського 91",Odesa,0.0,0,0,0,0,701.0,701.0,1,11.6833,11.6833,100.0,,,EUR,2026-08-17
2026-08-23,200378,"VARUS, вул. Деміївська 27",Kyiv,130.817701,8,8,1,0,701.0,701.0,1,11.6833,11.6833,100.0,12.5,0.0,EUR,2026-08-17
2026-08-23,200387,"VARUS, вул. Драгаманова 40г",Kyiv,35.38493,4,4,1,0,701.0,701.0,1,11.6833,11.6833,100.0,25.0,0.0,EUR,2026-08-17
2026-08-23,200391,"VARUS, вул. Жилянська 59",Kyiv,0.0,18,0,0,18,701.0,701.0,1,11.6833,11.6833,100.0,,100.0,EUR,2026-08-17
2026-08-23,200384,"VARUS, вул. Костянтинівська 2А",Kyiv,234.551821,15,13,2,2,701.0,701.0,1,11.6833,11.6833,100.0,15.38,13.33,EUR,2026-08-17
2026-08-23,200388,"VARUS, вул. Лесі Українки 30",Kyiv,0.0,0,0,0,0,0.0,601.0,1,0.0,10.0167,0.0,,,EUR,2026-08-17
2026-08-23,200398,"VARUS, вул. Недєліна 43",Kryvyi Rih,0.0,0,0,0,0,701.0,701.0,1,11.6833,11.6833,100.0,,,EUR,2026-08-17
2026-08-23,200371,"VARUS, вул. Ольги Кобилянської 1В/23",Irpin,288.085577,18,18,1,0,701.0,701.0,1,11.6833,11.6833,100.0,5.56,0.0,EUR,2026-08-17
2026-08-23,200351,"VARUS, вул. Паникахи 15",Dnipro,0.0,0,0,0,0,701.0,701.0,1,11.6833,11.6833,100.0,,,EUR,2026-08-17
2026-08-23,200403,"VARUS, вул. Соборна 97А",Pavlohrad,11.6614,1,1,0,0,641.0,641.0,1,10.6833,10.6833,100.0,0.0,0.0,EUR,2026-08-17
2026-08-23,200389,"VARUS, вул. Срібнокільска 11",Kyiv,139.415234,9,7,1,2,721.0,721.0,1,12.0167,12.0167,100.0,14.29,22.22,EUR,2026-08-17
2026-08-23,200381,"VARUS, вул. Тютюника 39-А",Kyiv,236.363059,20,18,5,2,701.0,701.0,1,11.6833,11.6833,100.0,27.78,10.0,EUR,2026-08-17
2026-08-23,200366,"VARUS, вул. Яценка 2",Zaporizhia,0.0,0,0,0,0,701.0,701.0,1,11.6833,11.6833,100.0,,,EUR,2026-08-17
2026-08-23,200352,"VARUS, вул.20річчя Перемоги  43Д",Dnipro,0.0,0,0,0,0,701.0,701.0,1,11.6833,11.6833,100.0,,,EUR,2026-08-17
2026-08-23,200375,"VARUS, вул.Андрія Малишко,3",Kyiv,418.039485,32,24,13,8,701.0,701.0,1,11.6833,11.6833,100.0,54.17,25.0,EUR,2026-08-17
2026-08-23,200379,"VARUS, вул.Бажана 10-А",Kyiv,37.563518,3,3,1,0,701.0,701.0,1,11.6833,11.6833,100.0,33.33,0.0,EUR,2026-08-17
2026-08-23,200382,"VARUS, вул.Васильківска 34",Kyiv,330.847249,21,21,4,0,701.0,701.0,1,11.6833,11.6833,100.0,19.05,0.0,EUR,2026-08-17
2026-08-23,200386,"VARUS, вул.Вишгородска 45а",Kyiv,261.864833,20,18,5,2,661.0,661.0,1,11.0167,11.0167,100.0,27.78,10.0,EUR,2026-08-17
2026-08-23,200350,"VARUS, вул.Глинки 2",Dnipro,0.0,0,0,0,0,701.0,701.0,1,11.6833,11.6833,100.0,,,EUR,2026-08-17
2026-08-23,200349,"VARUS, вул.Дніпровская 1",Vyshhorod,87.376582,5,5,1,0,701.0,701.0,1,11.6833,11.6833,100.0,20.0,0.0,EUR,2026-08-17
2026-08-23,200354,"VARUS, вул.Калиновая 9А",Dnipro,476.490165,25,18,2,7,701.0,701.0,1,11.6833,11.6833,100.0,11.11,28.0,EUR,2026-08-17
2026-08-23,200348,"VARUS, вул.Київська 239",Brovary,166.894558,14,14,0,0,701.0,701.0,1,11.6833,11.6833,100.0,0.0,0.0,EUR,2026-08-17
2026-08-23,200353,"VARUS, вул.Коммунарівська буд. 8",Dnipro,163.337687,12,12,2,0,701.0,701.0,1,11.6833,11.6833,100.0,16.67,0.0,EUR,2026-08-17
2026-08-23,200361,"VARUS, вул.Марії Кюрі 5",Dnipro,140.420988,11,10,0,1,701.0,701.0,1,11.6833,11.6833,100.0,0.0,9.09,EUR,2026-08-17
2026-08-23,200370,"VARUS, вул.Незалежної України 57В",Zaporizhia,648.425371,26,26,2,0,701.0,701.0,1,11.6833,11.6833,100.0,7.69,0.0,EUR,2026-08-17
2026-08-23,200404,"VARUS, вул.Нова 2В",Pavlohrad,59.360524,3,3,0,0,641.0,641.0,1,10.6833,10.6833,100.0,0.0,0.0,EUR,2026-08-17
2026-08-23,200363,"VARUS, вул.Робоча 67",Dnipro,224.126366,19,18,3,1,701.0,701.0,1,11.6833,11.6833,100.0,16.67,5.26,EUR,2026-08-17
2026-08-23,200369,"VARUS, вул.Тараса Шевченка 7",Kamianske,43.861991,3,3,1,0,601.0,601.0,1,10.0167,10.0167,100.0,33.33,0.0,EUR,2026-08-17
2026-08-23,200395,"VARUS, вул.Терещенко 1Е",Kryvyi Rih,0.0,0,0,0,0,701.0,701.0,1,11.6833,11.6833,100.0,,,EUR,2026-08-17
2026-08-23,200402,"VARUS, вул.Французький бульвар 22",Odesa,56.733059,4,4,2,0,701.0,701.0,1,11.6833,11.6833,100.0,50.0,0.0,EUR,2026-08-17
2026-08-23,200396,"VARUS, мкр Сонячний 41а",Kryvyi Rih,105.003636,6,6,0,0,701.0,701.0,1,11.6833,11.6833,100.0,0.0,0.0,EUR,2026-08-17
2026-08-23,200362,"VARUS, пр. Івана Мазепи, 58",Dnipro,23.766308,2,2,0,0,701.0,701.0,1,11.6833,11.6833,100.0,0.0,0.0,EUR,2026-08-17
2026-08-23,200373,"VARUS, пр. Академіка Паладіна 16/39",Kyiv,586.454854,36,34,6,2,701.0,701.0,1,11.6833,11.6833,100.0,17.65,5.56,EUR,2026-08-17
2026-08-23,200368,"VARUS, пр. Героїв 2",Dnipro,359.68222,26,26,3,0,701.0,701.0,1,11.6833,11.6833,100.0,11.54,0.0,EUR,2026-08-17
2026-08-23,200408,"VARUS, пр. Гуляєва полковника ж.м. ""Дружний"" буд. 107/1",Odesa,55.593986,6,4,2,2,701.0,701.0,1,11.6833,11.6833,100.0,50.0,33.33,EUR,2026-08-17
2026-08-23,200399,"VARUS, пр. Добровольського 122/1",Odesa,32.562186,4,3,1,1,701.0,701.0,1,11.6833,11.6833,100.0,33.33,25.0,EUR,2026-08-17
2026-08-23,862701,"VARUS, пр. Коцюбинського, 70",Vinnytsia,630.832093,42,41,6,1,701.0,701.0,1,11.6833,11.6833,100.0,14.63,2.38,EUR,2026-08-17
2026-08-23,200394,"VARUS, пр. Металургів 42А",Kryvyi Rih,153.987427,11,11,1,0,701.0,701.0,1,11.6833,11.6833,100.0,9.09,0.0,EUR,2026-08-17
2026-08-23,200380,"VARUS, пр. Миколи Бажана 38",Kyiv,123.232837,7,7,0,0,701.0,701.0,1,11.6833,11.6833,100.0,0.0,0.0,EUR,2026-08-17
2026-08-23,200359,"VARUS, пр. О. Поля, 104а",Dnipro,0.0,0,0,0,0,0.0,0.0,1,0.0,0.0,,,,EUR,2026-08-17
2026-08-23,198953,"VARUS, пр. Олександра Поля, 104",Dnipro,287.101886,20,18,2,2,701.0,701.0,1,11.6833,11.6833,100.0,11.11,10.0,EUR,2026-08-17
2026-08-23,200357,"VARUS, пр.Науки 8а",Dnipro,194.48169,18,13,5,5,701.0,701.0,1,11.6833,11.6833,100.0,38.46,27.78,EUR,2026-08-17
2026-08-23,200377,"VARUS, пр.Оболонський 47/42",Kyiv,88.986594,7,7,4,0,701.0,701.0,1,11.6833,11.6833,100.0,57.14,0.0,EUR,2026-08-17
2026-08-23,200360,"VARUS, проспект Слобожанський 86",Dnipro,189.779224,13,12,1,1,701.0,701.0,1,11.6833,11.6833,100.0,8.33,7.69,EUR,2026-08-17
2026-08-24,200367,"VARUS вул.Петра Сагайдачного, 7",Zaporizhia,128.800058,9,9,0,0,701.2,701.2,1,11.6867,11.6867,100.0,0.0,0.0,EUR,2026-08-24
2026-08-24,200390,"VARUS, 5-й Зарічний, д.19",Kryvyi Rih,32.87323,2,2,0,0,701.2,701.2,1,11.6867,11.6867,100.0,0.0,0.0,EUR,2026-08-24
2026-08-24,200383,"VARUS, Вулиця Героїв полку Азов, 12",Kyiv,211.078831,12,11,0,1,701.2,701.2,1,11.6867,11.6867,100.0,0.0,8.33,EUR,2026-08-24
2026-08-24,200364,"VARUS, Донецьке шосcе 110",Dnipro,16.275656,1,1,0,0,701.2,701.2,1,11.6867,11.6867,100.0,0.0,0.0,EUR,2026-08-24
2026-08-24,200356,"VARUS, Донецьке шосcе 9а",Dnipro,98.938357,7,7,1,0,701.2,701.2,1,11.6867,11.6867,100.0,14.29,0.0,EUR,2026-08-24
2026-08-24,200400,"VARUS, Люстдорфська дорога 114",Odesa,110.826003,6,6,1,0,701.2,701.2,1,11.6867,11.6867,100.0,16.67,0.0,EUR,2026-08-24
2026-08-24,200392,"VARUS, Площа Шахтарської Слави 1",Kryvyi Rih,114.479076,10,10,1,0,701.2,701.2,1,11.6867,11.6867,100.0,10.0,0.0,EUR,2026-08-24
2026-08-24,200374,"VARUS, Проспект Червоної Калини 44A",Kyiv,289.121556,16,16,3,0,701.2,701.2,1,11.6867,11.6867,100.0,18.75,0.0,EUR,2026-08-24
2026-08-24,200365,"VARUS, Північно-Кільцева вулиця, 10а,",Zaporizhia,0.0,0,0,0,0,701.2,701.2,1,11.6867,11.6867,100.0,,,EUR,2026-08-24
2026-08-24,200385,"VARUS, Харківське Шосе 160",Kyiv,133.11113,8,8,0,0,701.2,701.2,1,11.6867,11.6867,100.0,0.0,0.0,EUR,2026-08-24
2026-08-24,200358,"VARUS, бул. Європейський 1Д",Dnipro,78.280626,11,8,0,3,661.2,661.2,1,11.02,11.02,100.0,0.0,27.27,EUR,2026-08-24
2026-08-24,200372,"VARUS, бул.Будівельників 27а",Kamianske,0.0,0,0,0,0,601.2,601.2,1,10.02,10.02,100.0,,,EUR,2026-08-24
2026-08-24,200355,"VARUS, вул Березинская 23а",Dnipro,48.244184,3,3,2,0,701.2,701.2,1,11.6867,11.6867,100.0,66.67,0.0,EUR,2026-08-24
2026-08-24,200393,"VARUS, вул. 200 річчя Кривого Рогу",Kryvyi Rih,29.947253,2,2,0,0,410.78333333333336,701.2,1,6.8464,11.6867,58.58,0.0,0.0,EUR,2026-08-24
2026-08-24,200397,"VARUS, вул. Івана Авраменко 21В",Kryvyi Rih,154.602942,9,9,1,0,701.2,701.2,1,11.6867,11.6867,100.0,11.11,0.0,EUR,2026-08-24
2026-08-24,200376,"VARUS, вул. Волинська 37",Kyiv,0.0,0,0,0,0,661.2,661.2,1,11.02,11.02,100.0,,,EUR,2026-08-24
2026-08-24,200401,"VARUS, вул. Дача Ковалевського 91",Odesa,0.0,0,0,0,0,701.2,701.2,1,11.6867,11.6867,100.0,,,EUR,2026-08-24
2026-08-24,200378,"VARUS, вул. Деміївська 27",Kyiv,165.251524,10,10,1,0,701.2,701.2,1,11.6867,11.6867,100.0,10.0,0.0,EUR,2026-08-24
2026-08-24,200387,"VARUS, вул. Драгаманова 40г",Kyiv,0.0,2,0,0,2,701.2,701.2,1,11.6867,11.6867,100.0,,100.0,EUR,2026-08-24
2026-08-24,200391,"VARUS, вул. Жилянська 59",Kyiv,0.0,12,0,0,12,611.6666666666666,701.2,1,10.1944,11.6867,87.23,,100.0,EUR,2026-08-24
2026-08-24,200384,"VARUS, вул. Костянтинівська 2А",Kyiv,190.464925,14,14,3,0,701.2,701.2,1,11.6867,11.6867,100.0,21.43,0.0,EUR,2026-08-24
2026-08-24,200388,"VARUS, вул. Лесі Українки 30",Kyiv,6.811396,2,1,0,1,310.73333333333335,601.2,1,5.1789,10.02,51.69,0.0,50.0,EUR,2026-08-24
2026-08-24,200398,"VARUS, вул. Недєліна 43",Kryvyi Rih,0.0,0,0,0,0,701.2,701.2,1,11.6867,11.6867,100.0,,,EUR,2026-08-24
2026-08-24,200371,"VARUS, вул. Ольги Кобилянської 1В/23",Irpin,244.62748,17,17,2,0,701.2,701.2,1,11.6867,11.6867,100.0,11.76,0.0,EUR,2026-08-24
2026-08-24,200351,"VARUS, вул. Паникахи 15",Dnipro,0.0,0,0,0,0,701.2,701.2,1,11.6867,11.6867,100.0,,,EUR,2026-08-24
2026-08-24,200403,"VARUS, вул. Соборна 97А",Pavlohrad,86.432518,5,5,2,0,641.2,641.2,1,10.6867,10.6867,100.0,40.0,0.0,EUR,2026-08-24
2026-08-24,200389,"VARUS, вул. Срібнокільска 11",Kyiv,46.030177,8,5,3,3,721.2,721.2,1,12.02,12.02,100.0,60.0,37.5,EUR,2026-08-24
2026-08-24,200381,"VARUS, вул. Тютюника 39-А",Kyiv,270.189018,21,20,1,1,701.2,701.2,1,11.6867,11.6867,100.0,5.0,4.76,EUR,2026-08-24
2026-08-24,200366,"VARUS, вул. Яценка 2",Zaporizhia,0.0,0,0,0,0,701.2,701.2,1,11.6867,11.6867,100.0,,,EUR,2026-08-24
2026-08-24,200352,"VARUS, вул.20річчя Перемоги  43Д",Dnipro,0.0,0,0,0,0,701.2,701.2,1,11.6867,11.6867,100.0,,,EUR,2026-08-24
2026-08-24,200375,"VARUS, вул.Андрія Малишко,3",Kyiv,461.519413,25,22,6,3,701.2,701.2,1,11.6867,11.6867,100.0,27.27,12.0,EUR,2026-08-24
2026-08-24,200379,"VARUS, вул.Бажана 10-А",Kyiv,27.010749,3,3,0,0,701.2,701.2,1,11.6867,11.6867,100.0,0.0,0.0,EUR,2026-08-24
2026-08-24,200382,"VARUS, вул.Васильківска 34",Kyiv,327.151992,25,23,1,2,701.2,701.2,1,11.6867,11.6867,100.0,4.35,8.0,EUR,2026-08-24
2026-08-24,200386,"VARUS, вул.Вишгородска 45а",Kyiv,261.933961,18,16,5,2,661.2,661.2,1,11.02,11.02,100.0,31.25,11.11,EUR,2026-08-24
2026-08-24,200350,"VARUS, вул.Глинки 2",Dnipro,0.0,0,0,0,0,701.2,701.2,1,11.6867,11.6867,100.0,,,EUR,2026-08-24
2026-08-24,200349,"VARUS, вул.Дніпровская 1",Vyshhorod,24.264295,3,3,1,0,701.2,701.2,1,11.6867,11.6867,100.0,33.33,0.0,EUR,2026-08-24
2026-08-24,200354,"VARUS, вул.Калиновая 9А",Dnipro,309.100428,22,22,2,0,701.2,701.2,1,11.6867,11.6867,100.0,9.09,0.0,EUR,2026-08-24
2026-08-24,200348,"VARUS, вул.Київська 239",Brovary,160.626192,14,14,0,0,701.2,701.2,1,11.6867,11.6867,100.0,0.0,0.0,EUR,2026-08-24
2026-08-24,200353,"VARUS, вул.Коммунарівська буд. 8",Dnipro,19.850448,2,2,0,0,701.2,701.2,1,11.6867,11.6867,100.0,0.0,0.0,EUR,2026-08-24
2026-08-24,200361,"VARUS, вул.Марії Кюрі 5",Dnipro,80.068211,8,8,0,0,701.2,701.2,1,11.6867,11.6867,100.0,0.0,0.0,EUR,2026-08-24
2026-08-24,200370,"VARUS, вул.Незалежної України 57В",Zaporizhia,387.773403,25,25,3,0,701.2,701.2,1,11.6867,11.6867,100.0,12.0,0.0,EUR,2026-08-24
2026-08-24,200404,"VARUS, вул.Нова 2В",Pavlohrad,0.0,0,0,0,0,641.2,641.2,1,10.6867,10.6867,100.0,,,EUR,2026-08-24
2026-08-24,200363,"VARUS, вул.Робоча 67",Dnipro,125.29742,13,11,1,2,701.2,701.2,1,11.6867,11.6867,100.0,9.09,15.38,EUR,2026-08-24
2026-08-24,200369,"VARUS, вул.Тараса Шевченка 7",Kamianske,50.252637,2,2,1,0,601.2,601.2,1,10.02,10.02,100.0,50.0,0.0,EUR,2026-08-24
2026-08-24,200395,"VARUS, вул.Терещенко 1Е",Kryvyi Rih,0.0,0,0,0,0,701.2,701.2,1,11.6867,11.6867,100.0,,,EUR,2026-08-24
2026-08-24,200402,"VARUS, вул.Французький бульвар 22",Odesa,113.093215,8,8,5,0,701.2,701.2,1,11.6867,11.6867,100.0,62.5,0.0,EUR,2026-08-24
2026-08-24,200396,"VARUS, мкр Сонячний 41а",Kryvyi Rih,22.511924,2,2,1,0,701.2,701.2,1,11.6867,11.6867,100.0,50.0,0.0,EUR,2026-08-24
2026-08-24,200362,"VARUS, пр. Івана Мазепи, 58",Dnipro,46.495833,5,3,1,2,701.2,701.2,1,11.6867,11.6867,100.0,33.33,40.0,EUR,2026-08-24
2026-08-24,200373,"VARUS, пр. Академіка Паладіна 16/39",Kyiv,309.897759,24,22,3,2,701.2,701.2,1,11.6867,11.6867,100.0,13.64,8.33,EUR,2026-08-24
2026-08-24,200368,"VARUS, пр. Героїв 2",Dnipro,355.728701,20,20,3,0,701.2,701.2,1,11.6867,11.6867,100.0,15.0,0.0,EUR,2026-08-24
2026-08-24,200408,"VARUS, пр. Гуляєва полковника ж.м. ""Дружний"" буд. 107/1",Odesa,64.954295,6,4,3,2,701.2,701.2,1,11.6867,11.6867,100.0,75.0,33.33,EUR,2026-08-24
2026-08-24,200399,"VARUS, пр. Добровольського 122/1",Odesa,39.036003,3,3,1,0,701.2,701.2,1,11.6867,11.6867,100.0,33.33,0.0,EUR,2026-08-24
2026-08-24,862701,"VARUS, пр. Коцюбинського, 70",Vinnytsia,507.132742,39,36,8,3,701.2,701.2,1,11.6867,11.6867,100.0,22.22,7.69,EUR,2026-08-24
2026-08-24,200394,"VARUS, пр. Металургів 42А",Kryvyi Rih,138.162307,8,8,3,0,701.2,701.2,1,11.6867,11.6867,100.0,37.5,0.0,EUR,2026-08-24
2026-08-24,200380,"VARUS, пр. Миколи Бажана 38",Kyiv,86.876546,9,9,1,0,701.2,701.2,1,11.6867,11.6867,100.0,11.11,0.0,EUR,2026-08-24
2026-08-24,200359,"VARUS, пр. О. Поля, 104а",Dnipro,0.0,0,0,0,0,0.0,0.0,1,0.0,0.0,,,,EUR,2026-08-24
2026-08-24,198953,"VARUS, пр. Олександра Поля, 104",Dnipro,285.813754,18,18,3,0,701.2,701.2,1,11.6867,11.6867,100.0,16.67,0.0,EUR,2026-08-24
2026-08-24,200357,"VARUS, пр.Науки 8а",Dnipro,162.252246,15,11,4,4,701.2,701.2,1,11.6867,11.6867,100.0,36.36,26.67,EUR,2026-08-24
2026-08-24,200377,"VARUS, пр.Оболонський 47/42",Kyiv,43.402386,4,4,1,0,701.2,701.2,1,11.6867,11.6867,100.0,25.0,0.0,EUR,2026-08-24
2026-08-24,200360,"VARUS, проспект Слобожанський 86",Dnipro,57.365473,2,2,0,0,701.2,701.2,1,11.6867,11.6867,100.0,0.0,0.0,EUR,2026-08-24
2026-08-25,200367,"VARUS вул.Петра Сагайдачного, 7",Zaporizhia,63.71124,7,7,2,0,701.0,701.0,1,11.6833,11.6833,100.0,28.57,0.0,EUR,2026-08-24
2026-08-25,200390,"VARUS, 5-й Зарічний, д.19",Kryvyi Rih,7.476122,2,1,0,1,701.0,701.0,1,11.6833,11.6833,100.0,0.0,50.0,EUR,2026-08-24
2026-08-25,200383,"VARUS, Вулиця Героїв полку Азов, 12",Kyiv,163.910819,11,11,0,0,701.0,701.0,1,11.6833,11.6833,100.0,0.0,0.0,EUR,2026-08-24
2026-08-25,200364,"VARUS, Донецьке шосcе 110",Dnipro,58.69546,6,5,1,1,701.0,701.0,1,11.6833,11.6833,100.0,20.0,16.67,EUR,2026-08-24
2026-08-25,200356,"VARUS, Донецьке шосcе 9а",Dnipro,63.463537,4,4,2,0,701.0,701.0,1,11.6833,11.6833,100.0,50.0,0.0,EUR,2026-08-24
2026-08-25,200400,"VARUS, Люстдорфська дорога 114",Odesa,200.025884,8,8,1,0,701.0,701.0,1,11.6833,11.6833,100.0,12.5,0.0,EUR,2026-08-24
2026-08-25,200392,"VARUS, Площа Шахтарської Слави 1",Kryvyi Rih,88.860686,9,9,2,0,701.0,701.0,1,11.6833,11.6833,100.0,22.22,0.0,EUR,2026-08-24
2026-08-25,200374,"VARUS, Проспект Червоної Калини 44A",Kyiv,213.805953,10,10,1,0,701.0,701.0,1,11.6833,11.6833,100.0,10.0,0.0,EUR,2026-08-24
2026-08-25,200365,"VARUS, Північно-Кільцева вулиця, 10а,",Zaporizhia,0.0,0,0,0,0,497.98333333333335,701.0,1,8.2997,11.6833,71.04,,,EUR,2026-08-24
2026-08-25,200385,"VARUS, Харківське Шосе 160",Kyiv,117.301003,7,7,1,0,701.0,701.0,1,11.6833,11.6833,100.0,14.29,0.0,EUR,2026-08-24
2026-08-25,200358,"VARUS, бул. Європейський 1Д",Dnipro,162.072417,15,11,4,4,661.0,661.0,1,11.0167,11.0167,100.0,36.36,26.67,EUR,2026-08-24
2026-08-25,200372,"VARUS, бул.Будівельників 27а",Kamianske,16.945939,1,1,0,0,601.0,601.0,1,10.0167,10.0167,100.0,0.0,0.0,EUR,2026-08-24
2026-08-25,200355,"VARUS, вул Березинская 23а",Dnipro,66.276069,8,6,1,2,701.0,701.0,1,11.6833,11.6833,100.0,16.67,25.0,EUR,2026-08-24
2026-08-25,200393,"VARUS, вул. 200 річчя Кривого Рогу",Kryvyi Rih,22.69428,2,2,0,0,701.0,701.0,1,11.6833,11.6833,100.0,0.0,0.0,EUR,2026-08-24
2026-08-25,200397,"VARUS, вул. Івана Авраменко 21В",Kryvyi Rih,109.730748,8,8,0,0,701.0,701.0,1,11.6833,11.6833,100.0,0.0,0.0,EUR,2026-08-24
2026-08-25,200376,"VARUS, вул. Волинська 37",Kyiv,0.0,0,0,0,0,661.0,661.0,1,11.0167,11.0167,100.0,,,EUR,2026-08-24
2026-08-25,200401,"VARUS, вул. Дача Ковалевського 91",Odesa,0.0,0,0,0,0,701.0,701.0,1,11.6833,11.6833,100.0,,,EUR,2026-08-24
2026-08-25,200378,"VARUS, вул. Деміївська 27",Kyiv,208.140432,14,14,2,0,701.0,701.0,1,11.6833,11.6833,100.0,14.29,0.0,EUR,2026-08-24
2026-08-25,200387,"VARUS, вул. Драгаманова 40г",Kyiv,67.262851,5,5,2,0,701.0,701.0,1,11.6833,11.6833,100.0,40.0,0.0,EUR,2026-08-24
2026-08-25,200391,"VARUS, вул. Жилянська 59",Kyiv,224.995495,18,12,1,6,509.28333333333336,701.0,1,8.4881,11.6833,72.65,8.33,33.33,EUR,2026-08-24
2026-08-25,200384,"VARUS, вул. Костянтинівська 2А",Kyiv,253.205174,16,16,4,0,701.0,701.0,1,11.6833,11.6833,100.0,25.0,0.0,EUR,2026-08-24
2026-08-25,200388,"VARUS, вул. Лесі Українки 30",Kyiv,89.677795,12,5,0,7,601.0,601.0,1,10.0167,10.0167,100.0,0.0,58.33,EUR,2026-08-24
2026-08-25,200398,"VARUS, вул. Недєліна 43",Kryvyi Rih,0.0,0,0,0,0,701.0,701.0,1,11.6833,11.6833,100.0,,,EUR,2026-08-24
2026-08-25,200371,"VARUS, вул. Ольги Кобилянської 1В/23",Irpin,222.639066,15,15,3,0,701.0,701.0,1,11.6833,11.6833,100.0,20.0,0.0,EUR,2026-08-24
2026-08-25,200351,"VARUS, вул. Паникахи 15",Dnipro,0.0,0,0,0,0,496.0833333333333,701.0,1,8.2681,11.6833,70.77,,,EUR,2026-08-24
2026-08-25,200403,"VARUS, вул. Соборна 97А",Pavlohrad,18.067309,4,2,1,2,641.0,641.0,1,10.6833,10.6833,100.0,50.0,50.0,EUR,2026-08-24
2026-08-25,200389,"VARUS, вул. Срібнокільска 11",Kyiv,188.312751,12,12,1,0,721.0,721.0,1,12.0167,12.0167,100.0,8.33,0.0,EUR,2026-08-24
2026-08-25,200381,"VARUS, вул. Тютюника 39-А",Kyiv,271.214393,20,19,1,1,701.0,701.0,1,11.6833,11.6833,100.0,5.26,5.0,EUR,2026-08-24
2026-08-25,200366,"VARUS, вул. Яценка 2",Zaporizhia,0.0,0,0,0,0,498.15,701.0,1,8.3025,11.6833,71.06,,,EUR,2026-08-24
2026-08-25,200352,"VARUS, вул.20річчя Перемоги  43Д",Dnipro,0.0,0,0,0,0,701.0,701.0,1,11.6833,11.6833,100.0,,,EUR,2026-08-24
2026-08-25,200375,"VARUS, вул.Андрія Малишко,3",Kyiv,340.576962,23,21,1,2,701.0,701.0,1,11.6833,11.6833,100.0,4.76,8.7,EUR,2026-08-24
2026-08-25,200379,"VARUS, вул.Бажана 10-А",Kyiv,22.581357,2,2,0,0,701.0,701.0,1,11.6833,11.6833,100.0,0.0,0.0,EUR,2026-08-24
2026-08-25,200382,"VARUS, вул.Васильківска 34",Kyiv,393.566071,25,24,4,1,701.0,701.0,1,11.6833,11.6833,100.0,16.67,4.0,EUR,2026-08-24
2026-08-25,200386,"VARUS, вул.Вишгородска 45а",Kyiv,342.394083,17,17,4,0,661.0,661.0,1,11.0167,11.0167,100.0,23.53,0.0,EUR,2026-08-24
2026-08-25,200350,"VARUS, вул.Глинки 2",Dnipro,0.0,0,0,0,0,701.0,701.0,1,11.6833,11.6833,100.0,,,EUR,2026-08-24
2026-08-25,200349,"VARUS, вул.Дніпровская 1",Vyshhorod,50.039494,4,4,0,0,701.0,701.0,1,11.6833,11.6833,100.0,0.0,0.0,EUR,2026-08-24
2026-08-25,200354,"VARUS, вул.Калиновая 9А",Dnipro,337.492189,21,20,2,1,701.0,701.0,1,11.6833,11.6833,100.0,10.0,4.76,EUR,2026-08-24
2026-08-25,200348,"VARUS, вул.Київська 239",Brovary,103.870827,10,9,2,1,701.0,701.0,1,11.6833,11.6833,100.0,22.22,10.0,EUR,2026-08-24
2026-08-25,200353,"VARUS, вул.Коммунарівська буд. 8",Dnipro,89.253136,6,6,0,0,701.0,701.0,1,11.6833,11.6833,100.0,0.0,0.0,EUR,2026-08-24
2026-08-25,200361,"VARUS, вул.Марії Кюрі 5",Dnipro,273.091521,19,19,4,0,701.0,701.0,1,11.6833,11.6833,100.0,21.05,0.0,EUR,2026-08-24
2026-08-25,200370,"VARUS, вул.Незалежної України 57В",Zaporizhia,542.49857,32,31,1,1,701.0,701.0,1,11.6833,11.6833,100.0,3.23,3.12,EUR,2026-08-24
2026-08-25,200404,"VARUS, вул.Нова 2В",Pavlohrad,23.083471,1,1,0,0,641.0,641.0,1,10.6833,10.6833,100.0,0.0,0.0,EUR,2026-08-24
2026-08-25,200363,"VARUS, вул.Робоча 67",Dnipro,156.703107,11,11,2,0,701.0,701.0,1,11.6833,11.6833,100.0,18.18,0.0,EUR,2026-08-24
2026-08-25,200369,"VARUS, вул.Тараса Шевченка 7",Kamianske,0.0,1,0,0,1,601.0,601.0,1,10.0167,10.0167,100.0,,100.0,EUR,2026-08-24
2026-08-25,200395,"VARUS, вул.Терещенко 1Е",Kryvyi Rih,0.0,0,0,0,0,701.0,701.0,1,11.6833,11.6833,100.0,,,EUR,2026-08-24
2026-08-25,200402,"VARUS, вул.Французький бульвар 22",Odesa,39.908626,4,4,1,0,701.0,701.0,1,11.6833,11.6833,100.0,25.0,0.0,EUR,2026-08-24
2026-08-25,200396,"VARUS, мкр Сонячний 41а",Kryvyi Rih,25.225175,3,3,1,0,701.0,701.0,1,11.6833,11.6833,100.0,33.33,0.0,EUR,2026-08-24
2026-08-25,200362,"VARUS, пр. Івана Мазепи, 58",Dnipro,0.0,0,0,0,0,701.0,701.0,1,11.6833,11.6833,100.0,,,EUR,2026-08-24
2026-08-25,200373,"VARUS, пр. Академіка Паладіна 16/39",Kyiv,518.596267,22,22,3,0,701.0,701.0,1,11.6833,11.6833,100.0,13.64,0.0,EUR,2026-08-24
2026-08-25,200368,"VARUS, пр. Героїв 2",Dnipro,416.44938,23,23,1,0,701.0,701.0,1,11.6833,11.6833,100.0,4.35,0.0,EUR,2026-08-24
2026-08-25,200408,"VARUS, пр. Гуляєва полковника ж.м. ""Дружний"" буд. 107/1",Odesa,65.196685,5,4,0,1,701.0,701.0,1,11.6833,11.6833,100.0,0.0,20.0,EUR,2026-08-24
2026-08-25,200399,"VARUS, пр. Добровольського 122/1",Odesa,70.135392,6,6,1,0,701.0,701.0,1,11.6833,11.6833,100.0,16.67,0.0,EUR,2026-08-24
2026-08-25,862701,"VARUS, пр. Коцюбинського, 70",Vinnytsia,506.981484,35,33,5,2,701.0,701.0,1,11.6833,11.6833,100.0,15.15,5.71,EUR,2026-08-24
2026-08-25,200394,"VARUS, пр. Металургів 42А",Kryvyi Rih,94.555726,8,7,1,1,701.0,701.0,1,11.6833,11.6833,100.0,14.29,12.5,EUR,2026-08-24
2026-08-25,200380,"VARUS, пр. Миколи Бажана 38",Kyiv,152.901681,8,8,0,0,701.0,701.0,1,11.6833,11.6833,100.0,0.0,0.0,EUR,2026-08-24
2026-08-25,200359,"VARUS, пр. О. Поля, 104а",Dnipro,0.0,0,0,0,0,0.0,0.0,1,0.0,0.0,,,,EUR,2026-08-24
2026-08-25,198953,"VARUS, пр. Олександра Поля, 104",Dnipro,349.084916,17,16,6,1,701.0,701.0,1,11.6833,11.6833,100.0,37.5,5.88,EUR,2026-08-24
2026-08-25,200357,"VARUS, пр.Науки 8а",Dnipro,167.776474,17,9,1,8,701.0,701.0,1,11.6833,11.6833,100.0,11.11,47.06,EUR,2026-08-24
2026-08-25,200377,"VARUS, пр.Оболонський 47/42",Kyiv,32.750569,4,4,3,0,701.0,701.0,1,11.6833,11.6833,100.0,75.0,0.0,EUR,2026-08-24
2026-08-25,200360,"VARUS, проспект Слобожанський 86",Dnipro,95.716973,7,7,1,0,701.0,701.0,1,11.6833,11.6833,100.0,14.29,0.0,EUR,2026-08-24
2026-08-26,200367,"VARUS вул.Петра Сагайдачного, 7",Zaporizhia,121.883174,9,9,1,0,701.0166666666667,701.0166666666667,1,11.6836,11.6836,100.0,11.11,0.0,EUR,2026-08-24
2026-08-26,200390,"VARUS, 5-й Зарічний, д.19",Kryvyi Rih,76.804673,6,6,1,0,701.0166666666667,701.0166666666667,1,11.6836,11.6836,100.0,16.67,0.0,EUR,2026-08-24
2026-08-26,200383,"VARUS, Вулиця Героїв полку Азов, 12",Kyiv,212.691353,13,12,0,1,701.0166666666667,701.0166666666667,1,11.6836,11.6836,100.0,0.0,7.69,EUR,2026-08-24
2026-08-26,200364,"VARUS, Донецьке шосcе 110",Dnipro,37.700472,6,4,1,2,701.0166666666667,701.0166666666667,1,11.6836,11.6836,100.0,25.0,33.33,EUR,2026-08-24
2026-08-26,200356,"VARUS, Донецьке шосcе 9а",Dnipro,65.090479,2,2,0,0,701.0166666666667,701.0166666666667,1,11.6836,11.6836,100.0,0.0,0.0,EUR,2026-08-24
2026-08-26,200400,"VARUS, Люстдорфська дорога 114",Odesa,176.739788,12,5,3,7,696.9833333333333,700.9,1,11.6164,11.6817,99.44,60.0,58.33,EUR,2026-08-24
2026-08-26,200392,"VARUS, Площа Шахтарської Слави 1",Kryvyi Rih,219.511498,13,13,1,0,701.0166666666667,701.0166666666667,1,11.6836,11.6836,100.0,7.69,0.0,EUR,2026-08-24
2026-08-26,200374,"VARUS, Проспект Червоної Калини 44A",Kyiv,95.350911,7,5,1,2,701.0166666666667,701.0166666666667,1,11.6836,11.6836,100.0,20.0,28.57,EUR,2026-08-24
2026-08-26,200365,"VARUS, Північно-Кільцева вулиця, 10а,",Zaporizhia,0.0,0,0,0,0,0.0,701.0166666666667,1,0.0,11.6836,0.0,,,EUR,2026-08-24
2026-08-26,200385,"VARUS, Харківське Шосе 160",Kyiv,221.150786,12,12,3,0,701.0166666666667,701.0166666666667,1,11.6836,11.6836,100.0,25.0,0.0,EUR,2026-08-24
2026-08-26,200358,"VARUS, бул. Європейський 1Д",Dnipro,91.491233,14,9,1,5,661.0166666666667,661.0166666666667,1,11.0169,11.0169,100.0,11.11,35.71,EUR,2026-08-24
2026-08-26,200372,"VARUS, бул.Будівельників 27а",Kamianske,52.150516,2,2,0,0,601.0166666666667,601.0166666666667,1,10.0169,10.0169,100.0,0.0,0.0,EUR,2026-08-24
2026-08-26,200355,"VARUS, вул Березинская 23а",Dnipro,128.10013,10,7,0,3,701.0166666666667,701.0166666666667,1,11.6836,11.6836,100.0,0.0,30.0,EUR,2026-08-24
2026-08-26,200393,"VARUS, вул. 200 річчя Кривого Рогу",Kryvyi Rih,61.943606,6,5,1,1,701.0166666666667,701.0166666666667,1,11.6836,11.6836,100.0,20.0,16.67,EUR,2026-08-24
2026-08-26,200397,"VARUS, вул. Івана Авраменко 21В",Kryvyi Rih,178.892028,7,7,0,0,701.0166666666667,701.0166666666667,1,11.6836,11.6836,100.0,0.0,0.0,EUR,2026-08-24
2026-08-26,200376,"VARUS, вул. Волинська 37",Kyiv,0.0,0,0,0,0,661.0166666666667,661.0166666666667,1,11.0169,11.0169,100.0,,,EUR,2026-08-24
2026-08-26,200401,"VARUS, вул. Дача Ковалевського 91",Odesa,0.0,0,0,0,0,701.0166666666667,701.0166666666667,1,11.6836,11.6836,100.0,,,EUR,2026-08-24
2026-08-26,200378,"VARUS, вул. Деміївська 27",Kyiv,432.533435,25,22,2,3,701.0166666666667,701.0166666666667,1,11.6836,11.6836,100.0,9.09,12.0,EUR,2026-08-24
2026-08-26,200387,"VARUS, вул. Драгаманова 40г",Kyiv,76.556638,6,5,0,1,701.0166666666667,701.0166666666667,1,11.6836,11.6836,100.0,0.0,16.67,EUR,2026-08-24
2026-08-26,200391,"VARUS, вул. Жилянська 59",Kyiv,221.471,15,13,2,2,701.0166666666667,701.0166666666667,1,11.6836,11.6836,100.0,15.38,13.33,EUR,2026-08-24
2026-08-26,200384,"VARUS, вул. Костянтинівська 2А",Kyiv,142.260865,12,12,0,0,701.0166666666667,701.0166666666667,1,11.6836,11.6836,100.0,0.0,0.0,EUR,2026-08-24
2026-08-26,200388,"VARUS, вул. Лесі Українки 30",Kyiv,73.983775,10,5,0,5,601.0166666666667,601.0166666666667,1,10.0169,10.0169,100.0,0.0,50.0,EUR,2026-08-24
2026-08-26,200398,"VARUS, вул. Недєліна 43",Kryvyi Rih,0.0,0,0,0,0,701.0166666666667,701.0166666666667,1,11.6836,11.6836,100.0,,,EUR,2026-08-24
2026-08-26,200371,"VARUS, вул. Ольги Кобилянської 1В/23",Irpin,176.320893,14,14,3,0,701.0166666666667,701.0166666666667,1,11.6836,11.6836,100.0,21.43,0.0,EUR,2026-08-24
2026-08-26,200351,"VARUS, вул. Паникахи 15",Dnipro,0.0,0,0,0,0,0.0,701.0166666666667,1,0.0,11.6836,0.0,,,EUR,2026-08-24
2026-08-26,200403,"VARUS, вул. Соборна 97А",Pavlohrad,27.082077,2,2,1,0,641.0166666666667,641.0166666666667,1,10.6836,10.6836,100.0,50.0,0.0,EUR,2026-08-24
2026-08-26,200389,"VARUS, вул. Срібнокільска 11",Kyiv,125.192842,9,8,1,1,721.0166666666667,721.0166666666667,1,12.0169,12.0169,100.0,12.5,11.11,EUR,2026-08-24
2026-08-26,200381,"VARUS, вул. Тютюника 39-А",Kyiv,321.174011,31,28,1,3,701.0166666666667,701.0166666666667,1,11.6836,11.6836,100.0,3.57,9.68,EUR,2026-08-24
2026-08-26,200366,"VARUS, вул. Яценка 2",Zaporizhia,0.0,0,0,0,0,0.0,701.0166666666667,1,0.0,11.6836,0.0,,,EUR,2026-08-24
2026-08-26,200352,"VARUS, вул.20річчя Перемоги  43Д",Dnipro,0.0,0,0,0,0,701.0166666666667,701.0166666666667,1,11.6836,11.6836,100.0,,,EUR,2026-08-24
2026-08-26,200375,"VARUS, вул.Андрія Малишко,3",Kyiv,263.640867,21,19,3,2,701.0166666666667,701.0166666666667,1,11.6836,11.6836,100.0,15.79,9.52,EUR,2026-08-24
2026-08-26,200379,"VARUS, вул.Бажана 10-А",Kyiv,0.0,1,0,0,1,701.0166666666667,701.0166666666667,1,11.6836,11.6836,100.0,,100.0,EUR,2026-08-24
2026-08-26,200382,"VARUS, вул.Васильківска 34",Kyiv,86.480657,5,5,0,0,221.01666666666668,700.8166666666667,1,3.6836,11.6803,31.54,0.0,0.0,EUR,2026-08-24
2026-08-26,200386,"VARUS, вул.Вишгородска 45а",Kyiv,489.324403,23,23,6,0,661.0166666666667,661.0166666666667,1,11.0169,11.0169,100.0,26.09,0.0,EUR,2026-08-24
2026-08-26,200350,"VARUS, вул.Глинки 2",Dnipro,0.0,0,0,0,0,701.0166666666667,701.0166666666667,1,11.6836,11.6836,100.0,,,EUR,2026-08-24
2026-08-26,200349,"VARUS, вул.Дніпровская 1",Vyshhorod,5.608392,1,1,0,0,701.0166666666667,701.0166666666667,1,11.6836,11.6836,100.0,0.0,0.0,EUR,2026-08-24
2026-08-26,200354,"VARUS, вул.Калиновая 9А",Dnipro,371.436829,20,20,4,0,701.0166666666667,701.0166666666667,1,11.6836,11.6836,100.0,20.0,0.0,EUR,2026-08-24
2026-08-26,200348,"VARUS, вул.Київська 239",Brovary,173.306676,11,10,0,1,701.0166666666667,701.0166666666667,1,11.6836,11.6836,100.0,0.0,9.09,EUR,2026-08-24
2026-08-26,200353,"VARUS, вул.Коммунарівська буд. 8",Dnipro,116.815,10,9,0,1,701.0166666666667,701.0166666666667,1,11.6836,11.6836,100.0,0.0,10.0,EUR,2026-08-24
2026-08-26,200361,"VARUS, вул.Марії Кюрі 5",Dnipro,211.097569,12,12,1,0,701.0166666666667,701.0166666666667,1,11.6836,11.6836,100.0,8.33,0.0,EUR,2026-08-24
2026-08-26,200370,"VARUS, вул.Незалежної України 57В",Zaporizhia,480.232983,28,28,4,0,701.0166666666667,701.0166666666667,1,11.6836,11.6836,100.0,14.29,0.0,EUR,2026-08-24
2026-08-26,200404,"VARUS, вул.Нова 2В",Pavlohrad,54.455575,4,4,2,0,641.0166666666667,641.0166666666667,1,10.6836,10.6836,100.0,50.0,0.0,EUR,2026-08-24
2026-08-26,200363,"VARUS, вул.Робоча 67",Dnipro,73.648008,7,5,0,2,701.0166666666667,701.0166666666667,1,11.6836,11.6836,100.0,0.0,28.57,EUR,2026-08-24
2026-08-26,200369,"VARUS, вул.Тараса Шевченка 7",Kamianske,0.0,0,0,0,0,601.0166666666667,601.0166666666667,1,10.0169,10.0169,100.0,,,EUR,2026-08-24
2026-08-26,200395,"VARUS, вул.Терещенко 1Е",Kryvyi Rih,0.0,0,0,0,0,701.0166666666667,701.0166666666667,1,11.6836,11.6836,100.0,,,EUR,2026-08-24
2026-08-26,200402,"VARUS, вул.Французький бульвар 22",Odesa,99.993856,7,7,1,0,701.0166666666667,701.0166666666667,1,11.6836,11.6836,100.0,14.29,0.0,EUR,2026-08-24
2026-08-26,200396,"VARUS, мкр Сонячний 41а",Kryvyi Rih,30.173661,3,3,1,0,701.0166666666667,701.0166666666667,1,11.6836,11.6836,100.0,33.33,0.0,EUR,2026-08-24
2026-08-26,200362,"VARUS, пр. Івана Мазепи, 58",Dnipro,0.0,0,0,0,0,701.0166666666667,701.0166666666667,1,11.6836,11.6836,100.0,,,EUR,2026-08-24
2026-08-26,200373,"VARUS, пр. Академіка Паладіна 16/39",Kyiv,713.692703,37,37,5,0,701.0166666666667,701.0166666666667,1,11.6836,11.6836,100.0,13.51,0.0,EUR,2026-08-24
2026-08-26,200368,"VARUS, пр. Героїв 2",Dnipro,321.622085,20,19,2,1,701.0166666666667,701.0166666666667,1,11.6836,11.6836,100.0,10.53,5.0,EUR,2026-08-24
2026-08-26,200408,"VARUS, пр. Гуляєва полковника ж.м. ""Дружний"" буд. 107/1",Odesa,56.487835,3,3,1,0,701.0166666666667,701.0166666666667,1,11.6836,11.6836,100.0,33.33,0.0,EUR,2026-08-24
2026-08-26,200399,"VARUS, пр. Добровольського 122/1",Odesa,48.955268,2,2,0,0,701.0166666666667,701.0166666666667,1,11.6836,11.6836,100.0,0.0,0.0,EUR,2026-08-24
2026-08-26,862701,"VARUS, пр. Коцюбинського, 70",Vinnytsia,485.010697,45,38,3,7,701.0166666666667,701.0166666666667,1,11.6836,11.6836,100.0,7.89,15.56,EUR,2026-08-24
2026-08-26,200394,"VARUS, пр. Металургів 42А",Kryvyi Rih,118.295713,11,11,0,0,701.0166666666667,701.0166666666667,1,11.6836,11.6836,100.0,0.0,0.0,EUR,2026-08-24
2026-08-26,200380,"VARUS, пр. Миколи Бажана 38",Kyiv,84.897043,7,7,1,0,701.0166666666667,701.0166666666667,1,11.6836,11.6836,100.0,14.29,0.0,EUR,2026-08-24
2026-08-26,200359,"VARUS, пр. О. Поля, 104а",Dnipro,0.0,0,0,0,0,0.0,0.0,1,0.0,0.0,,,,EUR,2026-08-24
2026-08-26,198953,"VARUS, пр. Олександра Поля, 104",Dnipro,295.884414,21,20,3,1,701.0166666666667,701.0166666666667,1,11.6836,11.6836,100.0,15.0,4.76,EUR,2026-08-24
2026-08-26,200357,"VARUS, пр.Науки 8а",Dnipro,218.300703,14,11,4,3,701.0166666666667,701.0166666666667,1,11.6836,11.6836,100.0,36.36,21.43,EUR,2026-08-24
2026-08-26,200377,"VARUS, пр.Оболонський 47/42",Kyiv,96.080612,7,6,0,1,701.0166666666667,701.0166666666667,1,11.6836,11.6836,100.0,0.0,14.29,EUR,2026-08-24
2026-08-26,200360,"VARUS, проспект Слобожанський 86",Dnipro,103.048006,12,9,1,3,701.0166666666667,701.0166666666667,1,11.6836,11.6836,100.0,11.11,25.0,EUR,2026-08-24
2026-08-27,200367,"VARUS вул.Петра Сагайдачного, 7",Zaporizhia,51.772805,4,4,1,0,701.0,701.0,1,11.6833,11.6833,100.0,25.0,0.0,EUR,2026-08-24
2026-08-27,200390,"VARUS, 5-й Зарічний, д.19",Kryvyi Rih,35.20593,5,2,1,3,701.0,701.0,1,11.6833,11.6833,100.0,50.0,60.0,EUR,2026-08-24
2026-08-27,200383,"VARUS, Вулиця Героїв полку Азов, 12",Kyiv,144.118789,21,8,1,13,701.0,701.0,1,11.6833,11.6833,100.0,12.5,61.9,EUR,2026-08-24
2026-08-27,200364,"VARUS, Донецьке шосcе 110",Dnipro,28.762498,4,3,1,1,701.0,701.0,1,11.6833,11.6833,100.0,33.33,25.0,EUR,2026-08-24
2026-08-27,200356,"VARUS, Донецьке шосcе 9а",Dnipro,14.435857,2,1,0,1,701.0,701.0,1,11.6833,11.6833,100.0,0.0,50.0,EUR,2026-08-24
2026-08-27,200400,"VARUS, Люстдорфська дорога 114",Odesa,0.0,0,0,0,0,0.0,701.0,1,0.0,11.6833,0.0,,,EUR,2026-08-24
2026-08-27,200392,"VARUS, Площа Шахтарської Слави 1",Kryvyi Rih,206.982193,18,17,1,1,701.0,701.0,1,11.6833,11.6833,100.0,5.88,5.56,EUR,2026-08-24
2026-08-27,200374,"VARUS, Проспект Червоної Калини 44A",Kyiv,191.464967,12,12,2,0,701.0,701.0,1,11.6833,11.6833,100.0,16.67,0.0,EUR,2026-08-24
2026-08-27,200365,"VARUS, Північно-Кільцева вулиця, 10а,",Zaporizhia,0.0,0,0,0,0,0.0,701.0,1,0.0,11.6833,0.0,,,EUR,2026-08-24
2026-08-27,200385,"VARUS, Харківське Шосе 160",Kyiv,276.405555,13,12,6,1,701.0,701.0,1,11.6833,11.6833,100.0,50.0,7.69,EUR,2026-08-24
2026-08-27,200358,"VARUS, бул. Європейський 1Д",Dnipro,267.860909,21,17,5,4,661.0,661.0,1,11.0167,11.0167,100.0,29.41,19.05,EUR,2026-08-24
2026-08-27,200372,"VARUS, бул.Будівельників 27а",Kamianske,0.0,0,0,0,0,601.0,601.0,1,10.0167,10.0167,100.0,,,EUR,2026-08-24
2026-08-27,200355,"VARUS, вул Березинская 23а",Dnipro,37.505384,8,3,0,5,610.9333333333333,701.0,1,10.1822,11.6833,87.15,0.0,62.5,EUR,2026-08-24
2026-08-27,200393,"VARUS, вул. 200 річчя Кривого Рогу",Kryvyi Rih,86.792224,11,7,1,4,701.0,701.0,1,11.6833,11.6833,100.0,14.29,36.36,EUR,2026-08-24
2026-08-27,200397,"VARUS, вул. Івана Авраменко 21В",Kryvyi Rih,114.3053,8,8,1,0,701.0,701.0,1,11.6833,11.6833,100.0,12.5,0.0,EUR,2026-08-24
2026-08-27,200376,"VARUS, вул. Волинська 37",Kyiv,0.0,0,0,0,0,661.0,661.0,1,11.0167,11.0167,100.0,,,EUR,2026-08-24
2026-08-27,200401,"VARUS, вул. Дача Ковалевського 91",Odesa,0.0,0,0,0,0,701.0,701.0,1,11.6833,11.6833,100.0,,,EUR,2026-08-24
2026-08-27,200378,"VARUS, вул. Деміївська 27",Kyiv,202.22658,12,12,3,0,701.0,701.0,1,11.6833,11.6833,100.0,25.0,0.0,EUR,2026-08-24
2026-08-27,200387,"VARUS, вул. Драгаманова 40г",Kyiv,147.162554,7,7,2,0,701.0,701.0,1,11.6833,11.6833,100.0,28.57,0.0,EUR,2026-08-24
2026-08-27,200391,"VARUS, вул. Жилянська 59",Kyiv,88.334486,28,8,3,20,701.0,701.0,1,11.6833,11.6833,100.0,37.5,71.43,EUR,2026-08-24
2026-08-27,200384,"VARUS, вул. Костянтинівська 2А",Kyiv,248.552531,17,16,3,1,701.0,701.0,1,11.6833,11.6833,100.0,18.75,5.88,EUR,2026-08-24
2026-08-27,200388,"VARUS, вул. Лесі Українки 30",Kyiv,142.420781,11,10,2,1,601.0,601.0,1,10.0167,10.0167,100.0,20.0,9.09,EUR,2026-08-24
2026-08-27,200398,"VARUS, вул. Недєліна 43",Kryvyi Rih,0.0,0,0,0,0,701.0,701.0,1,11.6833,11.6833,100.0,,,EUR,2026-08-24
2026-08-27,200371,"VARUS, вул. Ольги Кобилянської 1В/23",Irpin,238.080296,14,14,4,0,701.0,701.0,1,11.6833,11.6833,100.0,28.57,0.0,EUR,2026-08-24
2026-08-27,200351,"VARUS, вул. Паникахи 15",Dnipro,0.0,0,0,0,0,0.0,701.0,1,0.0,11.6833,0.0,,,EUR,2026-08-24
2026-08-27,200403,"VARUS, вул. Соборна 97А",Pavlohrad,11.423435,1,1,0,0,641.0,641.0,1,10.6833,10.6833,100.0,0.0,0.0,EUR,2026-08-24
2026-08-27,200389,"VARUS, вул. Срібнокільска 11",Kyiv,122.415399,7,6,3,1,721.0,721.0,1,12.0167,12.0167,100.0,50.0,14.29,EUR,2026-08-24
2026-08-27,200381,"VARUS, вул. Тютюника 39-А",Kyiv,209.867136,24,17,6,7,701.0,701.0,1,11.6833,11.6833,100.0,35.29,29.17,EUR,2026-08-24
2026-08-27,200366,"VARUS, вул. Яценка 2",Zaporizhia,0.0,0,0,0,0,0.0,701.0,1,0.0,11.6833,0.0,,,EUR,2026-08-24
2026-08-27,200352,"VARUS, вул.20річчя Перемоги  43Д",Dnipro,0.0,0,0,0,0,701.0,701.0,1,11.6833,11.6833,100.0,,,EUR,2026-08-24
2026-08-27,200375,"VARUS, вул.Андрія Малишко,3",Kyiv,39.657936,30,3,2,27,701.0,701.0,1,11.6833,11.6833,100.0,66.67,90.0,EUR,2026-08-24
2026-08-27,200379,"VARUS, вул.Бажана 10-А",Kyiv,64.771956,6,5,1,1,701.0,701.0,1,11.6833,11.6833,100.0,20.0,16.67,EUR,2026-08-24
2026-08-27,200382,"VARUS, вул.Васильківска 34",Kyiv,325.305145,45,22,0,23,701.0,701.0,1,11.6833,11.6833,100.0,0.0,51.11,EUR,2026-08-24
2026-08-27,200386,"VARUS, вул.Вишгородска 45а",Kyiv,284.53161,21,21,3,0,661.0,661.0,1,11.0167,11.0167,100.0,14.29,0.0,EUR,2026-08-24
2026-08-27,200350,"VARUS, вул.Глинки 2",Dnipro,0.0,0,0,0,0,701.0,701.0,1,11.6833,11.6833,100.0,,,EUR,2026-08-24
2026-08-27,200349,"VARUS, вул.Дніпровская 1",Vyshhorod,59.50969,4,4,0,0,701.0,701.0,1,11.6833,11.6833,100.0,0.0,0.0,EUR,2026-08-24
2026-08-27,200354,"VARUS, вул.Калиновая 9А",Dnipro,214.130519,17,15,2,2,701.0,701.0,1,11.6833,11.6833,100.0,13.33,11.76,EUR,2026-08-24
2026-08-27,200348,"VARUS, вул.Київська 239",Brovary,5.475312,10,1,0,9,189.76666666666668,701.0,1,3.1628,11.6833,27.07,0.0,90.0,EUR,2026-08-24
2026-08-27,200353,"VARUS, вул.Коммунарівська буд. 8",Dnipro,74.197239,9,8,0,1,701.0,701.0,1,11.6833,11.6833,100.0,0.0,11.11,EUR,2026-08-24
2026-08-27,200361,"VARUS, вул.Марії Кюрі 5",Dnipro,170.074027,10,10,0,0,701.0,701.0,1,11.6833,11.6833,100.0,0.0,0.0,EUR,2026-08-24
2026-08-27,200370,"VARUS, вул.Незалежної України 57В",Zaporizhia,305.874098,22,22,3,0,701.0,701.0,1,11.6833,11.6833,100.0,13.64,0.0,EUR,2026-08-24
2026-08-27,200404,"VARUS, вул.Нова 2В",Pavlohrad,43.231619,4,4,0,0,641.0,641.0,1,10.6833,10.6833,100.0,0.0,0.0,EUR,2026-08-24
2026-08-27,200363,"VARUS, вул.Робоча 67",Dnipro,160.472043,12,12,3,0,701.0,701.0,1,11.6833,11.6833,100.0,25.0,0.0,EUR,2026-08-24
2026-08-27,200369,"VARUS, вул.Тараса Шевченка 7",Kamianske,80.387634,2,2,0,0,601.0,601.0,1,10.0167,10.0167,100.0,0.0,0.0,EUR,2026-08-24
2026-08-27,200395,"VARUS, вул.Терещенко 1Е",Kryvyi Rih,0.0,0,0,0,0,701.0,701.0,1,11.6833,11.6833,100.0,,,EUR,2026-08-24
2026-08-27,200402,"VARUS, вул.Французький бульвар 22",Odesa,38.840756,2,2,1,0,701.0,701.0,1,11.6833,11.6833,100.0,50.0,0.0,EUR,2026-08-24
2026-08-27,200396,"VARUS, мкр Сонячний 41а",Kryvyi Rih,0.0,0,0,0,0,701.0,701.0,1,11.6833,11.6833,100.0,,,EUR,2026-08-24
2026-08-27,200362,"VARUS, пр. Івана Мазепи, 58",Dnipro,0.0,0,0,0,0,701.0,701.0,1,11.6833,11.6833,100.0,,,EUR,2026-08-24
2026-08-27,200373,"VARUS, пр. Академіка Паладіна 16/39",Kyiv,632.441159,38,36,5,2,701.0,701.0,1,11.6833,11.6833,100.0,13.89,5.26,EUR,2026-08-24
2026-08-27,200368,"VARUS, пр. Героїв 2",Dnipro,302.28753,22,21,4,1,701.0,701.0,1,11.6833,11.6833,100.0,19.05,4.55,EUR,2026-08-24
2026-08-27,200408,"VARUS, пр. Гуляєва полковника ж.м. ""Дружний"" буд. 107/1",Odesa,158.763462,11,9,1,2,701.0,701.0,1,11.6833,11.6833,100.0,11.11,18.18,EUR,2026-08-24
2026-08-27,200399,"VARUS, пр. Добровольського 122/1",Odesa,46.048108,5,5,0,0,701.0,701.0,1,11.6833,11.6833,100.0,0.0,0.0,EUR,2026-08-24
2026-08-27,862701,"VARUS, пр. Коцюбинського, 70",Vinnytsia,611.013113,47,38,6,9,701.0,701.0,1,11.6833,11.6833,100.0,15.79,19.15,EUR,2026-08-24
2026-08-27,200394,"VARUS, пр. Металургів 42А",Kryvyi Rih,187.45635,10,9,1,1,701.0,701.0,1,11.6833,11.6833,100.0,11.11,10.0,EUR,2026-08-24
2026-08-27,200380,"VARUS, пр. Миколи Бажана 38",Kyiv,19.54334,2,2,1,0,701.0,701.0,1,11.6833,11.6833,100.0,50.0,0.0,EUR,2026-08-24
2026-08-27,200359,"VARUS, пр. О. Поля, 104а",Dnipro,0.0,0,0,0,0,0.0,0.0,1,0.0,0.0,,,,EUR,2026-08-24
2026-08-27,198953,"VARUS, пр. Олександра Поля, 104",Dnipro,30.838717,5,3,2,2,240.6,701.0,1,4.01,11.6833,34.32,66.67,40.0,EUR,2026-08-24
2026-08-27,200357,"VARUS, пр.Науки 8а",Dnipro,169.273574,12,9,3,3,701.0,701.0,1,11.6833,11.6833,100.0,33.33,25.0,EUR,2026-08-24
2026-08-27,200377,"VARUS, пр.Оболонський 47/42",Kyiv,87.176781,8,7,1,1,701.0,701.0,1,11.6833,11.6833,100.0,14.29,12.5,EUR,2026-08-24
2026-08-27,200360,"VARUS, проспект Слобожанський 86",Dnipro,143.55407,7,7,1,0,701.0,701.0,1,11.6833,11.6833,100.0,14.29,0.0,EUR,2026-08-24
2026-08-28,200367,"VARUS вул.Петра Сагайдачного, 7",Zaporizhia,37.922357,4,4,1,0,701.0,701.0,1,11.6833,11.6833,100.0,25.0,0.0,EUR,2026-08-24
2026-08-28,200390,"VARUS, 5-й Зарічний, д.19",Kryvyi Rih,41.958202,2,2,0,0,701.0,701.0,1,11.6833,11.6833,100.0,0.0,0.0,EUR,2026-08-24
2026-08-28,200383,"VARUS, Вулиця Героїв полку Азов, 12",Kyiv,110.325929,23,7,3,16,701.0,701.0,1,11.6833,11.6833,100.0,42.86,69.57,EUR,2026-08-24
2026-08-28,200364,"VARUS, Донецьке шосcе 110",Dnipro,58.416863,5,5,1,0,701.0,701.0,1,11.6833,11.6833,100.0,20.0,0.0,EUR,2026-08-24
2026-08-28,200356,"VARUS, Донецьке шосcе 9а",Dnipro,55.803369,6,3,0,3,701.0,701.0,1,11.6833,11.6833,100.0,0.0,50.0,EUR,2026-08-24
2026-08-28,200400,"VARUS, Люстдорфська дорога 114",Odesa,0.0,0,0,0,0,580.9,701.0,1,9.6817,11.6833,82.87,,,EUR,2026-08-24
2026-08-28,200392,"VARUS, Площа Шахтарської Слави 1",Kryvyi Rih,130.724213,10,10,1,0,701.0,701.0,1,11.6833,11.6833,100.0,10.0,0.0,EUR,2026-08-24
2026-08-28,200374,"VARUS, Проспект Червоної Калини 44A",Kyiv,180.301327,19,12,6,7,701.0,701.0,1,11.6833,11.6833,100.0,50.0,36.84,EUR,2026-08-24
2026-08-28,200365,"VARUS, Північно-Кільцева вулиця, 10а,",Zaporizhia,132.337659,4,4,1,0,582.8166666666667,701.0,1,9.7136,11.6833,83.14,25.0,0.0,EUR,2026-08-24
2026-08-28,200385,"VARUS, Харківське Шосе 160",Kyiv,119.50083,8,8,2,0,701.0,701.0,1,11.6833,11.6833,100.0,25.0,0.0,EUR,2026-08-24
2026-08-28,200358,"VARUS, бул. Європейський 1Д",Dnipro,129.499904,13,9,3,4,436.1,661.0,1,7.2683,11.0167,65.98,33.33,30.77,EUR,2026-08-24
2026-08-28,200372,"VARUS, бул.Будівельників 27а",Kamianske,0.0,1,0,0,1,601.0,601.0,1,10.0167,10.0167,100.0,,100.0,EUR,2026-08-24
2026-08-28,200355,"VARUS, вул Березинская 23а",Dnipro,307.578997,17,13,1,4,580.6666666666666,701.0,1,9.6778,11.6833,82.83,7.69,23.53,EUR,2026-08-24
2026-08-28,200393,"VARUS, вул. 200 річчя Кривого Рогу",Kryvyi Rih,106.803412,7,7,0,0,701.0,701.0,1,11.6833,11.6833,100.0,0.0,0.0,EUR,2026-08-24
2026-08-28,200397,"VARUS, вул. Івана Авраменко 21В",Kryvyi Rih,91.559418,5,4,0,1,432.1,701.0,1,7.2017,11.6833,61.64,0.0,20.0,EUR,2026-08-24
2026-08-28,200376,"VARUS, вул. Волинська 37",Kyiv,0.0,0,0,0,0,661.0,661.0,1,11.0167,11.0167,100.0,,,EUR,2026-08-24
2026-08-28,200401,"VARUS, вул. Дача Ковалевського 91",Odesa,0.0,0,0,0,0,701.0,701.0,1,11.6833,11.6833,100.0,,,EUR,2026-08-24
2026-08-28,200378,"VARUS, вул. Деміївська 27",Kyiv,387.034354,19,18,3,1,701.0,701.0,1,11.6833,11.6833,100.0,16.67,5.26,EUR,2026-08-24
2026-08-28,200387,"VARUS, вул. Драгаманова 40г",Kyiv,191.302174,14,12,2,2,701.0,701.0,1,11.6833,11.6833,100.0,16.67,14.29,EUR,2026-08-24
2026-08-28,200391,"VARUS, вул. Жилянська 59",Kyiv,142.877446,13,10,2,3,428.1166666666667,701.0,1,7.1353,11.6833,61.07,20.0,23.08,EUR,2026-08-24
2026-08-28,200384,"VARUS, вул. Костянтинівська 2А",Kyiv,75.372076,7,6,0,1,433.1166666666667,701.0,1,7.2186,11.6833,61.79,0.0,14.29,EUR,2026-08-24
2026-08-28,200388,"VARUS, вул. Лесі Українки 30",Kyiv,149.017698,11,10,2,1,430.6,601.0,1,7.1767,10.0167,71.65,20.0,9.09,EUR,2026-08-24
2026-08-28,200398,"VARUS, вул. Недєліна 43",Kryvyi Rih,0.0,0,0,0,0,701.0,701.0,1,11.6833,11.6833,100.0,,,EUR,2026-08-24
2026-08-28,200371,"VARUS, вул. Ольги Кобилянської 1В/23",Irpin,255.698468,14,14,0,0,701.0,701.0,1,11.6833,11.6833,100.0,0.0,0.0,EUR,2026-08-24
2026-08-28,200351,"VARUS, вул. Паникахи 15",Dnipro,69.836553,15,4,2,11,582.9,701.0,1,9.715,11.6833,83.15,50.0,73.33,EUR,2026-08-24
2026-08-28,200403,"VARUS, вул. Соборна 97А",Pavlohrad,43.495674,3,3,0,0,641.0,641.0,1,10.6833,10.6833,100.0,0.0,0.0,EUR,2026-08-24
2026-08-28,200389,"VARUS, вул. Срібнокільска 11",Kyiv,46.34732,4,3,1,1,425.6,721.0,1,7.0933,12.0167,59.03,33.33,25.0,EUR,2026-08-24
2026-08-28,4822490,"VARUS, вул. Таращанська 191а",Bila Tserkva,0.0,0,0,0,0,336.0,336.0,1,5.6,5.6,100.0,,,EUR,2026-08-24
2026-08-28,200381,"VARUS, вул. Тютюника 39-А",Kyiv,219.720081,42,19,5,23,701.0,701.0,1,11.6833,11.6833,100.0,26.32,54.76,EUR,2026-08-24
2026-08-28,200366,"VARUS, вул. Яценка 2",Zaporizhia,159.744147,8,7,1,1,581.1666666666666,701.0,1,9.6861,11.6833,82.91,14.29,12.5,EUR,2026-08-24
2026-08-28,200352,"VARUS, вул.20річчя Перемоги  43Д",Dnipro,0.0,0,0,0,0,701.0,701.0,1,11.6833,11.6833,100.0,,,EUR,2026-08-24
2026-08-28,200375,"VARUS, вул.Андрія Малишко,3",Kyiv,250.41903,38,14,2,24,701.0,701.0,1,11.6833,11.6833,100.0,14.29,63.16,EUR,2026-08-24
2026-08-28,200379,"VARUS, вул.Бажана 10-А",Kyiv,25.737884,3,2,1,1,701.0,701.0,1,11.6833,11.6833,100.0,50.0,33.33,EUR,2026-08-24
2026-08-28,200382,"VARUS, вул.Васильківска 34",Kyiv,7.092665,37,1,1,36,535.33330078125,701.0,1,8.9222,11.6833,76.37,100.0,97.3,EUR,2026-08-24
2026-08-28,200386,"VARUS, вул.Вишгородска 45а",Kyiv,225.942291,16,15,1,1,436.6,661.0,1,7.2767,11.0167,66.05,6.67,6.25,EUR,2026-08-24
2026-08-28,200350,"VARUS, вул.Глинки 2",Dnipro,0.0,0,0,0,0,701.0,701.0,1,11.6833,11.6833,100.0,,,EUR,2026-08-24
2026-08-28,200349,"VARUS, вул.Дніпровская 1",Vyshhorod,24.170905,3,3,3,0,701.0,701.0,1,11.6833,11.6833,100.0,100.0,0.0,EUR,2026-08-24
2026-08-28,200354,"VARUS, вул.Калиновая 9А",Dnipro,162.429568,9,8,0,1,426.1,701.0,1,7.1017,11.6833,60.78,0.0,11.11,EUR,2026-08-24
2026-08-28,200348,"VARUS, вул.Київська 239",Brovary,76.501509,7,5,0,2,310.9,701.0,1,5.1817,11.6833,44.35,0.0,28.57,EUR,2026-08-24
2026-08-28,200353,"VARUS, вул.Коммунарівська буд. 8",Dnipro,92.226435,7,7,1,0,701.0,701.0,1,11.6833,11.6833,100.0,14.29,0.0,EUR,2026-08-24
2026-08-28,200361,"VARUS, вул.Марії Кюрі 5",Dnipro,219.280995,15,14,2,1,701.0,701.0,1,11.6833,11.6833,100.0,14.29,6.67,EUR,2026-08-24
2026-08-28,200370,"VARUS, вул.Незалежної України 57В",Zaporizhia,205.820533,12,12,0,0,701.0,701.0,1,11.6833,11.6833,100.0,0.0,0.0,EUR,2026-08-24
2026-08-28,200404,"VARUS, вул.Нова 2В",Pavlohrad,74.46903,5,4,0,1,641.0,641.0,1,10.6833,10.6833,100.0,0.0,20.0,EUR,2026-08-24
2026-08-28,200363,"VARUS, вул.Робоча 67",Dnipro,250.182421,19,18,3,1,701.0,701.0,1,11.6833,11.6833,100.0,16.67,5.26,EUR,2026-08-24
2026-08-28,200369,"VARUS, вул.Тараса Шевченка 7",Kamianske,11.599797,2,1,0,1,601.0,601.0,1,10.0167,10.0167,100.0,0.0,50.0,EUR,2026-08-24
2026-08-28,200395,"VARUS, вул.Терещенко 1Е",Kryvyi Rih,0.0,0,0,0,0,701.0,701.0,1,11.6833,11.6833,100.0,,,EUR,2026-08-24
2026-08-28,200402,"VARUS, вул.Французький бульвар 22",Odesa,0.0,0,0,0,0,701.0,701.0,1,11.6833,11.6833,100.0,,,EUR,2026-08-24
2026-08-28,200396,"VARUS, мкр Сонячний 41а",Kryvyi Rih,40.106792,3,3,0,0,701.0,701.0,1,11.6833,11.6833,100.0,0.0,0.0,EUR,2026-08-24
2026-08-28,200362,"VARUS, пр. Івана Мазепи, 58",Dnipro,0.0,1,0,0,1,427.1166666666667,701.0,1,7.1186,11.6833,60.93,,100.0,EUR,2026-08-24
2026-08-28,200373,"VARUS, пр. Академіка Паладіна 16/39",Kyiv,761.268324,36,35,3,1,701.0,701.0,1,11.6833,11.6833,100.0,8.57,2.78,EUR,2026-08-24
2026-08-28,200368,"VARUS, пр. Героїв 2",Dnipro,166.948848,9,8,1,1,432.1,701.0,1,7.2017,11.6833,61.64,12.5,11.11,EUR,2026-08-24
2026-08-28,200408,"VARUS, пр. Гуляєва полковника ж.м. ""Дружний"" буд. 107/1",Odesa,112.123924,11,9,1,2,701.0,701.0,1,11.6833,11.6833,100.0,11.11,18.18,EUR,2026-08-24
2026-08-28,200399,"VARUS, пр. Добровольського 122/1",Odesa,54.703825,3,3,0,0,701.0,701.0,1,11.6833,11.6833,100.0,0.0,0.0,EUR,2026-08-24
2026-08-28,862701,"VARUS, пр. Коцюбинського, 70",Vinnytsia,307.867279,29,24,2,5,435.1,701.0,1,7.2517,11.6833,62.07,8.33,17.24,EUR,2026-08-24
2026-08-28,200394,"VARUS, пр. Металургів 42А",Kryvyi Rih,67.375786,6,6,0,0,701.0,701.0,1,11.6833,11.6833,100.0,0.0,0.0,EUR,2026-08-24
2026-08-28,200380,"VARUS, пр. Миколи Бажана 38",Kyiv,41.221571,5,2,1,3,701.0,701.0,1,11.6833,11.6833,100.0,50.0,60.0,EUR,2026-08-24
2026-08-28,200359,"VARUS, пр. О. Поля, 104а",Dnipro,0.0,0,0,0,0,0.0,0.0,1,0.0,0.0,,,,EUR,2026-08-24
2026-08-28,198953,"VARUS, пр. Олександра Поля, 104",Dnipro,251.994493,16,15,1,1,580.7333333333333,701.0,1,9.6789,11.6833,82.84,6.67,6.25,EUR,2026-08-24
2026-08-28,200357,"VARUS, пр.Науки 8а",Dnipro,236.234278,15,11,6,4,701.0,701.0,1,11.6833,11.6833,100.0,54.55,26.67,EUR,2026-08-24
2026-08-28,200377,"VARUS, пр.Оболонський 47/42",Kyiv,186.71463,12,10,3,2,701.0,701.0,1,11.6833,11.6833,100.0,30.0,16.67,EUR,2026-08-24
2026-08-28,200360,"VARUS, проспект Слобожанський 86",Dnipro,200.306995,13,12,2,1,701.0,701.0,1,11.6833,11.6833,100.0,16.67,7.69,EUR,2026-08-24
2026-08-29,200367,"VARUS вул.Петра Сагайдачного, 7",Zaporizhia,45.886251,7,6,2,1,701.0,701.0,1,11.6833,11.6833,100.0,33.33,14.29,EUR,2026-08-24
2026-08-29,200390,"VARUS, 5-й Зарічний, д.19",Kryvyi Rih,29.485824,4,1,0,3,701.0,701.0,1,11.6833,11.6833,100.0,0.0,75.0,EUR,2026-08-24
2026-08-29,200383,"VARUS, Вулиця Героїв полку Азов, 12",Kyiv,275.86033,25,13,3,12,701.0,701.0,1,11.6833,11.6833,100.0,23.08,48.0,EUR,2026-08-24
2026-08-29,200364,"VARUS, Донецьке шосcе 110",Dnipro,50.069227,2,2,0,0,701.0,701.0,1,11.6833,11.6833,100.0,0.0,0.0,EUR,2026-08-24
2026-08-29,200356,"VARUS, Донецьке шосcе 9а",Dnipro,23.985012,3,2,1,1,701.0,701.0,1,11.6833,11.6833,100.0,50.0,33.33,EUR,2026-08-24
2026-08-29,200400,"VARUS, Люстдорфська дорога 114",Odesa,0.0,0,0,0,0,701.0,701.0,1,11.6833,11.6833,100.0,,,EUR,2026-08-24
2026-08-29,200392,"VARUS, Площа Шахтарської Слави 1",Kryvyi Rih,130.999582,10,10,1,0,701.0,701.0,1,11.6833,11.6833,100.0,10.0,0.0,EUR,2026-08-24
2026-08-29,200374,"VARUS, Проспект Червоної Калини 44A",Kyiv,131.270708,18,9,5,9,701.0,701.0,1,11.6833,11.6833,100.0,55.56,50.0,EUR,2026-08-24
2026-08-29,200365,"VARUS, Північно-Кільцева вулиця, 10а,",Zaporizhia,158.466807,8,8,2,0,701.0,701.0,1,11.6833,11.6833,100.0,25.0,0.0,EUR,2026-08-24
2026-08-29,200385,"VARUS, Харківське Шосе 160",Kyiv,244.740424,15,14,3,1,701.0,701.0,1,11.6833,11.6833,100.0,21.43,6.67,EUR,2026-08-24
2026-08-29,200358,"VARUS, бул. Європейський 1Д",Dnipro,0.0,0,0,0,0,0.0,661.0,1,0.0,11.0167,0.0,,,EUR,2026-08-24
2026-08-29,200372,"VARUS, бул.Будівельників 27а",Kamianske,49.096183,4,2,0,2,601.0,601.0,1,10.0167,10.0167,100.0,0.0,50.0,EUR,2026-08-24
2026-08-29,200355,"VARUS, вул Березинская 23а",Dnipro,127.630366,12,9,1,3,701.0,701.0,1,11.6833,11.6833,100.0,11.11,25.0,EUR,2026-08-24
2026-08-29,200393,"VARUS, вул. 200 річчя Кривого Рогу",Kryvyi Rih,131.623787,9,9,1,0,701.0,701.0,1,11.6833,11.6833,100.0,11.11,0.0,EUR,2026-08-24
2026-08-29,200397,"VARUS, вул. Івана Авраменко 21В",Kryvyi Rih,0.0,0,0,0,0,0.0,701.0,1,0.0,11.6833,0.0,,,EUR,2026-08-24
2026-08-29,200376,"VARUS, вул. Волинська 37",Kyiv,0.0,0,0,0,0,661.0,661.0,1,11.0167,11.0167,100.0,,,EUR,2026-08-24
2026-08-29,200401,"VARUS, вул. Дача Ковалевського 91",Odesa,0.0,0,0,0,0,701.0,701.0,1,11.6833,11.6833,100.0,,,EUR,2026-08-24
2026-08-29,200378,"VARUS, вул. Деміївська 27",Kyiv,564.589508,28,28,5,0,701.0,701.0,1,11.6833,11.6833,100.0,17.86,0.0,EUR,2026-08-24
2026-08-29,200387,"VARUS, вул. Драгаманова 40г",Kyiv,212.600231,13,13,4,0,701.0,701.0,1,11.6833,11.6833,100.0,30.77,0.0,EUR,2026-08-24
2026-08-29,200391,"VARUS, вул. Жилянська 59",Kyiv,0.0,0,0,0,0,0.0,701.0,1,0.0,11.6833,0.0,,,EUR,2026-08-24
2026-08-29,200384,"VARUS, вул. Костянтинівська 2А",Kyiv,0.0,0,0,0,0,0.0,701.0,1,0.0,11.6833,0.0,,,EUR,2026-08-24
2026-08-29,200388,"VARUS, вул. Лесі Українки 30",Kyiv,0.0,0,0,0,0,0.0,601.0,1,0.0,10.0167,0.0,,,EUR,2026-08-24
2026-08-29,200398,"VARUS, вул. Недєліна 43",Kryvyi Rih,0.0,0,0,0,0,701.0,701.0,1,11.6833,11.6833,100.0,,,EUR,2026-08-24
2026-08-29,200371,"VARUS, вул. Ольги Кобилянської 1В/23",Irpin,240.936559,15,15,1,0,701.0,701.0,1,11.6833,11.6833,100.0,6.67,0.0,EUR,2026-08-24
2026-08-29,200351,"VARUS, вул. Паникахи 15",Dnipro,0.0,6,0,0,6,128.06666666666666,701.0,1,2.1344,11.6833,18.27,,100.0,EUR,2026-08-24
2026-08-29,200403,"VARUS, вул. Соборна 97А",Pavlohrad,62.83452,5,4,1,1,641.0,641.0,1,10.6833,10.6833,100.0,25.0,20.0,EUR,2026-08-24
2026-08-29,200389,"VARUS, вул. Срібнокільска 11",Kyiv,0.0,0,0,0,0,0.0,721.0,1,0.0,12.0167,0.0,,,EUR,2026-08-24
2026-08-29,4822490,"VARUS, вул. Таращанська 191а",Bila Tserkva,0.0,0,0,0,0,701.0,701.0,1,11.6833,11.6833,100.0,,,EUR,2026-08-24
2026-08-29,200381,"VARUS, вул. Тютюника 39-А",Kyiv,464.328613,51,32,7,19,701.0,701.0,1,11.6833,11.6833,100.0,21.88,37.25,EUR,2026-08-24
2026-08-29,200366,"VARUS, вул. Яценка 2",Zaporizhia,233.354863,11,11,2,0,701.0,701.0,1,11.6833,11.6833,100.0,18.18,0.0,EUR,2026-08-24
2026-08-29,200352,"VARUS, вул.20річчя Перемоги  43Д",Dnipro,0.0,0,0,0,0,701.0,701.0,1,11.6833,11.6833,100.0,,,EUR,2026-08-24
2026-08-29,200375,"VARUS, вул.Андрія Малишко,3",Kyiv,15.287767,8,1,1,7,121.1,701.0,1,2.0183,11.6833,17.28,100.0,87.5,EUR,2026-08-24
2026-08-29,200379,"VARUS, вул.Бажана 10-А",Kyiv,188.302244,10,10,2,0,701.0,701.0,1,11.6833,11.6833,100.0,20.0,0.0,EUR,2026-08-24
2026-08-29,200382,"VARUS, вул.Васильківска 34",Kyiv,0.0,0,0,0,0,0.0,0.0,1,0.0,0.0,,,,EUR,2026-08-24
2026-08-29,200386,"VARUS, вул.Вишгородска 45а",Kyiv,0.0,0,0,0,0,0.0,661.0,1,0.0,11.0167,0.0,,,EUR,2026-08-24
2026-08-29,200350,"VARUS, вул.Глинки 2",Dnipro,0.0,0,0,0,0,701.0,701.0,1,11.6833,11.6833,100.0,,,EUR,2026-08-24
2026-08-29,200349,"VARUS, вул.Дніпровская 1",Vyshhorod,24.20928,2,2,1,0,701.0,701.0,1,11.6833,11.6833,100.0,50.0,0.0,EUR,2026-08-24
2026-08-29,200354,"VARUS, вул.Калиновая 9А",Dnipro,0.0,0,0,0,0,0.0,701.0,1,0.0,11.6833,0.0,,,EUR,2026-08-24
2026-08-29,200348,"VARUS, вул.Київська 239",Brovary,0.0,0,0,0,0,0.0,701.0,1,0.0,11.6833,0.0,,,EUR,2026-08-24
2026-08-29,200353,"VARUS, вул.Коммунарівська буд. 8",Dnipro,95.100639,6,6,0,0,701.0,701.0,1,11.6833,11.6833,100.0,0.0,0.0,EUR,2026-08-24
2026-08-29,200361,"VARUS, вул.Марії Кюрі 5",Dnipro,928.477874,57,49,3,8,701.0,701.0,1,11.6833,11.6833,100.0,6.12,14.04,EUR,2026-08-24
2026-08-29,200370,"VARUS, вул.Незалежної України 57В",Zaporizhia,137.351371,8,8,1,0,701.0,701.0,1,11.6833,11.6833,100.0,12.5,0.0,EUR,2026-08-24
2026-08-29,200404,"VARUS, вул.Нова 2В",Pavlohrad,32.443914,2,2,1,0,641.0,641.0,1,10.6833,10.6833,100.0,50.0,0.0,EUR,2026-08-24
2026-08-29,200363,"VARUS, вул.Робоча 67",Dnipro,509.209997,43,35,5,8,701.0,701.0,1,11.6833,11.6833,100.0,14.29,18.6,EUR,2026-08-24
2026-08-29,200369,"VARUS, вул.Тараса Шевченка 7",Kamianske,23.932947,3,2,0,1,601.0,601.0,1,10.0167,10.0167,100.0,0.0,33.33,EUR,2026-08-24
2026-08-29,200395,"VARUS, вул.Терещенко 1Е",Kryvyi Rih,0.0,0,0,0,0,701.0,701.0,1,11.6833,11.6833,100.0,,,EUR,2026-08-24
2026-08-29,200402,"VARUS, вул.Французький бульвар 22",Odesa,37.023745,3,3,0,0,701.0,701.0,1,11.6833,11.6833,100.0,0.0,0.0,EUR,2026-08-24
2026-08-29,200396,"VARUS, мкр Сонячний 41а",Kryvyi Rih,79.487947,4,4,0,0,701.0,701.0,1,11.6833,11.6833,100.0,0.0,0.0,EUR,2026-08-24
2026-08-29,200362,"VARUS, пр. Івана Мазепи, 58",Dnipro,0.0,0,0,0,0,0.0,701.0,1,0.0,11.6833,0.0,,,EUR,2026-08-24
2026-08-29,200373,"VARUS, пр. Академіка Паладіна 16/39",Kyiv,764.780613,38,36,10,2,701.0,701.0,1,11.6833,11.6833,100.0,27.78,5.26,EUR,2026-08-24
2026-08-29,200368,"VARUS, пр. Героїв 2",Dnipro,0.0,0,0,0,0,0.0,701.0,1,0.0,11.6833,0.0,,,EUR,2026-08-24
2026-08-29,200408,"VARUS, пр. Гуляєва полковника ж.м. ""Дружний"" буд. 107/1",Odesa,184.343338,12,11,2,1,701.0,701.0,1,11.6833,11.6833,100.0,18.18,8.33,EUR,2026-08-24
2026-08-29,200399,"VARUS, пр. Добровольського 122/1",Odesa,73.664907,7,7,1,0,701.0,701.0,1,11.6833,11.6833,100.0,14.29,0.0,EUR,2026-08-24
2026-08-29,862701,"VARUS, пр. Коцюбинського, 70",Vinnytsia,0.0,0,0,0,0,0.0,701.0,1,0.0,11.6833,0.0,,,EUR,2026-08-24
2026-08-29,200394,"VARUS, пр. Металургів 42А",Kryvyi Rih,223.733751,7,7,1,0,701.0,701.0,1,11.6833,11.6833,100.0,14.29,0.0,EUR,2026-08-24
2026-08-29,200380,"VARUS, пр. Миколи Бажана 38",Kyiv,0.0,6,0,0,6,129.4166748046875,701.0,1,2.1569,11.6833,18.46,,100.0,EUR,2026-08-24
2026-08-29,200359,"VARUS, пр. О. Поля, 104а",Dnipro,0.0,0,0,0,0,0.0,0.0,1,0.0,0.0,,,,EUR,2026-08-24
2026-08-29,198953,"VARUS, пр. Олександра Поля, 104",Dnipro,9.316632,3,1,0,2,130.75,701.0,1,2.1792,11.6833,18.65,0.0,66.67,EUR,2026-08-24
2026-08-29,200357,"VARUS, пр.Науки 8а",Dnipro,336.522569,24,17,0,7,440.53333333333336,701.0,1,7.3422,11.6833,62.84,0.0,29.17,EUR,2026-08-24
2026-08-29,200377,"VARUS, пр.Оболонський 47/42",Kyiv,111.94227,8,7,3,1,701.0,701.0,1,11.6833,11.6833,100.0,42.86,12.5,EUR,2026-08-24
2026-08-29,200360,"VARUS, проспект Слобожанський 86",Dnipro,281.400288,19,18,1,1,701.0,701.0,1,11.6833,11.6833,100.0,5.56,5.26,EUR,2026-08-24
2026-08-30,200367,"VARUS вул.Петра Сагайдачного, 7",Zaporizhia,34.822149,9,1,1,8,701.0,701.0,1,11.6833,11.6833,100.0,100.0,88.89,EUR,2026-08-24
2026-08-30,200390,"VARUS, 5-й Зарічний, д.19",Kryvyi Rih,53.79692,3,2,0,1,701.0,701.0,1,11.6833,11.6833,100.0,0.0,33.33,EUR,2026-08-24
2026-08-30,200383,"VARUS, Вулиця Героїв полку Азов, 12",Kyiv,92.674002,23,4,1,19,701.0,701.0,1,11.6833,11.6833,100.0,25.0,82.61,EUR,2026-08-24
2026-08-30,200364,"VARUS, Донецьке шосcе 110",Dnipro,58.509422,5,5,0,0,701.0,701.0,1,11.6833,11.6833,100.0,0.0,0.0,EUR,2026-08-24
2026-08-30,200356,"VARUS, Донецьке шосcе 9а",Dnipro,72.569604,4,4,0,0,701.0,701.0,1,11.6833,11.6833,100.0,0.0,0.0,EUR,2026-08-24
2026-08-30,200400,"VARUS, Люстдорфська дорога 114",Odesa,0.0,0,0,0,0,701.0,701.0,1,11.6833,11.6833,100.0,,,EUR,2026-08-24
2026-08-30,200392,"VARUS, Площа Шахтарської Слави 1",Kryvyi Rih,181.49883,12,12,5,0,701.0,701.0,1,11.6833,11.6833,100.0,41.67,0.0,EUR,2026-08-24
2026-08-30,200374,"VARUS, Проспект Червоної Калини 44A",Kyiv,150.910565,13,10,4,3,701.0,701.0,1,11.6833,11.6833,100.0,40.0,23.08,EUR,2026-08-24
2026-08-30,200365,"VARUS, Північно-Кільцева вулиця, 10а,",Zaporizhia,14.469375,1,1,0,0,701.0,701.0,1,11.6833,11.6833,100.0,0.0,0.0,EUR,2026-08-24
2026-08-30,200385,"VARUS, Харківське Шосе 160",Kyiv,549.483007,27,26,9,1,701.0,701.0,1,11.6833,11.6833,100.0,34.62,3.7,EUR,2026-08-24
2026-08-30,200358,"VARUS, бул. Європейський 1Д",Dnipro,0.0,0,0,0,0,0.0,661.0,1,0.0,11.0167,0.0,,,EUR,2026-08-24
2026-08-30,200372,"VARUS, бул.Будівельників 27а",Kamianske,0.0,1,0,0,1,601.0,601.0,1,10.0167,10.0167,100.0,,100.0,EUR,2026-08-24
2026-08-30,200355,"VARUS, вул Березинская 23а",Dnipro,191.523358,13,11,2,2,701.0,701.0,1,11.6833,11.6833,100.0,18.18,15.38,EUR,2026-08-24
2026-08-30,200393,"VARUS, вул. 200 річчя Кривого Рогу",Kryvyi Rih,239.003195,16,16,5,0,701.0,701.0,1,11.6833,11.6833,100.0,31.25,0.0,EUR,2026-08-24
2026-08-30,200397,"VARUS, вул. Івана Авраменко 21В",Kryvyi Rih,0.0,0,0,0,0,0.0,701.0,1,0.0,11.6833,0.0,,,EUR,2026-08-24
2026-08-30,200376,"VARUS, вул. Волинська 37",Kyiv,0.0,0,0,0,0,661.0,661.0,1,11.0167,11.0167,100.0,,,EUR,2026-08-24
2026-08-30,200401,"VARUS, вул. Дача Ковалевського 91",Odesa,0.0,0,0,0,0,701.0,701.0,1,11.6833,11.6833,100.0,,,EUR,2026-08-24
2026-08-30,200378,"VARUS, вул. Деміївська 27",Kyiv,742.334997,36,36,9,0,701.0,701.0,1,11.6833,11.6833,100.0,25.0,0.0,EUR,2026-08-24
2026-08-30,200387,"VARUS, вул. Драгаманова 40г",Kyiv,42.997582,11,5,1,6,487.0,701.0,1,8.1167,11.6833,69.47,20.0,54.55,EUR,2026-08-24
2026-08-30,200391,"VARUS, вул. Жилянська 59",Kyiv,0.0,0,0,0,0,0.0,701.0,1,0.0,11.6833,0.0,,,EUR,2026-08-24
2026-08-30,200384,"VARUS, вул. Костянтинівська 2А",Kyiv,0.0,0,0,0,0,0.0,701.0,1,0.0,11.6833,0.0,,,EUR,2026-08-24
2026-08-30,200388,"VARUS, вул. Лесі Українки 30",Kyiv,0.0,0,0,0,0,0.0,601.0,1,0.0,10.0167,0.0,,,EUR,2026-08-24
2026-08-30,200398,"VARUS, вул. Недєліна 43",Kryvyi Rih,0.0,0,0,0,0,701.0,701.0,1,11.6833,11.6833,100.0,,,EUR,2026-08-24
2026-08-30,200371,"VARUS, вул. Ольги Кобилянської 1В/23",Irpin,175.141253,15,13,6,2,701.0,701.0,1,11.6833,11.6833,100.0,46.15,13.33,EUR,2026-08-24
2026-08-30,200351,"VARUS, вул. Паникахи 15",Dnipro,0.0,0,0,0,0,0.0,701.0,1,0.0,11.6833,0.0,,,EUR,2026-08-24
2026-08-30,200403,"VARUS, вул. Соборна 97А",Pavlohrad,13.537982,4,1,0,3,641.0,641.0,1,10.6833,10.6833,100.0,0.0,75.0,EUR,2026-08-24
2026-08-30,200389,"VARUS, вул. Срібнокільска 11",Kyiv,0.0,0,0,0,0,0.0,721.0,1,0.0,12.0167,0.0,,,EUR,2026-08-24
2026-08-30,4822490,"VARUS, вул. Таращанська 191а",Bila Tserkva,0.0,0,0,0,0,701.0,701.0,1,11.6833,11.6833,100.0,,,EUR,2026-08-24
2026-08-30,200381,"VARUS, вул. Тютюника 39-А",Kyiv,418.880862,30,29,6,1,701.0,701.0,1,11.6833,11.6833,100.0,20.69,3.33,EUR,2026-08-24
2026-08-30,200366,"VARUS, вул. Яценка 2",Zaporizhia,138.486977,9,9,0,0,701.0,701.0,1,11.6833,11.6833,100.0,0.0,0.0,EUR,2026-08-24
2026-08-30,200352,"VARUS, вул.20річчя Перемоги  43Д",Dnipro,0.0,0,0,0,0,701.0,701.0,1,11.6833,11.6833,100.0,,,EUR,2026-08-24
2026-08-30,200375,"VARUS, вул.Андрія Малишко,3",Kyiv,0.0,0,0,0,0,0.0,701.0,1,0.0,11.6833,0.0,,,EUR,2026-08-24
2026-08-30,200379,"VARUS, вул.Бажана 10-А",Kyiv,154.283829,10,10,1,0,701.0,701.0,1,11.6833,11.6833,100.0,10.0,0.0,EUR,2026-08-24
2026-08-30,200382,"VARUS, вул.Васильківска 34",Kyiv,0.0,0,0,0,0,0.0,0.0,1,0.0,0.0,,,,EUR,2026-08-24
2026-08-30,200386,"VARUS, вул.Вишгородска 45а",Kyiv,0.0,0,0,0,0,0.0,661.0,1,0.0,11.0167,0.0,,,EUR,2026-08-24
2026-08-30,200350,"VARUS, вул.Глинки 2",Dnipro,0.0,0,0,0,0,701.0,701.0,1,11.6833,11.6833,100.0,,,EUR,2026-08-24
2026-08-30,200349,"VARUS, вул.Дніпровская 1",Vyshhorod,31.244673,3,3,0,0,701.0,701.0,1,11.6833,11.6833,100.0,0.0,0.0,EUR,2026-08-24
2026-08-30,200354,"VARUS, вул.Калиновая 9А",Dnipro,0.0,0,0,0,0,0.0,701.0,1,0.0,11.6833,0.0,,,EUR,2026-08-24
2026-08-30,200348,"VARUS, вул.Київська 239",Brovary,0.0,0,0,0,0,0.0,701.0,1,0.0,11.6833,0.0,,,EUR,2026-08-24
2026-08-30,200353,"VARUS, вул.Коммунарівська буд. 8",Dnipro,53.275689,8,6,0,2,701.0,701.0,1,11.6833,11.6833,100.0,0.0,25.0,EUR,2026-08-24
2026-08-30,200361,"VARUS, вул.Марії Кюрі 5",Dnipro,1087.745911,77,60,3,17,701.0,701.0,1,11.6833,11.6833,100.0,5.0,22.08,EUR,2026-08-24
2026-08-30,200370,"VARUS, вул.Незалежної України 57В",Zaporizhia,254.256061,15,15,1,0,701.0,701.0,1,11.6833,11.6833,100.0,6.67,0.0,EUR,2026-08-24
2026-08-30,200404,"VARUS, вул.Нова 2В",Pavlohrad,111.71955,6,5,2,1,641.0,641.0,1,10.6833,10.6833,100.0,40.0,16.67,EUR,2026-08-24
2026-08-30,200363,"VARUS, вул.Робоча 67",Dnipro,571.40179,45,40,17,5,701.0,701.0,1,11.6833,11.6833,100.0,42.5,11.11,EUR,2026-08-24
2026-08-30,200369,"VARUS, вул.Тараса Шевченка 7",Kamianske,17.353994,3,2,1,1,601.0,601.0,1,10.0167,10.0167,100.0,50.0,33.33,EUR,2026-08-24
2026-08-30,200395,"VARUS, вул.Терещенко 1Е",Kryvyi Rih,0.0,0,0,0,0,701.0,701.0,1,11.6833,11.6833,100.0,,,EUR,2026-08-24
2026-08-30,200402,"VARUS, вул.Французький бульвар 22",Odesa,35.175422,4,3,0,1,701.0,701.0,1,11.6833,11.6833,100.0,0.0,25.0,EUR,2026-08-24
2026-08-30,200396,"VARUS, мкр Сонячний 41а",Kryvyi Rih,168.648499,5,5,1,0,701.0,701.0,1,11.6833,11.6833,100.0,20.0,0.0,EUR,2026-08-24
2026-08-30,200362,"VARUS, пр. Івана Мазепи, 58",Dnipro,0.0,0,0,0,0,0.0,701.0,1,0.0,11.6833,0.0,,,EUR,2026-08-24
2026-08-30,200373,"VARUS, пр. Академіка Паладіна 16/39",Kyiv,501.283702,33,31,1,2,701.0,701.0,1,11.6833,11.6833,100.0,3.23,6.06,EUR,2026-08-24
2026-08-30,200368,"VARUS, пр. Героїв 2",Dnipro,0.0,0,0,0,0,0.0,701.0,1,0.0,11.6833,0.0,,,EUR,2026-08-24
2026-08-30,200408,"VARUS, пр. Гуляєва полковника ж.м. ""Дружний"" буд. 107/1",Odesa,223.625183,11,11,1,0,701.0,701.0,1,11.6833,11.6833,100.0,9.09,0.0,EUR,2026-08-24
2026-08-30,200399,"VARUS, пр. Добровольського 122/1",Odesa,101.8867,4,4,1,0,701.0,701.0,1,11.6833,11.6833,100.0,25.0,0.0,EUR,2026-08-24
2026-08-30,862701,"VARUS, пр. Коцюбинського, 70",Vinnytsia,0.0,0,0,0,0,0.0,701.0,1,0.0,11.6833,0.0,,,EUR,2026-08-24
2026-08-30,200394,"VARUS, пр. Металургів 42А",Kryvyi Rih,176.062811,10,10,0,0,701.0,701.0,1,11.6833,11.6833,100.0,0.0,0.0,EUR,2026-08-24
2026-08-30,200380,"VARUS, пр. Миколи Бажана 38",Kyiv,0.0,0,0,0,0,0.0,701.0,1,0.0,11.6833,0.0,,,EUR,2026-08-24
2026-08-30,200359,"VARUS, пр. О. Поля, 104а",Dnipro,0.0,0,0,0,0,0.0,0.0,1,0.0,0.0,,,,EUR,2026-08-24
2026-08-30,198953,"VARUS, пр. Олександра Поля, 104",Dnipro,0.0,0,0,0,0,0.0,701.0,1,0.0,11.6833,0.0,,,EUR,2026-08-24
2026-08-30,200357,"VARUS, пр.Науки 8а",Dnipro,0.0,0,0,0,0,0.0,701.0,1,0.0,11.6833,0.0,,,EUR,2026-08-24
2026-08-30,200377,"VARUS, пр.Оболонський 47/42",Kyiv,332.406893,15,14,3,1,701.0,701.0,1,11.6833,11.6833,100.0,21.43,6.67,EUR,2026-08-24
2026-08-30,200360,"VARUS, проспект Слобожанський 86",Dnipro,296.078511,19,18,1,1,701.0,701.0,1,11.6833,11.6833,100.0,5.56,5.26,EUR,2026-08-24
2026-08-31,200367,"VARUS вул.Петра Сагайдачного, 7",Zaporizhia,32.639109,7,2,1,5,701.3333333333334,701.3333333333334,1,11.6889,11.6889,100.0,50.0,71.43,EUR,2026-08-31
2026-08-31,200390,"VARUS, 5-й Зарічний, д.19",Kryvyi Rih,38.280737,2,2,0,0,701.3333333333334,701.3333333333334,1,11.6889,11.6889,100.0,0.0,0.0,EUR,2026-08-31
2026-08-31,200383,"VARUS, Вулиця Героїв полку Азов, 12",Kyiv,189.537089,15,11,4,4,701.3333333333334,701.3333333333334,1,11.6889,11.6889,100.0,36.36,26.67,EUR,2026-08-31
2026-08-31,200364,"VARUS, Донецьке шосcе 110",Dnipro,20.352195,2,2,0,0,701.3333333333334,701.3333333333334,1,11.6889,11.6889,100.0,0.0,0.0,EUR,2026-08-31
2026-08-31,200356,"VARUS, Донецьке шосcе 9а",Dnipro,42.027046,3,3,0,0,701.3333333333334,701.3333333333334,1,11.6889,11.6889,100.0,0.0,0.0,EUR,2026-08-31
2026-08-31,200400,"VARUS, Люстдорфська дорога 114",Odesa,0.0,0,0,0,0,701.3333333333334,701.3333333333334,1,11.6889,11.6889,100.0,,,EUR,2026-08-31
2026-08-31,200392,"VARUS, Площа Шахтарської Слави 1",Kryvyi Rih,163.235439,9,9,0,0,701.3333333333334,701.3333333333334,1,11.6889,11.6889,100.0,0.0,0.0,EUR,2026-08-31
2026-08-31,200374,"VARUS, Проспект Червоної Калини 44A",Kyiv,104.327263,16,6,4,10,595.0166666666667,701.3333333333334,1,9.9169,11.6889,84.84,66.67,62.5,EUR,2026-08-31
2026-08-31,200365,"VARUS, Північно-Кільцева вулиця, 10а,",Zaporizhia,25.788545,3,3,0,0,701.3333333333334,701.3333333333334,1,11.6889,11.6889,100.0,0.0,0.0,EUR,2026-08-31
2026-08-31,200385,"VARUS, Харківське Шосе 160",Kyiv,326.92828,17,17,8,0,701.3333333333334,701.3333333333334,1,11.6889,11.6889,100.0,47.06,0.0,EUR,2026-08-31
2026-08-31,200358,"VARUS, бул. Європейський 1Д",Dnipro,0.0,0,0,0,0,0.0,661.3333333333334,1,0.0,11.0222,0.0,,,EUR,2026-08-31
2026-08-31,200372,"VARUS, бул.Будівельників 27а",Kamianske,0.0,0,0,0,0,601.3333333333334,601.3333333333334,1,10.0222,10.0222,100.0,,,EUR,2026-08-31
2026-08-31,200355,"VARUS, вул Березинская 23а",Dnipro,95.73712,9,8,0,1,701.3333333333334,701.3333333333334,1,11.6889,11.6889,100.0,0.0,11.11,EUR,2026-08-31
2026-08-31,200393,"VARUS, вул. 200 річчя Кривого Рогу",Kryvyi Rih,168.977879,11,11,3,0,701.3333333333334,701.3333333333334,1,11.6889,11.6889,100.0,27.27,0.0,EUR,2026-08-31
2026-08-31,200397,"VARUS, вул. Івана Авраменко 21В",Kryvyi Rih,0.0,0,0,0,0,0.0,701.3333333333334,1,0.0,11.6889,0.0,,,EUR,2026-08-31
2026-08-31,200376,"VARUS, вул. Волинська 37",Kyiv,0.0,0,0,0,0,661.3333333333334,661.3333333333334,1,11.0222,11.0222,100.0,,,EUR,2026-08-31
2026-08-31,200401,"VARUS, вул. Дача Ковалевського 91",Odesa,0.0,0,0,0,0,701.3333333333334,701.3333333333334,1,11.6889,11.6889,100.0,,,EUR,2026-08-31
2026-08-31,200378,"VARUS, вул. Деміївська 27",Kyiv,140.842592,11,11,1,0,701.3333333333334,701.3333333333334,1,11.6889,11.6889,100.0,9.09,0.0,EUR,2026-08-31
2026-08-31,200387,"VARUS, вул. Драгаманова 40г",Kyiv,0.0,0,0,0,0,0.0,701.3333333333334,1,0.0,11.6889,0.0,,,EUR,2026-08-31
2026-08-31,200391,"VARUS, вул. Жилянська 59",Kyiv,236.180717,22,16,2,6,667.5,701.3333333333334,1,11.125,11.6889,95.18,12.5,27.27,EUR,2026-08-31
2026-08-31,200384,"VARUS, вул. Костянтинівська 2А",Kyiv,181.958311,12,12,0,0,667.8333333333334,701.3333333333334,1,11.1306,11.6889,95.22,0.0,0.0,EUR,2026-08-31
2026-08-31,200388,"VARUS, вул. Лесі Українки 30",Kyiv,0.0,0,0,0,0,0.0,601.3333333333334,1,0.0,10.0222,0.0,,,EUR,2026-08-31
2026-08-31,200398,"VARUS, вул. Недєліна 43",Kryvyi Rih,0.0,0,0,0,0,701.3333333333334,701.3333333333334,1,11.6889,11.6889,100.0,,,EUR,2026-08-31
2026-08-31,200371,"VARUS, вул. Ольги Кобилянської 1В/23",Irpin,236.145442,15,15,1,0,701.3333333333334,701.3333333333334,1,11.6889,11.6889,100.0,6.67,0.0,EUR,2026-08-31
2026-08-31,200351,"VARUS, вул. Паникахи 15",Dnipro,0.0,0,0,0,0,0.0,701.3333333333334,1,0.0,11.6889,0.0,,,EUR,2026-08-31
2026-08-31,200403,"VARUS, вул. Соборна 97А",Pavlohrad,52.616595,4,4,2,0,641.3333333333334,641.3333333333334,1,10.6889,10.6889,100.0,50.0,0.0,EUR,2026-08-31
2026-08-31,200389,"VARUS, вул. Срібнокільска 11",Kyiv,0.0,0,0,0,0,0.0,721.3333333333334,1,0.0,12.0222,0.0,,,EUR,2026-08-31
2026-08-31,4822490,"VARUS, вул. Таращанська 191а",Bila Tserkva,0.0,0,0,0,0,701.3333333333334,701.3333333333334,1,11.6889,11.6889,100.0,,,EUR,2026-08-31
2026-08-31,200381,"VARUS, вул. Тютюника 39-А",Kyiv,380.760366,37,28,8,9,701.3333333333334,701.3333333333334,1,11.6889,11.6889,100.0,28.57,24.32,EUR,2026-08-31
2026-08-31,200366,"VARUS, вул. Яценка 2",Zaporizhia,77.006729,6,6,1,0,701.3333333333334,701.3333333333334,1,11.6889,11.6889,100.0,16.67,0.0,EUR,2026-08-31
2026-08-31,200352,"VARUS, вул.20річчя Перемоги  43Д",Dnipro,0.0,0,0,0,0,701.3333333333334,701.3333333333334,1,11.6889,11.6889,100.0,,,EUR,2026-08-31
2026-08-31,200375,"VARUS, вул.Андрія Малишко,3",Kyiv,0.0,0,0,0,0,0.0,701.3333333333334,1,0.0,11.6889,0.0,,,EUR,2026-08-31
2026-08-31,200379,"VARUS, вул.Бажана 10-А",Kyiv,195.895559,10,9,3,1,701.3333333333334,701.3333333333334,1,11.6889,11.6889,100.0,33.33,10.0,EUR,2026-08-31
2026-08-31,200382,"VARUS, вул.Васильківска 34",Kyiv,0.0,0,0,0,0,0.0,0.0,1,0.0,0.0,,,,EUR,2026-08-31
2026-08-31,200386,"VARUS, вул.Вишгородска 45а",Kyiv,0.0,0,0,0,0,0.0,661.3333333333334,1,0.0,11.0222,0.0,,,EUR,2026-08-31
2026-08-31,200350,"VARUS, вул.Глинки 2",Dnipro,0.0,0,0,0,0,701.3333333333334,701.3333333333334,1,11.6889,11.6889,100.0,,,EUR,2026-08-31
2026-08-31,200349,"VARUS, вул.Дніпровская 1",Vyshhorod,69.397306,4,4,1,0,701.3333333333334,701.3333333333334,1,11.6889,11.6889,100.0,25.0,0.0,EUR,2026-08-31
2026-08-31,200354,"VARUS, вул.Калиновая 9А",Dnipro,0.0,0,0,0,0,0.0,701.3333333333334,1,0.0,11.6889,0.0,,,EUR,2026-08-31
2026-08-31,200348,"VARUS, вул.Київська 239",Brovary,0.0,0,0,0,0,0.0,701.3333333333334,1,0.0,11.6889,0.0,,,EUR,2026-08-31
2026-08-31,200353,"VARUS, вул.Коммунарівська буд. 8",Dnipro,72.957034,6,6,0,0,701.3333333333334,701.3333333333334,1,11.6889,11.6889,100.0,0.0,0.0,EUR,2026-08-31
2026-08-31,200361,"VARUS, вул.Марії Кюрі 5",Dnipro,643.723642,66,39,6,27,701.3333333333334,701.3333333333334,1,11.6889,11.6889,100.0,15.38,40.91,EUR,2026-08-31
2026-08-31,200370,"VARUS, вул.Незалежної України 57В",Zaporizhia,188.413156,14,14,2,0,701.3333333333334,701.3333333333334,1,11.6889,11.6889,100.0,14.29,0.0,EUR,2026-08-31
2026-08-31,200404,"VARUS, вул.Нова 2В",Pavlohrad,46.886687,4,4,2,0,641.3333333333334,641.3333333333334,1,10.6889,10.6889,100.0,50.0,0.0,EUR,2026-08-31
2026-08-31,200363,"VARUS, вул.Робоча 67",Dnipro,372.788373,33,29,4,4,701.3333333333334,701.3333333333334,1,11.6889,11.6889,100.0,13.79,12.12,EUR,2026-08-31
2026-08-31,200369,"VARUS, вул.Тараса Шевченка 7",Kamianske,85.520927,4,3,0,1,601.3333333333334,601.3333333333334,1,10.0222,10.0222,100.0,0.0,25.0,EUR,2026-08-31
2026-08-31,200395,"VARUS, вул.Терещенко 1Е",Kryvyi Rih,0.0,0,0,0,0,701.3333333333334,701.3333333333334,1,11.6889,11.6889,100.0,,,EUR,2026-08-31
2026-08-31,200402,"VARUS, вул.Французький бульвар 22",Odesa,14.565616,4,1,0,3,701.3333333333334,701.3333333333334,1,11.6889,11.6889,100.0,0.0,75.0,EUR,2026-08-31
2026-08-31,200396,"VARUS, мкр Сонячний 41а",Kryvyi Rih,48.125301,3,3,1,0,701.3333333333334,701.3333333333334,1,11.6889,11.6889,100.0,33.33,0.0,EUR,2026-08-31
2026-08-31,200362,"VARUS, пр. Івана Мазепи, 58",Dnipro,0.0,0,0,0,0,0.0,701.3333333333334,1,0.0,11.6889,0.0,,,EUR,2026-08-31
2026-08-31,200373,"VARUS, пр. Академіка Паладіна 16/39",Kyiv,387.376548,24,21,3,3,701.3333333333334,701.3333333333334,1,11.6889,11.6889,100.0,14.29,12.5,EUR,2026-08-31
2026-08-31,200368,"VARUS, пр. Героїв 2",Dnipro,0.0,0,0,0,0,0.0,701.3333333333334,1,0.0,11.6889,0.0,,,EUR,2026-08-31
2026-08-31,200408,"VARUS, пр. Гуляєва полковника ж.м. ""Дружний"" буд. 107/1",Odesa,177.171921,12,12,2,0,701.3333333333334,701.3333333333334,1,11.6889,11.6889,100.0,16.67,0.0,EUR,2026-08-31
2026-08-31,200399,"VARUS, пр. Добровольського 122/1",Odesa,113.324493,5,5,2,0,701.3333333333334,701.3333333333334,1,11.6889,11.6889,100.0,40.0,0.0,EUR,2026-08-31
2026-08-31,862701,"VARUS, пр. Коцюбинського, 70",Vinnytsia,0.0,0,0,0,0,0.0,701.3333333333334,1,0.0,11.6889,0.0,,,EUR,2026-08-31
2026-08-31,200394,"VARUS, пр. Металургів 42А",Kryvyi Rih,116.763939,9,9,0,0,701.3333333333334,701.3333333333334,1,11.6889,11.6889,100.0,0.0,0.0,EUR,2026-08-31
2026-08-31,200380,"VARUS, пр. Миколи Бажана 38",Kyiv,0.0,0,0,0,0,0.0,701.3333333333334,1,0.0,11.6889,0.0,,,EUR,2026-08-31
2026-08-31,200359,"VARUS, пр. О. Поля, 104а",Dnipro,0.0,0,0,0,0,0.0,0.0,1,0.0,0.0,,,,EUR,2026-08-31
2026-08-31,198953,"VARUS, пр. Олександра Поля, 104",Dnipro,0.0,0,0,0,0,0.0,701.3333333333334,1,0.0,11.6889,0.0,,,EUR,2026-08-31
2026-08-31,200357,"VARUS, пр.Науки 8а",Dnipro,0.0,0,0,0,0,0.0,701.3333333333334,1,0.0,11.6889,0.0,,,EUR,2026-08-31
2026-08-31,200377,"VARUS, пр.Оболонський 47/42",Kyiv,86.056197,6,6,1,0,701.3333333333334,701.3333333333334,1,11.6889,11.6889,100.0,16.67,0.0,EUR,2026-08-31
2026-08-31,200360,"VARUS, проспект Слобожанський 86",Dnipro,400.742479,29,26,2,3,701.3333333333334,701.3333333333334,1,11.6889,11.6889,100.0,7.69,10.34,EUR,2026-08-31
2026-09-01,200367,"VARUS вул.Петра Сагайдачного, 7",Zaporizhia,31.683544,8,3,1,5,701.0,701.0,1,11.6833,11.6833,100.0,33.33,62.5,EUR,2026-08-31
2026-09-01,200390,"VARUS, 5-й Зарічний, д.19",Kryvyi Rih,0.0,1,0,0,1,701.0,701.0,1,11.6833,11.6833,100.0,,100.0,EUR,2026-08-31
2026-09-01,200383,"VARUS, Вулиця Героїв полку Азов, 12",Kyiv,62.627307,11,5,0,6,666.15,701.0,1,11.1025,11.6833,95.03,0.0,54.55,EUR,2026-08-31
2026-09-01,200364,"VARUS, Донецьке шосcе 110",Dnipro,112.016213,7,7,0,0,701.0,701.0,1,11.6833,11.6833,100.0,0.0,0.0,EUR,2026-08-31
2026-09-01,200356,"VARUS, Донецьке шосcе 9а",Dnipro,20.772742,1,1,1,0,701.0,701.0,1,11.6833,11.6833,100.0,100.0,0.0,EUR,2026-08-31
2026-09-01,200400,"VARUS, Люстдорфська дорога 114",Odesa,0.0,0,0,0,0,701.0,701.0,1,11.6833,11.6833,100.0,,,EUR,2026-08-31
2026-09-01,200392,"VARUS, Площа Шахтарської Слави 1",Kryvyi Rih,223.765366,15,14,2,1,701.0,701.0,1,11.6833,11.6833,100.0,14.29,6.67,EUR,2026-08-31
2026-09-01,200374,"VARUS, Проспект Червоної Калини 44A",Kyiv,41.932804,5,3,2,2,424.8,701.0,1,7.08,11.6833,60.6,66.67,40.0,EUR,2026-08-31
2026-09-01,200365,"VARUS, Північно-Кільцева вулиця, 10а,",Zaporizhia,80.149273,5,5,3,0,701.0,701.0,1,11.6833,11.6833,100.0,60.0,0.0,EUR,2026-08-31
2026-09-01,200385,"VARUS, Харківське Шосе 160",Kyiv,238.805584,18,16,1,2,678.9666666666667,701.0,1,11.3161,11.6833,96.86,6.25,11.11,EUR,2026-08-31
2026-09-01,200358,"VARUS, бул. Європейський 1Д",Dnipro,35.345459,9,3,1,6,410.4,661.0,1,6.84,11.0167,62.09,33.33,66.67,EUR,2026-08-31
2026-09-01,200372,"VARUS, бул.Будівельників 27а",Kamianske,29.848035,1,1,1,0,601.0,601.0,1,10.0167,10.0167,100.0,100.0,0.0,EUR,2026-08-31
2026-09-01,200355,"VARUS, вул Березинская 23а",Dnipro,88.645714,16,7,1,9,701.0,701.0,1,11.6833,11.6833,100.0,14.29,56.25,EUR,2026-08-31
2026-09-01,200393,"VARUS, вул. 200 річчя Кривого Рогу",Kryvyi Rih,189.210039,11,11,1,0,701.0,701.0,1,11.6833,11.6833,100.0,9.09,0.0,EUR,2026-08-31
2026-09-01,200397,"VARUS, вул. Івана Авраменко 21В",Kryvyi Rih,85.28339,4,4,0,0,450.53333333333336,701.0,1,7.5089,11.6833,64.27,0.0,0.0,EUR,2026-08-31
2026-09-01,200376,"VARUS, вул. Волинська 37",Kyiv,131.653526,7,7,2,0,661.0,661.0,1,11.0167,11.0167,100.0,28.57,0.0,EUR,2026-08-31
2026-09-01,200401,"VARUS, вул. Дача Ковалевського 91",Odesa,0.0,0,0,0,0,701.0,701.0,1,11.6833,11.6833,100.0,,,EUR,2026-08-31
2026-09-01,200378,"VARUS, вул. Деміївська 27",Kyiv,200.133048,10,10,1,0,701.0,701.0,1,11.6833,11.6833,100.0,10.0,0.0,EUR,2026-08-31
2026-09-01,200387,"VARUS, вул. Драгаманова 40г",Kyiv,23.556798,1,1,0,0,449.9166666666667,701.0,1,7.4986,11.6833,64.18,0.0,0.0,EUR,2026-08-31
2026-09-01,200391,"VARUS, вул. Жилянська 59",Kyiv,189.84796,21,11,4,10,691.2833333333333,701.0,1,11.5214,11.6833,98.61,36.36,47.62,EUR,2026-08-31
2026-09-01,200384,"VARUS, вул. Костянтинівська 2А",Kyiv,313.633274,18,15,0,3,701.0,701.0,1,11.6833,11.6833,100.0,0.0,16.67,EUR,2026-08-31
2026-09-01,200388,"VARUS, вул. Лесі Українки 30",Kyiv,0.0,7,0,0,7,350.76666666666665,601.0,1,5.8461,10.0167,58.36,,100.0,EUR,2026-08-31
2026-09-01,200398,"VARUS, вул. Недєліна 43",Kryvyi Rih,0.0,0,0,0,0,701.0,701.0,1,11.6833,11.6833,100.0,,,EUR,2026-08-31
2026-09-01,200371,"VARUS, вул. Ольги Кобилянської 1В/23",Irpin,324.247001,15,15,2,0,701.0,701.0,1,11.6833,11.6833,100.0,13.33,0.0,EUR,2026-08-31
2026-09-01,200351,"VARUS, вул. Паникахи 15",Dnipro,49.452039,10,4,0,6,450.18333333333334,701.0,1,7.5031,11.6833,64.22,0.0,60.0,EUR,2026-08-31
2026-09-01,200403,"VARUS, вул. Соборна 97А",Pavlohrad,33.655971,4,3,1,1,641.0,641.0,1,10.6833,10.6833,100.0,33.33,25.0,EUR,2026-08-31
2026-09-01,200389,"VARUS, вул. Срібнокільска 11",Kyiv,58.292228,4,4,1,0,471.0,721.0,1,7.85,12.0167,65.33,25.0,0.0,EUR,2026-08-31
2026-09-01,4822490,"VARUS, вул. Таращанська 191а",Bila Tserkva,0.0,3,0,0,3,701.0,701.0,1,11.6833,11.6833,100.0,,100.0,EUR,2026-08-31
2026-09-01,200381,"VARUS, вул. Тютюника 39-А",Kyiv,377.019731,26,24,7,2,449.78333333333336,701.0,1,7.4964,11.6833,64.16,29.17,7.69,EUR,2026-08-31
2026-09-01,200366,"VARUS, вул. Яценка 2",Zaporizhia,147.837109,8,8,0,0,701.0,701.0,1,11.6833,11.6833,100.0,0.0,0.0,EUR,2026-08-31
2026-09-01,200352,"VARUS, вул.20річчя Перемоги  43Д",Dnipro,0.0,0,0,0,0,701.0,701.0,1,11.6833,11.6833,100.0,,,EUR,2026-08-31
2026-09-01,200375,"VARUS, вул.Андрія Малишко,3",Kyiv,109.866976,11,7,2,4,399.6,701.0,1,6.66,11.6833,57.0,28.57,36.36,EUR,2026-08-31
2026-09-01,200379,"VARUS, вул.Бажана 10-А",Kyiv,152.882148,7,7,5,0,701.0,701.0,1,11.6833,11.6833,100.0,71.43,0.0,EUR,2026-08-31
2026-09-01,200382,"VARUS, вул.Васильківска 34",Kyiv,107.065876,12,11,4,1,701.0,701.0,1,11.6833,11.6833,100.0,36.36,8.33,EUR,2026-08-31
2026-09-01,200386,"VARUS, вул.Вишгородска 45а",Kyiv,308.590175,16,12,4,4,410.3333333333333,661.0,1,6.8389,11.0167,62.08,33.33,25.0,EUR,2026-08-31
2026-09-01,200350,"VARUS, вул.Глинки 2",Dnipro,95.147849,21,7,1,14,701.0,701.0,1,11.6833,11.6833,100.0,14.29,66.67,EUR,2026-08-31
2026-09-01,200349,"VARUS, вул.Дніпровская 1",Vyshhorod,45.113863,4,4,1,0,701.0,701.0,1,11.6833,11.6833,100.0,25.0,0.0,EUR,2026-08-31
2026-09-01,200354,"VARUS, вул.Калиновая 9А",Dnipro,209.762205,14,11,4,3,450.9166666666667,701.0,1,7.5153,11.6833,64.32,36.36,21.43,EUR,2026-08-31
2026-09-01,200348,"VARUS, вул.Київська 239",Brovary,92.152511,9,8,0,1,450.6666666666667,701.0,1,7.5111,11.6833,64.29,0.0,11.11,EUR,2026-08-31
2026-09-01,200353,"VARUS, вул.Коммунарівська буд. 8",Dnipro,80.679707,9,7,0,2,701.0,701.0,1,11.6833,11.6833,100.0,0.0,22.22,EUR,2026-08-31
2026-09-01,200361,"VARUS, вул.Марії Кюрі 5",Dnipro,207.856007,26,12,3,14,701.0,701.0,1,11.6833,11.6833,100.0,25.0,53.85,EUR,2026-08-31
2026-09-01,200370,"VARUS, вул.Незалежної України 57В",Zaporizhia,285.567684,15,15,2,0,701.0,701.0,1,11.6833,11.6833,100.0,13.33,0.0,EUR,2026-08-31
2026-09-01,200404,"VARUS, вул.Нова 2В",Pavlohrad,0.0,0,0,0,0,641.0,641.0,1,10.6833,10.6833,100.0,,,EUR,2026-08-31
2026-09-01,200363,"VARUS, вул.Робоча 67",Dnipro,225.404119,27,16,6,11,701.0,701.0,1,11.6833,11.6833,100.0,37.5,40.74,EUR,2026-08-31
2026-09-01,200369,"VARUS, вул.Тараса Шевченка 7",Kamianske,40.34615,1,1,0,0,601.0,601.0,1,10.0167,10.0167,100.0,0.0,0.0,EUR,2026-08-31
2026-09-01,200395,"VARUS, вул.Терещенко 1Е",Kryvyi Rih,0.0,0,0,0,0,701.0,701.0,1,11.6833,11.6833,100.0,,,EUR,2026-08-31
2026-09-01,200402,"VARUS, вул.Французький бульвар 22",Odesa,116.018195,5,5,2,0,701.0,701.0,1,11.6833,11.6833,100.0,40.0,0.0,EUR,2026-08-31
2026-09-01,200396,"VARUS, мкр Сонячний 41а",Kryvyi Rih,67.574933,3,3,0,0,701.0,701.0,1,11.6833,11.6833,100.0,0.0,0.0,EUR,2026-08-31
2026-09-01,200362,"VARUS, пр. Івана Мазепи, 58",Dnipro,12.287918,2,1,0,1,450.8333333333333,701.0,1,7.5139,11.6833,64.31,0.0,50.0,EUR,2026-08-31
2026-09-01,200373,"VARUS, пр. Академіка Паладіна 16/39",Kyiv,251.902612,7,6,0,1,664.25,701.0,1,11.0708,11.6833,94.76,0.0,14.29,EUR,2026-08-31
2026-09-01,200368,"VARUS, пр. Героїв 2",Dnipro,358.032533,20,18,1,2,450.6,701.0,1,7.51,11.6833,64.28,5.56,10.0,EUR,2026-08-31
2026-09-01,200408,"VARUS, пр. Гуляєва полковника ж.м. ""Дружний"" буд. 107/1",Odesa,205.985449,11,11,2,0,701.0,701.0,1,11.6833,11.6833,100.0,18.18,0.0,EUR,2026-08-31
2026-09-01,200399,"VARUS, пр. Добровольського 122/1",Odesa,58.968294,3,3,0,0,701.0,701.0,1,11.6833,11.6833,100.0,0.0,0.0,EUR,2026-08-31
2026-09-01,862701,"VARUS, пр. Коцюбинського, 70",Vinnytsia,365.813014,28,22,4,6,450.46666666666664,701.0,1,7.5078,11.6833,64.26,18.18,21.43,EUR,2026-08-31
2026-09-01,200394,"VARUS, пр. Металургів 42А",Kryvyi Rih,45.026715,4,4,0,0,701.0,701.0,1,11.6833,11.6833,100.0,0.0,0.0,EUR,2026-08-31
2026-09-01,200380,"VARUS, пр. Миколи Бажана 38",Kyiv,50.985052,4,4,1,0,450.1333333333333,701.0,1,7.5022,11.6833,64.21,25.0,0.0,EUR,2026-08-31
2026-09-01,200359,"VARUS, пр. О. Поля, 104а",Dnipro,0.0,0,0,0,0,0.0,0.0,1,0.0,0.0,,,,EUR,2026-08-31
2026-09-01,198953,"VARUS, пр. Олександра Поля, 104",Dnipro,250.560161,25,13,1,12,450.06666666666666,701.0,1,7.5011,11.6833,64.2,7.69,48.0,EUR,2026-08-31
2026-09-01,200357,"VARUS, пр.Науки 8а",Dnipro,3.862548,8,1,0,7,450.0,701.0,1,7.5,11.6833,64.19,0.0,87.5,EUR,2026-08-31
2026-09-01,200377,"VARUS, пр.Оболонський 47/42",Kyiv,62.213456,6,5,1,1,701.0,701.0,1,11.6833,11.6833,100.0,20.0,16.67,EUR,2026-08-31
2026-09-01,200360,"VARUS, проспект Слобожанський 86",Dnipro,126.437686,9,8,3,1,701.0,701.0,1,11.6833,11.6833,100.0,37.5,11.11,EUR,2026-08-31
2026-09-02,200367,"VARUS вул.Петра Сагайдачного, 7",Zaporizhia,0.0,2,0,0,2,302.1333333333333,302.4,1,5.0356,5.04,99.91,,100.0,EUR,2026-08-31
2026-09-02,200390,"VARUS, 5-й Зарічний, д.19",Kryvyi Rih,61.80764,5,4,2,1,701.0,701.0,1,11.6833,11.6833,100.0,50.0,20.0,EUR,2026-08-31
2026-09-02,200383,"VARUS, Вулиця Героїв полку Азов, 12",Kyiv,106.211227,10,4,2,6,446.46666666666664,701.0,1,7.4411,11.6833,63.69,50.0,60.0,EUR,2026-08-31
2026-09-02,200364,"VARUS, Донецьке шосcе 110",Dnipro,39.915048,3,3,0,0,701.0,701.0,1,11.6833,11.6833,100.0,0.0,0.0,EUR,2026-08-31
2026-09-02,200356,"VARUS, Донецьке шосcе 9а",Dnipro,33.043309,6,3,0,3,701.0,701.0,1,11.6833,11.6833,100.0,0.0,50.0,EUR,2026-08-31
2026-09-02,200400,"VARUS, Люстдорфська дорога 114",Odesa,0.0,0,0,0,0,701.0,701.0,1,11.6833,11.6833,100.0,,,EUR,2026-08-31
2026-09-02,200392,"VARUS, Площа Шахтарської Слави 1",Kryvyi Rih,86.9636,8,8,1,0,701.0,701.0,1,11.6833,11.6833,100.0,12.5,0.0,EUR,2026-08-31
2026-09-02,200374,"VARUS, Проспект Червоної Калини 44A",Kyiv,174.346326,9,8,2,1,446.35,701.0,1,7.4392,11.6833,63.67,25.0,11.11,EUR,2026-08-31
2026-09-02,200365,"VARUS, Північно-Кільцева вулиця, 10а,",Zaporizhia,66.355943,5,5,0,0,701.0,701.0,1,11.6833,11.6833,100.0,0.0,0.0,EUR,2026-08-31
2026-09-02,200385,"VARUS, Харківське Шосе 160",Kyiv,136.045887,7,7,0,0,446.26666666666665,701.0,1,7.4378,11.6833,63.66,0.0,0.0,EUR,2026-08-31
2026-09-02,200358,"VARUS, бул. Європейський 1Д",Dnipro,41.467565,26,2,0,24,661.0,661.0,1,11.0167,11.0167,100.0,0.0,92.31,EUR,2026-08-31
2026-09-02,200372,"VARUS, бул.Будівельників 27а",Kamianske,58.08653,3,3,1,0,601.0,601.0,1,10.0167,10.0167,100.0,33.33,0.0,EUR,2026-08-31
2026-09-02,200355,"VARUS, вул Березинская 23а",Dnipro,182.979178,20,13,3,7,701.0,701.0,1,11.6833,11.6833,100.0,23.08,35.0,EUR,2026-08-31
2026-09-02,200393,"VARUS, вул. 200 річчя Кривого Рогу",Kryvyi Rih,24.646604,5,4,1,1,701.0,701.0,1,11.6833,11.6833,100.0,25.0,20.0,EUR,2026-08-31
2026-09-02,200397,"VARUS, вул. Івана Авраменко 21В",Kryvyi Rih,42.153887,2,2,0,0,701.0,701.0,1,11.6833,11.6833,100.0,0.0,0.0,EUR,2026-08-31
2026-09-02,200376,"VARUS, вул. Волинська 37",Kyiv,209.650398,11,11,3,0,661.0,661.0,1,11.0167,11.0167,100.0,27.27,0.0,EUR,2026-08-31
2026-09-02,200401,"VARUS, вул. Дача Ковалевського 91",Odesa,0.0,0,0,0,0,701.0,701.0,1,11.6833,11.6833,100.0,,,EUR,2026-08-31
2026-09-02,200378,"VARUS, вул. Деміївська 27",Kyiv,146.233971,9,9,0,0,701.0,701.0,1,11.6833,11.6833,100.0,0.0,0.0,EUR,2026-08-31
2026-09-02,200387,"VARUS, вул. Драгаманова 40г",Kyiv,156.923063,8,8,2,0,701.0,701.0,1,11.6833,11.6833,100.0,25.0,0.0,EUR,2026-08-31
2026-09-02,200391,"VARUS, вул. Жилянська 59",Kyiv,103.964436,16,8,3,8,446.2,701.0,1,7.4367,11.6833,63.65,37.5,50.0,EUR,2026-08-31
2026-09-02,200384,"VARUS, вул. Костянтинівська 2А",Kyiv,182.870904,10,9,1,1,701.0,701.0,1,11.6833,11.6833,100.0,11.11,10.0,EUR,2026-08-31
2026-09-02,200388,"VARUS, вул. Лесі Українки 30",Kyiv,0.0,11,0,0,11,554.0666666666667,601.0,1,9.2344,10.0167,92.19,,100.0,EUR,2026-08-31
2026-09-02,200398,"VARUS, вул. Недєліна 43",Kryvyi Rih,0.0,0,0,0,0,701.0,701.0,1,11.6833,11.6833,100.0,,,EUR,2026-08-31
2026-09-02,200371,"VARUS, вул. Ольги Кобилянської 1В/23",Irpin,137.469948,9,9,1,0,701.0,701.0,1,11.6833,11.6833,100.0,11.11,0.0,EUR,2026-08-31
2026-09-02,200351,"VARUS, вул. Паникахи 15",Dnipro,58.319185,8,2,0,6,701.0,701.0,1,11.6833,11.6833,100.0,0.0,75.0,EUR,2026-08-31
2026-09-02,200403,"VARUS, вул. Соборна 97А",Pavlohrad,67.121045,7,7,2,0,641.0,641.0,1,10.6833,10.6833,100.0,28.57,0.0,EUR,2026-08-31
2026-09-02,200389,"VARUS, вул. Срібнокільска 11",Kyiv,218.261709,8,8,3,0,721.0,721.0,1,12.0167,12.0167,100.0,37.5,0.0,EUR,2026-08-31
2026-09-02,4822490,"VARUS, вул. Таращанська 191а",Bila Tserkva,0.0,2,0,0,2,701.0,701.0,1,11.6833,11.6833,100.0,,100.0,EUR,2026-08-31
2026-09-02,200381,"VARUS, вул. Тютюника 39-А",Kyiv,96.608952,9,5,2,4,333.21666666666664,701.0,1,5.5536,11.6833,47.53,40.0,44.44,EUR,2026-08-31
2026-09-02,200366,"VARUS, вул. Яценка 2",Zaporizhia,146.029645,7,7,1,0,701.0,701.0,1,11.6833,11.6833,100.0,14.29,0.0,EUR,2026-08-31
2026-09-02,200352,"VARUS, вул.20річчя Перемоги  43Д",Dnipro,0.0,0,0,0,0,701.0,701.0,1,11.6833,11.6833,100.0,,,EUR,2026-08-31
2026-09-02,200375,"VARUS, вул.Андрія Малишко,3",Kyiv,128.166106,12,7,3,5,348.78333333333336,701.0,1,5.8131,11.6833,49.76,42.86,41.67,EUR,2026-08-31
2026-09-02,200379,"VARUS, вул.Бажана 10-А",Kyiv,87.157836,5,5,0,0,701.0,701.0,1,11.6833,11.6833,100.0,0.0,0.0,EUR,2026-08-31
2026-09-02,200382,"VARUS, вул.Васильківска 34",Kyiv,467.268127,29,27,5,2,701.0,701.0,1,11.6833,11.6833,100.0,18.52,6.9,EUR,2026-08-31
2026-09-02,200386,"VARUS, вул.Вишгородска 45а",Kyiv,524.821439,33,29,4,4,661.0,661.0,1,11.0167,11.0167,100.0,13.79,12.12,EUR,2026-08-31
2026-09-02,200350,"VARUS, вул.Глинки 2",Dnipro,0.0,9,0,0,9,317.31666666666666,701.0,1,5.2886,11.6833,45.27,,100.0,EUR,2026-08-31
2026-09-02,200349,"VARUS, вул.Дніпровская 1",Vyshhorod,167.681236,7,7,0,0,701.0,701.0,1,11.6833,11.6833,100.0,0.0,0.0,EUR,2026-08-31
2026-09-02,200354,"VARUS, вул.Калиновая 9А",Dnipro,398.471937,31,21,3,10,701.0,701.0,1,11.6833,11.6833,100.0,14.29,32.26,EUR,2026-08-31
2026-09-02,200348,"VARUS, вул.Київська 239",Brovary,341.381803,25,25,1,0,701.0,701.0,1,11.6833,11.6833,100.0,4.0,0.0,EUR,2026-08-31
2026-09-02,200353,"VARUS, вул.Коммунарівська буд. 8",Dnipro,92.416713,7,6,2,1,701.0,701.0,1,11.6833,11.6833,100.0,33.33,14.29,EUR,2026-08-31
2026-09-02,200361,"VARUS, вул.Марії Кюрі 5",Dnipro,203.359808,19,14,4,5,443.76666666666665,701.0,1,7.3961,11.6833,63.3,28.57,26.32,EUR,2026-08-31
2026-09-02,200370,"VARUS, вул.Незалежної України 57В",Zaporizhia,81.174409,8,8,0,0,701.0,701.0,1,11.6833,11.6833,100.0,0.0,0.0,EUR,2026-08-31
2026-09-02,200404,"VARUS, вул.Нова 2В",Pavlohrad,24.217387,3,2,0,1,641.0,641.0,1,10.6833,10.6833,100.0,0.0,33.33,EUR,2026-08-31
2026-09-02,200363,"VARUS, вул.Робоча 67",Dnipro,376.999637,28,23,6,5,697.8,701.0,1,11.63,11.6833,99.54,26.09,17.86,EUR,2026-08-31
2026-09-02,200369,"VARUS, вул.Тараса Шевченка 7",Kamianske,103.308192,5,4,0,1,601.0,601.0,1,10.0167,10.0167,100.0,0.0,20.0,EUR,2026-08-31
2026-09-02,200395,"VARUS, вул.Терещенко 1Е",Kryvyi Rih,0.0,0,0,0,0,701.0,701.0,1,11.6833,11.6833,100.0,,,EUR,2026-08-31
2026-09-02,200402,"VARUS, вул.Французький бульвар 22",Odesa,55.870979,3,3,0,0,701.0,701.0,1,11.6833,11.6833,100.0,0.0,0.0,EUR,2026-08-31
2026-09-02,200396,"VARUS, мкр Сонячний 41а",Kryvyi Rih,55.094428,5,5,0,0,701.0,701.0,1,11.6833,11.6833,100.0,0.0,0.0,EUR,2026-08-31
2026-09-02,200362,"VARUS, пр. Івана Мазепи, 58",Dnipro,8.120584,1,1,0,0,701.0,701.0,1,11.6833,11.6833,100.0,0.0,0.0,EUR,2026-08-31
2026-09-02,200373,"VARUS, пр. Академіка Паладіна 16/39",Kyiv,9.720058,2,2,0,0,701.0,701.0,1,11.6833,11.6833,100.0,0.0,0.0,EUR,2026-08-31
2026-09-02,200368,"VARUS, пр. Героїв 2",Dnipro,365.553781,25,21,4,4,701.0,701.0,1,11.6833,11.6833,100.0,19.05,16.0,EUR,2026-08-31
2026-09-02,200408,"VARUS, пр. Гуляєва полковника ж.м. ""Дружний"" буд. 107/1",Odesa,124.807657,6,6,0,0,701.0,701.0,1,11.6833,11.6833,100.0,0.0,0.0,EUR,2026-08-31
2026-09-02,200399,"VARUS, пр. Добровольського 122/1",Odesa,0.0,1,0,0,1,701.0,701.0,1,11.6833,11.6833,100.0,,100.0,EUR,2026-08-31
2026-09-02,862701,"VARUS, пр. Коцюбинського, 70",Vinnytsia,420.846133,28,25,3,3,701.0,701.0,1,11.6833,11.6833,100.0,12.0,10.71,EUR,2026-08-31
2026-09-02,200394,"VARUS, пр. Металургів 42А",Kryvyi Rih,125.771454,8,8,0,0,701.0,701.0,1,11.6833,11.6833,100.0,0.0,0.0,EUR,2026-08-31
2026-09-02,200380,"VARUS, пр. Миколи Бажана 38",Kyiv,82.754285,7,6,3,1,701.0,701.0,1,11.6833,11.6833,100.0,50.0,14.29,EUR,2026-08-31
2026-09-02,200359,"VARUS, пр. О. Поля, 104а",Dnipro,0.0,0,0,0,0,0.0,0.0,1,0.0,0.0,,,,EUR,2026-08-31
2026-09-02,198953,"VARUS, пр. Олександра Поля, 104",Dnipro,188.121243,24,10,2,14,701.0,701.0,1,11.6833,11.6833,100.0,20.0,58.33,EUR,2026-08-31
2026-09-02,200357,"VARUS, пр.Науки 8а",Dnipro,45.321787,7,2,0,5,349.05,701.0,1,5.8175,11.6833,49.79,0.0,71.43,EUR,2026-08-31
2026-09-02,200377,"VARUS, пр.Оболонський 47/42",Kyiv,138.701522,11,9,2,2,701.0,701.0,1,11.6833,11.6833,100.0,22.22,18.18,EUR,2026-08-31
2026-09-02,200360,"VARUS, проспект Слобожанський 86",Dnipro,35.622684,3,2,0,1,373.1333333333333,701.0,1,6.2189,11.6833,53.23,0.0,33.33,EUR,2026-08-31
2026-09-03,200367,"VARUS вул.Петра Сагайдачного, 7",Zaporizhia,0.0,0,0,0,0,0.0,0.0,1,0.0,0.0,,,,EUR,2026-08-31
2026-09-03,200390,"VARUS, 5-й Зарічний, д.19",Kryvyi Rih,103.641521,5,5,1,0,701.0,701.0,1,11.6833,11.6833,100.0,20.0,0.0,EUR,2026-08-31
2026-09-03,200383,"VARUS, Вулиця Героїв полку Азов, 12",Kyiv,57.899863,9,4,1,5,270.79998372395835,701.0,1,4.5133,11.6833,38.63,25.0,55.56,EUR,2026-08-31
2026-09-03,200364,"VARUS, Донецьке шосcе 110",Dnipro,40.290803,4,4,1,0,701.0,701.0,1,11.6833,11.6833,100.0,25.0,0.0,EUR,2026-08-31
2026-09-03,200356,"VARUS, Донецьке шосcе 9а",Dnipro,129.40401,8,8,4,0,701.0,701.0,1,11.6833,11.6833,100.0,50.0,0.0,EUR,2026-08-31
2026-09-03,200400,"VARUS, Люстдорфська дорога 114",Odesa,0.0,0,0,0,0,701.0,701.0,1,11.6833,11.6833,100.0,,,EUR,2026-08-31
2026-09-03,200392,"VARUS, Площа Шахтарської Слави 1",Kryvyi Rih,162.14959,12,11,0,1,701.0,701.0,1,11.6833,11.6833,100.0,0.0,8.33,EUR,2026-08-31
2026-09-03,200374,"VARUS, Проспект Червоної Калини 44A",Kyiv,7.806434,2,1,0,1,122.51666666666667,701.0,1,2.0419,11.6833,17.48,0.0,50.0,EUR,2026-08-31
2026-09-03,200365,"VARUS, Північно-Кільцева вулиця, 10а,",Zaporizhia,95.342087,10,7,1,3,701.0,701.0,1,11.6833,11.6833,100.0,14.29,30.0,EUR,2026-08-31
2026-09-03,200385,"VARUS, Харківське Шосе 160",Kyiv,134.832011,7,7,3,0,701.0,701.0,1,11.6833,11.6833,100.0,42.86,0.0,EUR,2026-08-31
2026-09-03,200358,"VARUS, бул. Європейський 1Д",Dnipro,40.353734,10,3,1,7,174.26666666666668,661.0,1,2.9044,11.0167,26.36,33.33,70.0,EUR,2026-08-31
2026-09-03,200372,"VARUS, бул.Будівельників 27а",Kamianske,142.019001,9,8,1,1,601.0,601.0,1,10.0167,10.0167,100.0,12.5,11.11,EUR,2026-08-31
2026-09-03,200355,"VARUS, вул Березинская 23а",Dnipro,80.927051,7,6,1,1,701.0,701.0,1,11.6833,11.6833,100.0,16.67,14.29,EUR,2026-08-31
2026-09-03,200393,"VARUS, вул. 200 річчя Кривого Рогу",Kryvyi Rih,77.240998,5,5,0,0,701.0,701.0,1,11.6833,11.6833,100.0,0.0,0.0,EUR,2026-08-31
2026-09-03,200397,"VARUS, вул. Івана Авраменко 21В",Kryvyi Rih,14.101926,2,2,0,0,701.0,701.0,1,11.6833,11.6833,100.0,0.0,0.0,EUR,2026-08-31
2026-09-03,200376,"VARUS, вул. Волинська 37",Kyiv,345.078257,18,15,6,3,519.7833333333333,661.0,1,8.6631,11.0167,78.64,40.0,16.67,EUR,2026-08-31
2026-09-03,200401,"VARUS, вул. Дача Ковалевського 91",Odesa,0.0,0,0,0,0,701.0,701.0,1,11.6833,11.6833,100.0,,,EUR,2026-08-31
2026-09-03,200378,"VARUS, вул. Деміївська 27",Kyiv,381.894842,24,23,8,1,701.0,701.0,1,11.6833,11.6833,100.0,34.78,4.17,EUR,2026-08-31
2026-09-03,200387,"VARUS, вул. Драгаманова 40г",Kyiv,153.266352,8,8,2,0,701.0,701.0,1,11.6833,11.6833,100.0,25.0,0.0,EUR,2026-08-31
2026-09-03,200391,"VARUS, вул. Жилянська 59",Kyiv,118.265681,8,7,3,1,330.9,330.9,1,5.515,5.515,100.0,42.86,12.5,EUR,2026-08-31
2026-09-03,200384,"VARUS, вул. Костянтинівська 2А",Kyiv,319.819805,15,14,2,1,519.7833333333333,701.0,1,8.6631,11.6833,74.15,14.29,6.67,EUR,2026-08-31
2026-09-03,200388,"VARUS, вул. Лесі Українки 30",Kyiv,0.0,1,0,0,1,55.8,601.0,1,0.93,10.0167,9.28,,100.0,EUR,2026-08-31
2026-09-03,200398,"VARUS, вул. Недєліна 43",Kryvyi Rih,0.0,0,0,0,0,701.0,701.0,1,11.6833,11.6833,100.0,,,EUR,2026-08-31
2026-09-03,200371,"VARUS, вул. Ольги Кобилянської 1В/23",Irpin,219.238317,12,12,1,0,701.0,701.0,1,11.6833,11.6833,100.0,8.33,0.0,EUR,2026-08-31
2026-09-03,200351,"VARUS, вул. Паникахи 15",Dnipro,14.477386,19,1,0,18,528.7833333333333,701.0,1,8.8131,11.6833,75.43,0.0,94.74,EUR,2026-08-31
2026-09-03,200403,"VARUS, вул. Соборна 97А",Pavlohrad,45.589457,3,3,0,0,641.0,641.0,1,10.6833,10.6833,100.0,0.0,0.0,EUR,2026-08-31
2026-09-03,200389,"VARUS, вул. Срібнокільска 11",Kyiv,58.139003,6,5,3,1,721.0,721.0,1,12.0167,12.0167,100.0,60.0,16.67,EUR,2026-08-31
2026-09-03,4822490,"VARUS, вул. Таращанська 191а",Bila Tserkva,0.0,5,0,0,5,701.0,701.0,1,11.6833,11.6833,100.0,,100.0,EUR,2026-08-31
2026-09-03,200381,"VARUS, вул. Тютюника 39-А",Kyiv,0.0,0,0,0,0,0.0,701.0,1,0.0,11.6833,0.0,,,EUR,2026-08-31
2026-09-03,200366,"VARUS, вул. Яценка 2",Zaporizhia,150.400924,9,9,3,0,701.0,701.0,1,11.6833,11.6833,100.0,33.33,0.0,EUR,2026-08-31
2026-09-03,200352,"VARUS, вул.20річчя Перемоги  43Д",Dnipro,0.0,0,0,0,0,701.0,701.0,1,11.6833,11.6833,100.0,,,EUR,2026-08-31
2026-09-03,200375,"VARUS, вул.Андрія Малишко,3",Kyiv,0.0,0,0,0,0,0.0,701.0,1,0.0,11.6833,0.0,,,EUR,2026-08-31
2026-09-03,200379,"VARUS, вул.Бажана 10-А",Kyiv,59.529503,4,4,0,0,701.0,701.0,1,11.6833,11.6833,100.0,0.0,0.0,EUR,2026-08-31
2026-09-03,200382,"VARUS, вул.Васильківска 34",Kyiv,266.934143,23,15,3,8,521.2666666666667,701.0,1,8.6878,11.6833,74.36,20.0,34.78,EUR,2026-08-31
2026-09-03,200386,"VARUS, вул.Вишгородска 45а",Kyiv,290.713606,16,12,5,4,517.2666666666667,661.0,1,8.6211,11.0167,78.26,41.67,25.0,EUR,2026-08-31
2026-09-03,200350,"VARUS, вул.Глинки 2",Dnipro,0.0,0,0,0,0,0.0,701.0,1,0.0,11.6833,0.0,,,EUR,2026-08-31
2026-09-03,200349,"VARUS, вул.Дніпровская 1",Vyshhorod,147.758369,7,7,0,0,701.0,701.0,1,11.6833,11.6833,100.0,0.0,0.0,EUR,2026-08-31
2026-09-03,200354,"VARUS, вул.Калиновая 9А",Dnipro,459.490777,27,24,2,3,701.0,701.0,1,11.6833,11.6833,100.0,8.33,11.11,EUR,2026-08-31
2026-09-03,200348,"VARUS, вул.Київська 239",Brovary,182.660479,14,14,1,0,701.0,701.0,1,11.6833,11.6833,100.0,7.14,0.0,EUR,2026-08-31
2026-09-03,200353,"VARUS, вул.Коммунарівська буд. 8",Dnipro,192.626922,16,13,4,3,701.0,701.0,1,11.6833,11.6833,100.0,30.77,18.75,EUR,2026-08-31
2026-09-03,200361,"VARUS, вул.Марії Кюрі 5",Dnipro,0.0,0,0,0,0,0.0,701.0,1,0.0,11.6833,0.0,,,EUR,2026-08-31
2026-09-03,200370,"VARUS, вул.Незалежної України 57В",Zaporizhia,21.529607,5,3,1,2,526.7666666666667,701.0,1,8.7794,11.6833,75.15,33.33,40.0,EUR,2026-08-31
2026-09-03,200404,"VARUS, вул.Нова 2В",Pavlohrad,55.883147,2,2,0,0,641.0,641.0,1,10.6833,10.6833,100.0,0.0,0.0,EUR,2026-08-31
2026-09-03,200363,"VARUS, вул.Робоча 67",Dnipro,0.0,0,0,0,0,0.0,701.0,1,0.0,11.6833,0.0,,,EUR,2026-08-31
2026-09-03,200369,"VARUS, вул.Тараса Шевченка 7",Kamianske,63.940339,3,2,1,1,601.0,601.0,1,10.0167,10.0167,100.0,50.0,33.33,EUR,2026-08-31
2026-09-03,200395,"VARUS, вул.Терещенко 1Е",Kryvyi Rih,0.0,0,0,0,0,701.0,701.0,1,11.6833,11.6833,100.0,,,EUR,2026-08-31
2026-09-03,200402,"VARUS, вул.Французький бульвар 22",Odesa,0.0,1,0,0,1,701.0,701.0,1,11.6833,11.6833,100.0,,100.0,EUR,2026-08-31
2026-09-03,200396,"VARUS, мкр Сонячний 41а",Kryvyi Rih,34.538266,3,3,0,0,701.0,701.0,1,11.6833,11.6833,100.0,0.0,0.0,EUR,2026-08-31
2026-09-03,200362,"VARUS, пр. Івана Мазепи, 58",Dnipro,61.845776,5,4,1,1,701.0,701.0,1,11.6833,11.6833,100.0,25.0,20.0,EUR,2026-08-31
2026-09-03,200373,"VARUS, пр. Академіка Паладіна 16/39",Kyiv,4.880207,2,1,0,1,701.0,701.0,1,11.6833,11.6833,100.0,0.0,50.0,EUR,2026-08-31
2026-09-03,200368,"VARUS, пр. Героїв 2",Dnipro,102.038985,6,4,0,2,140.81666666666666,701.0,1,2.3469,11.6833,20.09,0.0,33.33,EUR,2026-08-31
2026-09-03,200408,"VARUS, пр. Гуляєва полковника ж.м. ""Дружний"" буд. 107/1",Odesa,113.685222,6,6,0,0,701.0,701.0,1,11.6833,11.6833,100.0,0.0,0.0,EUR,2026-08-31
2026-09-03,200399,"VARUS, пр. Добровольського 122/1",Odesa,35.036879,2,2,0,0,701.0,701.0,1,11.6833,11.6833,100.0,0.0,0.0,EUR,2026-08-31
2026-09-03,862701,"VARUS, пр. Коцюбинського, 70",Vinnytsia,261.092917,22,18,1,4,701.0,701.0,1,11.6833,11.6833,100.0,5.56,18.18,EUR,2026-08-31
2026-09-03,200394,"VARUS, пр. Металургів 42А",Kryvyi Rih,84.936477,7,7,1,0,701.0,701.0,1,11.6833,11.6833,100.0,14.29,0.0,EUR,2026-08-31
2026-09-03,200380,"VARUS, пр. Миколи Бажана 38",Kyiv,18.50056,4,1,0,3,701.0,701.0,1,11.6833,11.6833,100.0,0.0,75.0,EUR,2026-08-31
2026-09-03,200359,"VARUS, пр. О. Поля, 104а",Dnipro,0.0,0,0,0,0,0.0,0.0,1,0.0,0.0,,,,EUR,2026-08-31
2026-09-03,198953,"VARUS, пр. Олександра Поля, 104",Dnipro,287.242681,31,17,8,14,520.2666666666667,701.0,1,8.6711,11.6833,74.22,47.06,45.16,EUR,2026-08-31
2026-09-03,200357,"VARUS, пр.Науки 8а",Dnipro,0.0,0,0,0,0,0.0,701.0,1,0.0,11.6833,0.0,,,EUR,2026-08-31
2026-09-03,200377,"VARUS, пр.Оболонський 47/42",Kyiv,171.479165,17,10,2,7,701.0,701.0,1,11.6833,11.6833,100.0,20.0,41.18,EUR,2026-08-31
2026-09-03,200360,"VARUS, проспект Слобожанський 86",Dnipro,0.0,0,0,0,0,0.0,701.0,1,0.0,11.6833,0.0,,,EUR,2026-08-31
2026-09-04,200367,"VARUS вул.Петра Сагайдачного, 7",Zaporizhia,0.0,0,0,0,0,0.7,0.7,1,0.0117,0.0117,100.0,,,EUR,2026-08-31
2026-09-04,200390,"VARUS, 5-й Зарічний, д.19",Kryvyi Rih,109.92102,8,7,5,1,701.0333333333333,701.0333333333333,1,11.6839,11.6839,100.0,71.43,12.5,EUR,2026-08-31
2026-09-04,200383,"VARUS, Вулиця Героїв полку Азов, 12",Kyiv,123.830053,12,8,1,4,701.0333333333333,701.0333333333333,1,11.6839,11.6839,100.0,12.5,33.33,EUR,2026-08-31
2026-09-04,200364,"VARUS, Донецьке шосcе 110",Dnipro,88.61724,5,5,0,0,701.0333333333333,701.0333333333333,1,11.6839,11.6839,100.0,0.0,0.0,EUR,2026-08-31
2026-09-04,200356,"VARUS, Донецьке шосcе 9а",Dnipro,25.276964,2,2,1,0,701.0333333333333,701.0333333333333,1,11.6839,11.6839,100.0,50.0,0.0,EUR,2026-08-31
2026-09-04,200400,"VARUS, Люстдорфська дорога 114",Odesa,0.0,0,0,0,0,701.0333333333333,701.0333333333333,1,11.6839,11.6839,100.0,,,EUR,2026-08-31
2026-09-04,200392,"VARUS, Площа Шахтарської Слави 1",Kryvyi Rih,220.708073,12,12,0,0,701.0333333333333,701.0333333333333,1,11.6839,11.6839,100.0,0.0,0.0,EUR,2026-08-31
2026-09-04,200374,"VARUS, Проспект Червоної Калини 44A",Kyiv,222.655385,14,11,2,3,701.0333333333333,701.0333333333333,1,11.6839,11.6839,100.0,18.18,21.43,EUR,2026-08-31
2026-09-04,200365,"VARUS, Північно-Кільцева вулиця, 10а,",Zaporizhia,26.79858,8,3,0,5,701.0333333333333,701.0333333333333,1,11.6839,11.6839,100.0,0.0,62.5,EUR,2026-08-31
2026-09-04,200385,"VARUS, Харківське Шосе 160",Kyiv,188.356545,9,7,3,2,701.0333333333333,701.0333333333333,1,11.6839,11.6839,100.0,42.86,22.22,EUR,2026-08-31
2026-09-04,200358,"VARUS, бул. Європейський 1Д",Dnipro,47.408074,8,4,0,4,661.0333333333333,661.0333333333333,1,11.0172,11.0172,100.0,0.0,50.0,EUR,2026-08-31
2026-09-04,200372,"VARUS, бул.Будівельників 27а",Kamianske,21.432203,2,2,0,0,601.0333333333333,601.0333333333333,1,10.0172,10.0172,100.0,0.0,0.0,EUR,2026-08-31
2026-09-04,200355,"VARUS, вул Березинская 23а",Dnipro,199.885055,13,11,1,2,701.0333333333333,701.0333333333333,1,11.6839,11.6839,100.0,9.09,15.38,EUR,2026-08-31
2026-09-04,200393,"VARUS, вул. 200 річчя Кривого Рогу",Kryvyi Rih,66.352896,4,4,0,0,701.0333333333333,701.0333333333333,1,11.6839,11.6839,100.0,0.0,0.0,EUR,2026-08-31
2026-09-04,200397,"VARUS, вул. Івана Авраменко 21В",Kryvyi Rih,323.966566,13,13,2,0,701.0333333333333,701.0333333333333,1,11.6839,11.6839,100.0,15.38,0.0,EUR,2026-08-31
2026-09-04,200376,"VARUS, вул. Волинська 37",Kyiv,0.0,0,0,0,0,0.0,661.0333333333333,1,0.0,11.0172,0.0,,,EUR,2026-08-31
2026-09-04,200401,"VARUS, вул. Дача Ковалевського 91",Odesa,0.0,0,0,0,0,701.0333333333333,701.0333333333333,1,11.6839,11.6839,100.0,,,EUR,2026-08-31
2026-09-04,200378,"VARUS, вул. Деміївська 27",Kyiv,169.627171,7,7,0,0,701.0333333333333,701.0333333333333,1,11.6839,11.6839,100.0,0.0,0.0,EUR,2026-08-31
2026-09-04,200387,"VARUS, вул. Драгаманова 40г",Kyiv,11.416067,7,2,0,5,701.0333333333333,701.0333333333333,1,11.6839,11.6839,100.0,0.0,71.43,EUR,2026-08-31
2026-09-04,200391,"VARUS, вул. Жилянська 59",Kyiv,0.0,0,0,0,0,0.0,0.0,1,0.0,0.0,,,,EUR,2026-08-31
2026-09-04,200384,"VARUS, вул. Костянтинівська 2А",Kyiv,0.0,0,0,0,0,0.0,701.0333333333333,1,0.0,11.6839,0.0,,,EUR,2026-08-31
2026-09-04,200388,"VARUS, вул. Лесі Українки 30",Kyiv,157.740352,10,7,3,3,601.0333333333333,601.0333333333333,1,10.0172,10.0172,100.0,42.86,30.0,EUR,2026-08-31
2026-09-04,200398,"VARUS, вул. Недєліна 43",Kryvyi Rih,0.0,0,0,0,0,701.0333333333333,701.0333333333333,1,11.6839,11.6839,100.0,,,EUR,2026-08-31
2026-09-04,200371,"VARUS, вул. Ольги Кобилянської 1В/23",Irpin,140.646384,8,8,0,0,701.0333333333333,701.0333333333333,1,11.6839,11.6839,100.0,0.0,0.0,EUR,2026-08-31
2026-09-04,200351,"VARUS, вул. Паникахи 15",Dnipro,0.0,1,0,0,1,81.96666666666667,701.0333333333333,1,1.3661,11.6839,11.69,,100.0,EUR,2026-08-31
2026-09-04,200403,"VARUS, вул. Соборна 97А",Pavlohrad,49.798991,2,2,0,0,641.0333333333333,641.0333333333333,1,10.6839,10.6839,100.0,0.0,0.0,EUR,2026-08-31
2026-09-04,200389,"VARUS, вул. Срібнокільска 11",Kyiv,187.858456,10,10,3,0,721.0333333333333,721.0333333333333,1,12.0172,12.0172,100.0,30.0,0.0,EUR,2026-08-31
2026-09-04,4822490,"VARUS, вул. Таращанська 191а",Bila Tserkva,0.0,2,0,0,2,120.06666666666666,701.0333333333333,1,2.0011,11.6839,17.13,,100.0,EUR,2026-08-31
2026-09-04,200381,"VARUS, вул. Тютюника 39-А",Kyiv,285.377044,18,17,0,1,701.0333333333333,701.0333333333333,1,11.6839,11.6839,100.0,0.0,5.56,EUR,2026-08-31
2026-09-04,200366,"VARUS, вул. Яценка 2",Zaporizhia,0.0,0,0,0,0,405.31666666666666,405.31666666666666,1,6.7553,6.7553,100.0,,,EUR,2026-08-31
2026-09-04,200352,"VARUS, вул.20річчя Перемоги  43Д",Dnipro,0.0,0,0,0,0,701.0333333333333,701.0333333333333,1,11.6839,11.6839,100.0,,,EUR,2026-08-31
2026-09-04,200375,"VARUS, вул.Андрія Малишко,3",Kyiv,88.659599,9,7,1,2,272.28333333333336,701.0333333333333,1,4.5381,11.6839,38.84,14.29,22.22,EUR,2026-08-31
2026-09-04,200379,"VARUS, вул.Бажана 10-А",Kyiv,155.704857,5,5,1,0,701.0333333333333,701.0333333333333,1,11.6839,11.6839,100.0,20.0,0.0,EUR,2026-08-31
2026-09-04,200382,"VARUS, вул.Васильківска 34",Kyiv,240.2823,18,16,1,2,701.0333333333333,701.0333333333333,1,11.6839,11.6839,100.0,6.25,11.11,EUR,2026-08-31
2026-09-04,200386,"VARUS, вул.Вишгородска 45а",Kyiv,255.161518,14,14,3,0,661.0333333333333,661.0333333333333,1,11.0172,11.0172,100.0,21.43,0.0,EUR,2026-08-31
2026-09-04,200350,"VARUS, вул.Глинки 2",Dnipro,129.042787,15,6,6,9,701.0333333333333,701.0333333333333,1,11.6839,11.6839,100.0,100.0,60.0,EUR,2026-08-31
2026-09-04,200349,"VARUS, вул.Дніпровская 1",Vyshhorod,230.361657,11,11,1,0,701.0333333333333,701.0333333333333,1,11.6839,11.6839,100.0,9.09,0.0,EUR,2026-08-31
2026-09-04,200354,"VARUS, вул.Калиновая 9А",Dnipro,84.409741,6,5,0,1,304.1333333333333,701.0333333333333,1,5.0689,11.6839,43.38,0.0,16.67,EUR,2026-08-31
2026-09-04,200348,"VARUS, вул.Київська 239",Brovary,196.458676,19,17,2,2,701.0333333333333,701.0333333333333,1,11.6839,11.6839,100.0,11.76,10.53,EUR,2026-08-31
2026-09-04,200353,"VARUS, вул.Коммунарівська буд. 8",Dnipro,80.652583,7,7,1,0,701.0333333333333,701.0333333333333,1,11.6839,11.6839,100.0,14.29,0.0,EUR,2026-08-31
2026-09-04,200361,"VARUS, вул.Марії Кюрі 5",Dnipro,214.082699,21,12,1,9,701.0333333333333,701.0333333333333,1,11.6839,11.6839,100.0,8.33,42.86,EUR,2026-08-31
2026-09-04,200370,"VARUS, вул.Незалежної України 57В",Zaporizhia,185.603273,17,17,1,0,701.0333333333333,701.0333333333333,1,11.6839,11.6839,100.0,5.88,0.0,EUR,2026-08-31
2026-09-04,200404,"VARUS, вул.Нова 2В",Pavlohrad,83.488453,6,5,0,1,641.0333333333333,641.0333333333333,1,10.6839,10.6839,100.0,0.0,16.67,EUR,2026-08-31
2026-09-04,200363,"VARUS, вул.Робоча 67",Dnipro,199.672882,13,10,2,3,701.0333333333333,701.0333333333333,1,11.6839,11.6839,100.0,20.0,23.08,EUR,2026-08-31
2026-09-04,200369,"VARUS, вул.Тараса Шевченка 7",Kamianske,24.214162,3,1,1,2,601.0333333333333,601.0333333333333,1,10.0172,10.0172,100.0,100.0,66.67,EUR,2026-08-31
2026-09-04,200395,"VARUS, вул.Терещенко 1Е",Kryvyi Rih,0.0,0,0,0,0,701.0333333333333,701.0333333333333,1,11.6839,11.6839,100.0,,,EUR,2026-08-31
2026-09-04,200402,"VARUS, вул.Французький бульвар 22",Odesa,31.884625,4,2,1,2,701.0333333333333,701.0333333333333,1,11.6839,11.6839,100.0,50.0,50.0,EUR,2026-08-31
2026-09-04,200396,"VARUS, мкр Сонячний 41а",Kryvyi Rih,18.107482,2,2,0,0,701.0333333333333,701.0333333333333,1,11.6839,11.6839,100.0,0.0,0.0,EUR,2026-08-31
2026-09-04,200362,"VARUS, пр. Івана Мазепи, 58",Dnipro,85.91114,3,3,1,0,701.0333333333333,701.0333333333333,1,11.6839,11.6839,100.0,33.33,0.0,EUR,2026-08-31
2026-09-04,200373,"VARUS, пр. Академіка Паладіна 16/39",Kyiv,489.889331,31,26,0,5,701.0333333333333,701.0333333333333,1,11.6839,11.6839,100.0,0.0,16.13,EUR,2026-08-31
2026-09-04,200368,"VARUS, пр. Героїв 2",Dnipro,219.958719,14,13,1,1,701.0333333333333,701.0333333333333,1,11.6839,11.6839,100.0,7.69,7.14,EUR,2026-08-31
2026-09-04,200408,"VARUS, пр. Гуляєва полковника ж.м. ""Дружний"" буд. 107/1",Odesa,100.659438,6,5,1,1,701.0333333333333,701.0333333333333,1,11.6839,11.6839,100.0,20.0,16.67,EUR,2026-08-31
2026-09-04,200399,"VARUS, пр. Добровольського 122/1",Odesa,63.01027,4,4,0,0,701.0333333333333,701.0333333333333,1,11.6839,11.6839,100.0,0.0,0.0,EUR,2026-08-31
2026-09-04,862701,"VARUS, пр. Коцюбинського, 70",Vinnytsia,505.50943,35,34,2,1,701.0333333333333,701.0333333333333,1,11.6839,11.6839,100.0,5.88,2.86,EUR,2026-08-31
2026-09-04,200394,"VARUS, пр. Металургів 42А",Kryvyi Rih,85.699928,9,9,0,0,701.0333333333333,701.0333333333333,1,11.6839,11.6839,100.0,0.0,0.0,EUR,2026-08-31
2026-09-04,200380,"VARUS, пр. Миколи Бажана 38",Kyiv,48.537878,6,4,0,2,701.0333333333333,701.0333333333333,1,11.6839,11.6839,100.0,0.0,33.33,EUR,2026-08-31
2026-09-04,200359,"VARUS, пр. О. Поля, 104а",Dnipro,0.0,0,0,0,0,0.0,0.0,1,0.0,0.0,,,,EUR,2026-08-31
2026-09-04,198953,"VARUS, пр. Олександра Поля, 104",Dnipro,503.477979,34,27,16,7,701.0333333333333,701.0333333333333,1,11.6839,11.6839,100.0,59.26,20.59,EUR,2026-08-31
2026-09-04,200357,"VARUS, пр.Науки 8а",Dnipro,198.473187,16,9,1,7,701.0333333333333,701.0333333333333,1,11.6839,11.6839,100.0,11.11,43.75,EUR,2026-08-31
2026-09-04,200377,"VARUS, пр.Оболонський 47/42",Kyiv,106.787295,13,11,1,2,701.0333333333333,701.0333333333333,1,11.6839,11.6839,100.0,9.09,15.38,EUR,2026-08-31
2026-09-04,200360,"VARUS, проспект Слобожанський 86",Dnipro,264.845913,20,19,3,1,701.0333333333333,701.0333333333333,1,11.6839,11.6839,100.0,15.79,5.0,EUR,2026-08-31
2026-09-05,200367,"VARUS вул.Петра Сагайдачного, 7",Zaporizhia,28.0518,3,3,2,0,701.0,701.0,1,11.6833,11.6833,100.0,66.67,0.0,EUR,2026-08-31
2026-09-05,200390,"VARUS, 5-й Зарічний, д.19",Kryvyi Rih,97.720178,3,3,1,0,701.0,701.0,1,11.6833,11.6833,100.0,33.33,0.0,EUR,2026-08-31
2026-09-05,200383,"VARUS, Вулиця Героїв полку Азов, 12",Kyiv,422.840415,23,22,5,1,701.0,701.0,1,11.6833,11.6833,100.0,22.73,4.35,EUR,2026-08-31
2026-09-05,200364,"VARUS, Донецьке шосcе 110",Dnipro,0.0,1,0,0,1,701.0,701.0,1,11.6833,11.6833,100.0,,100.0,EUR,2026-08-31
2026-09-05,200356,"VARUS, Донецьке шосcе 9а",Dnipro,57.211071,5,5,0,0,701.0,701.0,1,11.6833,11.6833,100.0,0.0,0.0,EUR,2026-08-31
2026-09-05,200400,"VARUS, Люстдорфська дорога 114",Odesa,0.0,0,0,0,0,701.0,701.0,1,11.6833,11.6833,100.0,,,EUR,2026-08-31
2026-09-05,200392,"VARUS, Площа Шахтарської Слави 1",Kryvyi Rih,230.256152,16,16,0,0,701.0,701.0,1,11.6833,11.6833,100.0,0.0,0.0,EUR,2026-08-31
2026-09-05,200374,"VARUS, Проспект Червоної Калини 44A",Kyiv,0.0,2,0,0,2,43.13333333333333,701.0,1,0.7189,11.6833,6.15,,100.0,EUR,2026-08-31
2026-09-05,200365,"VARUS, Північно-Кільцева вулиця, 10а,",Zaporizhia,95.074531,7,6,1,1,701.0,701.0,1,11.6833,11.6833,100.0,16.67,14.29,EUR,2026-08-31
2026-09-05,200385,"VARUS, Харківське Шосе 160",Kyiv,275.066331,13,13,1,0,701.0,701.0,1,11.6833,11.6833,100.0,7.69,0.0,EUR,2026-08-31
2026-09-05,200358,"VARUS, бул. Європейський 1Д",Dnipro,107.363367,8,7,1,1,661.0,661.0,1,11.0167,11.0167,100.0,14.29,12.5,EUR,2026-08-31
2026-09-05,200372,"VARUS, бул.Будівельників 27а",Kamianske,3.763896,2,1,1,1,601.0,601.0,1,10.0167,10.0167,100.0,100.0,50.0,EUR,2026-08-31
2026-09-05,200355,"VARUS, вул Березинская 23а",Dnipro,139.606879,14,10,2,4,701.0,701.0,1,11.6833,11.6833,100.0,20.0,28.57,EUR,2026-08-31
2026-09-05,200393,"VARUS, вул. 200 річчя Кривого Рогу",Kryvyi Rih,166.714097,9,9,4,0,701.0,701.0,1,11.6833,11.6833,100.0,44.44,0.0,EUR,2026-08-31
2026-09-05,200397,"VARUS, вул. Івана Авраменко 21В",Kryvyi Rih,68.695489,4,4,0,0,701.0,701.0,1,11.6833,11.6833,100.0,0.0,0.0,EUR,2026-08-31
2026-09-05,200376,"VARUS, вул. Волинська 37",Kyiv,0.0,0,0,0,0,0.0,661.0,1,0.0,11.0167,0.0,,,EUR,2026-08-31
2026-09-05,200401,"VARUS, вул. Дача Ковалевського 91",Odesa,0.0,0,0,0,0,701.0,701.0,1,11.6833,11.6833,100.0,,,EUR,2026-08-31
2026-09-05,200378,"VARUS, вул. Деміївська 27",Kyiv,195.9061,9,7,1,2,701.0,701.0,1,11.6833,11.6833,100.0,14.29,22.22,EUR,2026-08-31
2026-09-05,200387,"VARUS, вул. Драгаманова 40г",Kyiv,22.431467,6,3,0,3,701.0,701.0,1,11.6833,11.6833,100.0,0.0,50.0,EUR,2026-08-31
2026-09-05,200391,"VARUS, вул. Жилянська 59",Kyiv,0.0,0,0,0,0,0.0,0.0,1,0.0,0.0,,,,EUR,2026-08-31
2026-09-05,200384,"VARUS, вул. Костянтинівська 2А",Kyiv,0.0,0,0,0,0,0.0,701.0,1,0.0,11.6833,0.0,,,EUR,2026-08-31
2026-09-05,200388,"VARUS, вул. Лесі Українки 30",Kyiv,163.73132,9,9,1,0,601.0,601.0,1,10.0167,10.0167,100.0,11.11,0.0,EUR,2026-08-31
2026-09-05,200398,"VARUS, вул. Недєліна 43",Kryvyi Rih,0.0,0,0,0,0,701.0,701.0,1,11.6833,11.6833,100.0,,,EUR,2026-08-31
2026-09-05,200371,"VARUS, вул. Ольги Кобилянської 1В/23",Irpin,360.994408,20,19,3,1,701.0,701.0,1,11.6833,11.6833,100.0,15.79,5.0,EUR,2026-08-31
2026-09-05,200351,"VARUS, вул. Паникахи 15",Dnipro,0.0,0,0,0,0,0.0,701.0,1,0.0,11.6833,0.0,,,EUR,2026-08-31
2026-09-05,200403,"VARUS, вул. Соборна 97А",Pavlohrad,30.81393,3,2,0,1,641.0,641.0,1,10.6833,10.6833,100.0,0.0,33.33,EUR,2026-08-31
2026-09-05,200389,"VARUS, вул. Срібнокільска 11",Kyiv,241.629092,14,13,2,1,721.0,721.0,1,12.0167,12.0167,100.0,15.38,7.14,EUR,2026-08-31
2026-09-05,4822490,"VARUS, вул. Таращанська 191а",Bila Tserkva,0.0,0,0,0,0,0.0,701.0,1,0.0,11.6833,0.0,,,EUR,2026-08-31
2026-09-05,200381,"VARUS, вул. Тютюника 39-А",Kyiv,407.229363,47,32,6,15,701.0,701.0,1,11.6833,11.6833,100.0,18.75,31.91,EUR,2026-08-31
2026-09-05,200366,"VARUS, вул. Яценка 2",Zaporizhia,0.0,0,0,0,0,0.0,0.0,1,0.0,0.0,,,,EUR,2026-08-31
2026-09-05,200352,"VARUS, вул.20річчя Перемоги  43Д",Dnipro,0.0,0,0,0,0,701.0,701.0,1,11.6833,11.6833,100.0,,,EUR,2026-08-31
2026-09-05,200375,"VARUS, вул.Андрія Малишко,3",Kyiv,0.0,0,0,0,0,0.0,701.0,1,0.0,11.6833,0.0,,,EUR,2026-08-31
2026-09-05,200379,"VARUS, вул.Бажана 10-А",Kyiv,39.99484,4,4,0,0,701.0,701.0,1,11.6833,11.6833,100.0,0.0,0.0,EUR,2026-08-31
2026-09-05,200382,"VARUS, вул.Васильківска 34",Kyiv,418.415155,23,22,4,1,701.0,701.0,1,11.6833,11.6833,100.0,18.18,4.35,EUR,2026-08-31
2026-09-05,200386,"VARUS, вул.Вишгородска 45а",Kyiv,361.578187,19,19,5,0,661.0,661.0,1,11.0167,11.0167,100.0,26.32,0.0,EUR,2026-08-31
2026-09-05,200350,"VARUS, вул.Глинки 2",Dnipro,165.650524,15,10,3,5,701.0,701.0,1,11.6833,11.6833,100.0,30.0,33.33,EUR,2026-08-31
2026-09-05,200349,"VARUS, вул.Дніпровская 1",Vyshhorod,21.480722,1,1,0,0,701.0,701.0,1,11.6833,11.6833,100.0,0.0,0.0,EUR,2026-08-31
2026-09-05,200354,"VARUS, вул.Калиновая 9А",Dnipro,0.0,0,0,0,0,0.0,701.0,1,0.0,11.6833,0.0,,,EUR,2026-08-31
2026-09-05,200348,"VARUS, вул.Київська 239",Brovary,175.235954,14,14,1,0,701.0,701.0,1,11.6833,11.6833,100.0,7.14,0.0,EUR,2026-08-31
2026-09-05,200353,"VARUS, вул.Коммунарівська буд. 8",Dnipro,142.48626,15,11,1,4,701.0,701.0,1,11.6833,11.6833,100.0,9.09,26.67,EUR,2026-08-31
2026-09-05,200361,"VARUS, вул.Марії Кюрі 5",Dnipro,364.771209,27,19,1,8,701.0,701.0,1,11.6833,11.6833,100.0,5.26,29.63,EUR,2026-08-31
2026-09-05,200370,"VARUS, вул.Незалежної України 57В",Zaporizhia,348.213841,19,19,0,0,701.0,701.0,1,11.6833,11.6833,100.0,0.0,0.0,EUR,2026-08-31
2026-09-05,200404,"VARUS, вул.Нова 2В",Pavlohrad,36.300258,4,4,1,0,641.0,641.0,1,10.6833,10.6833,100.0,25.0,0.0,EUR,2026-08-31
2026-09-05,200363,"VARUS, вул.Робоча 67",Dnipro,255.005946,21,13,0,8,701.0,701.0,1,11.6833,11.6833,100.0,0.0,38.1,EUR,2026-08-31
2026-09-05,200369,"VARUS, вул.Тараса Шевченка 7",Kamianske,5.352322,1,1,1,0,601.0,601.0,1,10.0167,10.0167,100.0,100.0,0.0,EUR,2026-08-31
2026-09-05,200395,"VARUS, вул.Терещенко 1Е",Kryvyi Rih,0.0,0,0,0,0,701.0,701.0,1,11.6833,11.6833,100.0,,,EUR,2026-08-31
2026-09-05,200402,"VARUS, вул.Французький бульвар 22",Odesa,36.552286,3,2,0,1,701.0,701.0,1,11.6833,11.6833,100.0,0.0,33.33,EUR,2026-08-31
2026-09-05,200396,"VARUS, мкр Сонячний 41а",Kryvyi Rih,4.543477,1,1,0,0,701.0,701.0,1,11.6833,11.6833,100.0,0.0,0.0,EUR,2026-08-31
2026-09-05,200362,"VARUS, пр. Івана Мазепи, 58",Dnipro,58.083069,3,3,0,0,701.0,701.0,1,11.6833,11.6833,100.0,0.0,0.0,EUR,2026-08-31
2026-09-05,200373,"VARUS, пр. Академіка Паладіна 16/39",Kyiv,441.503554,26,25,2,1,701.0,701.0,1,11.6833,11.6833,100.0,8.0,3.85,EUR,2026-08-31
2026-09-05,200368,"VARUS, пр. Героїв 2",Dnipro,121.383106,8,7,1,1,701.0,701.0,1,11.6833,11.6833,100.0,14.29,12.5,EUR,2026-08-31
2026-09-05,200408,"VARUS, пр. Гуляєва полковника ж.м. ""Дружний"" буд. 107/1",Odesa,145.248585,7,5,0,2,701.0,701.0,1,11.6833,11.6833,100.0,0.0,28.57,EUR,2026-08-31
2026-09-05,200399,"VARUS, пр. Добровольського 122/1",Odesa,102.451952,4,4,1,0,701.0,701.0,1,11.6833,11.6833,100.0,25.0,0.0,EUR,2026-08-31
2026-09-05,862701,"VARUS, пр. Коцюбинського, 70",Vinnytsia,540.56128,37,29,2,8,701.0,701.0,1,11.6833,11.6833,100.0,6.9,21.62,EUR,2026-08-31
2026-09-05,200394,"VARUS, пр. Металургів 42А",Kryvyi Rih,128.323084,9,9,0,0,701.0,701.0,1,11.6833,11.6833,100.0,0.0,0.0,EUR,2026-08-31
2026-09-05,200380,"VARUS, пр. Миколи Бажана 38",Kyiv,79.109789,4,3,1,1,701.0,701.0,1,11.6833,11.6833,100.0,33.33,25.0,EUR,2026-08-31
2026-09-05,200359,"VARUS, пр. О. Поля, 104а",Dnipro,0.0,0,0,0,0,0.0,0.0,1,0.0,0.0,,,,EUR,2026-08-31
2026-09-05,198953,"VARUS, пр. Олександра Поля, 104",Dnipro,231.837264,11,10,0,1,414.65,701.0,1,6.9108,11.6833,59.15,0.0,9.09,EUR,2026-08-31
2026-09-05,200357,"VARUS, пр.Науки 8а",Dnipro,120.070392,11,6,0,5,701.0,701.0,1,11.6833,11.6833,100.0,0.0,45.45,EUR,2026-08-31
2026-09-05,200377,"VARUS, пр.Оболонський 47/42",Kyiv,101.191609,13,11,1,2,701.0,701.0,1,11.6833,11.6833,100.0,9.09,15.38,EUR,2026-08-31
2026-09-05,200360,"VARUS, проспект Слобожанський 86",Dnipro,379.924024,25,25,1,0,701.0,701.0,1,11.6833,11.6833,100.0,4.0,0.0,EUR,2026-08-31
2026-09-06,200367,"VARUS вул.Петра Сагайдачного, 7",Zaporizhia,158.323735,10,9,1,1,701.3333333333334,701.3333333333334,1,11.6889,11.6889,100.0,11.11,10.0,EUR,2026-08-31
2026-09-06,200390,"VARUS, 5-й Зарічний, д.19",Kryvyi Rih,83.29149,6,5,1,1,701.3333333333334,701.3333333333334,1,11.6889,11.6889,100.0,20.0,16.67,EUR,2026-08-31
2026-09-06,200383,"VARUS, Вулиця Героїв полку Азов, 12",Kyiv,179.464249,14,11,4,3,701.3333333333334,701.3333333333334,1,11.6889,11.6889,100.0,36.36,21.43,EUR,2026-08-31
2026-09-06,200364,"VARUS, Донецьке шосcе 110",Dnipro,52.703791,4,4,0,0,701.3333333333334,701.3333333333334,1,11.6889,11.6889,100.0,0.0,0.0,EUR,2026-08-31
2026-09-06,200356,"VARUS, Донецьке шосcе 9а",Dnipro,35.2621,2,2,1,0,701.3333333333334,701.3333333333334,1,11.6889,11.6889,100.0,50.0,0.0,EUR,2026-08-31
2026-09-06,200400,"VARUS, Люстдорфська дорога 114",Odesa,0.0,0,0,0,0,701.3333333333334,701.3333333333334,1,11.6889,11.6889,100.0,,,EUR,2026-08-31
2026-09-06,200392,"VARUS, Площа Шахтарської Слави 1",Kryvyi Rih,215.683062,20,19,1,1,701.3333333333334,701.3333333333334,1,11.6889,11.6889,100.0,5.26,5.0,EUR,2026-08-31
2026-09-06,200374,"VARUS, Проспект Червоної Калини 44A",Kyiv,0.0,0,0,0,0,0.0,701.3333333333334,1,0.0,11.6889,0.0,,,EUR,2026-08-31
2026-09-06,200365,"VARUS, Північно-Кільцева вулиця, 10а,",Zaporizhia,139.360625,7,7,3,0,701.3333333333334,701.3333333333334,1,11.6889,11.6889,100.0,42.86,0.0,EUR,2026-08-31
2026-09-06,200385,"VARUS, Харківське Шосе 160",Kyiv,159.27487,9,9,3,0,701.3333333333334,701.3333333333334,1,11.6889,11.6889,100.0,33.33,0.0,EUR,2026-08-31
2026-09-06,200358,"VARUS, бул. Європейський 1Д",Dnipro,77.804198,8,6,1,2,661.3333333333334,661.3333333333334,1,11.0222,11.0222,100.0,16.67,25.0,EUR,2026-08-31
2026-09-06,200372,"VARUS, бул.Будівельників 27а",Kamianske,0.0,0,0,0,0,601.3333333333334,601.3333333333334,1,10.0222,10.0222,100.0,,,EUR,2026-08-31
2026-09-06,200355,"VARUS, вул Березинская 23а",Dnipro,175.834165,14,13,2,1,701.3333333333334,701.3333333333334,1,11.6889,11.6889,100.0,15.38,7.14,EUR,2026-08-31
2026-09-06,200393,"VARUS, вул. 200 річчя Кривого Рогу",Kryvyi Rih,172.642486,14,13,2,1,701.3333333333334,701.3333333333334,1,11.6889,11.6889,100.0,15.38,7.14,EUR,2026-08-31
2026-09-06,200397,"VARUS, вул. Івана Авраменко 21В",Kryvyi Rih,224.51548,10,10,2,0,701.3333333333334,701.3333333333334,1,11.6889,11.6889,100.0,20.0,0.0,EUR,2026-08-31
2026-09-06,200376,"VARUS, вул. Волинська 37",Kyiv,0.0,0,0,0,0,0.0,661.3333333333334,1,0.0,11.0222,0.0,,,EUR,2026-08-31
2026-09-06,200401,"VARUS, вул. Дача Ковалевського 91",Odesa,0.0,0,0,0,0,701.3333333333334,701.3333333333334,1,11.6889,11.6889,100.0,,,EUR,2026-08-31
2026-09-06,200378,"VARUS, вул. Деміївська 27",Kyiv,212.218753,14,13,1,1,701.3333333333334,701.3333333333334,1,11.6889,11.6889,100.0,7.69,7.14,EUR,2026-08-31
2026-09-06,200387,"VARUS, вул. Драгаманова 40г",Kyiv,250.967492,15,15,2,0,701.3333333333334,701.3333333333334,1,11.6889,11.6889,100.0,13.33,0.0,EUR,2026-08-31
2026-09-06,200391,"VARUS, вул. Жилянська 59",Kyiv,0.0,0,0,0,0,0.0,0.0,1,0.0,0.0,,,,EUR,2026-08-31
2026-09-06,200384,"VARUS, вул. Костянтинівська 2А",Kyiv,0.0,0,0,0,0,0.0,701.3333333333334,1,0.0,11.6889,0.0,,,EUR,2026-08-31
2026-09-06,200388,"VARUS, вул. Лесі Українки 30",Kyiv,239.897222,15,14,2,1,601.3333333333334,601.3333333333334,1,10.0222,10.0222,100.0,14.29,6.67,EUR,2026-08-31
2026-09-06,200398,"VARUS, вул. Недєліна 43",Kryvyi Rih,0.0,0,0,0,0,701.3333333333334,701.3333333333334,1,11.6889,11.6889,100.0,,,EUR,2026-08-31
2026-09-06,200371,"VARUS, вул. Ольги Кобилянської 1В/23",Irpin,200.869882,16,15,1,1,701.3333333333334,701.3333333333334,1,11.6889,11.6889,100.0,6.67,6.25,EUR,2026-08-31
2026-09-06,200351,"VARUS, вул. Паникахи 15",Dnipro,0.0,0,0,0,0,0.0,701.3333333333334,1,0.0,11.6889,0.0,,,EUR,2026-08-31
2026-09-06,200403,"VARUS, вул. Соборна 97А",Pavlohrad,46.351048,4,4,0,0,641.3333333333334,641.3333333333334,1,10.6889,10.6889,100.0,0.0,0.0,EUR,2026-08-31
2026-09-06,200389,"VARUS, вул. Срібнокільска 11",Kyiv,103.580217,6,6,1,0,721.3333333333334,721.3333333333334,1,12.0222,12.0222,100.0,16.67,0.0,EUR,2026-08-31
2026-09-06,4822490,"VARUS, вул. Таращанська 191а",Bila Tserkva,0.0,0,0,0,0,0.0,701.3333333333334,1,0.0,11.6889,0.0,,,EUR,2026-08-31
2026-09-06,200381,"VARUS, вул. Тютюника 39-А",Kyiv,395.383358,29,24,3,5,701.3333333333334,701.3333333333334,1,11.6889,11.6889,100.0,12.5,17.24,EUR,2026-08-31
2026-09-06,200366,"VARUS, вул. Яценка 2",Zaporizhia,0.0,0,0,0,0,0.0,0.0,1,0.0,0.0,,,,EUR,2026-08-31
2026-09-06,200352,"VARUS, вул.20річчя Перемоги  43Д",Dnipro,0.0,0,0,0,0,701.3333333333334,701.3333333333334,1,11.6889,11.6889,100.0,,,EUR,2026-08-31
2026-09-06,200375,"VARUS, вул.Андрія Малишко,3",Kyiv,0.0,0,0,0,0,0.0,701.3333333333334,1,0.0,11.6889,0.0,,,EUR,2026-08-31
2026-09-06,200379,"VARUS, вул.Бажана 10-А",Kyiv,38.853099,3,3,0,0,701.3333333333334,701.3333333333334,1,11.6889,11.6889,100.0,0.0,0.0,EUR,2026-08-31
2026-09-06,200382,"VARUS, вул.Васильківска 34",Kyiv,292.932561,21,20,3,1,701.3333333333334,701.3333333333334,1,11.6889,11.6889,100.0,15.0,4.76,EUR,2026-08-31
2026-09-06,200386,"VARUS, вул.Вишгородска 45а",Kyiv,267.549125,21,20,3,1,661.3333333333334,661.3333333333334,1,11.0222,11.0222,100.0,15.0,4.76,EUR,2026-08-31
2026-09-06,200350,"VARUS, вул.Глинки 2",Dnipro,203.856892,16,11,2,5,701.3333333333334,701.3333333333334,1,11.6889,11.6889,100.0,18.18,31.25,EUR,2026-08-31
2026-09-06,200349,"VARUS, вул.Дніпровская 1",Vyshhorod,106.824455,6,5,2,1,701.3333333333334,701.3333333333334,1,11.6889,11.6889,100.0,40.0,16.67,EUR,2026-08-31
2026-09-06,200354,"VARUS, вул.Калиновая 9А",Dnipro,0.0,0,0,0,0,0.0,701.3333333333334,1,0.0,11.6889,0.0,,,EUR,2026-08-31
2026-09-06,200348,"VARUS, вул.Київська 239",Brovary,161.448222,11,11,2,0,701.3333333333334,701.3333333333334,1,11.6889,11.6889,100.0,18.18,0.0,EUR,2026-08-31
2026-09-06,200353,"VARUS, вул.Коммунарівська буд. 8",Dnipro,102.428462,8,7,0,1,701.3333333333334,701.3333333333334,1,11.6889,11.6889,100.0,0.0,12.5,EUR,2026-08-31
2026-09-06,200361,"VARUS, вул.Марії Кюрі 5",Dnipro,491.570364,40,28,7,12,701.3333333333334,701.3333333333334,1,11.6889,11.6889,100.0,25.0,30.0,EUR,2026-08-31
2026-09-06,200370,"VARUS, вул.Незалежної України 57В",Zaporizhia,217.227397,17,17,1,0,701.3333333333334,701.3333333333334,1,11.6889,11.6889,100.0,5.88,0.0,EUR,2026-08-31
2026-09-06,200404,"VARUS, вул.Нова 2В",Pavlohrad,41.030687,5,5,0,0,641.3333333333334,641.3333333333334,1,10.6889,10.6889,100.0,0.0,0.0,EUR,2026-08-31
2026-09-06,200363,"VARUS, вул.Робоча 67",Dnipro,330.377641,25,21,5,4,701.3333333333334,701.3333333333334,1,11.6889,11.6889,100.0,23.81,16.0,EUR,2026-08-31
2026-09-06,200369,"VARUS, вул.Тараса Шевченка 7",Kamianske,24.672398,1,1,0,0,601.3333333333334,601.3333333333334,1,10.0222,10.0222,100.0,0.0,0.0,EUR,2026-08-31
2026-09-06,200395,"VARUS, вул.Терещенко 1Е",Kryvyi Rih,0.0,0,0,0,0,701.3333333333334,701.3333333333334,1,11.6889,11.6889,100.0,,,EUR,2026-08-31
2026-09-06,200402,"VARUS, вул.Французький бульвар 22",Odesa,177.905086,6,6,4,0,701.3333333333334,701.3333333333334,1,11.6889,11.6889,100.0,66.67,0.0,EUR,2026-08-31
2026-09-06,200396,"VARUS, мкр Сонячний 41а",Kryvyi Rih,32.183249,3,3,0,0,701.3333333333334,701.3333333333334,1,11.6889,11.6889,100.0,0.0,0.0,EUR,2026-08-31
2026-09-06,200362,"VARUS, пр. Івана Мазепи, 58",Dnipro,25.161442,3,2,2,1,701.3333333333334,701.3333333333334,1,11.6889,11.6889,100.0,100.0,33.33,EUR,2026-08-31
2026-09-06,200373,"VARUS, пр. Академіка Паладіна 16/39",Kyiv,420.751977,20,18,1,2,701.3333333333334,701.3333333333334,1,11.6889,11.6889,100.0,5.56,10.0,EUR,2026-08-31
2026-09-06,200368,"VARUS, пр. Героїв 2",Dnipro,182.406591,14,14,7,0,701.3333333333334,701.3333333333334,1,11.6889,11.6889,100.0,50.0,0.0,EUR,2026-08-31
2026-09-06,200408,"VARUS, пр. Гуляєва полковника ж.м. ""Дружний"" буд. 107/1",Odesa,170.042088,11,10,4,1,701.3333333333334,701.3333333333334,1,11.6889,11.6889,100.0,40.0,9.09,EUR,2026-08-31
2026-09-06,200399,"VARUS, пр. Добровольського 122/1",Odesa,44.18328,2,2,1,0,701.3333333333334,701.3333333333334,1,11.6889,11.6889,100.0,50.0,0.0,EUR,2026-08-31
2026-09-06,862701,"VARUS, пр. Коцюбинського, 70",Vinnytsia,520.554238,38,33,4,5,701.3333333333334,701.3333333333334,1,11.6889,11.6889,100.0,12.12,13.16,EUR,2026-08-31
2026-09-06,200394,"VARUS, пр. Металургів 42А",Kryvyi Rih,152.545525,10,10,2,0,701.3333333333334,701.3333333333334,1,11.6889,11.6889,100.0,20.0,0.0,EUR,2026-08-31
2026-09-06,200380,"VARUS, пр. Миколи Бажана 38",Kyiv,129.612502,8,8,1,0,701.3333333333334,701.3333333333334,1,11.6889,11.6889,100.0,12.5,0.0,EUR,2026-08-31
2026-09-06,200359,"VARUS, пр. О. Поля, 104а",Dnipro,0.0,0,0,0,0,0.0,0.0,1,0.0,0.0,,,,EUR,2026-08-31
2026-09-06,198953,"VARUS, пр. Олександра Поля, 104",Dnipro,0.0,0,0,0,0,0.0,701.3333333333334,1,0.0,11.6889,0.0,,,EUR,2026-08-31
2026-09-06,200357,"VARUS, пр.Науки 8а",Dnipro,139.13343,15,8,1,7,701.3333333333334,701.3333333333334,1,11.6889,11.6889,100.0,12.5,46.67,EUR,2026-08-31
2026-09-06,200377,"VARUS, пр.Оболонський 47/42",Kyiv,80.909812,12,8,0,4,701.3333333333334,701.3333333333334,1,11.6889,11.6889,100.0,0.0,33.33,EUR,2026-08-31
2026-09-06,200360,"VARUS, проспект Слобожанський 86",Dnipro,278.700457,17,17,3,0,701.3333333333334,701.3333333333334,1,11.6889,11.6889,100.0,17.65,0.0,EUR,2026-08-31
2026-09-07,200367,"VARUS вул.Петра Сагайдачного, 7",Zaporizhia,9.419906,3,2,0,1,701.0,701.0,1,11.6833,11.6833,100.0,0.0,33.33,EUR,2026-09-07
2026-09-07,200390,"VARUS, 5-й Зарічний, д.19",Kryvyi Rih,21.637553,1,1,1,0,701.0,701.0,1,11.6833,11.6833,100.0,100.0,0.0,EUR,2026-09-07
2026-09-07,200383,"VARUS, Вулиця Героїв полку Азов, 12",Kyiv,119.983704,11,8,0,3,701.0,701.0,1,11.6833,11.6833,100.0,0.0,27.27,EUR,2026-09-07
2026-09-07,200364,"VARUS, Донецьке шосcе 110",Dnipro,7.138113,1,1,0,0,701.0,701.0,1,11.6833,11.6833,100.0,0.0,0.0,EUR,2026-09-07
2026-09-07,200356,"VARUS, Донецьке шосcе 9а",Dnipro,27.732765,2,2,0,0,701.0,701.0,1,11.6833,11.6833,100.0,0.0,0.0,EUR,2026-09-07
2026-09-07,200400,"VARUS, Люстдорфська дорога 114",Odesa,0.0,0,0,0,0,701.0,701.0,1,11.6833,11.6833,100.0,,,EUR,2026-09-07
2026-09-07,200392,"VARUS, Площа Шахтарської Слави 1",Kryvyi Rih,106.869904,10,8,0,2,701.0,701.0,1,11.6833,11.6833,100.0,0.0,20.0,EUR,2026-09-07
2026-09-07,200374,"VARUS, Проспект Червоної Калини 44A",Kyiv,43.525553,3,3,2,0,452.55,701.0,1,7.5425,11.6833,64.56,66.67,0.0,EUR,2026-09-07
2026-09-07,200365,"VARUS, Північно-Кільцева вулиця, 10а,",Zaporizhia,174.613136,13,9,0,4,701.0,701.0,1,11.6833,11.6833,100.0,0.0,30.77,EUR,2026-09-07
2026-09-07,200385,"VARUS, Харківське Шосе 160",Kyiv,133.510527,12,11,1,1,701.0,701.0,1,11.6833,11.6833,100.0,9.09,8.33,EUR,2026-09-07
2026-09-07,200358,"VARUS, бул. Європейський 1Д",Dnipro,41.589204,3,3,2,0,661.0,661.0,1,11.0167,11.0167,100.0,66.67,0.0,EUR,2026-09-07
2026-09-07,200372,"VARUS, бул.Будівельників 27а",Kamianske,0.0,1,0,0,1,601.0,601.0,1,10.0167,10.0167,100.0,,100.0,EUR,2026-09-07
2026-09-07,200355,"VARUS, вул Березинская 23а",Dnipro,69.253228,10,8,1,2,701.0,701.0,1,11.6833,11.6833,100.0,12.5,20.0,EUR,2026-09-07
2026-09-07,200393,"VARUS, вул. 200 річчя Кривого Рогу",Kryvyi Rih,82.614186,8,7,2,1,701.0,701.0,1,11.6833,11.6833,100.0,28.57,12.5,EUR,2026-09-07
2026-09-07,200397,"VARUS, вул. Івана Авраменко 21В",Kryvyi Rih,36.517198,4,4,1,0,701.0,701.0,1,11.6833,11.6833,100.0,25.0,0.0,EUR,2026-09-07
2026-09-07,200376,"VARUS, вул. Волинська 37",Kyiv,0.0,0,0,0,0,0.0,661.0,1,0.0,11.0167,0.0,,,EUR,2026-09-07
2026-09-07,200401,"VARUS, вул. Дача Ковалевського 91",Odesa,0.0,0,0,0,0,701.0,701.0,1,11.6833,11.6833,100.0,,,EUR,2026-09-07
2026-09-07,200378,"VARUS, вул. Деміївська 27",Kyiv,266.918911,17,16,0,1,701.0,701.0,1,11.6833,11.6833,100.0,0.0,5.88,EUR,2026-09-07
2026-09-07,200387,"VARUS, вул. Драгаманова 40г",Kyiv,18.040982,3,2,0,1,701.0,701.0,1,11.6833,11.6833,100.0,0.0,33.33,EUR,2026-09-07
2026-09-07,200391,"VARUS, вул. Жилянська 59",Kyiv,0.0,0,0,0,0,0.0,0.0,1,0.0,0.0,,,,EUR,2026-09-07
2026-09-07,200384,"VARUS, вул. Костянтинівська 2А",Kyiv,0.0,0,0,0,0,0.0,701.0,1,0.0,11.6833,0.0,,,EUR,2026-09-07
2026-09-07,200388,"VARUS, вул. Лесі Українки 30",Kyiv,38.863294,6,4,0,2,601.0,601.0,1,10.0167,10.0167,100.0,0.0,33.33,EUR,2026-09-07
2026-09-07,200398,"VARUS, вул. Недєліна 43",Kryvyi Rih,0.0,0,0,0,0,701.0,701.0,1,11.6833,11.6833,100.0,,,EUR,2026-09-07
2026-09-07,200371,"VARUS, вул. Ольги Кобилянської 1В/23",Irpin,132.571898,10,10,0,0,701.0,701.0,1,11.6833,11.6833,100.0,0.0,0.0,EUR,2026-09-07
2026-09-07,200351,"VARUS, вул. Паникахи 15",Dnipro,44.582742,5,4,3,1,452.18333333333334,701.0,1,7.5364,11.6833,64.51,75.0,20.0,EUR,2026-09-07
2026-09-07,200403,"VARUS, вул. Соборна 97А",Pavlohrad,126.189362,6,6,1,0,641.0,641.0,1,10.6833,10.6833,100.0,16.67,0.0,EUR,2026-09-07
2026-09-07,200389,"VARUS, вул. Срібнокільска 11",Kyiv,69.498263,9,4,0,5,721.0,721.0,1,12.0167,12.0167,100.0,0.0,55.56,EUR,2026-09-07
2026-09-07,4822490,"VARUS, вул. Таращанська 191а",Bila Tserkva,0.0,0,0,0,0,452.25,701.0,1,7.5375,11.6833,64.51,,,EUR,2026-09-07
2026-09-07,200381,"VARUS, вул. Тютюника 39-А",Kyiv,386.897984,44,28,4,16,701.0,701.0,1,11.6833,11.6833,100.0,14.29,36.36,EUR,2026-09-07
2026-09-07,200366,"VARUS, вул. Яценка 2",Zaporizhia,0.0,0,0,0,0,0.0,0.0,1,0.0,0.0,,,,EUR,2026-09-07
2026-09-07,200352,"VARUS, вул.20річчя Перемоги  43Д",Dnipro,0.0,0,0,0,0,701.0,701.0,1,11.6833,11.6833,100.0,,,EUR,2026-09-07
2026-09-07,200375,"VARUS, вул.Андрія Малишко,3",Kyiv,29.999112,7,2,0,5,452.35,701.0,1,7.5392,11.6833,64.53,0.0,71.43,EUR,2026-09-07
2026-09-07,200379,"VARUS, вул.Бажана 10-А",Kyiv,75.985455,5,5,2,0,701.0,701.0,1,11.6833,11.6833,100.0,40.0,0.0,EUR,2026-09-07
2026-09-07,200382,"VARUS, вул.Васильківска 34",Kyiv,0.0,6,0,0,6,239.48333333333332,239.48333333333332,1,3.9914,3.9914,100.0,,100.0,EUR,2026-09-07
2026-09-07,200386,"VARUS, вул.Вишгородска 45а",Kyiv,342.944337,21,15,4,6,661.0,661.0,1,11.0167,11.0167,100.0,26.67,28.57,EUR,2026-09-07
2026-09-07,200350,"VARUS, вул.Глинки 2",Dnipro,278.361291,14,11,6,3,701.0,701.0,1,11.6833,11.6833,100.0,54.55,21.43,EUR,2026-09-07
2026-09-07,200349,"VARUS, вул.Дніпровская 1",Vyshhorod,32.702237,4,4,1,0,701.0,701.0,1,11.6833,11.6833,100.0,25.0,0.0,EUR,2026-09-07
2026-09-07,200354,"VARUS, вул.Калиновая 9А",Dnipro,134.73011,8,7,1,1,452.4166666666667,701.0,1,7.5403,11.6833,64.54,14.29,12.5,EUR,2026-09-07
2026-09-07,200348,"VARUS, вул.Київська 239",Brovary,142.501188,14,14,1,0,701.0,701.0,1,11.6833,11.6833,100.0,7.14,0.0,EUR,2026-09-07
2026-09-07,200353,"VARUS, вул.Коммунарівська буд. 8",Dnipro,56.631433,5,5,0,0,701.0,701.0,1,11.6833,11.6833,100.0,0.0,0.0,EUR,2026-09-07
2026-09-07,200361,"VARUS, вул.Марії Кюрі 5",Dnipro,307.634174,25,25,3,0,701.0,701.0,1,11.6833,11.6833,100.0,12.0,0.0,EUR,2026-09-07
2026-09-07,200370,"VARUS, вул.Незалежної України 57В",Zaporizhia,220.156519,16,16,1,0,701.0,701.0,1,11.6833,11.6833,100.0,6.25,0.0,EUR,2026-09-07
2026-09-07,200404,"VARUS, вул.Нова 2В",Pavlohrad,180.898734,8,8,0,0,641.0,641.0,1,10.6833,10.6833,100.0,0.0,0.0,EUR,2026-09-07
2026-09-07,200363,"VARUS, вул.Робоча 67",Dnipro,164.305957,10,8,0,2,701.0,701.0,1,11.6833,11.6833,100.0,0.0,20.0,EUR,2026-09-07
2026-09-07,200369,"VARUS, вул.Тараса Шевченка 7",Kamianske,64.388026,4,2,2,2,601.0,601.0,1,10.0167,10.0167,100.0,100.0,50.0,EUR,2026-09-07
2026-09-07,200395,"VARUS, вул.Терещенко 1Е",Kryvyi Rih,0.0,0,0,0,0,701.0,701.0,1,11.6833,11.6833,100.0,,,EUR,2026-09-07
2026-09-07,200402,"VARUS, вул.Французький бульвар 22",Odesa,22.245223,1,1,0,0,701.0,701.0,1,11.6833,11.6833,100.0,0.0,0.0,EUR,2026-09-07
2026-09-07,200396,"VARUS, мкр Сонячний 41а",Kryvyi Rih,0.0,0,0,0,0,701.0,701.0,1,11.6833,11.6833,100.0,,,EUR,2026-09-07
2026-09-07,200362,"VARUS, пр. Івана Мазепи, 58",Dnipro,18.797525,1,1,0,0,701.0,701.0,1,11.6833,11.6833,100.0,0.0,0.0,EUR,2026-09-07
2026-09-07,200373,"VARUS, пр. Академіка Паладіна 16/39",Kyiv,479.970145,26,25,2,1,701.0,701.0,1,11.6833,11.6833,100.0,8.0,3.85,EUR,2026-09-07
2026-09-07,200368,"VARUS, пр. Героїв 2",Dnipro,148.907087,12,12,1,0,701.0,701.0,1,11.6833,11.6833,100.0,8.33,0.0,EUR,2026-09-07
2026-09-07,200408,"VARUS, пр. Гуляєва полковника ж.м. ""Дружний"" буд. 107/1",Odesa,109.398473,10,9,0,1,701.0,701.0,1,11.6833,11.6833,100.0,0.0,10.0,EUR,2026-09-07
2026-09-07,200399,"VARUS, пр. Добровольського 122/1",Odesa,20.247469,2,2,0,0,701.0,701.0,1,11.6833,11.6833,100.0,0.0,0.0,EUR,2026-09-07
2026-09-07,862701,"VARUS, пр. Коцюбинського, 70",Vinnytsia,252.55734,22,19,4,3,701.0,701.0,1,11.6833,11.6833,100.0,21.05,13.64,EUR,2026-09-07
2026-09-07,200394,"VARUS, пр. Металургів 42А",Kryvyi Rih,160.521896,11,11,0,0,701.0,701.0,1,11.6833,11.6833,100.0,0.0,0.0,EUR,2026-09-07
2026-09-07,200380,"VARUS, пр. Миколи Бажана 38",Kyiv,48.666298,5,5,0,0,701.0,701.0,1,11.6833,11.6833,100.0,0.0,0.0,EUR,2026-09-07
2026-09-07,200359,"VARUS, пр. О. Поля, 104а",Dnipro,0.0,0,0,0,0,0.0,0.0,1,0.0,0.0,,,,EUR,2026-09-07
2026-09-07,198953,"VARUS, пр. Олександра Поля, 104",Dnipro,61.712705,5,4,0,1,452.6166666666667,701.0,1,7.5436,11.6833,64.57,0.0,20.0,EUR,2026-09-07
2026-09-07,200357,"VARUS, пр.Науки 8а",Dnipro,159.329732,13,10,5,3,701.0,701.0,1,11.6833,11.6833,100.0,50.0,23.08,EUR,2026-09-07
2026-09-07,200377,"VARUS, пр.Оболонський 47/42",Kyiv,52.482226,6,6,0,0,701.0,701.0,1,11.6833,11.6833,100.0,0.0,0.0,EUR,2026-09-07
2026-09-07,200360,"VARUS, проспект Слобожанський 86",Dnipro,137.574581,8,8,0,0,701.0,701.0,1,11.6833,11.6833,100.0,0.0,0.0,EUR,2026-09-07
2026-09-08,200367,"VARUS вул.Петра Сагайдачного, 7",Zaporizhia,0.0,5,0,0,5,507.75,701.0,1,8.4625,11.6833,72.43,,100.0,EUR,2026-09-07
2026-09-08,200390,"VARUS, 5-й Зарічний, д.19",Kryvyi Rih,30.655725,1,1,1,0,701.0,701.0,1,11.6833,11.6833,100.0,100.0,0.0,EUR,2026-09-07
2026-09-08,200383,"VARUS, Вулиця Героїв полку Азов, 12",Kyiv,221.035105,18,13,2,5,701.0,701.0,1,11.6833,11.6833,100.0,15.38,27.78,EUR,2026-09-07
2026-09-08,200364,"VARUS, Донецьке шосcе 110",Dnipro,18.291,1,1,0,0,701.0,701.0,1,11.6833,11.6833,100.0,0.0,0.0,EUR,2026-09-07
2026-09-08,200356,"VARUS, Донецьке шосcе 9а",Dnipro,14.372979,3,3,1,0,701.0,701.0,1,11.6833,11.6833,100.0,33.33,0.0,EUR,2026-09-07
2026-09-08,200400,"VARUS, Люстдорфська дорога 114",Odesa,0.0,0,0,0,0,701.0,701.0,1,11.6833,11.6833,100.0,,,EUR,2026-09-07
2026-09-08,200392,"VARUS, Площа Шахтарської Слави 1",Kryvyi Rih,90.907808,7,7,0,0,701.0,701.0,1,11.6833,11.6833,100.0,0.0,0.0,EUR,2026-09-07
2026-09-08,200374,"VARUS, Проспект Червоної Калини 44A",Kyiv,172.368748,14,7,4,7,701.0,701.0,1,11.6833,11.6833,100.0,57.14,50.0,EUR,2026-09-07
2026-09-08,200365,"VARUS, Північно-Кільцева вулиця, 10а,",Zaporizhia,96.812024,6,5,2,1,701.0,701.0,1,11.6833,11.6833,100.0,40.0,16.67,EUR,2026-09-07
2026-09-08,200385,"VARUS, Харківське Шосе 160",Kyiv,262.931949,15,15,1,0,701.0,701.0,1,11.6833,11.6833,100.0,6.67,0.0,EUR,2026-09-07
2026-09-08,200358,"VARUS, бул. Європейський 1Д",Dnipro,56.188941,4,4,0,0,661.0,661.0,1,11.0167,11.0167,100.0,0.0,0.0,EUR,2026-09-07
2026-09-08,200372,"VARUS, бул.Будівельників 27а",Kamianske,0.0,1,0,0,1,601.0,601.0,1,10.0167,10.0167,100.0,,100.0,EUR,2026-09-07
2026-09-08,200355,"VARUS, вул Березинская 23а",Dnipro,96.110038,6,5,1,1,701.0,701.0,1,11.6833,11.6833,100.0,20.0,16.67,EUR,2026-09-07
2026-09-08,200393,"VARUS, вул. 200 річчя Кривого Рогу",Kryvyi Rih,66.87164,5,5,0,0,701.0,701.0,1,11.6833,11.6833,100.0,0.0,0.0,EUR,2026-09-07
2026-09-08,200397,"VARUS, вул. Івана Авраменко 21В",Kryvyi Rih,56.786638,7,7,0,0,701.0,701.0,1,11.6833,11.6833,100.0,0.0,0.0,EUR,2026-09-07
2026-09-08,200376,"VARUS, вул. Волинська 37",Kyiv,0.0,0,0,0,0,0.0,44.733333333333334,1,0.0,0.7456,0.0,,,EUR,2026-09-07
2026-09-08,200401,"VARUS, вул. Дача Ковалевського 91",Odesa,0.0,0,0,0,0,701.0,701.0,1,11.6833,11.6833,100.0,,,EUR,2026-09-07
2026-09-08,200378,"VARUS, вул. Деміївська 27",Kyiv,454.190167,23,22,2,1,701.0,701.0,1,11.6833,11.6833,100.0,9.09,4.35,EUR,2026-09-07
2026-09-08,200387,"VARUS, вул. Драгаманова 40г",Kyiv,66.490655,5,5,1,0,701.0,701.0,1,11.6833,11.6833,100.0,20.0,0.0,EUR,2026-09-07
2026-09-08,200391,"VARUS, вул. Жилянська 59",Kyiv,0.0,0,0,0,0,0.0,0.0,1,0.0,0.0,,,,EUR,2026-09-07
2026-09-08,200384,"VARUS, вул. Костянтинівська 2А",Kyiv,0.0,0,0,0,0,0.0,701.0,1,0.0,11.6833,0.0,,,EUR,2026-09-07
2026-09-08,200388,"VARUS, вул. Лесі Українки 30",Kyiv,269.084996,13,13,1,0,601.0,601.0,1,10.0167,10.0167,100.0,7.69,0.0,EUR,2026-09-07
2026-09-08,200398,"VARUS, вул. Недєліна 43",Kryvyi Rih,0.0,0,0,0,0,701.0,701.0,1,11.6833,11.6833,100.0,,,EUR,2026-09-07
2026-09-08,200371,"VARUS, вул. Ольги Кобилянської 1В/23",Irpin,278.920195,20,20,1,0,701.0,701.0,1,11.6833,11.6833,100.0,5.0,0.0,EUR,2026-09-07
2026-09-08,200351,"VARUS, вул. Паникахи 15",Dnipro,0.0,2,0,0,2,119.95000813802083,701.0,1,1.9992,11.6833,17.11,,100.0,EUR,2026-09-07
2026-09-08,200403,"VARUS, вул. Соборна 97А",Pavlohrad,17.856031,1,1,0,0,641.0,641.0,1,10.6833,10.6833,100.0,0.0,0.0,EUR,2026-09-07
2026-09-08,200389,"VARUS, вул. Срібнокільска 11",Kyiv,117.790629,6,5,2,1,721.0,721.0,1,12.0167,12.0167,100.0,40.0,16.67,EUR,2026-09-07
2026-09-08,4822490,"VARUS, вул. Таращанська 191а",Bila Tserkva,0.0,0,0,0,0,701.0,701.0,1,11.6833,11.6833,100.0,,,EUR,2026-09-07
2026-09-08,200381,"VARUS, вул. Тютюника 39-А",Kyiv,533.680978,43,38,11,5,701.0,701.0,1,11.6833,11.6833,100.0,28.95,11.63,EUR,2026-09-07
2026-09-08,200366,"VARUS, вул. Яценка 2",Zaporizhia,0.0,0,0,0,0,0.0,0.0,1,0.0,0.0,,,,EUR,2026-09-07
2026-09-08,200352,"VARUS, вул.20річчя Перемоги  43Д",Dnipro,0.0,0,0,0,0,701.0,701.0,1,11.6833,11.6833,100.0,,,EUR,2026-09-07
2026-09-08,200375,"VARUS, вул.Андрія Малишко,3",Kyiv,16.727391,17,1,0,16,455.5,701.0,1,7.5917,11.6833,64.98,0.0,94.12,EUR,2026-09-07
2026-09-08,200379,"VARUS, вул.Бажана 10-А",Kyiv,69.151171,4,3,1,1,701.0,701.0,1,11.6833,11.6833,100.0,33.33,25.0,EUR,2026-09-07
2026-09-08,200382,"VARUS, вул.Васильківска 34",Kyiv,0.0,0,0,0,0,0.0,0.0,1,0.0,0.0,,,,EUR,2026-09-07
2026-09-08,200386,"VARUS, вул.Вишгородска 45а",Kyiv,224.473074,14,12,1,2,661.0,661.0,1,11.0167,11.0167,100.0,8.33,14.29,EUR,2026-09-07
2026-09-08,200350,"VARUS, вул.Глинки 2",Dnipro,198.175561,18,15,6,3,701.0,701.0,1,11.6833,11.6833,100.0,40.0,16.67,EUR,2026-09-07
2026-09-08,200349,"VARUS, вул.Дніпровская 1",Vyshhorod,83.147807,7,7,2,0,701.0,701.0,1,11.6833,11.6833,100.0,28.57,0.0,EUR,2026-09-07
2026-09-08,200354,"VARUS, вул.Калиновая 9А",Dnipro,108.899862,9,8,1,1,701.0,701.0,1,11.6833,11.6833,100.0,12.5,11.11,EUR,2026-09-07
2026-09-08,200348,"VARUS, вул.Київська 239",Brovary,154.147795,13,13,1,0,701.0,701.0,1,11.6833,11.6833,100.0,7.69,0.0,EUR,2026-09-07
2026-09-08,200353,"VARUS, вул.Коммунарівська буд. 8",Dnipro,25.792883,3,2,0,1,701.0,701.0,1,11.6833,11.6833,100.0,0.0,33.33,EUR,2026-09-07
2026-09-08,200361,"VARUS, вул.Марії Кюрі 5",Dnipro,387.566969,28,27,2,1,701.0,701.0,1,11.6833,11.6833,100.0,7.41,3.57,EUR,2026-09-07
2026-09-08,200370,"VARUS, вул.Незалежної України 57В",Zaporizhia,258.542772,19,18,3,1,701.0,701.0,1,11.6833,11.6833,100.0,16.67,5.26,EUR,2026-09-07
2026-09-08,200404,"VARUS, вул.Нова 2В",Pavlohrad,50.212163,4,4,0,0,641.0,641.0,1,10.6833,10.6833,100.0,0.0,0.0,EUR,2026-09-07
2026-09-08,200363,"VARUS, вул.Робоча 67",Dnipro,116.796469,13,11,5,2,701.0,701.0,1,11.6833,11.6833,100.0,45.45,15.38,EUR,2026-09-07
2026-09-08,200369,"VARUS, вул.Тараса Шевченка 7",Kamianske,11.145144,1,1,0,0,601.0,601.0,1,10.0167,10.0167,100.0,0.0,0.0,EUR,2026-09-07
2026-09-08,200395,"VARUS, вул.Терещенко 1Е",Kryvyi Rih,0.0,0,0,0,0,701.0,701.0,1,11.6833,11.6833,100.0,,,EUR,2026-09-07
2026-09-08,200402,"VARUS, вул.Французький бульвар 22",Odesa,17.528642,2,2,1,0,701.0,701.0,1,11.6833,11.6833,100.0,50.0,0.0,EUR,2026-09-07
2026-09-08,200396,"VARUS, мкр Сонячний 41а",Kryvyi Rih,15.245435,1,1,0,0,701.0,701.0,1,11.6833,11.6833,100.0,0.0,0.0,EUR,2026-09-07
2026-09-08,200362,"VARUS, пр. Івана Мазепи, 58",Dnipro,50.550969,4,4,0,0,701.0,701.0,1,11.6833,11.6833,100.0,0.0,0.0,EUR,2026-09-07
2026-09-08,200373,"VARUS, пр. Академіка Паладіна 16/39",Kyiv,531.871826,23,23,1,0,701.0,701.0,1,11.6833,11.6833,100.0,4.35,0.0,EUR,2026-09-07
2026-09-08,200368,"VARUS, пр. Героїв 2",Dnipro,169.937908,13,12,1,1,701.0,701.0,1,11.6833,11.6833,100.0,8.33,7.69,EUR,2026-09-07
2026-09-08,200408,"VARUS, пр. Гуляєва полковника ж.м. ""Дружний"" буд. 107/1",Odesa,63.161233,5,3,2,2,701.0,701.0,1,11.6833,11.6833,100.0,66.67,40.0,EUR,2026-09-07
2026-09-08,200399,"VARUS, пр. Добровольського 122/1",Odesa,21.306382,1,1,0,0,701.0,701.0,1,11.6833,11.6833,100.0,0.0,0.0,EUR,2026-09-07
2026-09-08,862701,"VARUS, пр. Коцюбинського, 70",Vinnytsia,312.465145,25,22,0,3,701.0,701.0,1,11.6833,11.6833,100.0,0.0,12.0,EUR,2026-09-07
2026-09-08,200394,"VARUS, пр. Металургів 42А",Kryvyi Rih,154.612948,12,12,0,0,701.0,701.0,1,11.6833,11.6833,100.0,0.0,0.0,EUR,2026-09-07
2026-09-08,200380,"VARUS, пр. Миколи Бажана 38",Kyiv,121.083672,9,8,1,1,701.0,701.0,1,11.6833,11.6833,100.0,12.5,11.11,EUR,2026-09-07
2026-09-08,200359,"VARUS, пр. О. Поля, 104а",Dnipro,0.0,0,0,0,0,0.0,0.0,1,0.0,0.0,,,,EUR,2026-09-07
2026-09-08,198953,"VARUS, пр. Олександра Поля, 104",Dnipro,128.163546,8,8,4,0,701.0,701.0,1,11.6833,11.6833,100.0,50.0,0.0,EUR,2026-09-07
2026-09-08,200357,"VARUS, пр.Науки 8а",Dnipro,0.0,2,0,0,2,85.46666666666667,701.0,1,1.4244,11.6833,12.19,,100.0,EUR,2026-09-07
2026-09-08,200377,"VARUS, пр.Оболонський 47/42",Kyiv,22.064677,3,3,0,0,701.0,701.0,1,11.6833,11.6833,100.0,0.0,0.0,EUR,2026-09-07
2026-09-08,200360,"VARUS, проспект Слобожанський 86",Dnipro,187.129488,13,13,3,0,701.0,701.0,1,11.6833,11.6833,100.0,23.08,0.0,EUR,2026-09-07
2026-09-09,200367,"VARUS вул.Петра Сагайдачного, 7",Zaporizhia,21.303761,2,2,0,0,570.7666666666667,700.5,1,9.5128,11.675,81.48,0.0,0.0,EUR,2026-09-07
2026-09-09,200390,"VARUS, 5-й Зарічний, д.19",Kryvyi Rih,0.0,1,0,0,1,700.5,700.5,1,11.675,11.675,100.0,,100.0,EUR,2026-09-07
2026-09-09,200383,"VARUS, Вулиця Героїв полку Азов, 12",Kyiv,179.866688,11,10,1,1,700.5,700.5,1,11.675,11.675,100.0,10.0,9.09,EUR,2026-09-07
2026-09-09,200364,"VARUS, Донецьке шосcе 110",Dnipro,6.223094,1,1,0,0,700.5,700.5,1,11.675,11.675,100.0,0.0,0.0,EUR,2026-09-07
2026-09-09,200356,"VARUS, Донецьке шосcе 9а",Dnipro,0.0,0,0,0,0,700.5,700.5,1,11.675,11.675,100.0,,,EUR,2026-09-07
2026-09-09,200400,"VARUS, Люстдорфська дорога 114",Odesa,0.0,0,0,0,0,700.5,700.5,1,11.675,11.675,100.0,,,EUR,2026-09-07
2026-09-09,200392,"VARUS, Площа Шахтарської Слави 1",Kryvyi Rih,145.499946,10,10,2,0,700.5,700.5,1,11.675,11.675,100.0,20.0,0.0,EUR,2026-09-07
2026-09-09,200374,"VARUS, Проспект Червоної Калини 44A",Kyiv,100.146598,10,8,4,2,700.5,700.5,1,11.675,11.675,100.0,50.0,20.0,EUR,2026-09-07
2026-09-09,200365,"VARUS, Північно-Кільцева вулиця, 10а,",Zaporizhia,172.966381,13,9,2,4,700.5,700.5,1,11.675,11.675,100.0,22.22,30.77,EUR,2026-09-07
2026-09-09,200385,"VARUS, Харківське Шосе 160",Kyiv,192.183128,13,13,0,0,700.5,700.5,1,11.675,11.675,100.0,0.0,0.0,EUR,2026-09-07
2026-09-09,200358,"VARUS, бул. Європейський 1Д",Dnipro,62.877167,5,5,0,0,660.5,660.5,1,11.0083,11.0083,100.0,0.0,0.0,EUR,2026-09-07
2026-09-09,200372,"VARUS, бул.Будівельників 27а",Kamianske,0.0,0,0,0,0,600.5,600.5,1,10.0083,10.0083,100.0,,,EUR,2026-09-07
2026-09-09,200355,"VARUS, вул Березинская 23а",Dnipro,123.0726,8,8,3,0,700.5,700.5,1,11.675,11.675,100.0,37.5,0.0,EUR,2026-09-07
2026-09-09,200393,"VARUS, вул. 200 річчя Кривого Рогу",Kryvyi Rih,40.982371,2,2,0,0,700.5,700.5,1,11.675,11.675,100.0,0.0,0.0,EUR,2026-09-07
2026-09-09,200397,"VARUS, вул. Івана Авраменко 21В",Kryvyi Rih,162.750514,7,7,1,0,700.5,700.5,1,11.675,11.675,100.0,14.29,0.0,EUR,2026-09-07
2026-09-09,200376,"VARUS, вул. Волинська 37",Kyiv,0.0,0,0,0,0,0.0,0.0,1,0.0,0.0,,,,EUR,2026-09-07
2026-09-09,200401,"VARUS, вул. Дача Ковалевського 91",Odesa,0.0,0,0,0,0,700.5,700.5,1,11.675,11.675,100.0,,,EUR,2026-09-07
2026-09-09,200378,"VARUS, вул. Деміївська 27",Kyiv,285.332595,18,17,5,1,700.5,700.5,1,11.675,11.675,100.0,29.41,5.56,EUR,2026-09-07
2026-09-09,200387,"VARUS, вул. Драгаманова 40г",Kyiv,38.425548,3,2,1,1,700.5,700.5,1,11.675,11.675,100.0,50.0,33.33,EUR,2026-09-07
2026-09-09,200391,"VARUS, вул. Жилянська 59",Kyiv,138.247772,12,12,5,0,400.5,400.5,1,6.675,6.675,100.0,41.67,0.0,EUR,2026-09-07
2026-09-09,200384,"VARUS, вул. Костянтинівська 2А",Kyiv,0.0,0,0,0,0,0.0,700.5,1,0.0,11.675,0.0,,,EUR,2026-09-07
2026-09-09,200388,"VARUS, вул. Лесі Українки 30",Kyiv,39.87699,3,3,1,0,600.5,600.5,1,10.0083,10.0083,100.0,33.33,0.0,EUR,2026-09-07
2026-09-09,200398,"VARUS, вул. Недєліна 43",Kryvyi Rih,0.0,0,0,0,0,700.5,700.5,1,11.675,11.675,100.0,,,EUR,2026-09-07
2026-09-09,200371,"VARUS, вул. Ольги Кобилянської 1В/23",Irpin,231.246771,15,15,2,0,700.5,700.5,1,11.675,11.675,100.0,13.33,0.0,EUR,2026-09-07
2026-09-09,200351,"VARUS, вул. Паникахи 15",Dnipro,8.516934,3,1,1,2,570.9166666666666,700.5,1,9.5153,11.675,81.5,100.0,66.67,EUR,2026-09-07
2026-09-09,200403,"VARUS, вул. Соборна 97А",Pavlohrad,23.883048,2,2,1,0,640.5,640.5,1,10.675,10.675,100.0,50.0,0.0,EUR,2026-09-07
2026-09-09,200389,"VARUS, вул. Срібнокільска 11",Kyiv,217.550928,10,10,2,0,720.5,720.5,1,12.0083,12.0083,100.0,20.0,0.0,EUR,2026-09-07
2026-09-09,4822490,"VARUS, вул. Таращанська 191а",Bila Tserkva,32.307609,4,2,0,2,657.1333333333333,700.5,1,10.9522,11.675,93.81,0.0,50.0,EUR,2026-09-07
2026-09-09,200381,"VARUS, вул. Тютюника 39-А",Kyiv,295.642961,32,25,3,7,700.5,700.5,1,11.675,11.675,100.0,12.0,21.88,EUR,2026-09-07
2026-09-09,200366,"VARUS, вул. Яценка 2",Zaporizhia,54.710555,4,3,0,1,509.48333333333335,524.5166666666667,1,8.4914,8.7419,97.13,0.0,25.0,EUR,2026-09-07
2026-09-09,200352,"VARUS, вул.20річчя Перемоги  43Д",Dnipro,0.0,0,0,0,0,700.5,700.5,1,11.675,11.675,100.0,,,EUR,2026-09-07
2026-09-09,200375,"VARUS, вул.Андрія Малишко,3",Kyiv,82.410149,12,4,1,8,570.8333333333334,700.5,1,9.5139,11.675,81.49,25.0,66.67,EUR,2026-09-07
2026-09-09,200379,"VARUS, вул.Бажана 10-А",Kyiv,41.137102,1,1,0,0,700.5,700.5,1,11.675,11.675,100.0,0.0,0.0,EUR,2026-09-07
2026-09-09,200382,"VARUS, вул.Васильківска 34",Kyiv,0.0,0,0,0,0,0.0,0.0,1,0.0,0.0,,,,EUR,2026-09-07
2026-09-09,200386,"VARUS, вул.Вишгородска 45а",Kyiv,236.301933,16,15,2,1,660.5,660.5,1,11.0083,11.0083,100.0,13.33,6.25,EUR,2026-09-07
2026-09-09,200350,"VARUS, вул.Глинки 2",Dnipro,186.349669,20,12,4,8,700.5,700.5,1,11.675,11.675,100.0,33.33,40.0,EUR,2026-09-07
2026-09-09,200349,"VARUS, вул.Дніпровская 1",Vyshhorod,139.529574,9,9,1,0,700.5,700.5,1,11.675,11.675,100.0,11.11,0.0,EUR,2026-09-07
2026-09-09,200354,"VARUS, вул.Калиновая 9А",Dnipro,152.894074,8,7,0,1,700.5,700.5,1,11.675,11.675,100.0,0.0,12.5,EUR,2026-09-07
2026-09-09,200348,"VARUS, вул.Київська 239",Brovary,153.626474,14,14,1,0,700.5,700.5,1,11.675,11.675,100.0,7.14,0.0,EUR,2026-09-07
2026-09-09,200353,"VARUS, вул.Коммунарівська буд. 8",Dnipro,86.404664,9,8,0,1,700.5,700.5,1,11.675,11.675,100.0,0.0,11.11,EUR,2026-09-07
2026-09-09,200361,"VARUS, вул.Марії Кюрі 5",Dnipro,265.715175,34,19,2,15,700.5,700.5,1,11.675,11.675,100.0,10.53,44.12,EUR,2026-09-07
2026-09-09,200370,"VARUS, вул.Незалежної України 57В",Zaporizhia,175.873914,9,9,0,0,700.5,700.5,1,11.675,11.675,100.0,0.0,0.0,EUR,2026-09-07
2026-09-09,200404,"VARUS, вул.Нова 2В",Pavlohrad,68.413561,4,4,0,0,640.5,640.5,1,10.675,10.675,100.0,0.0,0.0,EUR,2026-09-07
2026-09-09,200363,"VARUS, вул.Робоча 67",Dnipro,254.400706,16,15,3,1,700.5,700.5,1,11.675,11.675,100.0,20.0,6.25,EUR,2026-09-07
2026-09-09,200369,"VARUS, вул.Тараса Шевченка 7",Kamianske,0.0,1,0,0,1,600.5,600.5,1,10.0083,10.0083,100.0,,100.0,EUR,2026-09-07
2026-09-09,200395,"VARUS, вул.Терещенко 1Е",Kryvyi Rih,0.0,0,0,0,0,700.5,700.5,1,11.675,11.675,100.0,,,EUR,2026-09-07
2026-09-09,200402,"VARUS, вул.Французький бульвар 22",Odesa,96.341088,7,5,0,2,700.5,700.5,1,11.675,11.675,100.0,0.0,28.57,EUR,2026-09-07
2026-09-09,200396,"VARUS, мкр Сонячний 41а",Kryvyi Rih,12.01976,1,1,0,0,700.5,700.5,1,11.675,11.675,100.0,0.0,0.0,EUR,2026-09-07
2026-09-09,200362,"VARUS, пр. Івана Мазепи, 58",Dnipro,30.049402,3,3,0,0,700.5,700.5,1,11.675,11.675,100.0,0.0,0.0,EUR,2026-09-07
2026-09-09,200373,"VARUS, пр. Академіка Паладіна 16/39",Kyiv,448.802152,25,22,3,3,700.5,700.5,1,11.675,11.675,100.0,13.64,12.0,EUR,2026-09-07
2026-09-09,200368,"VARUS, пр. Героїв 2",Dnipro,165.054426,12,12,1,0,700.5,700.5,1,11.675,11.675,100.0,8.33,0.0,EUR,2026-09-07
2026-09-09,200408,"VARUS, пр. Гуляєва полковника ж.м. ""Дружний"" буд. 107/1",Odesa,36.993472,5,4,0,1,700.5,700.5,1,11.675,11.675,100.0,0.0,20.0,EUR,2026-09-07
2026-09-09,200399,"VARUS, пр. Добровольського 122/1",Odesa,43.907138,3,3,0,0,700.5,700.5,1,11.675,11.675,100.0,0.0,0.0,EUR,2026-09-07
2026-09-09,862701,"VARUS, пр. Коцюбинського, 70",Vinnytsia,399.628373,25,24,3,1,700.5,700.5,1,11.675,11.675,100.0,12.5,4.0,EUR,2026-09-07
2026-09-09,200394,"VARUS, пр. Металургів 42А",Kryvyi Rih,43.790752,4,4,1,0,700.5,700.5,1,11.675,11.675,100.0,25.0,0.0,EUR,2026-09-07
2026-09-09,200380,"VARUS, пр. Миколи Бажана 38",Kyiv,51.142272,4,3,0,1,700.5,700.5,1,11.675,11.675,100.0,0.0,25.0,EUR,2026-09-07
2026-09-09,200359,"VARUS, пр. О. Поля, 104а",Dnipro,0.0,0,0,0,0,0.0,0.0,1,0.0,0.0,,,,EUR,2026-09-07
2026-09-09,198953,"VARUS, пр. Олександра Поля, 104",Dnipro,73.37364,6,5,2,1,700.5,700.5,1,11.675,11.675,100.0,40.0,16.67,EUR,2026-09-07
2026-09-09,200357,"VARUS, пр.Науки 8а",Dnipro,63.112069,7,5,0,2,570.9833333333333,700.5,1,9.5164,11.675,81.51,0.0,28.57,EUR,2026-09-07
2026-09-09,200377,"VARUS, пр.Оболонський 47/42",Kyiv,107.114488,6,6,1,0,700.5,700.5,1,11.675,11.675,100.0,16.67,0.0,EUR,2026-09-07
2026-09-09,200360,"VARUS, проспект Слобожанський 86",Dnipro,172.991558,12,12,1,0,700.5,700.5,1,11.675,11.675,100.0,8.33,0.0,EUR,2026-09-07
2026-09-10,200367,"VARUS вул.Петра Сагайдачного, 7",Zaporizhia,39.201585,5,5,0,0,701.0,701.0,1,11.6833,11.6833,100.0,0.0,0.0,EUR,2026-09-07
2026-09-10,200390,"VARUS, 5-й Зарічний, д.19",Kryvyi Rih,13.587482,1,1,0,0,701.0,701.0,1,11.6833,11.6833,100.0,0.0,0.0,EUR,2026-09-07
2026-09-10,200383,"VARUS, Вулиця Героїв полку Азов, 12",Kyiv,78.432213,9,6,0,3,701.0,701.0,1,11.6833,11.6833,100.0,0.0,33.33,EUR,2026-09-07
2026-09-10,200364,"VARUS, Донецьке шосcе 110",Dnipro,59.580694,3,3,0,0,701.0,701.0,1,11.6833,11.6833,100.0,0.0,0.0,EUR,2026-09-07
2026-09-10,200356,"VARUS, Донецьке шосcе 9а",Dnipro,24.824536,2,2,0,0,701.0,701.0,1,11.6833,11.6833,100.0,0.0,0.0,EUR,2026-09-07
2026-09-10,200400,"VARUS, Люстдорфська дорога 114",Odesa,0.0,0,0,0,0,701.0,701.0,1,11.6833,11.6833,100.0,,,EUR,2026-09-07
2026-09-10,200392,"VARUS, Площа Шахтарської Слави 1",Kryvyi Rih,163.835127,13,11,1,2,701.0,701.0,1,11.6833,11.6833,100.0,9.09,15.38,EUR,2026-09-07
2026-09-10,200374,"VARUS, Проспект Червоної Калини 44A",Kyiv,224.332715,16,16,2,0,701.0,701.0,1,11.6833,11.6833,100.0,12.5,0.0,EUR,2026-09-07
2026-09-10,200365,"VARUS, Північно-Кільцева вулиця, 10а,",Zaporizhia,204.116714,6,6,1,0,701.0,701.0,1,11.6833,11.6833,100.0,16.67,0.0,EUR,2026-09-07
2026-09-10,200385,"VARUS, Харківське Шосе 160",Kyiv,170.167244,9,9,1,0,701.0,701.0,1,11.6833,11.6833,100.0,11.11,0.0,EUR,2026-09-07
2026-09-10,200358,"VARUS, бул. Європейський 1Д",Dnipro,172.215309,14,12,3,2,661.0,661.0,1,11.0167,11.0167,100.0,25.0,14.29,EUR,2026-09-07
2026-09-10,200372,"VARUS, бул.Будівельників 27а",Kamianske,0.0,0,0,0,0,601.0,601.0,1,10.0167,10.0167,100.0,,,EUR,2026-09-07
2026-09-10,200355,"VARUS, вул Березинская 23а",Dnipro,167.258826,10,9,2,1,701.0,701.0,1,11.6833,11.6833,100.0,22.22,10.0,EUR,2026-09-07
2026-09-10,200393,"VARUS, вул. 200 річчя Кривого Рогу",Kryvyi Rih,138.299113,8,8,1,0,701.0,701.0,1,11.6833,11.6833,100.0,12.5,0.0,EUR,2026-09-07
2026-09-10,200397,"VARUS, вул. Івана Авраменко 21В",Kryvyi Rih,8.66466,1,1,0,0,701.0,701.0,1,11.6833,11.6833,100.0,0.0,0.0,EUR,2026-09-07
2026-09-10,200376,"VARUS, вул. Волинська 37",Kyiv,0.0,0,0,0,0,0.0,0.0,1,0.0,0.0,,,,EUR,2026-09-07
2026-09-10,200401,"VARUS, вул. Дача Ковалевського 91",Odesa,0.0,0,0,0,0,701.0,701.0,1,11.6833,11.6833,100.0,,,EUR,2026-09-07
2026-09-10,200378,"VARUS, вул. Деміївська 27",Kyiv,253.291275,18,18,1,0,701.0,701.0,1,11.6833,11.6833,100.0,5.56,0.0,EUR,2026-09-07
2026-09-10,200387,"VARUS, вул. Драгаманова 40г",Kyiv,116.33837,6,6,1,0,701.0,701.0,1,11.6833,11.6833,100.0,16.67,0.0,EUR,2026-09-07
2026-09-10,200391,"VARUS, вул. Жилянська 59",Kyiv,418.968464,30,30,6,0,701.0,701.0,1,11.6833,11.6833,100.0,20.0,0.0,EUR,2026-09-07
2026-09-10,200384,"VARUS, вул. Костянтинівська 2А",Kyiv,0.0,0,0,0,0,0.0,701.0,1,0.0,11.6833,0.0,,,EUR,2026-09-07
2026-09-10,200388,"VARUS, вул. Лесі Українки 30",Kyiv,92.482857,6,5,3,1,601.0,601.0,1,10.0167,10.0167,100.0,60.0,16.67,EUR,2026-09-07
2026-09-10,200398,"VARUS, вул. Недєліна 43",Kryvyi Rih,0.0,0,0,0,0,701.0,701.0,1,11.6833,11.6833,100.0,,,EUR,2026-09-07
2026-09-10,200371,"VARUS, вул. Ольги Кобилянської 1В/23",Irpin,291.617315,19,19,2,0,701.0,701.0,1,11.6833,11.6833,100.0,10.53,0.0,EUR,2026-09-07
2026-09-10,200351,"VARUS, вул. Паникахи 15",Dnipro,0.0,3,0,0,3,51.333333333333336,701.0,1,0.8556,11.6833,7.32,,100.0,EUR,2026-09-07
2026-09-10,200403,"VARUS, вул. Соборна 97А",Pavlohrad,0.0,0,0,0,0,479.98333333333335,480.0,1,7.9997,8.0,100.0,,,EUR,2026-09-07
2026-09-10,200389,"VARUS, вул. Срібнокільска 11",Kyiv,121.629723,6,6,1,0,721.0,721.0,1,12.0167,12.0167,100.0,16.67,0.0,EUR,2026-09-07
2026-09-10,4822490,"VARUS, вул. Таращанська 191а",Bila Tserkva,68.329405,3,3,0,0,701.0,701.0,1,11.6833,11.6833,100.0,0.0,0.0,EUR,2026-09-07
2026-09-10,200381,"VARUS, вул. Тютюника 39-А",Kyiv,239.73649,18,16,0,2,701.0,701.0,1,11.6833,11.6833,100.0,0.0,11.11,EUR,2026-09-07
2026-09-10,200366,"VARUS, вул. Яценка 2",Zaporizhia,0.0,0,0,0,0,0.0,0.0,1,0.0,0.0,,,,EUR,2026-09-07
2026-09-10,200352,"VARUS, вул.20річчя Перемоги  43Д",Dnipro,0.0,0,0,0,0,701.0,701.0,1,11.6833,11.6833,100.0,,,EUR,2026-09-07
2026-09-10,200375,"VARUS, вул.Андрія Малишко,3",Kyiv,135.468019,13,8,1,5,701.0,701.0,1,11.6833,11.6833,100.0,12.5,38.46,EUR,2026-09-07
2026-09-10,200379,"VARUS, вул.Бажана 10-А",Kyiv,65.510236,5,5,0,0,701.0,701.0,1,11.6833,11.6833,100.0,0.0,0.0,EUR,2026-09-07
2026-09-10,200382,"VARUS, вул.Васильківска 34",Kyiv,0.0,9,0,0,9,330.96666666666664,446.0,1,5.5161,7.4333,74.21,,100.0,EUR,2026-09-07
2026-09-10,200386,"VARUS, вул.Вишгородска 45а",Kyiv,356.519745,21,19,1,2,661.0,661.0,1,11.0167,11.0167,100.0,5.26,9.52,EUR,2026-09-07
2026-09-10,200350,"VARUS, вул.Глинки 2",Dnipro,0.0,3,0,0,3,62.56666666666667,701.0,1,1.0428,11.6833,8.93,,100.0,EUR,2026-09-07
2026-09-10,200349,"VARUS, вул.Дніпровская 1",Vyshhorod,93.666534,4,4,0,0,701.0,701.0,1,11.6833,11.6833,100.0,0.0,0.0,EUR,2026-09-07
2026-09-10,200354,"VARUS, вул.Калиновая 9А",Dnipro,123.907443,9,7,0,2,701.0,701.0,1,11.6833,11.6833,100.0,0.0,22.22,EUR,2026-09-07
2026-09-10,200348,"VARUS, вул.Київська 239",Brovary,182.716073,15,15,0,0,701.0,701.0,1,11.6833,11.6833,100.0,0.0,0.0,EUR,2026-09-07
2026-09-10,200353,"VARUS, вул.Коммунарівська буд. 8",Dnipro,221.996901,14,12,2,2,701.0,701.0,1,11.6833,11.6833,100.0,16.67,14.29,EUR,2026-09-07
2026-09-10,200361,"VARUS, вул.Марії Кюрі 5",Dnipro,26.422134,5,1,0,4,75.43333333333334,701.0,1,1.2572,11.6833,10.76,0.0,80.0,EUR,2026-09-07
2026-09-10,200370,"VARUS, вул.Незалежної України 57В",Zaporizhia,276.501478,18,17,3,1,701.0,701.0,1,11.6833,11.6833,100.0,17.65,5.56,EUR,2026-09-07
2026-09-10,200404,"VARUS, вул.Нова 2В",Pavlohrad,94.928495,7,5,1,2,641.0,641.0,1,10.6833,10.6833,100.0,20.0,28.57,EUR,2026-09-07
2026-09-10,200363,"VARUS, вул.Робоча 67",Dnipro,0.0,1,0,0,1,27.516666666666666,701.0,1,0.4586,11.6833,3.93,,100.0,EUR,2026-09-07
2026-09-10,200369,"VARUS, вул.Тараса Шевченка 7",Kamianske,0.0,0,0,0,0,601.0,601.0,1,10.0167,10.0167,100.0,,,EUR,2026-09-07
2026-09-10,200395,"VARUS, вул.Терещенко 1Е",Kryvyi Rih,0.0,0,0,0,0,701.0,701.0,1,11.6833,11.6833,100.0,,,EUR,2026-09-07
2026-09-10,200402,"VARUS, вул.Французький бульвар 22",Odesa,19.944605,3,2,1,1,701.0,701.0,1,11.6833,11.6833,100.0,50.0,33.33,EUR,2026-09-07
2026-09-10,200396,"VARUS, мкр Сонячний 41а",Kryvyi Rih,19.981535,2,2,1,0,701.0,701.0,1,11.6833,11.6833,100.0,50.0,0.0,EUR,2026-09-07
2026-09-10,200362,"VARUS, пр. Івана Мазепи, 58",Dnipro,134.760771,9,9,1,0,701.0,701.0,1,11.6833,11.6833,100.0,11.11,0.0,EUR,2026-09-07
2026-09-10,200373,"VARUS, пр. Академіка Паладіна 16/39",Kyiv,551.179544,26,25,2,1,701.0,701.0,1,11.6833,11.6833,100.0,8.0,3.85,EUR,2026-09-07
2026-09-10,200368,"VARUS, пр. Героїв 2",Dnipro,351.777343,27,25,3,2,701.0,701.0,1,11.6833,11.6833,100.0,12.0,7.41,EUR,2026-09-07
2026-09-10,200408,"VARUS, пр. Гуляєва полковника ж.м. ""Дружний"" буд. 107/1",Odesa,35.428011,3,3,0,0,701.0,701.0,1,11.6833,11.6833,100.0,0.0,0.0,EUR,2026-09-07
2026-09-10,200399,"VARUS, пр. Добровольського 122/1",Odesa,14.950808,1,1,0,0,701.0,701.0,1,11.6833,11.6833,100.0,0.0,0.0,EUR,2026-09-07
2026-09-10,862701,"VARUS, пр. Коцюбинського, 70",Vinnytsia,574.808282,37,37,3,0,701.0,701.0,1,11.6833,11.6833,100.0,8.11,0.0,EUR,2026-09-07
2026-09-10,200394,"VARUS, пр. Металургів 42А",Kryvyi Rih,128.490202,8,8,3,0,701.0,701.0,1,11.6833,11.6833,100.0,37.5,0.0,EUR,2026-09-07
2026-09-10,200380,"VARUS, пр. Миколи Бажана 38",Kyiv,112.728479,3,3,0,0,701.0,701.0,1,11.6833,11.6833,100.0,0.0,0.0,EUR,2026-09-07
2026-09-10,200359,"VARUS, пр. О. Поля, 104а",Dnipro,0.0,0,0,0,0,0.0,0.0,1,0.0,0.0,,,,EUR,2026-09-07
2026-09-10,198953,"VARUS, пр. Олександра Поля, 104",Dnipro,247.819122,15,13,4,2,701.0,701.0,1,11.6833,11.6833,100.0,30.77,13.33,EUR,2026-09-07
2026-09-10,200357,"VARUS, пр.Науки 8а",Dnipro,284.46139,20,18,2,2,701.0,701.0,1,11.6833,11.6833,100.0,11.11,10.0,EUR,2026-09-07
2026-09-10,200377,"VARUS, пр.Оболонський 47/42",Kyiv,56.660159,7,7,0,0,701.0,701.0,1,11.6833,11.6833,100.0,0.0,0.0,EUR,2026-09-07
2026-09-10,200360,"VARUS, проспект Слобожанський 86",Dnipro,217.357402,18,18,1,0,701.0,701.0,1,11.6833,11.6833,100.0,5.56,0.0,EUR,2026-09-07
2026-09-11,200367,"VARUS вул.Петра Сагайдачного, 7",Zaporizhia,8.094189,7,2,0,5,701.0,701.0,1,11.6833,11.6833,100.0,0.0,71.43,EUR,2026-09-07
2026-09-11,200390,"VARUS, 5-й Зарічний, д.19",Kryvyi Rih,29.8192,2,2,1,0,701.0,701.0,1,11.6833,11.6833,100.0,50.0,0.0,EUR,2026-09-07
2026-09-11,200383,"VARUS, Вулиця Героїв полку Азов, 12",Kyiv,250.79891,16,13,4,3,701.0,701.0,1,11.6833,11.6833,100.0,30.77,18.75,EUR,2026-09-07
2026-09-11,200364,"VARUS, Донецьке шосcе 110",Dnipro,33.076271,3,3,0,0,701.0,701.0,1,11.6833,11.6833,100.0,0.0,0.0,EUR,2026-09-07
2026-09-11,200356,"VARUS, Донецьке шосcе 9а",Dnipro,10.532549,1,1,1,0,701.0,701.0,1,11.6833,11.6833,100.0,100.0,0.0,EUR,2026-09-07
2026-09-11,200400,"VARUS, Люстдорфська дорога 114",Odesa,0.0,0,0,0,0,701.0,701.0,1,11.6833,11.6833,100.0,,,EUR,2026-09-07
2026-09-11,200392,"VARUS, Площа Шахтарської Слави 1",Kryvyi Rih,169.635636,12,12,0,0,701.0,701.0,1,11.6833,11.6833,100.0,0.0,0.0,EUR,2026-09-07
2026-09-11,200374,"VARUS, Проспект Червоної Калини 44A",Kyiv,273.992695,13,13,1,0,701.0,701.0,1,11.6833,11.6833,100.0,7.69,0.0,EUR,2026-09-07
2026-09-11,200365,"VARUS, Північно-Кільцева вулиця, 10а,",Zaporizhia,73.541416,8,7,1,1,701.0,701.0,1,11.6833,11.6833,100.0,14.29,12.5,EUR,2026-09-07
2026-09-11,200385,"VARUS, Харківське Шосе 160",Kyiv,146.824743,11,10,2,1,701.0,701.0,1,11.6833,11.6833,100.0,20.0,9.09,EUR,2026-09-07
2026-09-11,200358,"VARUS, бул. Європейський 1Д",Dnipro,63.583202,7,5,2,2,661.0,661.0,1,11.0167,11.0167,100.0,40.0,28.57,EUR,2026-09-07
2026-09-11,200372,"VARUS, бул.Будівельників 27а",Kamianske,0.0,0,0,0,0,601.0,601.0,1,10.0167,10.0167,100.0,,,EUR,2026-09-07
2026-09-11,200355,"VARUS, вул Березинская 23а",Dnipro,65.005612,7,6,0,1,701.0,701.0,1,11.6833,11.6833,100.0,0.0,14.29,EUR,2026-09-07
2026-09-11,200393,"VARUS, вул. 200 річчя Кривого Рогу",Kryvyi Rih,18.252541,1,1,0,0,701.0,701.0,1,11.6833,11.6833,100.0,0.0,0.0,EUR,2026-09-07
2026-09-11,200397,"VARUS, вул. Івана Авраменко 21В",Kryvyi Rih,51.180446,5,5,0,0,701.0,701.0,1,11.6833,11.6833,100.0,0.0,0.0,EUR,2026-09-07
2026-09-11,200376,"VARUS, вул. Волинська 37",Kyiv,0.0,0,0,0,0,0.0,0.0,1,0.0,0.0,,,,EUR,2026-09-07
2026-09-11,200401,"VARUS, вул. Дача Ковалевського 91",Odesa,0.0,0,0,0,0,701.0,701.0,1,11.6833,11.6833,100.0,,,EUR,2026-09-07
2026-09-11,200378,"VARUS, вул. Деміївська 27",Kyiv,199.228619,11,11,2,0,701.0,701.0,1,11.6833,11.6833,100.0,18.18,0.0,EUR,2026-09-07
2026-09-11,200387,"VARUS, вул. Драгаманова 40г",Kyiv,94.939564,5,5,1,0,701.0,701.0,1,11.6833,11.6833,100.0,20.0,0.0,EUR,2026-09-07
2026-09-11,200391,"VARUS, вул. Жилянська 59",Kyiv,307.097557,23,21,8,2,701.0,701.0,1,11.6833,11.6833,100.0,38.1,8.7,EUR,2026-09-07
2026-09-11,200384,"VARUS, вул. Костянтинівська 2А",Kyiv,0.0,0,0,0,0,0.0,701.0,1,0.0,11.6833,0.0,,,EUR,2026-09-07
2026-09-11,200388,"VARUS, вул. Лесі Українки 30",Kyiv,91.719586,3,3,0,0,601.0,601.0,1,10.0167,10.0167,100.0,0.0,0.0,EUR,2026-09-07
2026-09-11,200398,"VARUS, вул. Недєліна 43",Kryvyi Rih,0.0,0,0,0,0,701.0,701.0,1,11.6833,11.6833,100.0,,,EUR,2026-09-07
2026-09-11,200371,"VARUS, вул. Ольги Кобилянської 1В/23",Irpin,156.34385,12,11,1,1,701.0,701.0,1,11.6833,11.6833,100.0,9.09,8.33,EUR,2026-09-07
2026-09-11,200351,"VARUS, вул. Паникахи 15",Dnipro,96.704677,6,5,0,1,588.2,701.0,1,9.8033,11.6833,83.91,0.0,16.67,EUR,2026-09-07
2026-09-11,200403,"VARUS, вул. Соборна 97А",Pavlohrad,0.0,0,0,0,0,0.0,0.0,1,0.0,0.0,,,,EUR,2026-09-07
2026-09-11,200389,"VARUS, вул. Срібнокільска 11",Kyiv,138.134584,7,7,3,0,721.0,721.0,1,12.0167,12.0167,100.0,42.86,0.0,EUR,2026-09-07
2026-09-11,4822490,"VARUS, вул. Таращанська 191а",Bila Tserkva,61.919121,4,4,2,0,701.0,701.0,1,11.6833,11.6833,100.0,50.0,0.0,EUR,2026-09-07
2026-09-11,200381,"VARUS, вул. Тютюника 39-А",Kyiv,310.264409,25,23,3,2,701.0,701.0,1,11.6833,11.6833,100.0,13.04,8.0,EUR,2026-09-07
2026-09-11,200366,"VARUS, вул. Яценка 2",Zaporizhia,0.0,0,0,0,0,0.0,0.0,1,0.0,0.0,,,,EUR,2026-09-07
2026-09-11,200352,"VARUS, вул.20річчя Перемоги  43Д",Dnipro,0.0,0,0,0,0,701.0,701.0,1,11.6833,11.6833,100.0,,,EUR,2026-09-07
2026-09-11,200375,"VARUS, вул.Андрія Малишко,3",Kyiv,116.722529,14,8,1,6,701.0,701.0,1,11.6833,11.6833,100.0,12.5,42.86,EUR,2026-09-07
2026-09-11,200379,"VARUS, вул.Бажана 10-А",Kyiv,25.387767,2,2,0,0,701.0,701.0,1,11.6833,11.6833,100.0,0.0,0.0,EUR,2026-09-07
2026-09-11,200382,"VARUS, вул.Васильківска 34",Kyiv,0.0,0,0,0,0,0.0,0.0,1,0.0,0.0,,,,EUR,2026-09-07
2026-09-11,200386,"VARUS, вул.Вишгородска 45а",Kyiv,322.021738,19,17,4,2,661.0,661.0,1,11.0167,11.0167,100.0,23.53,10.53,EUR,2026-09-07
2026-09-11,200350,"VARUS, вул.Глинки 2",Dnipro,0.0,3,0,0,3,81.73333333333333,205.01666666666668,1,1.3622,3.4169,39.87,,100.0,EUR,2026-09-07
2026-09-11,200349,"VARUS, вул.Дніпровская 1",Vyshhorod,101.376626,8,8,1,0,701.0,701.0,1,11.6833,11.6833,100.0,12.5,0.0,EUR,2026-09-07
2026-09-11,200354,"VARUS, вул.Калиновая 9А",Dnipro,68.981905,5,5,0,0,701.0,701.0,1,11.6833,11.6833,100.0,0.0,0.0,EUR,2026-09-07
2026-09-11,200348,"VARUS, вул.Київська 239",Brovary,110.599004,10,10,0,0,701.0,701.0,1,11.6833,11.6833,100.0,0.0,0.0,EUR,2026-09-07
2026-09-11,200353,"VARUS, вул.Коммунарівська буд. 8",Dnipro,58.021069,6,6,1,0,701.0,701.0,1,11.6833,11.6833,100.0,16.67,0.0,EUR,2026-09-07
2026-09-11,200361,"VARUS, вул.Марії Кюрі 5",Dnipro,432.857007,44,27,2,17,588.0666666666667,701.0,1,9.8011,11.6833,83.89,7.41,38.64,EUR,2026-09-07
2026-09-11,200370,"VARUS, вул.Незалежної України 57В",Zaporizhia,344.501324,19,19,0,0,701.0,701.0,1,11.6833,11.6833,100.0,0.0,0.0,EUR,2026-09-07
2026-09-11,200404,"VARUS, вул.Нова 2В",Pavlohrad,53.865115,5,5,1,0,641.0,641.0,1,10.6833,10.6833,100.0,20.0,0.0,EUR,2026-09-07
2026-09-11,200363,"VARUS, вул.Робоча 67",Dnipro,173.447723,14,11,1,3,588.2666666666667,701.0,1,9.8044,11.6833,83.92,9.09,21.43,EUR,2026-09-07
2026-09-11,200369,"VARUS, вул.Тараса Шевченка 7",Kamianske,60.81508,2,2,1,0,601.0,601.0,1,10.0167,10.0167,100.0,50.0,0.0,EUR,2026-09-07
2026-09-11,200395,"VARUS, вул.Терещенко 1Е",Kryvyi Rih,0.0,0,0,0,0,701.0,701.0,1,11.6833,11.6833,100.0,,,EUR,2026-09-07
2026-09-11,200402,"VARUS, вул.Французький бульвар 22",Odesa,24.277157,7,2,0,5,701.0,701.0,1,11.6833,11.6833,100.0,0.0,71.43,EUR,2026-09-07
2026-09-11,200396,"VARUS, мкр Сонячний 41а",Kryvyi Rih,30.013156,2,2,0,0,701.0,701.0,1,11.6833,11.6833,100.0,0.0,0.0,EUR,2026-09-07
2026-09-11,200362,"VARUS, пр. Івана Мазепи, 58",Dnipro,35.378824,3,3,0,0,701.0,701.0,1,11.6833,11.6833,100.0,0.0,0.0,EUR,2026-09-07
2026-09-11,200373,"VARUS, пр. Академіка Паладіна 16/39",Kyiv,492.937219,22,21,2,1,701.0,701.0,1,11.6833,11.6833,100.0,9.52,4.55,EUR,2026-09-07
2026-09-11,200368,"VARUS, пр. Героїв 2",Dnipro,377.572958,20,19,6,1,701.0,701.0,1,11.6833,11.6833,100.0,31.58,5.0,EUR,2026-09-07
2026-09-11,200408,"VARUS, пр. Гуляєва полковника ж.м. ""Дружний"" буд. 107/1",Odesa,84.344423,5,5,1,0,701.0,701.0,1,11.6833,11.6833,100.0,20.0,0.0,EUR,2026-09-07
2026-09-11,200399,"VARUS, пр. Добровольського 122/1",Odesa,34.481485,3,3,0,0,701.0,701.0,1,11.6833,11.6833,100.0,0.0,0.0,EUR,2026-09-07
2026-09-11,862701,"VARUS, пр. Коцюбинського, 70",Vinnytsia,442.816769,39,35,5,4,701.0,701.0,1,11.6833,11.6833,100.0,14.29,10.26,EUR,2026-09-07
2026-09-11,200394,"VARUS, пр. Металургів 42А",Kryvyi Rih,168.671457,14,14,0,0,701.0,701.0,1,11.6833,11.6833,100.0,0.0,0.0,EUR,2026-09-07
2026-09-11,200380,"VARUS, пр. Миколи Бажана 38",Kyiv,37.633272,4,3,0,1,701.0,701.0,1,11.6833,11.6833,100.0,0.0,25.0,EUR,2026-09-07
2026-09-11,200359,"VARUS, пр. О. Поля, 104а",Dnipro,0.0,0,0,0,0,0.0,0.0,1,0.0,0.0,,,,EUR,2026-09-07
2026-09-11,198953,"VARUS, пр. Олександра Поля, 104",Dnipro,26.531219,6,2,1,4,115.25,701.0,1,1.9208,11.6833,16.44,50.0,66.67,EUR,2026-09-07
2026-09-11,200357,"VARUS, пр.Науки 8а",Dnipro,284.210547,16,11,2,5,701.0,701.0,1,11.6833,11.6833,100.0,18.18,31.25,EUR,2026-09-07
2026-09-11,200377,"VARUS, пр.Оболонський 47/42",Kyiv,71.422197,10,8,2,2,701.0,701.0,1,11.6833,11.6833,100.0,25.0,20.0,EUR,2026-09-07
2026-09-11,200360,"VARUS, проспект Слобожанський 86",Dnipro,313.491728,18,18,0,0,701.0,701.0,1,11.6833,11.6833,100.0,0.0,0.0,EUR,2026-09-07
2026-09-12,200367,"VARUS вул.Петра Сагайдачного, 7",Zaporizhia,10.085522,7,2,0,5,701.0,701.0,1,11.6833,11.6833,100.0,0.0,71.43,EUR,2026-09-07
2026-09-12,200390,"VARUS, 5-й Зарічний, д.19",Kryvyi Rih,49.579729,11,3,1,8,701.0,701.0,1,11.6833,11.6833,100.0,33.33,72.73,EUR,2026-09-07
2026-09-12,200383,"VARUS, Вулиця Героїв полку Азов, 12",Kyiv,254.930905,13,11,3,2,701.0,701.0,1,11.6833,11.6833,100.0,27.27,15.38,EUR,2026-09-07
2026-09-12,200364,"VARUS, Донецьке шосcе 110",Dnipro,9.824145,1,1,1,0,701.0,701.0,1,11.6833,11.6833,100.0,100.0,0.0,EUR,2026-09-07
2026-09-12,200356,"VARUS, Донецьке шосcе 9а",Dnipro,9.704565,1,1,0,0,701.0,701.0,1,11.6833,11.6833,100.0,0.0,0.0,EUR,2026-09-07
2026-09-12,200400,"VARUS, Люстдорфська дорога 114",Odesa,0.0,0,0,0,0,701.0,701.0,1,11.6833,11.6833,100.0,,,EUR,2026-09-07
2026-09-12,200392,"VARUS, Площа Шахтарської Слави 1",Kryvyi Rih,257.56554,20,20,2,0,701.0,701.0,1,11.6833,11.6833,100.0,10.0,0.0,EUR,2026-09-07
2026-09-12,200374,"VARUS, Проспект Червоної Калини 44A",Kyiv,198.861959,14,11,2,3,701.0,701.0,1,11.6833,11.6833,100.0,18.18,21.43,EUR,2026-09-07
2026-09-12,200365,"VARUS, Північно-Кільцева вулиця, 10а,",Zaporizhia,111.407281,8,8,0,0,701.0,701.0,1,11.6833,11.6833,100.0,0.0,0.0,EUR,2026-09-07
2026-09-12,200385,"VARUS, Харківське Шосе 160",Kyiv,176.408453,12,12,3,0,701.0,701.0,1,11.6833,11.6833,100.0,25.0,0.0,EUR,2026-09-07
2026-09-12,200358,"VARUS, бул. Європейський 1Д",Dnipro,256.847287,21,20,1,1,661.0,661.0,1,11.0167,11.0167,100.0,5.0,4.76,EUR,2026-09-07
2026-09-12,200372,"VARUS, бул.Будівельників 27а",Kamianske,38.876601,1,1,0,0,601.0,601.0,1,10.0167,10.0167,100.0,0.0,0.0,EUR,2026-09-07
2026-09-12,200355,"VARUS, вул Березинская 23а",Dnipro,155.575752,13,12,1,1,701.0,701.0,1,11.6833,11.6833,100.0,8.33,7.69,EUR,2026-09-07
2026-09-12,200393,"VARUS, вул. 200 річчя Кривого Рогу",Kryvyi Rih,67.538633,11,6,1,5,701.0,701.0,1,11.6833,11.6833,100.0,16.67,45.45,EUR,2026-09-07
2026-09-12,200397,"VARUS, вул. Івана Авраменко 21В",Kryvyi Rih,95.153996,6,6,0,0,701.0,701.0,1,11.6833,11.6833,100.0,0.0,0.0,EUR,2026-09-07
2026-09-12,200376,"VARUS, вул. Волинська 37",Kyiv,0.0,0,0,0,0,0.0,0.0,1,0.0,0.0,,,,EUR,2026-09-07
2026-09-12,200401,"VARUS, вул. Дача Ковалевського 91",Odesa,0.0,0,0,0,0,701.0,701.0,1,11.6833,11.6833,100.0,,,EUR,2026-09-07
2026-09-12,200378,"VARUS, вул. Деміївська 27",Kyiv,632.578635,31,31,4,0,701.0,701.0,1,11.6833,11.6833,100.0,12.9,0.0,EUR,2026-09-07
2026-09-12,200387,"VARUS, вул. Драгаманова 40г",Kyiv,160.940649,12,11,1,1,701.0,701.0,1,11.6833,11.6833,100.0,9.09,8.33,EUR,2026-09-07
2026-09-12,200391,"VARUS, вул. Жилянська 59",Kyiv,137.474862,12,6,2,6,529.7333333333333,701.0,1,8.8289,11.6833,75.57,33.33,50.0,EUR,2026-09-07
2026-09-12,200384,"VARUS, вул. Костянтинівська 2А",Kyiv,0.0,0,0,0,0,0.0,701.0,1,0.0,11.6833,0.0,,,EUR,2026-09-07
2026-09-12,200388,"VARUS, вул. Лесі Українки 30",Kyiv,256.422864,15,15,3,0,601.0,601.0,1,10.0167,10.0167,100.0,20.0,0.0,EUR,2026-09-07
2026-09-12,200398,"VARUS, вул. Недєліна 43",Kryvyi Rih,0.0,0,0,0,0,701.0,701.0,1,11.6833,11.6833,100.0,,,EUR,2026-09-07
2026-09-12,200371,"VARUS, вул. Ольги Кобилянської 1В/23",Irpin,398.729046,18,18,3,0,701.0,701.0,1,11.6833,11.6833,100.0,16.67,0.0,EUR,2026-09-07
2026-09-12,200351,"VARUS, вул. Паникахи 15",Dnipro,12.736384,1,1,1,0,90.0,102.0,1,1.5,1.7,88.24,100.0,0.0,EUR,2026-09-07
2026-09-12,200403,"VARUS, вул. Соборна 97А",Pavlohrad,141.269176,6,6,1,0,641.0,641.0,1,10.6833,10.6833,100.0,16.67,0.0,EUR,2026-09-07
2026-09-12,200389,"VARUS, вул. Срібнокільска 11",Kyiv,246.182219,10,10,3,0,721.0,721.0,1,12.0167,12.0167,100.0,30.0,0.0,EUR,2026-09-07
2026-09-12,4822490,"VARUS, вул. Таращанська 191а",Bila Tserkva,69.856444,4,4,1,0,701.0,701.0,1,11.6833,11.6833,100.0,25.0,0.0,EUR,2026-09-07
2026-09-12,200381,"VARUS, вул. Тютюника 39-А",Kyiv,611.080224,48,41,11,7,701.0,701.0,1,11.6833,11.6833,100.0,26.83,14.58,EUR,2026-09-07
2026-09-12,200366,"VARUS, вул. Яценка 2",Zaporizhia,0.0,0,0,0,0,0.0,0.0,1,0.0,0.0,,,,EUR,2026-09-07
2026-09-12,200352,"VARUS, вул.20річчя Перемоги  43Д",Dnipro,0.0,0,0,0,0,701.0,701.0,1,11.6833,11.6833,100.0,,,EUR,2026-09-07
2026-09-12,200375,"VARUS, вул.Андрія Малишко,3",Kyiv,205.749521,15,10,4,5,701.0,701.0,1,11.6833,11.6833,100.0,40.0,33.33,EUR,2026-09-07
2026-09-12,200379,"VARUS, вул.Бажана 10-А",Kyiv,72.250373,4,4,2,0,701.0,701.0,1,11.6833,11.6833,100.0,50.0,0.0,EUR,2026-09-07
2026-09-12,200382,"VARUS, вул.Васильківска 34",Kyiv,0.0,0,0,0,0,0.0,0.0,1,0.0,0.0,,,,EUR,2026-09-07
2026-09-12,200386,"VARUS, вул.Вишгородска 45а",Kyiv,433.009042,26,23,1,3,661.0,661.0,1,11.0167,11.0167,100.0,4.35,11.54,EUR,2026-09-07
2026-09-12,200350,"VARUS, вул.Глинки 2",Dnipro,0.0,0,0,0,0,0.0,0.0,1,0.0,0.0,,,,EUR,2026-09-07
2026-09-12,200349,"VARUS, вул.Дніпровская 1",Vyshhorod,53.886173,5,5,1,0,701.0,701.0,1,11.6833,11.6833,100.0,20.0,0.0,EUR,2026-09-07
2026-09-12,200354,"VARUS, вул.Калиновая 9А",Dnipro,119.288971,11,9,1,2,701.0,701.0,1,11.6833,11.6833,100.0,11.11,18.18,EUR,2026-09-07
2026-09-12,200348,"VARUS, вул.Київська 239",Brovary,259.816709,20,15,4,5,701.0,701.0,1,11.6833,11.6833,100.0,26.67,25.0,EUR,2026-09-07
2026-09-12,200353,"VARUS, вул.Коммунарівська буд. 8",Dnipro,127.467966,10,9,1,1,701.0,701.0,1,11.6833,11.6833,100.0,11.11,10.0,EUR,2026-09-07
2026-09-12,200361,"VARUS, вул.Марії Кюрі 5",Dnipro,772.99722,54,51,5,3,701.0,701.0,1,11.6833,11.6833,100.0,9.8,5.56,EUR,2026-09-07
2026-09-12,200370,"VARUS, вул.Незалежної України 57В",Zaporizhia,387.18306,23,23,7,0,701.0,701.0,1,11.6833,11.6833,100.0,30.43,0.0,EUR,2026-09-07
2026-09-12,200404,"VARUS, вул.Нова 2В",Pavlohrad,25.464848,2,2,1,0,641.0,641.0,1,10.6833,10.6833,100.0,50.0,0.0,EUR,2026-09-07
2026-09-12,200363,"VARUS, вул.Робоча 67",Dnipro,233.215365,18,15,3,3,701.0,701.0,1,11.6833,11.6833,100.0,20.0,16.67,EUR,2026-09-07
2026-09-12,200369,"VARUS, вул.Тараса Шевченка 7",Kamianske,0.0,1,0,0,1,601.0,601.0,1,10.0167,10.0167,100.0,,100.0,EUR,2026-09-07
2026-09-12,200395,"VARUS, вул.Терещенко 1Е",Kryvyi Rih,0.0,0,0,0,0,701.0,701.0,1,11.6833,11.6833,100.0,,,EUR,2026-09-07
2026-09-12,200402,"VARUS, вул.Французький бульвар 22",Odesa,45.803768,4,4,2,0,701.0,701.0,1,11.6833,11.6833,100.0,50.0,0.0,EUR,2026-09-07
2026-09-12,200396,"VARUS, мкр Сонячний 41а",Kryvyi Rih,31.788317,3,2,1,1,701.0,701.0,1,11.6833,11.6833,100.0,50.0,33.33,EUR,2026-09-07
2026-09-12,200362,"VARUS, пр. Івана Мазепи, 58",Dnipro,48.066911,5,4,1,1,701.0,701.0,1,11.6833,11.6833,100.0,25.0,20.0,EUR,2026-09-07
2026-09-12,200373,"VARUS, пр. Академіка Паладіна 16/39",Kyiv,335.987347,23,21,2,2,701.0,701.0,1,11.6833,11.6833,100.0,9.52,8.7,EUR,2026-09-07
2026-09-12,200368,"VARUS, пр. Героїв 2",Dnipro,22.480744,3,3,1,0,90.0,132.0,1,1.5,2.2,68.18,33.33,0.0,EUR,2026-09-07
2026-09-12,200408,"VARUS, пр. Гуляєва полковника ж.м. ""Дружний"" буд. 107/1",Odesa,94.146738,7,7,0,0,701.0,701.0,1,11.6833,11.6833,100.0,0.0,0.0,EUR,2026-09-07
2026-09-12,200399,"VARUS, пр. Добровольського 122/1",Odesa,50.99924,4,4,0,0,701.0,701.0,1,11.6833,11.6833,100.0,0.0,0.0,EUR,2026-09-07
2026-09-12,862701,"VARUS, пр. Коцюбинського, 70",Vinnytsia,628.734089,48,43,7,5,701.0,701.0,1,11.6833,11.6833,100.0,16.28,10.42,EUR,2026-09-07
2026-09-12,200394,"VARUS, пр. Металургів 42А",Kryvyi Rih,124.739248,7,6,0,1,701.0,701.0,1,11.6833,11.6833,100.0,0.0,14.29,EUR,2026-09-07
2026-09-12,200380,"VARUS, пр. Миколи Бажана 38",Kyiv,123.498435,8,7,1,1,701.0,701.0,1,11.6833,11.6833,100.0,14.29,12.5,EUR,2026-09-07
2026-09-12,200359,"VARUS, пр. О. Поля, 104а",Dnipro,0.0,0,0,0,0,0.0,0.0,1,0.0,0.0,,,,EUR,2026-09-07
2026-09-12,198953,"VARUS, пр. Олександра Поля, 104",Dnipro,0.0,0,0,0,0,0.0,701.0,1,0.0,11.6833,0.0,,,EUR,2026-09-07
2026-09-12,200357,"VARUS, пр.Науки 8а",Dnipro,110.322752,8,8,2,0,701.0,701.0,1,11.6833,11.6833,100.0,25.0,0.0,EUR,2026-09-07
2026-09-12,200377,"VARUS, пр.Оболонський 47/42",Kyiv,31.820193,4,4,0,0,701.0,701.0,1,11.6833,11.6833,100.0,0.0,0.0,EUR,2026-09-07
2026-09-12,200360,"VARUS, проспект Слобожанський 86",Dnipro,202.710168,13,13,0,0,701.0,701.0,1,11.6833,11.6833,100.0,0.0,0.0,EUR,2026-09-07
2026-09-13,200367,"VARUS вул.Петра Сагайдачного, 7",Zaporizhia,0.0,6,0,0,6,701.0,701.0,1,11.6833,11.6833,100.0,,100.0,EUR,2026-09-07
2026-09-13,200390,"VARUS, 5-й Зарічний, д.19",Kryvyi Rih,14.862559,2,1,0,1,701.0,701.0,1,11.6833,11.6833,100.0,0.0,50.0,EUR,2026-09-07
2026-09-13,200383,"VARUS, Вулиця Героїв полку Азов, 12",Kyiv,243.359228,16,15,5,1,701.0,701.0,1,11.6833,11.6833,100.0,33.33,6.25,EUR,2026-09-07
2026-09-13,200364,"VARUS, Донецьке шосcе 110",Dnipro,72.887492,4,4,0,0,701.0,701.0,1,11.6833,11.6833,100.0,0.0,0.0,EUR,2026-09-07
2026-09-13,200356,"VARUS, Донецьке шосcе 9а",Dnipro,23.668242,2,2,0,0,701.0,701.0,1,11.6833,11.6833,100.0,0.0,0.0,EUR,2026-09-07
2026-09-13,200400,"VARUS, Люстдорфська дорога 114",Odesa,0.0,0,0,0,0,701.0,701.0,1,11.6833,11.6833,100.0,,,EUR,2026-09-07
2026-09-13,200392,"VARUS, Площа Шахтарської Слави 1",Kryvyi Rih,128.912012,12,12,0,0,701.0,701.0,1,11.6833,11.6833,100.0,0.0,0.0,EUR,2026-09-07
2026-09-13,200374,"VARUS, Проспект Червоної Калини 44A",Kyiv,136.943801,8,8,3,0,701.0,701.0,1,11.6833,11.6833,100.0,37.5,0.0,EUR,2026-09-07
2026-09-13,200365,"VARUS, Північно-Кільцева вулиця, 10а,",Zaporizhia,165.388691,10,8,2,2,701.0,701.0,1,11.6833,11.6833,100.0,25.0,20.0,EUR,2026-09-07
2026-09-13,200385,"VARUS, Харківське Шосе 160",Kyiv,105.985398,6,6,1,0,701.0,701.0,1,11.6833,11.6833,100.0,16.67,0.0,EUR,2026-09-07
2026-09-13,200358,"VARUS, бул. Європейський 1Д",Dnipro,446.870527,38,31,9,7,661.0,661.0,1,11.0167,11.0167,100.0,29.03,18.42,EUR,2026-09-07
2026-09-13,200372,"VARUS, бул.Будівельників 27а",Kamianske,46.647593,6,4,3,2,601.0,601.0,1,10.0167,10.0167,100.0,75.0,33.33,EUR,2026-09-07
2026-09-13,200355,"VARUS, вул Березинская 23а",Dnipro,39.316478,5,4,1,1,701.0,701.0,1,11.6833,11.6833,100.0,25.0,20.0,EUR,2026-09-07
2026-09-13,200393,"VARUS, вул. 200 річчя Кривого Рогу",Kryvyi Rih,47.350201,5,5,1,0,701.0,701.0,1,11.6833,11.6833,100.0,20.0,0.0,EUR,2026-09-07
2026-09-13,200397,"VARUS, вул. Івана Авраменко 21В",Kryvyi Rih,46.954755,5,5,1,0,701.0,701.0,1,11.6833,11.6833,100.0,20.0,0.0,EUR,2026-09-07
2026-09-13,200376,"VARUS, вул. Волинська 37",Kyiv,43.599354,14,3,1,11,625.35,661.0,1,10.4225,11.0167,94.61,33.33,78.57,EUR,2026-09-07
2026-09-13,200401,"VARUS, вул. Дача Ковалевського 91",Odesa,0.0,0,0,0,0,701.0,701.0,1,11.6833,11.6833,100.0,,,EUR,2026-09-07
2026-09-13,200378,"VARUS, вул. Деміївська 27",Kyiv,311.921151,27,27,4,0,701.0,701.0,1,11.6833,11.6833,100.0,14.81,0.0,EUR,2026-09-07
2026-09-13,200387,"VARUS, вул. Драгаманова 40г",Kyiv,38.999078,3,3,1,0,701.0,701.0,1,11.6833,11.6833,100.0,33.33,0.0,EUR,2026-09-07
2026-09-13,200391,"VARUS, вул. Жилянська 59",Kyiv,0.0,0,0,0,0,0.0,701.0,1,0.0,11.6833,0.0,,,EUR,2026-09-07
2026-09-13,200384,"VARUS, вул. Костянтинівська 2А",Kyiv,0.0,0,0,0,0,0.0,701.0,1,0.0,11.6833,0.0,,,EUR,2026-09-07
2026-09-13,200388,"VARUS, вул. Лесі Українки 30",Kyiv,222.471471,12,12,1,0,601.0,601.0,1,10.0167,10.0167,100.0,8.33,0.0,EUR,2026-09-07
2026-09-13,200398,"VARUS, вул. Недєліна 43",Kryvyi Rih,0.0,0,0,0,0,701.0,701.0,1,11.6833,11.6833,100.0,,,EUR,2026-09-07
2026-09-13,200371,"VARUS, вул. Ольги Кобилянської 1В/23",Irpin,109.791496,8,8,1,0,701.0,701.0,1,11.6833,11.6833,100.0,12.5,0.0,EUR,2026-09-07
2026-09-13,200351,"VARUS, вул. Паникахи 15",Dnipro,0.0,0,0,0,0,0.0,0.0,1,0.0,0.0,,,,EUR,2026-09-07
2026-09-13,200403,"VARUS, вул. Соборна 97А",Pavlohrad,76.354747,5,5,2,0,641.0,641.0,1,10.6833,10.6833,100.0,40.0,0.0,EUR,2026-09-07
2026-09-13,200389,"VARUS, вул. Срібнокільска 11",Kyiv,64.440358,5,5,0,0,721.0,721.0,1,12.0167,12.0167,100.0,0.0,0.0,EUR,2026-09-07
2026-09-13,4822490,"VARUS, вул. Таращанська 191а",Bila Tserkva,49.738333,4,4,1,0,701.0,701.0,1,11.6833,11.6833,100.0,25.0,0.0,EUR,2026-09-07
2026-09-13,200381,"VARUS, вул. Тютюника 39-А",Kyiv,346.372304,33,31,0,2,701.0,701.0,1,11.6833,11.6833,100.0,0.0,6.06,EUR,2026-09-07
2026-09-13,200366,"VARUS, вул. Яценка 2",Zaporizhia,0.0,0,0,0,0,0.0,0.0,1,0.0,0.0,,,,EUR,2026-09-07
2026-09-13,200352,"VARUS, вул.20річчя Перемоги  43Д",Dnipro,0.0,0,0,0,0,701.0,701.0,1,11.6833,11.6833,100.0,,,EUR,2026-09-07
2026-09-13,200375,"VARUS, вул.Андрія Малишко,3",Kyiv,186.18102,13,13,2,0,701.0,701.0,1,11.6833,11.6833,100.0,15.38,0.0,EUR,2026-09-07
2026-09-13,200379,"VARUS, вул.Бажана 10-А",Kyiv,26.416468,4,4,1,0,701.0,701.0,1,11.6833,11.6833,100.0,25.0,0.0,EUR,2026-09-07
2026-09-13,200382,"VARUS, вул.Васильківска 34",Kyiv,0.0,0,0,0,0,0.0,0.0,1,0.0,0.0,,,,EUR,2026-09-07
2026-09-13,200386,"VARUS, вул.Вишгородска 45а",Kyiv,337.188944,20,18,8,2,661.0,661.0,1,11.0167,11.0167,100.0,44.44,10.0,EUR,2026-09-07
2026-09-13,200350,"VARUS, вул.Глинки 2",Dnipro,0.0,0,0,0,0,0.0,0.0,1,0.0,0.0,,,,EUR,2026-09-07
2026-09-13,200349,"VARUS, вул.Дніпровская 1",Vyshhorod,79.679818,6,6,1,0,701.0,701.0,1,11.6833,11.6833,100.0,16.67,0.0,EUR,2026-09-07
2026-09-13,200354,"VARUS, вул.Калиновая 9А",Dnipro,104.009134,5,5,1,0,701.0,701.0,1,11.6833,11.6833,100.0,20.0,0.0,EUR,2026-09-07
2026-09-13,200348,"VARUS, вул.Київська 239",Brovary,207.025499,14,14,2,0,701.0,701.0,1,11.6833,11.6833,100.0,14.29,0.0,EUR,2026-09-07
2026-09-13,200353,"VARUS, вул.Коммунарівська буд. 8",Dnipro,106.33931,7,7,1,0,701.0,701.0,1,11.6833,11.6833,100.0,14.29,0.0,EUR,2026-09-07
2026-09-13,200361,"VARUS, вул.Марії Кюрі 5",Dnipro,262.720639,23,19,2,4,701.0,701.0,1,11.6833,11.6833,100.0,10.53,17.39,EUR,2026-09-07
2026-09-13,200370,"VARUS, вул.Незалежної України 57В",Zaporizhia,307.905059,18,18,1,0,701.0,701.0,1,11.6833,11.6833,100.0,5.56,0.0,EUR,2026-09-07
2026-09-13,200404,"VARUS, вул.Нова 2В",Pavlohrad,155.334276,4,4,0,0,641.0,641.0,1,10.6833,10.6833,100.0,0.0,0.0,EUR,2026-09-07
2026-09-13,200363,"VARUS, вул.Робоча 67",Dnipro,166.11062,14,12,2,2,701.0,701.0,1,11.6833,11.6833,100.0,16.67,14.29,EUR,2026-09-07
2026-09-13,200369,"VARUS, вул.Тараса Шевченка 7",Kamianske,17.236011,1,1,1,0,601.0,601.0,1,10.0167,10.0167,100.0,100.0,0.0,EUR,2026-09-07
2026-09-13,200395,"VARUS, вул.Терещенко 1Е",Kryvyi Rih,0.0,0,0,0,0,701.0,701.0,1,11.6833,11.6833,100.0,,,EUR,2026-09-07
2026-09-13,200402,"VARUS, вул.Французький бульвар 22",Odesa,62.109794,6,4,1,2,701.0,701.0,1,11.6833,11.6833,100.0,25.0,33.33,EUR,2026-09-07
2026-09-13,200396,"VARUS, мкр Сонячний 41а",Kryvyi Rih,22.403085,2,2,0,0,701.0,701.0,1,11.6833,11.6833,100.0,0.0,0.0,EUR,2026-09-07
2026-09-13,200362,"VARUS, пр. Івана Мазепи, 58",Dnipro,62.773766,4,4,1,0,701.0,701.0,1,11.6833,11.6833,100.0,25.0,0.0,EUR,2026-09-07
2026-09-13,200373,"VARUS, пр. Академіка Паладіна 16/39",Kyiv,525.417905,28,28,2,0,701.0,701.0,1,11.6833,11.6833,100.0,7.14,0.0,EUR,2026-09-07
2026-09-13,200368,"VARUS, пр. Героїв 2",Dnipro,469.100715,30,26,3,4,701.0,701.0,1,11.6833,11.6833,100.0,11.54,13.33,EUR,2026-09-07
2026-09-13,200408,"VARUS, пр. Гуляєва полковника ж.м. ""Дружний"" буд. 107/1",Odesa,105.467477,6,6,2,0,701.0,701.0,1,11.6833,11.6833,100.0,33.33,0.0,EUR,2026-09-07
2026-09-13,200399,"VARUS, пр. Добровольського 122/1",Odesa,33.684218,2,2,1,0,701.0,701.0,1,11.6833,11.6833,100.0,50.0,0.0,EUR,2026-09-07
2026-09-13,862701,"VARUS, пр. Коцюбинського, 70",Vinnytsia,71.674879,21,7,3,14,248.03333333333333,701.0,1,4.1339,11.6833,35.38,42.86,66.67,EUR,2026-09-07
2026-09-13,200394,"VARUS, пр. Металургів 42А",Kryvyi Rih,162.060727,9,9,0,0,701.0,701.0,1,11.6833,11.6833,100.0,0.0,0.0,EUR,2026-09-07
2026-09-13,200380,"VARUS, пр. Миколи Бажана 38",Kyiv,62.222808,6,5,1,1,701.0,701.0,1,11.6833,11.6833,100.0,20.0,16.67,EUR,2026-09-07
2026-09-13,200359,"VARUS, пр. О. Поля, 104а",Dnipro,0.0,0,0,0,0,0.0,0.0,1,0.0,0.0,,,,EUR,2026-09-07
2026-09-13,198953,"VARUS, пр. Олександра Поля, 104",Dnipro,0.0,0,0,0,0,0.0,701.0,1,0.0,11.6833,0.0,,,EUR,2026-09-07
2026-09-13,200357,"VARUS, пр.Науки 8а",Dnipro,28.72443,5,3,0,2,701.0,701.0,1,11.6833,11.6833,100.0,0.0,40.0,EUR,2026-09-07
2026-09-13,200377,"VARUS, пр.Оболонський 47/42",Kyiv,32.758099,3,3,0,0,701.0,701.0,1,11.6833,11.6833,100.0,0.0,0.0,EUR,2026-09-07
2026-09-13,200360,"VARUS, проспект Слобожанський 86",Dnipro,191.112409,18,17,0,1,701.0,701.0,1,11.6833,11.6833,100.0,0.0,5.56,EUR,2026-09-07
2026-09-14,200367,"VARUS вул.Петра Сагайдачного, 7",Zaporizhia,40.266196,4,4,0,0,701.45,701.45,1,11.6908,11.6908,100.0,0.0,0.0,EUR,2026-09-14
2026-09-14,200390,"VARUS, 5-й Зарічний, д.19",Kryvyi Rih,28.520912,6,2,1,4,701.45,701.45,1,11.6908,11.6908,100.0,50.0,66.67,EUR,2026-09-14
2026-09-14,200383,"VARUS, Вулиця Героїв полку Азов, 12",Kyiv,230.710167,11,9,0,2,701.45,701.45,1,11.6908,11.6908,100.0,0.0,18.18,EUR,2026-09-14
2026-09-14,200364,"VARUS, Донецьке шосcе 110",Dnipro,110.065728,6,6,1,0,701.45,701.45,1,11.6908,11.6908,100.0,16.67,0.0,EUR,2026-09-14
2026-09-14,200356,"VARUS, Донецьке шосcе 9а",Dnipro,66.815911,2,2,1,0,701.45,701.45,1,11.6908,11.6908,100.0,50.0,0.0,EUR,2026-09-14
2026-09-14,200400,"VARUS, Люстдорфська дорога 114",Odesa,0.0,0,0,0,0,701.45,701.45,1,11.6908,11.6908,100.0,,,EUR,2026-09-14
2026-09-14,200392,"VARUS, Площа Шахтарської Слави 1",Kryvyi Rih,113.569307,8,8,0,0,701.45,701.45,1,11.6908,11.6908,100.0,0.0,0.0,EUR,2026-09-14
2026-09-14,200374,"VARUS, Проспект Червоної Калини 44A",Kyiv,159.962315,14,11,0,3,701.45,701.45,1,11.6908,11.6908,100.0,0.0,21.43,EUR,2026-09-14
2026-09-14,200365,"VARUS, Північно-Кільцева вулиця, 10а,",Zaporizhia,71.871429,6,5,3,1,701.45,701.45,1,11.6908,11.6908,100.0,60.0,16.67,EUR,2026-09-14
2026-09-14,200385,"VARUS, Харківське Шосе 160",Kyiv,112.085339,9,9,1,0,701.45,701.45,1,11.6908,11.6908,100.0,11.11,0.0,EUR,2026-09-14
2026-09-14,200358,"VARUS, бул. Європейський 1Д",Dnipro,165.617581,18,13,2,5,661.45,661.45,1,11.0242,11.0242,100.0,15.38,27.78,EUR,2026-09-14
2026-09-14,200372,"VARUS, бул.Будівельників 27а",Kamianske,0.0,0,0,0,0,601.45,601.45,1,10.0242,10.0242,100.0,,,EUR,2026-09-14
2026-09-14,200355,"VARUS, вул Березинская 23а",Dnipro,69.114964,10,7,0,3,701.45,701.45,1,11.6908,11.6908,100.0,0.0,30.0,EUR,2026-09-14
2026-09-14,200393,"VARUS, вул. 200 річчя Кривого Рогу",Kryvyi Rih,46.069801,6,5,0,1,701.45,701.45,1,11.6908,11.6908,100.0,0.0,16.67,EUR,2026-09-14
2026-09-14,200397,"VARUS, вул. Івана Авраменко 21В",Kryvyi Rih,56.051482,3,3,0,0,701.45,701.45,1,11.6908,11.6908,100.0,0.0,0.0,EUR,2026-09-14
2026-09-14,200376,"VARUS, вул. Волинська 37",Kyiv,0.0,5,0,0,5,385.26666666666665,661.45,1,6.4211,11.0242,58.25,,100.0,EUR,2026-09-14
2026-09-14,200401,"VARUS, вул. Дача Ковалевського 91",Odesa,0.0,0,0,0,0,701.45,701.45,1,11.6908,11.6908,100.0,,,EUR,2026-09-14
2026-09-14,200378,"VARUS, вул. Деміївська 27",Kyiv,192.29104,16,16,2,0,701.45,701.45,1,11.6908,11.6908,100.0,12.5,0.0,EUR,2026-09-14
2026-09-14,200387,"VARUS, вул. Драгаманова 40г",Kyiv,82.568467,2,2,1,0,701.45,701.45,1,11.6908,11.6908,100.0,50.0,0.0,EUR,2026-09-14
2026-09-14,200391,"VARUS, вул. Жилянська 59",Kyiv,5.807284,11,1,0,10,525.1166341145833,701.45,1,8.7519,11.6908,74.86,0.0,90.91,EUR,2026-09-14
2026-09-14,200384,"VARUS, вул. Костянтинівська 2А",Kyiv,0.0,0,0,0,0,0.0,701.45,1,0.0,11.6908,0.0,,,EUR,2026-09-14
2026-09-14,200388,"VARUS, вул. Лесі Українки 30",Kyiv,124.075014,9,9,0,0,601.45,601.45,1,10.0242,10.0242,100.0,0.0,0.0,EUR,2026-09-14
2026-09-14,200398,"VARUS, вул. Недєліна 43",Kryvyi Rih,0.0,0,0,0,0,701.45,701.45,1,11.6908,11.6908,100.0,,,EUR,2026-09-14
2026-09-14,200371,"VARUS, вул. Ольги Кобилянської 1В/23",Irpin,139.558975,9,9,2,0,701.45,701.45,1,11.6908,11.6908,100.0,22.22,0.0,EUR,2026-09-14
2026-09-14,200351,"VARUS, вул. Паникахи 15",Dnipro,0.0,0,0,0,0,0.0,0.0,1,0.0,0.0,,,,EUR,2026-09-14
2026-09-14,200403,"VARUS, вул. Соборна 97А",Pavlohrad,66.034904,5,5,1,0,641.45,641.45,1,10.6908,10.6908,100.0,20.0,0.0,EUR,2026-09-14
2026-09-14,200389,"VARUS, вул. Срібнокільска 11",Kyiv,52.160786,6,4,2,2,721.45,721.45,1,12.0242,12.0242,100.0,50.0,33.33,EUR,2026-09-14
2026-09-14,4822490,"VARUS, вул. Таращанська 191а",Bila Tserkva,56.585772,6,6,0,0,701.45,701.45,1,11.6908,11.6908,100.0,0.0,0.0,EUR,2026-09-14
2026-09-14,200381,"VARUS, вул. Тютюника 39-А",Kyiv,298.218382,18,16,4,2,701.45,701.45,1,11.6908,11.6908,100.0,25.0,11.11,EUR,2026-09-14
2026-09-14,200366,"VARUS, вул. Яценка 2",Zaporizhia,0.0,0,0,0,0,0.0,0.0,1,0.0,0.0,,,,EUR,2026-09-14
2026-09-14,200352,"VARUS, вул.20річчя Перемоги  43Д",Dnipro,0.0,0,0,0,0,701.45,701.45,1,11.6908,11.6908,100.0,,,EUR,2026-09-14
2026-09-14,200375,"VARUS, вул.Андрія Малишко,3",Kyiv,189.210011,14,13,3,1,701.45,701.45,1,11.6908,11.6908,100.0,23.08,7.14,EUR,2026-09-14
2026-09-14,200379,"VARUS, вул.Бажана 10-А",Kyiv,32.229185,3,3,1,0,701.45,701.45,1,11.6908,11.6908,100.0,33.33,0.0,EUR,2026-09-14
2026-09-14,200382,"VARUS, вул.Васильківска 34",Kyiv,0.0,0,0,0,0,0.0,0.0,1,0.0,0.0,,,,EUR,2026-09-14
2026-09-14,200386,"VARUS, вул.Вишгородска 45а",Kyiv,252.980526,14,14,2,0,661.45,661.45,1,11.0242,11.0242,100.0,14.29,0.0,EUR,2026-09-14
2026-09-14,200350,"VARUS, вул.Глинки 2",Dnipro,0.0,0,0,0,0,0.0,0.0,1,0.0,0.0,,,,EUR,2026-09-14
2026-09-14,200349,"VARUS, вул.Дніпровская 1",Vyshhorod,21.692494,3,3,1,0,701.45,701.45,1,11.6908,11.6908,100.0,33.33,0.0,EUR,2026-09-14
2026-09-14,200354,"VARUS, вул.Калиновая 9А",Dnipro,201.997923,14,14,2,0,701.45,701.45,1,11.6908,11.6908,100.0,14.29,0.0,EUR,2026-09-14
2026-09-14,200348,"VARUS, вул.Київська 239",Brovary,88.390274,8,7,0,1,701.45,701.45,1,11.6908,11.6908,100.0,0.0,12.5,EUR,2026-09-14
2026-09-14,200353,"VARUS, вул.Коммунарівська буд. 8",Dnipro,106.412837,8,8,1,0,701.45,701.45,1,11.6908,11.6908,100.0,12.5,0.0,EUR,2026-09-14
2026-09-14,200361,"VARUS, вул.Марії Кюрі 5",Dnipro,227.943439,18,16,0,2,701.45,701.45,1,11.6908,11.6908,100.0,0.0,11.11,EUR,2026-09-14
2026-09-14,200370,"VARUS, вул.Незалежної України 57В",Zaporizhia,278.990908,20,20,2,0,701.45,701.45,1,11.6908,11.6908,100.0,10.0,0.0,EUR,2026-09-14
2026-09-14,200404,"VARUS, вул.Нова 2В",Pavlohrad,31.54307,3,3,0,0,641.45,641.45,1,10.6908,10.6908,100.0,0.0,0.0,EUR,2026-09-14
2026-09-14,200363,"VARUS, вул.Робоча 67",Dnipro,119.370974,9,9,2,0,701.45,701.45,1,11.6908,11.6908,100.0,22.22,0.0,EUR,2026-09-14
2026-09-14,200369,"VARUS, вул.Тараса Шевченка 7",Kamianske,0.0,0,0,0,0,601.45,601.45,1,10.0242,10.0242,100.0,,,EUR,2026-09-14
2026-09-14,200395,"VARUS, вул.Терещенко 1Е",Kryvyi Rih,0.0,0,0,0,0,701.45,701.45,1,11.6908,11.6908,100.0,,,EUR,2026-09-14
2026-09-14,200402,"VARUS, вул.Французький бульвар 22",Odesa,98.715497,5,3,1,2,701.45,701.45,1,11.6908,11.6908,100.0,33.33,40.0,EUR,2026-09-14
2026-09-14,200396,"VARUS, мкр Сонячний 41а",Kryvyi Rih,37.244039,4,2,0,2,701.45,701.45,1,11.6908,11.6908,100.0,0.0,50.0,EUR,2026-09-14
2026-09-14,200362,"VARUS, пр. Івана Мазепи, 58",Dnipro,25.749149,2,2,1,0,701.45,701.45,1,11.6908,11.6908,100.0,50.0,0.0,EUR,2026-09-14
2026-09-14,200373,"VARUS, пр. Академіка Паладіна 16/39",Kyiv,379.259319,16,16,3,0,701.45,701.45,1,11.6908,11.6908,100.0,18.75,0.0,EUR,2026-09-14
2026-09-14,200368,"VARUS, пр. Героїв 2",Dnipro,432.628305,32,29,4,3,701.45,701.45,1,11.6908,11.6908,100.0,13.79,9.38,EUR,2026-09-14
2026-09-14,200408,"VARUS, пр. Гуляєва полковника ж.м. ""Дружний"" буд. 107/1",Odesa,146.921878,8,8,3,0,701.45,701.45,1,11.6908,11.6908,100.0,37.5,0.0,EUR,2026-09-14
2026-09-14,200399,"VARUS, пр. Добровольського 122/1",Odesa,17.0969,2,2,0,0,701.45,701.45,1,11.6908,11.6908,100.0,0.0,0.0,EUR,2026-09-14
2026-09-14,862701,"VARUS, пр. Коцюбинського, 70",Vinnytsia,336.477363,25,23,3,2,525.0333333333333,701.45,1,8.7506,11.6908,74.85,13.04,8.0,EUR,2026-09-14
2026-09-14,200394,"VARUS, пр. Металургів 42А",Kryvyi Rih,154.908151,12,12,2,0,701.45,701.45,1,11.6908,11.6908,100.0,16.67,0.0,EUR,2026-09-14
2026-09-14,200380,"VARUS, пр. Миколи Бажана 38",Kyiv,42.618895,3,3,0,0,701.45,701.45,1,11.6908,11.6908,100.0,0.0,0.0,EUR,2026-09-14
2026-09-14,200359,"VARUS, пр. О. Поля, 104а",Dnipro,0.0,0,0,0,0,0.0,0.0,1,0.0,0.0,,,,EUR,2026-09-14
2026-09-14,198953,"VARUS, пр. Олександра Поля, 104",Dnipro,70.74088,5,4,0,1,525.3166666666667,701.45,1,8.7553,11.6908,74.89,0.0,20.0,EUR,2026-09-14
2026-09-14,200357,"VARUS, пр.Науки 8а",Dnipro,73.541692,8,7,1,1,701.45,701.45,1,11.6908,11.6908,100.0,14.29,12.5,EUR,2026-09-14
2026-09-14,200377,"VARUS, пр.Оболонський 47/42",Kyiv,47.190086,3,3,0,0,701.45,701.45,1,11.6908,11.6908,100.0,0.0,0.0,EUR,2026-09-14
2026-09-14,200360,"VARUS, проспект Слобожанський 86",Dnipro,64.856329,9,6,1,3,701.45,701.45,1,11.6908,11.6908,100.0,16.67,33.33,EUR,2026-09-14
2026-09-14,5212564,"VARUS, проспект Соборний, 128",Oleksandriia,0.0,0,0,0,0,0.0,0.0,1,0.0,0.0,,,,EUR,2026-09-14
2026-09-15,200367,"VARUS вул.Петра Сагайдачного, 7",Zaporizhia,10.12342,2,2,0,0,701.0,701.0,1,11.6833,11.6833,100.0,0.0,0.0,EUR,2026-09-14
2026-09-15,200390,"VARUS, 5-й Зарічний, д.19",Kryvyi Rih,0.0,1,0,0,1,701.0,701.0,1,11.6833,11.6833,100.0,,100.0,EUR,2026-09-14
2026-09-15,200383,"VARUS, Вулиця Героїв полку Азов, 12",Kyiv,106.534351,7,7,1,0,701.0,701.0,1,11.6833,11.6833,100.0,14.29,0.0,EUR,2026-09-14
2026-09-15,200364,"VARUS, Донецьке шосcе 110",Dnipro,5.699579,2,1,1,1,390.06666666666666,701.0,1,6.5011,11.6833,55.64,100.0,50.0,EUR,2026-09-14
2026-09-15,200356,"VARUS, Донецьке шосcе 9а",Dnipro,70.558253,4,4,0,0,701.0,701.0,1,11.6833,11.6833,100.0,0.0,0.0,EUR,2026-09-14
2026-09-15,200400,"VARUS, Люстдорфська дорога 114",Odesa,0.0,0,0,0,0,701.0,701.0,1,11.6833,11.6833,100.0,,,EUR,2026-09-14
2026-09-15,200392,"VARUS, Площа Шахтарської Слави 1",Kryvyi Rih,43.55852,6,5,0,1,382.06666666666666,701.0,1,6.3678,11.6833,54.5,0.0,16.67,EUR,2026-09-14
2026-09-15,200374,"VARUS, Проспект Червоної Калини 44A",Kyiv,161.984626,11,10,2,1,701.0,701.0,1,11.6833,11.6833,100.0,20.0,9.09,EUR,2026-09-14
2026-09-15,200365,"VARUS, Північно-Кільцева вулиця, 10а,",Zaporizhia,64.740088,6,6,2,0,701.0,701.0,1,11.6833,11.6833,100.0,33.33,0.0,EUR,2026-09-14
2026-09-15,200385,"VARUS, Харківське Шосе 160",Kyiv,210.002309,8,7,2,1,701.0,701.0,1,11.6833,11.6833,100.0,28.57,12.5,EUR,2026-09-14
2026-09-15,200358,"VARUS, бул. Європейський 1Д",Dnipro,159.858975,23,13,7,10,473.1333333333333,661.0,1,7.8856,11.0167,71.58,53.85,43.48,EUR,2026-09-14
2026-09-15,200372,"VARUS, бул.Будівельників 27а",Kamianske,0.0,0,0,0,0,601.0,601.0,1,10.0167,10.0167,100.0,,,EUR,2026-09-14
2026-09-15,200355,"VARUS, вул Березинская 23а",Dnipro,128.918872,9,8,2,1,701.0,701.0,1,11.6833,11.6833,100.0,25.0,11.11,EUR,2026-09-14
2026-09-15,200393,"VARUS, вул. 200 річчя Кривого Рогу",Kryvyi Rih,101.656344,9,9,2,0,701.0,701.0,1,11.6833,11.6833,100.0,22.22,0.0,EUR,2026-09-14
2026-09-15,200397,"VARUS, вул. Івана Авраменко 21В",Kryvyi Rih,69.135785,7,6,1,1,386.06666666666666,701.0,1,6.4344,11.6833,55.07,16.67,14.29,EUR,2026-09-14
2026-09-15,200376,"VARUS, вул. Волинська 37",Kyiv,50.668923,4,4,1,0,247.2,661.0,1,4.12,11.0167,37.4,25.0,0.0,EUR,2026-09-14
2026-09-15,200401,"VARUS, вул. Дача Ковалевського 91",Odesa,0.0,0,0,0,0,701.0,701.0,1,11.6833,11.6833,100.0,,,EUR,2026-09-14
2026-09-15,200378,"VARUS, вул. Деміївська 27",Kyiv,285.181017,20,20,2,0,701.0,701.0,1,11.6833,11.6833,100.0,10.0,0.0,EUR,2026-09-14
2026-09-15,200387,"VARUS, вул. Драгаманова 40г",Kyiv,0.0,4,0,0,4,701.0,701.0,1,11.6833,11.6833,100.0,,100.0,EUR,2026-09-14
2026-09-15,200391,"VARUS, вул. Жилянська 59",Kyiv,88.345423,13,5,3,8,399.06666666666666,701.0,1,6.6511,11.6833,56.93,60.0,61.54,EUR,2026-09-14
2026-09-15,200384,"VARUS, вул. Костянтинівська 2А",Kyiv,0.0,0,0,0,0,0.0,701.0,1,0.0,11.6833,0.0,,,EUR,2026-09-14
2026-09-15,200388,"VARUS, вул. Лесі Українки 30",Kyiv,37.066287,4,1,0,3,221.55,601.0,1,3.6925,10.0167,36.86,0.0,75.0,EUR,2026-09-14
2026-09-15,200398,"VARUS, вул. Недєліна 43",Kryvyi Rih,0.0,0,0,0,0,701.0,701.0,1,11.6833,11.6833,100.0,,,EUR,2026-09-14
2026-09-15,200371,"VARUS, вул. Ольги Кобилянської 1В/23",Irpin,93.577443,7,6,1,1,400.06666666666666,701.0,1,6.6678,11.6833,57.07,16.67,14.29,EUR,2026-09-14
2026-09-15,200351,"VARUS, вул. Паникахи 15",Dnipro,0.0,0,0,0,0,0.0,0.0,1,0.0,0.0,,,,EUR,2026-09-14
2026-09-15,200403,"VARUS, вул. Соборна 97А",Pavlohrad,17.533689,3,2,1,1,344.55,641.0,1,5.7425,10.6833,53.75,50.0,33.33,EUR,2026-09-14
2026-09-15,200389,"VARUS, вул. Срібнокільска 11",Kyiv,186.760113,7,6,1,1,721.0,721.0,1,12.0167,12.0167,100.0,16.67,14.29,EUR,2026-09-14
2026-09-15,4822490,"VARUS, вул. Таращанська 191а",Bila Tserkva,46.518358,3,2,0,1,701.0,701.0,1,11.6833,11.6833,100.0,0.0,33.33,EUR,2026-09-14
2026-09-15,200381,"VARUS, вул. Тютюника 39-А",Kyiv,241.008789,20,19,4,1,514.4666666666667,701.0,1,8.5744,11.6833,73.39,21.05,5.0,EUR,2026-09-14
2026-09-15,200366,"VARUS, вул. Яценка 2",Zaporizhia,0.0,0,0,0,0,0.0,0.0,1,0.0,0.0,,,,EUR,2026-09-14
2026-09-15,200352,"VARUS, вул.20річчя Перемоги  43Д",Dnipro,0.0,0,0,0,0,701.0,701.0,1,11.6833,11.6833,100.0,,,EUR,2026-09-14
2026-09-15,200375,"VARUS, вул.Андрія Малишко,3",Kyiv,107.925378,10,7,1,3,514.05,701.0,1,8.5675,11.6833,73.33,14.29,30.0,EUR,2026-09-14
2026-09-15,200379,"VARUS, вул.Бажана 10-А",Kyiv,38.476916,4,4,0,0,701.0,701.0,1,11.6833,11.6833,100.0,0.0,0.0,EUR,2026-09-14
2026-09-15,200382,"VARUS, вул.Васильківска 34",Kyiv,0.0,0,0,0,0,0.0,0.0,1,0.0,0.0,,,,EUR,2026-09-14
2026-09-15,200386,"VARUS, вул.Вишгородска 45а",Kyiv,176.905504,13,12,2,1,661.0,661.0,1,11.0167,11.0167,100.0,16.67,7.69,EUR,2026-09-14
2026-09-15,200350,"VARUS, вул.Глинки 2",Dnipro,0.0,0,0,0,0,0.0,0.0,1,0.0,0.0,,,,EUR,2026-09-14
2026-09-15,200349,"VARUS, вул.Дніпровская 1",Vyshhorod,49.964772,3,3,1,0,701.0,701.0,1,11.6833,11.6833,100.0,33.33,0.0,EUR,2026-09-14
2026-09-15,200354,"VARUS, вул.Калиновая 9А",Dnipro,69.049416,6,5,1,1,378.55,701.0,1,6.3092,11.6833,54.0,20.0,16.67,EUR,2026-09-14
2026-09-15,200348,"VARUS, вул.Київська 239",Brovary,117.565906,13,13,0,0,701.0,701.0,1,11.6833,11.6833,100.0,0.0,0.0,EUR,2026-09-14
2026-09-15,200353,"VARUS, вул.Коммунарівська буд. 8",Dnipro,85.396842,7,7,2,0,701.0,701.0,1,11.6833,11.6833,100.0,28.57,0.0,EUR,2026-09-14
2026-09-15,200361,"VARUS, вул.Марії Кюрі 5",Dnipro,57.05305,8,4,1,4,384.55,701.0,1,6.4092,11.6833,54.86,25.0,50.0,EUR,2026-09-14
2026-09-15,200370,"VARUS, вул.Незалежної України 57В",Zaporizhia,228.408422,15,15,2,0,701.0,701.0,1,11.6833,11.6833,100.0,13.33,0.0,EUR,2026-09-14
2026-09-15,200404,"VARUS, вул.Нова 2В",Pavlohrad,12.998248,2,1,1,1,333.55,641.0,1,5.5592,10.6833,52.04,100.0,50.0,EUR,2026-09-14
2026-09-15,200363,"VARUS, вул.Робоча 67",Dnipro,57.3075,8,5,1,3,391.55,701.0,1,6.5258,11.6833,55.86,20.0,37.5,EUR,2026-09-14
2026-09-15,200369,"VARUS, вул.Тараса Шевченка 7",Kamianske,0.0,0,0,0,0,601.0,601.0,1,10.0167,10.0167,100.0,,,EUR,2026-09-14
2026-09-15,200395,"VARUS, вул.Терещенко 1Е",Kryvyi Rih,0.0,0,0,0,0,701.0,701.0,1,11.6833,11.6833,100.0,,,EUR,2026-09-14
2026-09-15,200402,"VARUS, вул.Французький бульвар 22",Odesa,0.0,0,0,0,0,701.0,701.0,1,11.6833,11.6833,100.0,,,EUR,2026-09-14
2026-09-15,200396,"VARUS, мкр Сонячний 41а",Kryvyi Rih,110.313239,8,8,3,0,701.0,701.0,1,11.6833,11.6833,100.0,37.5,0.0,EUR,2026-09-14
2026-09-15,200362,"VARUS, пр. Івана Мазепи, 58",Dnipro,21.856604,3,2,0,1,407.55,701.0,1,6.7925,11.6833,58.14,0.0,33.33,EUR,2026-09-14
2026-09-15,200373,"VARUS, пр. Академіка Паладіна 16/39",Kyiv,204.252459,16,14,1,2,701.0,701.0,1,11.6833,11.6833,100.0,7.14,12.5,EUR,2026-09-14
2026-09-15,200368,"VARUS, пр. Героїв 2",Dnipro,324.470771,27,23,3,4,701.0,701.0,1,11.6833,11.6833,100.0,13.04,14.81,EUR,2026-09-14
2026-09-15,200408,"VARUS, пр. Гуляєва полковника ж.м. ""Дружний"" буд. 107/1",Odesa,53.107829,6,4,0,2,511.21666666666664,701.0,1,8.5203,11.6833,72.93,0.0,33.33,EUR,2026-09-14
2026-09-15,200399,"VARUS, пр. Добровольського 122/1",Odesa,30.088446,2,2,0,0,701.0,701.0,1,11.6833,11.6833,100.0,0.0,0.0,EUR,2026-09-14
2026-09-15,862701,"VARUS, пр. Коцюбинського, 70",Vinnytsia,331.697239,24,21,2,3,701.0,701.0,1,11.6833,11.6833,100.0,9.52,12.5,EUR,2026-09-14
2026-09-15,200394,"VARUS, пр. Металургів 42А",Kryvyi Rih,55.016681,4,3,1,1,402.06666666666666,701.0,1,6.7011,11.6833,57.36,33.33,25.0,EUR,2026-09-14
2026-09-15,200380,"VARUS, пр. Миколи Бажана 38",Kyiv,22.031671,2,2,0,0,701.0,701.0,1,11.6833,11.6833,100.0,0.0,0.0,EUR,2026-09-14
2026-09-15,200359,"VARUS, пр. О. Поля, 104а",Dnipro,0.0,0,0,0,0,0.0,0.0,1,0.0,0.0,,,,EUR,2026-09-14
2026-09-15,198953,"VARUS, пр. Олександра Поля, 104",Dnipro,27.224293,5,2,0,3,407.55,701.0,1,6.7925,11.6833,58.14,0.0,60.0,EUR,2026-09-14
2026-09-15,200357,"VARUS, пр.Науки 8а",Dnipro,78.985155,14,6,1,8,393.06666666666666,701.0,1,6.5511,11.6833,56.07,16.67,57.14,EUR,2026-09-14
2026-09-15,200377,"VARUS, пр.Оболонський 47/42",Kyiv,75.145905,9,8,0,1,701.0,701.0,1,11.6833,11.6833,100.0,0.0,11.11,EUR,2026-09-14
2026-09-15,200360,"VARUS, проспект Слобожанський 86",Dnipro,166.896983,13,11,3,2,701.0,701.0,1,11.6833,11.6833,100.0,27.27,15.38,EUR,2026-09-14
2026-09-15,5212564,"VARUS, проспект Соборний, 128",Oleksandriia,0.0,0,0,0,0,0.0,0.0,1,0.0,0.0,,,,EUR,2026-09-14
2026-09-16,200367,"VARUS вул.Петра Сагайдачного, 7",Zaporizhia,47.781338,3,3,1,0,701.0,701.0,1,11.6833,11.6833,100.0,33.33,0.0,EUR,2026-09-14
2026-09-16,200390,"VARUS, 5-й Зарічний, д.19",Kryvyi Rih,76.683946,4,3,1,1,701.0,701.0,1,11.6833,11.6833,100.0,33.33,25.0,EUR,2026-09-14
2026-09-16,200383,"VARUS, Вулиця Героїв полку Азов, 12",Kyiv,183.565897,13,11,0,2,701.0,701.0,1,11.6833,11.6833,100.0,0.0,15.38,EUR,2026-09-14
2026-09-16,200364,"VARUS, Донецьке шосcе 110",Dnipro,0.0,0,0,0,0,0.0,701.0,1,0.0,11.6833,0.0,,,EUR,2026-09-14
2026-09-16,200356,"VARUS, Донецьке шосcе 9а",Dnipro,15.357289,3,2,0,1,701.0,701.0,1,11.6833,11.6833,100.0,0.0,33.33,EUR,2026-09-14
2026-09-16,200400,"VARUS, Люстдорфська дорога 114",Odesa,0.0,0,0,0,0,701.0,701.0,1,11.6833,11.6833,100.0,,,EUR,2026-09-14
2026-09-16,200392,"VARUS, Площа Шахтарської Слави 1",Kryvyi Rih,0.0,0,0,0,0,0.0,701.0,1,0.0,11.6833,0.0,,,EUR,2026-09-14
2026-09-16,200374,"VARUS, Проспект Червоної Калини 44A",Kyiv,84.10246,7,6,0,1,701.0,701.0,1,11.6833,11.6833,100.0,0.0,14.29,EUR,2026-09-14
2026-09-16,200365,"VARUS, Північно-Кільцева вулиця, 10а,",Zaporizhia,12.898686,2,1,1,1,701.0,701.0,1,11.6833,11.6833,100.0,100.0,50.0,EUR,2026-09-14
2026-09-16,200385,"VARUS, Харківське Шосе 160",Kyiv,47.424534,4,4,0,0,701.0,701.0,1,11.6833,11.6833,100.0,0.0,0.0,EUR,2026-09-14
2026-09-16,200358,"VARUS, бул. Європейський 1Д",Dnipro,353.464758,25,23,3,2,661.0,661.0,1,11.0167,11.0167,100.0,13.04,8.0,EUR,2026-09-14
2026-09-16,200372,"VARUS, бул.Будівельників 27а",Kamianske,0.0,1,0,0,1,601.0,601.0,1,10.0167,10.0167,100.0,,100.0,EUR,2026-09-14
2026-09-16,200355,"VARUS, вул Березинская 23а",Dnipro,222.330286,9,9,1,0,701.0,701.0,1,11.6833,11.6833,100.0,11.11,0.0,EUR,2026-09-14
2026-09-16,200393,"VARUS, вул. 200 річчя Кривого Рогу",Kryvyi Rih,120.83571,10,9,2,1,701.0,701.0,1,11.6833,11.6833,100.0,22.22,10.0,EUR,2026-09-14
2026-09-16,200397,"VARUS, вул. Івана Авраменко 21В",Kryvyi Rih,0.0,0,0,0,0,0.0,701.0,1,0.0,11.6833,0.0,,,EUR,2026-09-14
2026-09-16,200376,"VARUS, вул. Волинська 37",Kyiv,55.939277,4,4,1,0,661.0,661.0,1,11.0167,11.0167,100.0,25.0,0.0,EUR,2026-09-14
2026-09-16,200401,"VARUS, вул. Дача Ковалевського 91",Odesa,0.0,0,0,0,0,701.0,701.0,1,11.6833,11.6833,100.0,,,EUR,2026-09-14
2026-09-16,200378,"VARUS, вул. Деміївська 27",Kyiv,255.955197,15,15,3,0,701.0,701.0,1,11.6833,11.6833,100.0,20.0,0.0,EUR,2026-09-14
2026-09-16,200387,"VARUS, вул. Драгаманова 40г",Kyiv,90.908509,5,5,0,0,701.0,701.0,1,11.6833,11.6833,100.0,0.0,0.0,EUR,2026-09-14
2026-09-16,200391,"VARUS, вул. Жилянська 59",Kyiv,0.0,0,0,0,0,0.0,701.0,1,0.0,11.6833,0.0,,,EUR,2026-09-14
2026-09-16,200384,"VARUS, вул. Костянтинівська 2А",Kyiv,0.0,0,0,0,0,0.0,701.0,1,0.0,11.6833,0.0,,,EUR,2026-09-14
2026-09-16,200388,"VARUS, вул. Лесі Українки 30",Kyiv,0.0,0,0,0,0,0.0,601.0,1,0.0,10.0167,0.0,,,EUR,2026-09-14
2026-09-16,200398,"VARUS, вул. Недєліна 43",Kryvyi Rih,0.0,0,0,0,0,701.0,701.0,1,11.6833,11.6833,100.0,,,EUR,2026-09-14
2026-09-16,200371,"VARUS, вул. Ольги Кобилянської 1В/23",Irpin,0.0,0,0,0,0,0.0,701.0,1,0.0,11.6833,0.0,,,EUR,2026-09-14
2026-09-16,200351,"VARUS, вул. Паникахи 15",Dnipro,0.0,0,0,0,0,0.0,0.0,1,0.0,0.0,,,,EUR,2026-09-14
2026-09-16,200403,"VARUS, вул. Соборна 97А",Pavlohrad,0.0,0,0,0,0,0.0,641.0,1,0.0,10.6833,0.0,,,EUR,2026-09-14
2026-09-16,200389,"VARUS, вул. Срібнокільска 11",Kyiv,91.484867,9,8,1,1,721.0,721.0,1,12.0167,12.0167,100.0,12.5,11.11,EUR,2026-09-14
2026-09-16,4822490,"VARUS, вул. Таращанська 191а",Bila Tserkva,42.233223,4,4,0,0,701.0,701.0,1,11.6833,11.6833,100.0,0.0,0.0,EUR,2026-09-14
2026-09-16,200381,"VARUS, вул. Тютюника 39-А",Kyiv,447.286704,31,29,3,2,701.0,701.0,1,11.6833,11.6833,100.0,10.34,6.45,EUR,2026-09-14
2026-09-16,200366,"VARUS, вул. Яценка 2",Zaporizhia,0.0,0,0,0,0,0.0,0.0,1,0.0,0.0,,,,EUR,2026-09-14
2026-09-16,200352,"VARUS, вул.20річчя Перемоги  43Д",Dnipro,0.0,0,0,0,0,701.0,701.0,1,11.6833,11.6833,100.0,,,EUR,2026-09-14
2026-09-16,200375,"VARUS, вул.Андрія Малишко,3",Kyiv,152.369111,17,12,1,5,701.0,701.0,1,11.6833,11.6833,100.0,8.33,29.41,EUR,2026-09-14
2026-09-16,200379,"VARUS, вул.Бажана 10-А",Kyiv,23.327704,2,2,0,0,701.0,701.0,1,11.6833,11.6833,100.0,0.0,0.0,EUR,2026-09-14
2026-09-16,200382,"VARUS, вул.Васильківска 34",Kyiv,0.0,0,0,0,0,0.0,0.0,1,0.0,0.0,,,,EUR,2026-09-14
2026-09-16,200386,"VARUS, вул.Вишгородска 45а",Kyiv,161.343932,17,14,2,3,661.0,661.0,1,11.0167,11.0167,100.0,14.29,17.65,EUR,2026-09-14
2026-09-16,200350,"VARUS, вул.Глинки 2",Dnipro,0.0,0,0,0,0,0.0,0.0,1,0.0,0.0,,,,EUR,2026-09-14
2026-09-16,200349,"VARUS, вул.Дніпровская 1",Vyshhorod,67.450158,5,5,0,0,701.0,701.0,1,11.6833,11.6833,100.0,0.0,0.0,EUR,2026-09-14
2026-09-16,200354,"VARUS, вул.Калиновая 9А",Dnipro,0.0,0,0,0,0,0.0,701.0,1,0.0,11.6833,0.0,,,EUR,2026-09-14
2026-09-16,200348,"VARUS, вул.Київська 239",Brovary,114.697649,8,8,0,0,701.0,701.0,1,11.6833,11.6833,100.0,0.0,0.0,EUR,2026-09-14
2026-09-16,200353,"VARUS, вул.Коммунарівська буд. 8",Dnipro,35.295363,3,3,0,0,701.0,701.0,1,11.6833,11.6833,100.0,0.0,0.0,EUR,2026-09-14
2026-09-16,200361,"VARUS, вул.Марії Кюрі 5",Dnipro,0.0,0,0,0,0,0.0,701.0,1,0.0,11.6833,0.0,,,EUR,2026-09-14
2026-09-16,200370,"VARUS, вул.Незалежної України 57В",Zaporizhia,217.098211,15,15,2,0,701.0,701.0,1,11.6833,11.6833,100.0,13.33,0.0,EUR,2026-09-14
2026-09-16,200404,"VARUS, вул.Нова 2В",Pavlohrad,0.0,0,0,0,0,0.0,641.0,1,0.0,10.6833,0.0,,,EUR,2026-09-14
2026-09-16,200363,"VARUS, вул.Робоча 67",Dnipro,0.0,0,0,0,0,0.0,701.0,1,0.0,11.6833,0.0,,,EUR,2026-09-14
2026-09-16,200369,"VARUS, вул.Тараса Шевченка 7",Kamianske,37.210026,1,1,0,0,601.0,601.0,1,10.0167,10.0167,100.0,0.0,0.0,EUR,2026-09-14
2026-09-16,200395,"VARUS, вул.Терещенко 1Е",Kryvyi Rih,0.0,0,0,0,0,701.0,701.0,1,11.6833,11.6833,100.0,,,EUR,2026-09-14
2026-09-16,200402,"VARUS, вул.Французький бульвар 22",Odesa,20.330208,2,1,0,1,701.0,701.0,1,11.6833,11.6833,100.0,0.0,50.0,EUR,2026-09-14
2026-09-16,200396,"VARUS, мкр Сонячний 41а",Kryvyi Rih,24.422378,1,1,0,0,701.0,701.0,1,11.6833,11.6833,100.0,0.0,0.0,EUR,2026-09-14
2026-09-16,200362,"VARUS, пр. Івана Мазепи, 58",Dnipro,0.0,0,0,0,0,0.0,701.0,1,0.0,11.6833,0.0,,,EUR,2026-09-14
2026-09-16,200373,"VARUS, пр. Академіка Паладіна 16/39",Kyiv,291.289188,19,18,4,1,701.0,701.0,1,11.6833,11.6833,100.0,22.22,5.26,EUR,2026-09-14
2026-09-16,200368,"VARUS, пр. Героїв 2",Dnipro,419.269313,30,29,5,1,701.0,701.0,1,11.6833,11.6833,100.0,17.24,3.33,EUR,2026-09-14
2026-09-16,200408,"VARUS, пр. Гуляєва полковника ж.м. ""Дружний"" буд. 107/1",Odesa,28.812727,2,2,0,0,701.0,701.0,1,11.6833,11.6833,100.0,0.0,0.0,EUR,2026-09-14
2026-09-16,200399,"VARUS, пр. Добровольського 122/1",Odesa,13.863103,1,1,0,0,701.0,701.0,1,11.6833,11.6833,100.0,0.0,0.0,EUR,2026-09-14
2026-09-16,862701,"VARUS, пр. Коцюбинського, 70",Vinnytsia,261.043231,21,20,6,1,701.0,701.0,1,11.6833,11.6833,100.0,30.0,4.76,EUR,2026-09-14
2026-09-16,200394,"VARUS, пр. Металургів 42А",Kryvyi Rih,0.0,0,0,0,0,0.0,701.0,1,0.0,11.6833,0.0,,,EUR,2026-09-14
2026-09-16,200380,"VARUS, пр. Миколи Бажана 38",Kyiv,42.997301,4,4,0,0,701.0,701.0,1,11.6833,11.6833,100.0,0.0,0.0,EUR,2026-09-14
2026-09-16,200359,"VARUS, пр. О. Поля, 104а",Dnipro,0.0,0,0,0,0,0.0,0.0,1,0.0,0.0,,,,EUR,2026-09-14
2026-09-16,198953,"VARUS, пр. Олександра Поля, 104",Dnipro,0.0,0,0,0,0,0.0,701.0,1,0.0,11.6833,0.0,,,EUR,2026-09-14
2026-09-16,200357,"VARUS, пр.Науки 8а",Dnipro,0.0,0,0,0,0,0.0,701.0,1,0.0,11.6833,0.0,,,EUR,2026-09-14
2026-09-16,200377,"VARUS, пр.Оболонський 47/42",Kyiv,71.977171,6,6,0,0,701.0,701.0,1,11.6833,11.6833,100.0,0.0,0.0,EUR,2026-09-14
2026-09-16,200360,"VARUS, проспект Слобожанський 86",Dnipro,84.849066,9,9,1,0,701.0,701.0,1,11.6833,11.6833,100.0,11.11,0.0,EUR,2026-09-14
2026-09-16,5212564,"VARUS, проспект Соборний, 128",Oleksandriia,0.0,0,0,0,0,0.0,0.0,1,0.0,0.0,,,,EUR,2026-09-14
2026-09-17,200367,"VARUS вул.Петра Сагайдачного, 7",Zaporizhia,49.41068,4,4,1,0,700.6833333333333,700.6833333333333,1,11.6781,11.6781,100.0,25.0,0.0,EUR,2026-09-14
2026-09-17,200390,"VARUS, 5-й Зарічний, д.19",Kryvyi Rih,106.312267,5,5,3,0,700.6833333333333,700.6833333333333,1,11.6781,11.6781,100.0,60.0,0.0,EUR,2026-09-14
2026-09-17,200383,"VARUS, Вулиця Героїв полку Азов, 12",Kyiv,67.005384,7,6,0,1,700.6833333333333,700.6833333333333,1,11.6781,11.6781,100.0,0.0,14.29,EUR,2026-09-14
2026-09-17,200364,"VARUS, Донецьке шосcе 110",Dnipro,0.0,0,0,0,0,280.53333333333336,700.6833333333333,1,4.6756,11.6781,40.04,,,EUR,2026-09-14
2026-09-17,200356,"VARUS, Донецьке шосcе 9а",Dnipro,27.689944,2,2,0,0,700.6833333333333,700.6833333333333,1,11.6781,11.6781,100.0,0.0,0.0,EUR,2026-09-14
2026-09-17,200400,"VARUS, Люстдорфська дорога 114",Odesa,0.0,0,0,0,0,700.6833333333333,700.6833333333333,1,11.6781,11.6781,100.0,,,EUR,2026-09-14
2026-09-17,200392,"VARUS, Площа Шахтарської Слави 1",Kryvyi Rih,28.794923,4,3,0,1,280.2,700.6833333333333,1,4.67,11.6781,39.99,0.0,25.0,EUR,2026-09-14
2026-09-17,200374,"VARUS, Проспект Червоної Калини 44A",Kyiv,53.704251,5,5,1,0,700.6833333333333,700.6833333333333,1,11.6781,11.6781,100.0,20.0,0.0,EUR,2026-09-14
2026-09-17,200365,"VARUS, Північно-Кільцева вулиця, 10а,",Zaporizhia,57.53834,3,3,1,0,700.6833333333333,700.6833333333333,1,11.6781,11.6781,100.0,33.33,0.0,EUR,2026-09-14
2026-09-17,200385,"VARUS, Харківське Шосе 160",Kyiv,188.746138,13,13,0,0,700.6833333333333,700.6833333333333,1,11.6781,11.6781,100.0,0.0,0.0,EUR,2026-09-14
2026-09-17,200358,"VARUS, бул. Європейський 1Д",Dnipro,276.886042,31,25,3,6,660.6833333333333,660.6833333333333,1,11.0114,11.0114,100.0,12.0,19.35,EUR,2026-09-14
2026-09-17,200372,"VARUS, бул.Будівельників 27а",Kamianske,0.0,0,0,0,0,600.6833333333333,600.6833333333333,1,10.0114,10.0114,100.0,,,EUR,2026-09-14
2026-09-17,200355,"VARUS, вул Березинская 23а",Dnipro,141.211297,11,10,4,1,700.6833333333333,700.6833333333333,1,11.6781,11.6781,100.0,40.0,9.09,EUR,2026-09-14
2026-09-17,200393,"VARUS, вул. 200 річчя Кривого Рогу",Kryvyi Rih,73.230965,8,7,2,1,700.6833333333333,700.6833333333333,1,11.6781,11.6781,100.0,28.57,12.5,EUR,2026-09-14
2026-09-17,200397,"VARUS, вул. Івана Авраменко 21В",Kryvyi Rih,0.0,0,0,0,0,280.26666666666665,700.6833333333333,1,4.6711,11.6781,40.0,,,EUR,2026-09-14
2026-09-17,200376,"VARUS, вул. Волинська 37",Kyiv,41.160178,4,3,1,1,660.6833333333333,660.6833333333333,1,11.0114,11.0114,100.0,33.33,25.0,EUR,2026-09-14
2026-09-17,200401,"VARUS, вул. Дача Ковалевського 91",Odesa,0.0,0,0,0,0,700.6833333333333,700.6833333333333,1,11.6781,11.6781,100.0,,,EUR,2026-09-14
2026-09-17,200378,"VARUS, вул. Деміївська 27",Kyiv,155.723725,11,11,2,0,700.6833333333333,700.6833333333333,1,11.6781,11.6781,100.0,18.18,0.0,EUR,2026-09-14
2026-09-17,200387,"VARUS, вул. Драгаманова 40г",Kyiv,0.0,1,0,0,1,300.93333333333334,720.6666666666666,1,5.0156,12.0111,41.76,,100.0,EUR,2026-09-14
2026-09-17,200391,"VARUS, вул. Жилянська 59",Kyiv,35.473769,5,2,1,3,281.1,700.6833333333333,1,4.685,11.6781,40.12,50.0,60.0,EUR,2026-09-14
2026-09-17,200384,"VARUS, вул. Костянтинівська 2А",Kyiv,78.422713,3,3,0,0,282.05,700.6833333333333,1,4.7008,11.6781,40.25,0.0,0.0,EUR,2026-09-14
2026-09-17,200388,"VARUS, вул. Лесі Українки 30",Kyiv,62.948746,3,3,1,0,180.96666666666667,600.6833333333333,1,3.0161,10.0114,30.13,33.33,0.0,EUR,2026-09-14
2026-09-17,200398,"VARUS, вул. Недєліна 43",Kryvyi Rih,0.0,0,0,0,0,700.6833333333333,700.6833333333333,1,11.6781,11.6781,100.0,,,EUR,2026-09-14
2026-09-17,200371,"VARUS, вул. Ольги Кобилянської 1В/23",Irpin,16.881378,3,3,0,0,278.93333333333334,700.6833333333333,1,4.6489,11.6781,39.81,0.0,0.0,EUR,2026-09-14
2026-09-17,200351,"VARUS, вул. Паникахи 15",Dnipro,0.0,0,0,0,0,0.0,0.0,1,0.0,0.0,,,,EUR,2026-09-14
2026-09-17,200403,"VARUS, вул. Соборна 97А",Pavlohrad,15.40477,1,1,0,0,279.0,640.6833333333333,1,4.65,10.6781,43.55,0.0,0.0,EUR,2026-09-14
2026-09-17,200389,"VARUS, вул. Срібнокільска 11",Kyiv,65.313416,9,6,1,3,720.6833333333333,720.6833333333333,1,12.0114,12.0114,100.0,16.67,33.33,EUR,2026-09-14
2026-09-17,4822490,"VARUS, вул. Таращанська 191а",Bila Tserkva,34.554607,4,4,0,0,700.6833333333333,700.6833333333333,1,11.6781,11.6781,100.0,0.0,0.0,EUR,2026-09-14
2026-09-17,200381,"VARUS, вул. Тютюника 39-А",Kyiv,359.168692,29,26,1,3,700.6833333333333,700.6833333333333,1,11.6781,11.6781,100.0,3.85,10.34,EUR,2026-09-14
2026-09-17,200366,"VARUS, вул. Яценка 2",Zaporizhia,0.0,0,0,0,0,0.0,0.0,1,0.0,0.0,,,,EUR,2026-09-14
2026-09-17,200352,"VARUS, вул.20річчя Перемоги  43Д",Dnipro,0.0,0,0,0,0,700.6833333333333,700.6833333333333,1,11.6781,11.6781,100.0,,,EUR,2026-09-14
2026-09-17,200375,"VARUS, вул.Андрія Малишко,3",Kyiv,236.979336,16,14,2,2,700.6833333333333,700.6833333333333,1,11.6781,11.6781,100.0,14.29,12.5,EUR,2026-09-14
2026-09-17,200379,"VARUS, вул.Бажана 10-А",Kyiv,17.769053,1,1,0,0,700.6833333333333,700.6833333333333,1,11.6781,11.6781,100.0,0.0,0.0,EUR,2026-09-14
2026-09-17,200382,"VARUS, вул.Васильківска 34",Kyiv,0.0,0,0,0,0,0.0,0.0,1,0.0,0.0,,,,EUR,2026-09-14
2026-09-17,200386,"VARUS, вул.Вишгородска 45а",Kyiv,192.857195,12,12,1,0,660.6833333333333,660.6833333333333,1,11.0114,11.0114,100.0,8.33,0.0,EUR,2026-09-14
2026-09-17,200350,"VARUS, вул.Глинки 2",Dnipro,0.0,0,0,0,0,0.0,0.0,1,0.0,0.0,,,,EUR,2026-09-14
2026-09-17,200349,"VARUS, вул.Дніпровская 1",Vyshhorod,16.276118,2,2,0,0,700.6833333333333,700.6833333333333,1,11.6781,11.6781,100.0,0.0,0.0,EUR,2026-09-14
2026-09-17,200354,"VARUS, вул.Калиновая 9А",Dnipro,0.0,0,0,0,0,280.6,700.6833333333333,1,4.6767,11.6781,40.05,,,EUR,2026-09-14
2026-09-17,200348,"VARUS, вул.Київська 239",Brovary,143.40337,12,12,1,0,700.6833333333333,700.6833333333333,1,11.6781,11.6781,100.0,8.33,0.0,EUR,2026-09-14
2026-09-17,200353,"VARUS, вул.Коммунарівська буд. 8",Dnipro,27.249704,3,3,0,0,700.6833333333333,700.6833333333333,1,11.6781,11.6781,100.0,0.0,0.0,EUR,2026-09-14
2026-09-17,200361,"VARUS, вул.Марії Кюрі 5",Dnipro,54.194639,9,4,0,5,280.8666666666667,700.6833333333333,1,4.6811,11.6781,40.08,0.0,55.56,EUR,2026-09-14
2026-09-17,200370,"VARUS, вул.Незалежної України 57В",Zaporizhia,291.031892,16,16,1,0,700.6833333333333,700.6833333333333,1,11.6781,11.6781,100.0,6.25,0.0,EUR,2026-09-14
2026-09-17,200404,"VARUS, вул.Нова 2В",Pavlohrad,0.0,0,0,0,0,280.1333333333333,640.6833333333333,1,4.6689,10.6781,43.72,,,EUR,2026-09-14
2026-09-17,200363,"VARUS, вул.Робоча 67",Dnipro,57.957589,7,5,2,2,280.8,700.6833333333333,1,4.68,11.6781,40.08,40.0,28.57,EUR,2026-09-14
2026-09-17,200369,"VARUS, вул.Тараса Шевченка 7",Kamianske,0.0,1,0,0,1,600.6833333333333,600.6833333333333,1,10.0114,10.0114,100.0,,100.0,EUR,2026-09-14
2026-09-17,200395,"VARUS, вул.Терещенко 1Е",Kryvyi Rih,0.0,0,0,0,0,700.6833333333333,700.6833333333333,1,11.6781,11.6781,100.0,,,EUR,2026-09-14
2026-09-17,200402,"VARUS, вул.Французький бульвар 22",Odesa,30.115065,5,3,1,2,700.6833333333333,700.6833333333333,1,11.6781,11.6781,100.0,33.33,40.0,EUR,2026-09-14
2026-09-17,200396,"VARUS, мкр Сонячний 41а",Kryvyi Rih,52.547571,4,4,0,0,700.6833333333333,700.6833333333333,1,11.6781,11.6781,100.0,0.0,0.0,EUR,2026-09-14
2026-09-17,200362,"VARUS, пр. Івана Мазепи, 58",Dnipro,6.245019,2,2,1,0,280.71666666666664,700.6833333333333,1,4.6786,11.6781,40.06,50.0,0.0,EUR,2026-09-14
2026-09-17,200373,"VARUS, пр. Академіка Паладіна 16/39",Kyiv,406.758924,23,22,0,1,700.6833333333333,700.6833333333333,1,11.6781,11.6781,100.0,0.0,4.35,EUR,2026-09-14
2026-09-17,200368,"VARUS, пр. Героїв 2",Dnipro,233.879958,17,17,4,0,700.6833333333333,700.6833333333333,1,11.6781,11.6781,100.0,23.53,0.0,EUR,2026-09-14
2026-09-17,200408,"VARUS, пр. Гуляєва полковника ж.м. ""Дружний"" буд. 107/1",Odesa,41.763493,3,3,0,0,700.6833333333333,700.6833333333333,1,11.6781,11.6781,100.0,0.0,0.0,EUR,2026-09-14
2026-09-17,200399,"VARUS, пр. Добровольського 122/1",Odesa,39.200762,3,3,0,0,700.6833333333333,700.6833333333333,1,11.6781,11.6781,100.0,0.0,0.0,EUR,2026-09-14
2026-09-17,862701,"VARUS, пр. Коцюбинського, 70",Vinnytsia,316.695754,20,20,2,0,700.6833333333333,700.6833333333333,1,11.6781,11.6781,100.0,10.0,0.0,EUR,2026-09-14
2026-09-17,200394,"VARUS, пр. Металургів 42А",Kryvyi Rih,69.772395,5,5,0,0,280.3666666666667,700.6833333333333,1,4.6728,11.6781,40.01,0.0,0.0,EUR,2026-09-14
2026-09-17,200380,"VARUS, пр. Миколи Бажана 38",Kyiv,61.397112,6,5,0,1,700.6833333333333,700.6833333333333,1,11.6781,11.6781,100.0,0.0,16.67,EUR,2026-09-14
2026-09-17,200359,"VARUS, пр. О. Поля, 104а",Dnipro,0.0,0,0,0,0,0.0,0.0,1,0.0,0.0,,,,EUR,2026-09-14
2026-09-17,198953,"VARUS, пр. Олександра Поля, 104",Dnipro,113.655657,8,8,1,0,302.6,700.6833333333333,1,5.0433,11.6781,43.19,12.5,0.0,EUR,2026-09-14
2026-09-17,200357,"VARUS, пр.Науки 8а",Dnipro,66.709363,5,5,0,0,280.45,700.6833333333333,1,4.6742,11.6781,40.03,0.0,0.0,EUR,2026-09-14
2026-09-17,200377,"VARUS, пр.Оболонський 47/42",Kyiv,53.197537,5,3,0,2,700.6833333333333,700.6833333333333,1,11.6781,11.6781,100.0,0.0,40.0,EUR,2026-09-14
2026-09-17,200360,"VARUS, проспект Слобожанський 86",Dnipro,156.208866,13,11,0,2,700.6833333333333,700.6833333333333,1,11.6781,11.6781,100.0,0.0,15.38,EUR,2026-09-14
2026-09-17,5212564,"VARUS, проспект Соборний, 128",Oleksandriia,0.0,0,0,0,0,0.0,0.0,1,0.0,0.0,,,,EUR,2026-09-14
2026-09-18,200367,"VARUS вул.Петра Сагайдачного, 7",Zaporizhia,48.779012,6,4,0,2,701.0,701.0,1,11.6833,11.6833,100.0,0.0,33.33,EUR,2026-09-14
2026-09-18,200390,"VARUS, 5-й Зарічний, д.19",Kryvyi Rih,12.515907,1,1,0,0,701.0,701.0,1,11.6833,11.6833,100.0,0.0,0.0,EUR,2026-09-14
2026-09-18,200383,"VARUS, Вулиця Героїв полку Азов, 12",Kyiv,170.218512,13,10,2,3,701.0,701.0,1,11.6833,11.6833,100.0,20.0,23.08,EUR,2026-09-14
2026-09-18,200364,"VARUS, Донецьке шосcе 110",Dnipro,92.845236,6,6,0,0,701.0,701.0,1,11.6833,11.6833,100.0,0.0,0.0,EUR,2026-09-14
2026-09-18,200356,"VARUS, Донецьке шосcе 9а",Dnipro,7.491432,1,1,0,0,701.0,701.0,1,11.6833,11.6833,100.0,0.0,0.0,EUR,2026-09-14
2026-09-18,200400,"VARUS, Люстдорфська дорога 114",Odesa,0.0,0,0,0,0,701.0,701.0,1,11.6833,11.6833,100.0,,,EUR,2026-09-14
2026-09-18,200392,"VARUS, Площа Шахтарської Слави 1",Kryvyi Rih,148.430241,10,9,2,1,701.0,701.0,1,11.6833,11.6833,100.0,22.22,10.0,EUR,2026-09-14
2026-09-18,200374,"VARUS, Проспект Червоної Калини 44A",Kyiv,83.341401,6,6,1,0,701.0,701.0,1,11.6833,11.6833,100.0,16.67,0.0,EUR,2026-09-14
2026-09-18,200365,"VARUS, Північно-Кільцева вулиця, 10а,",Zaporizhia,117.874904,6,6,2,0,701.0,701.0,1,11.6833,11.6833,100.0,33.33,0.0,EUR,2026-09-14
2026-09-18,200385,"VARUS, Харківське Шосе 160",Kyiv,110.319845,10,10,1,0,701.0,701.0,1,11.6833,11.6833,100.0,10.0,0.0,EUR,2026-09-14
2026-09-18,200358,"VARUS, бул. Європейський 1Д",Dnipro,169.364252,13,13,1,0,661.0,661.0,1,11.0167,11.0167,100.0,7.69,0.0,EUR,2026-09-14
2026-09-18,200372,"VARUS, бул.Будівельників 27а",Kamianske,0.0,0,0,0,0,601.0,601.0,1,10.0167,10.0167,100.0,,,EUR,2026-09-14
2026-09-18,200355,"VARUS, вул Березинская 23а",Dnipro,34.760096,6,4,0,2,701.0,701.0,1,11.6833,11.6833,100.0,0.0,33.33,EUR,2026-09-14
2026-09-18,200393,"VARUS, вул. 200 річчя Кривого Рогу",Kryvyi Rih,58.828352,5,5,0,0,701.0,701.0,1,11.6833,11.6833,100.0,0.0,0.0,EUR,2026-09-14
2026-09-18,200397,"VARUS, вул. Івана Авраменко 21В",Kryvyi Rih,78.085258,8,8,0,0,701.0,701.0,1,11.6833,11.6833,100.0,0.0,0.0,EUR,2026-09-14
2026-09-18,200376,"VARUS, вул. Волинська 37",Kyiv,70.207192,6,6,2,0,661.0,661.0,1,11.0167,11.0167,100.0,33.33,0.0,EUR,2026-09-14
2026-09-18,200401,"VARUS, вул. Дача Ковалевського 91",Odesa,0.0,0,0,0,0,701.0,701.0,1,11.6833,11.6833,100.0,,,EUR,2026-09-14
2026-09-18,200378,"VARUS, вул. Деміївська 27",Kyiv,177.497597,15,14,3,1,701.0,701.0,1,11.6833,11.6833,100.0,21.43,6.67,EUR,2026-09-14
2026-09-18,200387,"VARUS, вул. Драгаманова 40г",Kyiv,114.046824,8,8,1,0,701.0,701.0,1,11.6833,11.6833,100.0,12.5,0.0,EUR,2026-09-14
2026-09-18,200391,"VARUS, вул. Жилянська 59",Kyiv,22.918505,10,2,0,8,701.0,701.0,1,11.6833,11.6833,100.0,0.0,80.0,EUR,2026-09-14
2026-09-18,200384,"VARUS, вул. Костянтинівська 2А",Kyiv,142.912377,10,10,2,0,701.0,701.0,1,11.6833,11.6833,100.0,20.0,0.0,EUR,2026-09-14
2026-09-18,200388,"VARUS, вул. Лесі Українки 30",Kyiv,205.8155,10,10,1,0,601.0,601.0,1,10.0167,10.0167,100.0,10.0,0.0,EUR,2026-09-14
2026-09-18,200398,"VARUS, вул. Недєліна 43",Kryvyi Rih,0.0,0,0,0,0,701.0,701.0,1,11.6833,11.6833,100.0,,,EUR,2026-09-14
2026-09-18,200371,"VARUS, вул. Ольги Кобилянської 1В/23",Irpin,157.147345,12,11,2,1,701.0,701.0,1,11.6833,11.6833,100.0,18.18,8.33,EUR,2026-09-14
2026-09-18,200351,"VARUS, вул. Паникахи 15",Dnipro,0.0,0,0,0,0,0.0,0.0,1,0.0,0.0,,,,EUR,2026-09-14
2026-09-18,200403,"VARUS, вул. Соборна 97А",Pavlohrad,6.188082,1,1,1,0,641.0,641.0,1,10.6833,10.6833,100.0,100.0,0.0,EUR,2026-09-14
2026-09-18,200389,"VARUS, вул. Срібнокільска 11",Kyiv,48.225117,4,3,0,1,721.0,721.0,1,12.0167,12.0167,100.0,0.0,25.0,EUR,2026-09-14
2026-09-18,4822490,"VARUS, вул. Таращанська 191а",Bila Tserkva,66.064304,6,6,0,0,701.0,701.0,1,11.6833,11.6833,100.0,0.0,0.0,EUR,2026-09-14
2026-09-18,200381,"VARUS, вул. Тютюника 39-А",Kyiv,153.676624,19,14,0,5,701.0,701.0,1,11.6833,11.6833,100.0,0.0,26.32,EUR,2026-09-14
2026-09-18,200366,"VARUS, вул. Яценка 2",Zaporizhia,0.0,0,0,0,0,0.0,0.0,1,0.0,0.0,,,,EUR,2026-09-14
2026-09-18,200352,"VARUS, вул.20річчя Перемоги  43Д",Dnipro,0.0,0,0,0,0,701.0,701.0,1,11.6833,11.6833,100.0,,,EUR,2026-09-14
2026-09-18,200375,"VARUS, вул.Андрія Малишко,3",Kyiv,207.256057,18,11,3,7,701.0,701.0,1,11.6833,11.6833,100.0,27.27,38.89,EUR,2026-09-14
2026-09-18,200379,"VARUS, вул.Бажана 10-А",Kyiv,44.583622,2,2,0,0,701.0,701.0,1,11.6833,11.6833,100.0,0.0,0.0,EUR,2026-09-14
2026-09-18,200382,"VARUS, вул.Васильківска 34",Kyiv,0.0,0,0,0,0,0.0,0.0,1,0.0,0.0,,,,EUR,2026-09-14
2026-09-18,200386,"VARUS, вул.Вишгородска 45а",Kyiv,217.239817,14,14,1,0,661.0,661.0,1,11.0167,11.0167,100.0,7.14,0.0,EUR,2026-09-14
2026-09-18,200350,"VARUS, вул.Глинки 2",Dnipro,0.0,0,0,0,0,0.0,0.0,1,0.0,0.0,,,,EUR,2026-09-14
2026-09-18,200349,"VARUS, вул.Дніпровская 1",Vyshhorod,41.840498,3,3,1,0,701.0,701.0,1,11.6833,11.6833,100.0,33.33,0.0,EUR,2026-09-14
2026-09-18,200354,"VARUS, вул.Калиновая 9А",Dnipro,51.631823,6,4,0,2,701.0,701.0,1,11.6833,11.6833,100.0,0.0,33.33,EUR,2026-09-14
2026-09-18,200348,"VARUS, вул.Київська 239",Brovary,195.223001,15,15,0,0,701.0,701.0,1,11.6833,11.6833,100.0,0.0,0.0,EUR,2026-09-14
2026-09-18,200353,"VARUS, вул.Коммунарівська буд. 8",Dnipro,0.0,0,0,0,0,701.0,701.0,1,11.6833,11.6833,100.0,,,EUR,2026-09-14
2026-09-18,200361,"VARUS, вул.Марії Кюрі 5",Dnipro,176.820162,19,12,0,7,701.0,701.0,1,11.6833,11.6833,100.0,0.0,36.84,EUR,2026-09-14
2026-09-18,200370,"VARUS, вул.Незалежної України 57В",Zaporizhia,187.443889,14,14,3,0,701.0,701.0,1,11.6833,11.6833,100.0,21.43,0.0,EUR,2026-09-14
2026-09-18,200404,"VARUS, вул.Нова 2В",Pavlohrad,20.324881,2,2,0,0,641.0,641.0,1,10.6833,10.6833,100.0,0.0,0.0,EUR,2026-09-14
2026-09-18,200363,"VARUS, вул.Робоча 67",Dnipro,48.474351,5,5,1,0,701.0,701.0,1,11.6833,11.6833,100.0,20.0,0.0,EUR,2026-09-14
2026-09-18,200369,"VARUS, вул.Тараса Шевченка 7",Kamianske,0.0,1,0,0,1,601.0,601.0,1,10.0167,10.0167,100.0,,100.0,EUR,2026-09-14
2026-09-18,200395,"VARUS, вул.Терещенко 1Е",Kryvyi Rih,0.0,0,0,0,0,701.0,701.0,1,11.6833,11.6833,100.0,,,EUR,2026-09-14
2026-09-18,200402,"VARUS, вул.Французький бульвар 22",Odesa,28.417439,3,1,0,2,701.0,701.0,1,11.6833,11.6833,100.0,0.0,66.67,EUR,2026-09-14
2026-09-18,200396,"VARUS, мкр Сонячний 41а",Kryvyi Rih,8.643329,1,1,0,0,701.0,701.0,1,11.6833,11.6833,100.0,0.0,0.0,EUR,2026-09-14
2026-09-18,200362,"VARUS, пр. Івана Мазепи, 58",Dnipro,23.351002,2,2,0,0,701.0,701.0,1,11.6833,11.6833,100.0,0.0,0.0,EUR,2026-09-14
2026-09-18,200373,"VARUS, пр. Академіка Паладіна 16/39",Kyiv,358.582046,16,13,0,3,701.0,701.0,1,11.6833,11.6833,100.0,0.0,18.75,EUR,2026-09-14
2026-09-18,200368,"VARUS, пр. Героїв 2",Dnipro,286.057396,18,17,8,1,701.0,701.0,1,11.6833,11.6833,100.0,47.06,5.56,EUR,2026-09-14
2026-09-18,200408,"VARUS, пр. Гуляєва полковника ж.м. ""Дружний"" буд. 107/1",Odesa,60.454318,7,5,3,2,701.0,701.0,1,11.6833,11.6833,100.0,60.0,28.57,EUR,2026-09-14
2026-09-18,200399,"VARUS, пр. Добровольського 122/1",Odesa,90.060931,5,5,0,0,701.0,701.0,1,11.6833,11.6833,100.0,0.0,0.0,EUR,2026-09-14
2026-09-18,862701,"VARUS, пр. Коцюбинського, 70",Vinnytsia,559.039134,37,35,6,2,701.0,701.0,1,11.6833,11.6833,100.0,17.14,5.41,EUR,2026-09-14
2026-09-18,200394,"VARUS, пр. Металургів 42А",Kryvyi Rih,160.683643,13,12,1,1,701.0,701.0,1,11.6833,11.6833,100.0,8.33,7.69,EUR,2026-09-14
2026-09-18,200380,"VARUS, пр. Миколи Бажана 38",Kyiv,29.89254,2,2,0,0,701.0,701.0,1,11.6833,11.6833,100.0,0.0,0.0,EUR,2026-09-14
2026-09-18,200359,"VARUS, пр. О. Поля, 104а",Dnipro,0.0,0,0,0,0,0.0,0.0,1,0.0,0.0,,,,EUR,2026-09-14
2026-09-18,198953,"VARUS, пр. Олександра Поля, 104",Dnipro,26.982934,4,4,1,0,701.0,701.0,1,11.6833,11.6833,100.0,25.0,0.0,EUR,2026-09-14
2026-09-18,200357,"VARUS, пр.Науки 8а",Dnipro,49.401216,7,4,0,3,701.0,701.0,1,11.6833,11.6833,100.0,0.0,42.86,EUR,2026-09-14
2026-09-18,200377,"VARUS, пр.Оболонський 47/42",Kyiv,23.528023,3,2,0,1,701.0,701.0,1,11.6833,11.6833,100.0,0.0,33.33,EUR,2026-09-14
2026-09-18,200360,"VARUS, проспект Слобожанський 86",Dnipro,134.133795,7,7,0,0,701.0,701.0,1,11.6833,11.6833,100.0,0.0,0.0,EUR,2026-09-14
2026-09-18,5212564,"VARUS, проспект Соборний, 128",Oleksandriia,0.0,0,0,0,0,0.0,0.0,1,0.0,0.0,,,,EUR,2026-09-14
2026-09-19,200367,"VARUS вул.Петра Сагайдачного, 7",Zaporizhia,51.727652,4,4,0,0,701.0,701.0,1,11.6833,11.6833,100.0,0.0,0.0,EUR,2026-09-14
2026-09-19,200390,"VARUS, 5-й Зарічний, д.19",Kryvyi Rih,61.186597,7,2,1,5,701.0,701.0,1,11.6833,11.6833,100.0,50.0,71.43,EUR,2026-09-14
2026-09-19,200383,"VARUS, Вулиця Героїв полку Азов, 12",Kyiv,354.936646,17,16,1,1,701.0,701.0,1,11.6833,11.6833,100.0,6.25,5.88,EUR,2026-09-14
2026-09-19,200364,"VARUS, Донецьке шосcе 110",Dnipro,72.707915,5,5,2,0,701.0,701.0,1,11.6833,11.6833,100.0,40.0,0.0,EUR,2026-09-14
2026-09-19,200356,"VARUS, Донецьке шосcе 9а",Dnipro,49.023561,4,4,1,0,701.0,701.0,1,11.6833,11.6833,100.0,25.0,0.0,EUR,2026-09-14
2026-09-19,200400,"VARUS, Люстдорфська дорога 114",Odesa,0.0,0,0,0,0,701.0,701.0,1,11.6833,11.6833,100.0,,,EUR,2026-09-14
2026-09-19,200392,"VARUS, Площа Шахтарської Слави 1",Kryvyi Rih,169.253002,11,11,0,0,701.0,701.0,1,11.6833,11.6833,100.0,0.0,0.0,EUR,2026-09-14
2026-09-19,200374,"VARUS, Проспект Червоної Калини 44A",Kyiv,157.408875,10,7,1,3,701.0,701.0,1,11.6833,11.6833,100.0,14.29,30.0,EUR,2026-09-14
2026-09-19,200365,"VARUS, Північно-Кільцева вулиця, 10а,",Zaporizhia,61.135658,5,4,1,1,701.0,701.0,1,11.6833,11.6833,100.0,25.0,20.0,EUR,2026-09-14
2026-09-19,200385,"VARUS, Харківське Шосе 160",Kyiv,160.421728,11,11,1,0,701.0,701.0,1,11.6833,11.6833,100.0,9.09,0.0,EUR,2026-09-14
2026-09-19,200358,"VARUS, бул. Європейський 1Д",Dnipro,228.368451,18,14,3,4,661.0,661.0,1,11.0167,11.0167,100.0,21.43,22.22,EUR,2026-09-14
2026-09-19,200372,"VARUS, бул.Будівельників 27а",Kamianske,0.0,0,0,0,0,601.0,601.0,1,10.0167,10.0167,100.0,,,EUR,2026-09-14
2026-09-19,200355,"VARUS, вул Березинская 23а",Dnipro,86.508239,11,6,1,5,701.0,701.0,1,11.6833,11.6833,100.0,16.67,45.45,EUR,2026-09-14
2026-09-19,200393,"VARUS, вул. 200 річчя Кривого Рогу",Kryvyi Rih,105.886545,10,9,1,1,701.0,701.0,1,11.6833,11.6833,100.0,11.11,10.0,EUR,2026-09-14
2026-09-19,200397,"VARUS, вул. Івана Авраменко 21В",Kryvyi Rih,69.973184,5,5,2,0,701.0,701.0,1,11.6833,11.6833,100.0,40.0,0.0,EUR,2026-09-14
2026-09-19,200376,"VARUS, вул. Волинська 37",Kyiv,85.202354,14,4,0,10,661.0,661.0,1,11.0167,11.0167,100.0,0.0,71.43,EUR,2026-09-14
2026-09-19,200401,"VARUS, вул. Дача Ковалевського 91",Odesa,0.0,0,0,0,0,701.0,701.0,1,11.6833,11.6833,100.0,,,EUR,2026-09-14
2026-09-19,200378,"VARUS, вул. Деміївська 27",Kyiv,290.664597,21,20,5,1,701.0,701.0,1,11.6833,11.6833,100.0,25.0,4.76,EUR,2026-09-14
2026-09-19,200387,"VARUS, вул. Драгаманова 40г",Kyiv,48.092206,2,2,0,0,701.0,701.0,1,11.6833,11.6833,100.0,0.0,0.0,EUR,2026-09-14
2026-09-19,200391,"VARUS, вул. Жилянська 59",Kyiv,62.37148,17,3,1,14,701.0,701.0,1,11.6833,11.6833,100.0,33.33,82.35,EUR,2026-09-14
2026-09-19,200384,"VARUS, вул. Костянтинівська 2А",Kyiv,113.008126,9,8,0,1,701.0,701.0,1,11.6833,11.6833,100.0,0.0,11.11,EUR,2026-09-14
2026-09-19,200388,"VARUS, вул. Лесі Українки 30",Kyiv,197.665171,11,10,2,1,601.0,601.0,1,10.0167,10.0167,100.0,20.0,9.09,EUR,2026-09-14
2026-09-19,200398,"VARUS, вул. Недєліна 43",Kryvyi Rih,0.0,0,0,0,0,701.0,701.0,1,11.6833,11.6833,100.0,,,EUR,2026-09-14
2026-09-19,200371,"VARUS, вул. Ольги Кобилянської 1В/23",Irpin,182.715295,9,9,3,0,701.0,701.0,1,11.6833,11.6833,100.0,33.33,0.0,EUR,2026-09-14
2026-09-19,200351,"VARUS, вул. Паникахи 15",Dnipro,0.0,0,0,0,0,0.0,321.0,1,0.0,5.35,0.0,,,EUR,2026-09-14
2026-09-19,200403,"VARUS, вул. Соборна 97А",Pavlohrad,24.029026,3,3,3,0,641.0,641.0,1,10.6833,10.6833,100.0,100.0,0.0,EUR,2026-09-14
2026-09-19,200389,"VARUS, вул. Срібнокільска 11",Kyiv,136.873403,10,10,0,0,721.0,721.0,1,12.0167,12.0167,100.0,0.0,0.0,EUR,2026-09-14
2026-09-19,4822490,"VARUS, вул. Таращанська 191а",Bila Tserkva,73.212628,6,6,1,0,701.0,701.0,1,11.6833,11.6833,100.0,16.67,0.0,EUR,2026-09-14
2026-09-19,200381,"VARUS, вул. Тютюника 39-А",Kyiv,273.359004,26,22,2,4,701.0,701.0,1,11.6833,11.6833,100.0,9.09,15.38,EUR,2026-09-14
2026-09-19,200366,"VARUS, вул. Яценка 2",Zaporizhia,0.0,0,0,0,0,0.0,0.0,1,0.0,0.0,,,,EUR,2026-09-14
2026-09-19,200352,"VARUS, вул.20річчя Перемоги  43Д",Dnipro,0.0,0,0,0,0,701.0,701.0,1,11.6833,11.6833,100.0,,,EUR,2026-09-14
2026-09-19,200375,"VARUS, вул.Андрія Малишко,3",Kyiv,342.701982,20,15,2,5,701.0,701.0,1,11.6833,11.6833,100.0,13.33,25.0,EUR,2026-09-14
2026-09-19,200379,"VARUS, вул.Бажана 10-А",Kyiv,0.0,0,0,0,0,701.0,701.0,1,11.6833,11.6833,100.0,,,EUR,2026-09-14
2026-09-19,200382,"VARUS, вул.Васильківска 34",Kyiv,0.0,0,0,0,0,0.0,0.0,1,0.0,0.0,,,,EUR,2026-09-14
2026-09-19,200386,"VARUS, вул.Вишгородска 45а",Kyiv,271.540015,19,16,1,3,661.0,661.0,1,11.0167,11.0167,100.0,6.25,15.79,EUR,2026-09-14
2026-09-19,200350,"VARUS, вул.Глинки 2",Dnipro,0.0,0,0,0,0,0.0,0.0,1,0.0,0.0,,,,EUR,2026-09-14
2026-09-19,200349,"VARUS, вул.Дніпровская 1",Vyshhorod,19.207919,2,2,0,0,701.0,701.0,1,11.6833,11.6833,100.0,0.0,0.0,EUR,2026-09-14
2026-09-19,200354,"VARUS, вул.Калиновая 9А",Dnipro,146.951825,8,7,0,1,701.0,701.0,1,11.6833,11.6833,100.0,0.0,12.5,EUR,2026-09-14
2026-09-19,200348,"VARUS, вул.Київська 239",Brovary,159.294419,11,11,0,0,701.0,701.0,1,11.6833,11.6833,100.0,0.0,0.0,EUR,2026-09-14
2026-09-19,200353,"VARUS, вул.Коммунарівська буд. 8",Dnipro,70.862383,5,5,0,0,701.0,701.0,1,11.6833,11.6833,100.0,0.0,0.0,EUR,2026-09-14
2026-09-19,200361,"VARUS, вул.Марії Кюрі 5",Dnipro,196.43638,15,11,1,4,701.0,701.0,1,11.6833,11.6833,100.0,9.09,26.67,EUR,2026-09-14
2026-09-19,200370,"VARUS, вул.Незалежної України 57В",Zaporizhia,308.999514,18,18,5,0,701.0,701.0,1,11.6833,11.6833,100.0,27.78,0.0,EUR,2026-09-14
2026-09-19,200404,"VARUS, вул.Нова 2В",Pavlohrad,63.942019,7,5,0,2,641.0,641.0,1,10.6833,10.6833,100.0,0.0,28.57,EUR,2026-09-14
2026-09-19,200363,"VARUS, вул.Робоча 67",Dnipro,73.39277,10,7,0,3,701.0,701.0,1,11.6833,11.6833,100.0,0.0,30.0,EUR,2026-09-14
2026-09-19,200369,"VARUS, вул.Тараса Шевченка 7",Kamianske,28.750399,2,1,0,1,601.0,601.0,1,10.0167,10.0167,100.0,0.0,50.0,EUR,2026-09-14
2026-09-19,200395,"VARUS, вул.Терещенко 1Е",Kryvyi Rih,0.0,0,0,0,0,701.0,701.0,1,11.6833,11.6833,100.0,,,EUR,2026-09-14
2026-09-19,200402,"VARUS, вул.Французький бульвар 22",Odesa,59.220255,6,4,2,2,701.0,701.0,1,11.6833,11.6833,100.0,50.0,33.33,EUR,2026-09-14
2026-09-19,200396,"VARUS, мкр Сонячний 41а",Kryvyi Rih,0.0,1,0,0,1,701.0,701.0,1,11.6833,11.6833,100.0,,100.0,EUR,2026-09-14
2026-09-19,200362,"VARUS, пр. Івана Мазепи, 58",Dnipro,29.656969,2,2,0,0,701.0,701.0,1,11.6833,11.6833,100.0,0.0,0.0,EUR,2026-09-14
2026-09-19,200373,"VARUS, пр. Академіка Паладіна 16/39",Kyiv,635.679348,31,27,3,4,701.0,701.0,1,11.6833,11.6833,100.0,11.11,12.9,EUR,2026-09-14
2026-09-19,200368,"VARUS, пр. Героїв 2",Dnipro,558.058991,29,28,5,1,701.0,701.0,1,11.6833,11.6833,100.0,17.86,3.45,EUR,2026-09-14
2026-09-19,200408,"VARUS, пр. Гуляєва полковника ж.м. ""Дружний"" буд. 107/1",Odesa,219.231536,14,12,5,2,701.0,701.0,1,11.6833,11.6833,100.0,41.67,14.29,EUR,2026-09-14
2026-09-19,200399,"VARUS, пр. Добровольського 122/1",Odesa,88.8337,6,6,1,0,701.0,701.0,1,11.6833,11.6833,100.0,16.67,0.0,EUR,2026-09-14
2026-09-19,862701,"VARUS, пр. Коцюбинського, 70",Vinnytsia,580.126548,38,37,7,1,701.0,701.0,1,11.6833,11.6833,100.0,18.92,2.63,EUR,2026-09-14
2026-09-19,200394,"VARUS, пр. Металургів 42А",Kryvyi Rih,198.503437,12,11,1,1,701.0,701.0,1,11.6833,11.6833,100.0,9.09,8.33,EUR,2026-09-14
2026-09-19,200380,"VARUS, пр. Миколи Бажана 38",Kyiv,63.098101,5,4,0,1,701.0,701.0,1,11.6833,11.6833,100.0,0.0,20.0,EUR,2026-09-14
2026-09-19,200359,"VARUS, пр. О. Поля, 104а",Dnipro,0.0,0,0,0,0,0.0,0.0,1,0.0,0.0,,,,EUR,2026-09-14
2026-09-19,198953,"VARUS, пр. Олександра Поля, 104",Dnipro,96.344062,5,3,0,2,533.41669921875,701.0,1,8.8903,11.6833,76.09,0.0,40.0,EUR,2026-09-14
2026-09-19,200357,"VARUS, пр.Науки 8а",Dnipro,254.556845,18,13,3,5,701.0,701.0,1,11.6833,11.6833,100.0,23.08,27.78,EUR,2026-09-14
2026-09-19,200377,"VARUS, пр.Оболонський 47/42",Kyiv,5.989008,1,1,0,0,701.0,701.0,1,11.6833,11.6833,100.0,0.0,0.0,EUR,2026-09-14
2026-09-19,200360,"VARUS, проспект Слобожанський 86",Dnipro,233.705003,13,11,1,2,701.0,701.0,1,11.6833,11.6833,100.0,9.09,15.38,EUR,2026-09-14
2026-09-19,5212564,"VARUS, проспект Соборний, 128",Oleksandriia,0.0,0,0,0,0,0.0,0.0,1,0.0,0.0,,,,EUR,2026-09-14
2026-09-20,200367,"VARUS вул.Петра Сагайдачного, 7",Zaporizhia,88.571194,5,5,0,0,701.0,701.0,1,11.6833,11.6833,100.0,0.0,0.0,EUR,2026-09-14
2026-09-20,200390,"VARUS, 5-й Зарічний, д.19",Kryvyi Rih,0.0,2,0,0,2,701.0,701.0,1,11.6833,11.6833,100.0,,100.0,EUR,2026-09-14
2026-09-20,200383,"VARUS, Вулиця Героїв полку Азов, 12",Kyiv,160.065538,10,9,2,1,701.0,701.0,1,11.6833,11.6833,100.0,22.22,10.0,EUR,2026-09-14
2026-09-20,200364,"VARUS, Донецьке шосcе 110",Dnipro,13.959193,1,1,0,0,701.0,701.0,1,11.6833,11.6833,100.0,0.0,0.0,EUR,2026-09-14
2026-09-20,200356,"VARUS, Донецьке шосcе 9а",Dnipro,0.0,0,0,0,0,701.0,701.0,1,11.6833,11.6833,100.0,,,EUR,2026-09-14
2026-09-20,200400,"VARUS, Люстдорфська дорога 114",Odesa,0.0,0,0,0,0,701.0,701.0,1,11.6833,11.6833,100.0,,,EUR,2026-09-14
2026-09-20,200392,"VARUS, Площа Шахтарської Слави 1",Kryvyi Rih,162.934936,8,8,1,0,701.0,701.0,1,11.6833,11.6833,100.0,12.5,0.0,EUR,2026-09-14
2026-09-20,200374,"VARUS, Проспект Червоної Калини 44A",Kyiv,212.284628,15,12,2,3,701.0,701.0,1,11.6833,11.6833,100.0,16.67,20.0,EUR,2026-09-14
2026-09-20,200365,"VARUS, Північно-Кільцева вулиця, 10а,",Zaporizhia,62.997001,3,3,1,0,701.0,701.0,1,11.6833,11.6833,100.0,33.33,0.0,EUR,2026-09-14
2026-09-20,200385,"VARUS, Харківське Шосе 160",Kyiv,136.110287,10,10,0,0,701.0,701.0,1,11.6833,11.6833,100.0,0.0,0.0,EUR,2026-09-14
2026-09-20,200358,"VARUS, бул. Європейський 1Д",Dnipro,157.379404,13,12,2,1,661.0,661.0,1,11.0167,11.0167,100.0,16.67,7.69,EUR,2026-09-14
2026-09-20,200372,"VARUS, бул.Будівельників 27а",Kamianske,0.0,0,0,0,0,601.0,601.0,1,10.0167,10.0167,100.0,,,EUR,2026-09-14
2026-09-20,200355,"VARUS, вул Березинская 23а",Dnipro,144.223924,10,10,1,0,701.0,701.0,1,11.6833,11.6833,100.0,10.0,0.0,EUR,2026-09-14
2026-09-20,200393,"VARUS, вул. 200 річчя Кривого Рогу",Kryvyi Rih,126.895692,8,8,2,0,701.0,701.0,1,11.6833,11.6833,100.0,25.0,0.0,EUR,2026-09-14
2026-09-20,200397,"VARUS, вул. Івана Авраменко 21В",Kryvyi Rih,169.688431,13,13,2,0,701.0,701.0,1,11.6833,11.6833,100.0,15.38,0.0,EUR,2026-09-14
2026-09-20,200376,"VARUS, вул. Волинська 37",Kyiv,55.968905,10,5,1,5,661.0,661.0,1,11.0167,11.0167,100.0,20.0,50.0,EUR,2026-09-14
2026-09-20,200401,"VARUS, вул. Дача Ковалевського 91",Odesa,0.0,0,0,0,0,701.0,701.0,1,11.6833,11.6833,100.0,,,EUR,2026-09-14
2026-09-20,200378,"VARUS, вул. Деміївська 27",Kyiv,421.849167,28,28,2,0,701.0,701.0,1,11.6833,11.6833,100.0,7.14,0.0,EUR,2026-09-14
2026-09-20,200387,"VARUS, вул. Драгаманова 40г",Kyiv,111.166886,9,7,0,2,701.0,701.0,1,11.6833,11.6833,100.0,0.0,22.22,EUR,2026-09-14
2026-09-20,200391,"VARUS, вул. Жилянська 59",Kyiv,0.0,22,0,0,22,688.2166666666667,701.0,1,11.4703,11.6833,98.18,,100.0,EUR,2026-09-14
2026-09-20,200384,"VARUS, вул. Костянтинівська 2А",Kyiv,64.646585,6,5,1,1,701.0,701.0,1,11.6833,11.6833,100.0,20.0,16.67,EUR,2026-09-14
2026-09-20,200388,"VARUS, вул. Лесі Українки 30",Kyiv,188.48766,12,12,0,0,601.0,601.0,1,10.0167,10.0167,100.0,0.0,0.0,EUR,2026-09-14
2026-09-20,200398,"VARUS, вул. Недєліна 43",Kryvyi Rih,0.0,0,0,0,0,701.0,701.0,1,11.6833,11.6833,100.0,,,EUR,2026-09-14
2026-09-20,200371,"VARUS, вул. Ольги Кобилянської 1В/23",Irpin,235.981866,16,16,3,0,701.0,701.0,1,11.6833,11.6833,100.0,18.75,0.0,EUR,2026-09-14
2026-09-20,200351,"VARUS, вул. Паникахи 15",Dnipro,33.599807,4,4,0,0,434.4166666666667,701.0,1,7.2403,11.6833,61.97,0.0,0.0,EUR,2026-09-14
2026-09-20,200403,"VARUS, вул. Соборна 97А",Pavlohrad,0.0,0,0,0,0,641.0,641.0,1,10.6833,10.6833,100.0,,,EUR,2026-09-14
2026-09-20,200389,"VARUS, вул. Срібнокільска 11",Kyiv,70.699218,8,6,3,2,721.0,721.0,1,12.0167,12.0167,100.0,50.0,25.0,EUR,2026-09-14
2026-09-20,4822490,"VARUS, вул. Таращанська 191а",Bila Tserkva,52.614506,6,5,1,1,701.0,701.0,1,11.6833,11.6833,100.0,20.0,16.67,EUR,2026-09-14
2026-09-20,200381,"VARUS, вул. Тютюника 39-А",Kyiv,240.421998,23,16,1,7,701.0,701.0,1,11.6833,11.6833,100.0,6.25,30.43,EUR,2026-09-14
2026-09-20,200366,"VARUS, вул. Яценка 2",Zaporizhia,0.0,0,0,0,0,0.0,0.0,1,0.0,0.0,,,,EUR,2026-09-14
2026-09-20,200352,"VARUS, вул.20річчя Перемоги  43Д",Dnipro,0.0,0,0,0,0,701.0,701.0,1,11.6833,11.6833,100.0,,,EUR,2026-09-14
2026-09-20,200375,"VARUS, вул.Андрія Малишко,3",Kyiv,303.174452,24,16,4,8,701.0,701.0,1,11.6833,11.6833,100.0,25.0,33.33,EUR,2026-09-14
2026-09-20,200379,"VARUS, вул.Бажана 10-А",Kyiv,0.0,0,0,0,0,701.0,701.0,1,11.6833,11.6833,100.0,,,EUR,2026-09-14
2026-09-20,200382,"VARUS, вул.Васильківска 34",Kyiv,114.570662,11,9,0,2,371.0,371.0,1,6.1833,6.1833,100.0,0.0,18.18,EUR,2026-09-14
2026-09-20,200386,"VARUS, вул.Вишгородска 45а",Kyiv,285.676819,21,20,5,1,661.0,661.0,1,11.0167,11.0167,100.0,25.0,4.76,EUR,2026-09-14
2026-09-20,200350,"VARUS, вул.Глинки 2",Dnipro,0.0,0,0,0,0,0.0,0.0,1,0.0,0.0,,,,EUR,2026-09-14
2026-09-20,200349,"VARUS, вул.Дніпровская 1",Vyshhorod,59.71345,4,4,1,0,701.0,701.0,1,11.6833,11.6833,100.0,25.0,0.0,EUR,2026-09-14
2026-09-20,200354,"VARUS, вул.Калиновая 9А",Dnipro,238.180272,17,14,0,3,701.0,701.0,1,11.6833,11.6833,100.0,0.0,17.65,EUR,2026-09-14
2026-09-20,200348,"VARUS, вул.Київська 239",Brovary,262.069161,18,18,0,0,701.0,701.0,1,11.6833,11.6833,100.0,0.0,0.0,EUR,2026-09-14
2026-09-20,200353,"VARUS, вул.Коммунарівська буд. 8",Dnipro,91.160913,8,8,1,0,701.0,701.0,1,11.6833,11.6833,100.0,12.5,0.0,EUR,2026-09-14
2026-09-20,200361,"VARUS, вул.Марії Кюрі 5",Dnipro,168.05778,18,12,0,6,701.0,701.0,1,11.6833,11.6833,100.0,0.0,33.33,EUR,2026-09-14
2026-09-20,200370,"VARUS, вул.Незалежної України 57В",Zaporizhia,518.396788,30,30,2,0,701.0,701.0,1,11.6833,11.6833,100.0,6.67,0.0,EUR,2026-09-14
2026-09-20,200404,"VARUS, вул.Нова 2В",Pavlohrad,249.054007,11,11,2,0,641.0,641.0,1,10.6833,10.6833,100.0,18.18,0.0,EUR,2026-09-14
2026-09-20,200363,"VARUS, вул.Робоча 67",Dnipro,164.754906,12,12,3,0,701.0,701.0,1,11.6833,11.6833,100.0,25.0,0.0,EUR,2026-09-14
2026-09-20,200369,"VARUS, вул.Тараса Шевченка 7",Kamianske,10.057732,2,2,2,0,601.0,601.0,1,10.0167,10.0167,100.0,100.0,0.0,EUR,2026-09-14
2026-09-20,200395,"VARUS, вул.Терещенко 1Е",Kryvyi Rih,0.0,0,0,0,0,701.0,701.0,1,11.6833,11.6833,100.0,,,EUR,2026-09-14
2026-09-20,200402,"VARUS, вул.Французький бульвар 22",Odesa,0.0,0,0,0,0,701.0,701.0,1,11.6833,11.6833,100.0,,,EUR,2026-09-14
2026-09-20,200396,"VARUS, мкр Сонячний 41а",Kryvyi Rih,0.0,0,0,0,0,701.0,701.0,1,11.6833,11.6833,100.0,,,EUR,2026-09-14
2026-09-20,200362,"VARUS, пр. Івана Мазепи, 58",Dnipro,34.383807,3,3,1,0,701.0,701.0,1,11.6833,11.6833,100.0,33.33,0.0,EUR,2026-09-14
2026-09-20,200373,"VARUS, пр. Академіка Паладіна 16/39",Kyiv,626.385517,32,32,3,0,701.0,701.0,1,11.6833,11.6833,100.0,9.38,0.0,EUR,2026-09-14
2026-09-20,200368,"VARUS, пр. Героїв 2",Dnipro,231.452145,15,14,1,1,701.0,701.0,1,11.6833,11.6833,100.0,7.14,6.67,EUR,2026-09-14
2026-09-20,200408,"VARUS, пр. Гуляєва полковника ж.м. ""Дружний"" буд. 107/1",Odesa,100.493585,7,7,0,0,701.0,701.0,1,11.6833,11.6833,100.0,0.0,0.0,EUR,2026-09-14
2026-09-20,200399,"VARUS, пр. Добровольського 122/1",Odesa,69.13063,3,3,0,0,701.0,701.0,1,11.6833,11.6833,100.0,0.0,0.0,EUR,2026-09-14
2026-09-20,862701,"VARUS, пр. Коцюбинського, 70",Vinnytsia,428.901267,33,31,1,2,701.0,701.0,1,11.6833,11.6833,100.0,3.23,6.06,EUR,2026-09-14
2026-09-20,200394,"VARUS, пр. Металургів 42А",Kryvyi Rih,95.742351,7,6,0,1,701.0,701.0,1,11.6833,11.6833,100.0,0.0,14.29,EUR,2026-09-14
2026-09-20,200380,"VARUS, пр. Миколи Бажана 38",Kyiv,62.245595,6,4,0,2,701.0,701.0,1,11.6833,11.6833,100.0,0.0,33.33,EUR,2026-09-14
2026-09-20,200359,"VARUS, пр. О. Поля, 104а",Dnipro,0.0,0,0,0,0,0.0,0.0,1,0.0,0.0,,,,EUR,2026-09-14
2026-09-20,198953,"VARUS, пр. Олександра Поля, 104",Dnipro,65.944664,6,5,0,1,434.35,701.0,1,7.2392,11.6833,61.96,0.0,16.67,EUR,2026-09-14
2026-09-20,200357,"VARUS, пр.Науки 8а",Dnipro,149.408829,11,8,0,3,701.0,701.0,1,11.6833,11.6833,100.0,0.0,27.27,EUR,2026-09-14
2026-09-20,200377,"VARUS, пр.Оболонський 47/42",Kyiv,52.256563,5,4,1,1,701.0,701.0,1,11.6833,11.6833,100.0,25.0,20.0,EUR,2026-09-14
2026-09-20,200360,"VARUS, проспект Слобожанський 86",Dnipro,131.034679,9,9,1,0,701.0,701.0,1,11.6833,11.6833,100.0,11.11,0.0,EUR,2026-09-14
2026-09-20,5212564,"VARUS, проспект Соборний, 128",Oleksandriia,0.0,0,0,0,0,0.0,0.0,1,0.0,0.0,,,,EUR,2026-09-14
2026-09-21,200367,"VARUS вул.Петра Сагайдачного, 7",Zaporizhia,68.565045,5,5,1,0,701.0,701.0,1,11.6833,11.6833,100.0,20.0,0.0,EUR,2026-09-21
2026-09-21,200390,"VARUS, 5-й Зарічний, д.19",Kryvyi Rih,47.320507,4,4,0,0,701.0,701.0,1,11.6833,11.6833,100.0,0.0,0.0,EUR,2026-09-21
2026-09-21,200383,"VARUS, Вулиця Героїв полку Азов, 12",Kyiv,134.711835,7,6,1,1,701.0,701.0,1,11.6833,11.6833,100.0,16.67,14.29,EUR,2026-09-21
2026-09-21,200364,"VARUS, Донецьке шосcе 110",Dnipro,93.3978,6,6,0,0,701.0,701.0,1,11.6833,11.6833,100.0,0.0,0.0,EUR,2026-09-21
2026-09-21,200356,"VARUS, Донецьке шосcе 9а",Dnipro,14.98454,2,2,0,0,701.0,701.0,1,11.6833,11.6833,100.0,0.0,0.0,EUR,2026-09-21
2026-09-21,200400,"VARUS, Люстдорфська дорога 114",Odesa,0.0,0,0,0,0,701.0,701.0,1,11.6833,11.6833,100.0,,,EUR,2026-09-21
2026-09-21,200392,"VARUS, Площа Шахтарської Слави 1",Kryvyi Rih,124.638413,11,10,2,1,701.0,701.0,1,11.6833,11.6833,100.0,20.0,9.09,EUR,2026-09-21
2026-09-21,200374,"VARUS, Проспект Червоної Калини 44A",Kyiv,85.081284,10,7,1,3,701.0,701.0,1,11.6833,11.6833,100.0,14.29,30.0,EUR,2026-09-21
2026-09-21,200365,"VARUS, Північно-Кільцева вулиця, 10а,",Zaporizhia,103.074135,5,5,1,0,701.0,701.0,1,11.6833,11.6833,100.0,20.0,0.0,EUR,2026-09-21
2026-09-21,200385,"VARUS, Харківське Шосе 160",Kyiv,203.750726,12,12,3,0,701.0,701.0,1,11.6833,11.6833,100.0,25.0,0.0,EUR,2026-09-21
2026-09-21,200358,"VARUS, бул. Європейський 1Д",Dnipro,236.474791,24,17,3,7,661.0,661.0,1,11.0167,11.0167,100.0,17.65,29.17,EUR,2026-09-21
2026-09-21,200372,"VARUS, бул.Будівельників 27а",Kamianske,0.0,0,0,0,0,601.0,601.0,1,10.0167,10.0167,100.0,,,EUR,2026-09-21
2026-09-21,200355,"VARUS, вул Березинская 23а",Dnipro,177.987268,10,10,1,0,701.0,701.0,1,11.6833,11.6833,100.0,10.0,0.0,EUR,2026-09-21
2026-09-21,200393,"VARUS, вул. 200 річчя Кривого Рогу",Kryvyi Rih,25.223006,4,3,0,1,701.0,701.0,1,11.6833,11.6833,100.0,0.0,25.0,EUR,2026-09-21
2026-09-21,200397,"VARUS, вул. Івана Авраменко 21В",Kryvyi Rih,28.696378,3,3,0,0,701.0,701.0,1,11.6833,11.6833,100.0,0.0,0.0,EUR,2026-09-21
2026-09-21,200376,"VARUS, вул. Волинська 37",Kyiv,42.991634,7,4,0,3,661.0,661.0,1,11.0167,11.0167,100.0,0.0,42.86,EUR,2026-09-21
2026-09-21,200401,"VARUS, вул. Дача Ковалевського 91",Odesa,0.0,0,0,0,0,701.0,701.0,1,11.6833,11.6833,100.0,,,EUR,2026-09-21
2026-09-21,200378,"VARUS, вул. Деміївська 27",Kyiv,123.4329,6,6,3,0,701.0,701.0,1,11.6833,11.6833,100.0,50.0,0.0,EUR,2026-09-21
2026-09-21,200387,"VARUS, вул. Драгаманова 40г",Kyiv,167.638447,8,8,1,0,701.0,701.0,1,11.6833,11.6833,100.0,12.5,0.0,EUR,2026-09-21
2026-09-21,200391,"VARUS, вул. Жилянська 59",Kyiv,188.041745,14,7,5,7,575.9833333333333,701.0,1,9.5997,11.6833,82.17,71.43,50.0,EUR,2026-09-21
2026-09-21,200384,"VARUS, вул. Костянтинівська 2А",Kyiv,53.344362,5,4,2,1,701.0,701.0,1,11.6833,11.6833,100.0,50.0,20.0,EUR,2026-09-21
2026-09-21,200388,"VARUS, вул. Лесі Українки 30",Kyiv,221.271492,9,9,0,0,601.0,601.0,1,10.0167,10.0167,100.0,0.0,0.0,EUR,2026-09-21
2026-09-21,200398,"VARUS, вул. Недєліна 43",Kryvyi Rih,0.0,0,0,0,0,701.0,701.0,1,11.6833,11.6833,100.0,,,EUR,2026-09-21
2026-09-21,200371,"VARUS, вул. Ольги Кобилянської 1В/23",Irpin,107.53739,7,6,2,1,701.0,701.0,1,11.6833,11.6833,100.0,33.33,14.29,EUR,2026-09-21
2026-09-21,200351,"VARUS, вул. Паникахи 15",Dnipro,23.024292,3,3,0,0,701.0,701.0,1,11.6833,11.6833,100.0,0.0,0.0,EUR,2026-09-21
2026-09-21,200403,"VARUS, вул. Соборна 97А",Pavlohrad,31.955092,3,3,0,0,641.0,641.0,1,10.6833,10.6833,100.0,0.0,0.0,EUR,2026-09-21
2026-09-21,200389,"VARUS, вул. Срібнокільска 11",Kyiv,104.093317,9,8,4,1,721.0,721.0,1,12.0167,12.0167,100.0,50.0,11.11,EUR,2026-09-21
2026-09-21,4822490,"VARUS, вул. Таращанська 191а",Bila Tserkva,93.671446,6,6,1,0,701.0,701.0,1,11.6833,11.6833,100.0,16.67,0.0,EUR,2026-09-21
2026-09-21,200381,"VARUS, вул. Тютюника 39-А",Kyiv,142.028708,15,13,2,2,701.0,701.0,1,11.6833,11.6833,100.0,15.38,13.33,EUR,2026-09-21
2026-09-21,200366,"VARUS, вул. Яценка 2",Zaporizhia,0.0,0,0,0,0,0.0,0.0,1,0.0,0.0,,,,EUR,2026-09-21
2026-09-21,200352,"VARUS, вул.20річчя Перемоги  43Д",Dnipro,0.0,0,0,0,0,701.0,701.0,1,11.6833,11.6833,100.0,,,EUR,2026-09-21
2026-09-21,200375,"VARUS, вул.Андрія Малишко,3",Kyiv,199.598031,8,7,0,1,701.0,701.0,1,11.6833,11.6833,100.0,0.0,12.5,EUR,2026-09-21
2026-09-21,200379,"VARUS, вул.Бажана 10-А",Kyiv,19.527287,2,1,0,1,701.0,701.0,1,11.6833,11.6833,100.0,0.0,50.0,EUR,2026-09-21
2026-09-21,200382,"VARUS, вул.Васильківска 34",Kyiv,173.327915,12,9,2,3,701.0,701.0,1,11.6833,11.6833,100.0,22.22,25.0,EUR,2026-09-21
2026-09-21,200386,"VARUS, вул.Вишгородска 45а",Kyiv,280.685026,16,15,3,1,661.0,661.0,1,11.0167,11.0167,100.0,20.0,6.25,EUR,2026-09-21
2026-09-21,200350,"VARUS, вул.Глинки 2",Dnipro,0.0,0,0,0,0,0.0,0.0,1,0.0,0.0,,,,EUR,2026-09-21
2026-09-21,200349,"VARUS, вул.Дніпровская 1",Vyshhorod,37.595535,5,3,1,2,701.0,701.0,1,11.6833,11.6833,100.0,33.33,40.0,EUR,2026-09-21
2026-09-21,200354,"VARUS, вул.Калиновая 9А",Dnipro,183.813657,15,14,1,1,701.0,701.0,1,11.6833,11.6833,100.0,7.14,6.67,EUR,2026-09-21
2026-09-21,200348,"VARUS, вул.Київська 239",Brovary,179.733232,16,13,3,3,701.0,701.0,1,11.6833,11.6833,100.0,23.08,18.75,EUR,2026-09-21
2026-09-21,200353,"VARUS, вул.Коммунарівська буд. 8",Dnipro,48.47836,4,4,0,0,701.0,701.0,1,11.6833,11.6833,100.0,0.0,0.0,EUR,2026-09-21
2026-09-21,200361,"VARUS, вул.Марії Кюрі 5",Dnipro,107.55868,12,7,0,5,701.0,701.0,1,11.6833,11.6833,100.0,0.0,41.67,EUR,2026-09-21
2026-09-21,200370,"VARUS, вул.Незалежної України 57В",Zaporizhia,120.416187,10,9,0,1,701.0,701.0,1,11.6833,11.6833,100.0,0.0,10.0,EUR,2026-09-21
2026-09-21,200404,"VARUS, вул.Нова 2В",Pavlohrad,14.219473,2,2,1,0,641.0,641.0,1,10.6833,10.6833,100.0,50.0,0.0,EUR,2026-09-21
2026-09-21,200363,"VARUS, вул.Робоча 67",Dnipro,79.413298,5,5,0,0,701.0,701.0,1,11.6833,11.6833,100.0,0.0,0.0,EUR,2026-09-21
2026-09-21,200369,"VARUS, вул.Тараса Шевченка 7",Kamianske,22.414503,1,1,0,0,601.0,601.0,1,10.0167,10.0167,100.0,0.0,0.0,EUR,2026-09-21
2026-09-21,200395,"VARUS, вул.Терещенко 1Е",Kryvyi Rih,0.0,0,0,0,0,701.0,701.0,1,11.6833,11.6833,100.0,,,EUR,2026-09-21
2026-09-21,200402,"VARUS, вул.Французький бульвар 22",Odesa,27.438909,2,2,1,0,701.0,701.0,1,11.6833,11.6833,100.0,50.0,0.0,EUR,2026-09-21
2026-09-21,200396,"VARUS, мкр Сонячний 41а",Kryvyi Rih,11.118577,1,1,0,0,701.0,701.0,1,11.6833,11.6833,100.0,0.0,0.0,EUR,2026-09-21
2026-09-21,200362,"VARUS, пр. Івана Мазепи, 58",Dnipro,6.428754,1,1,0,0,701.0,701.0,1,11.6833,11.6833,100.0,0.0,0.0,EUR,2026-09-21
2026-09-21,200373,"VARUS, пр. Академіка Паладіна 16/39",Kyiv,198.521042,12,12,0,0,701.0,701.0,1,11.6833,11.6833,100.0,0.0,0.0,EUR,2026-09-21
2026-09-21,200368,"VARUS, пр. Героїв 2",Dnipro,422.129339,17,17,6,0,701.0,701.0,1,11.6833,11.6833,100.0,35.29,0.0,EUR,2026-09-21
2026-09-21,200408,"VARUS, пр. Гуляєва полковника ж.м. ""Дружний"" буд. 107/1",Odesa,61.21067,5,5,0,0,701.0,701.0,1,11.6833,11.6833,100.0,0.0,0.0,EUR,2026-09-21
2026-09-21,200399,"VARUS, пр. Добровольського 122/1",Odesa,32.124825,3,3,0,0,701.0,701.0,1,11.6833,11.6833,100.0,0.0,0.0,EUR,2026-09-21
2026-09-21,862701,"VARUS, пр. Коцюбинського, 70",Vinnytsia,339.978045,28,23,8,5,701.0,701.0,1,11.6833,11.6833,100.0,34.78,17.86,EUR,2026-09-21
2026-09-21,200394,"VARUS, пр. Металургів 42А",Kryvyi Rih,76.606162,7,7,0,0,701.0,701.0,1,11.6833,11.6833,100.0,0.0,0.0,EUR,2026-09-21
2026-09-21,200380,"VARUS, пр. Миколи Бажана 38",Kyiv,39.542482,4,4,1,0,701.0,701.0,1,11.6833,11.6833,100.0,25.0,0.0,EUR,2026-09-21
2026-09-21,200359,"VARUS, пр. О. Поля, 104а",Dnipro,0.0,0,0,0,0,0.0,0.0,1,0.0,0.0,,,,EUR,2026-09-21
2026-09-21,198953,"VARUS, пр. Олександра Поля, 104",Dnipro,160.162387,11,10,3,1,701.0,701.0,1,11.6833,11.6833,100.0,30.0,9.09,EUR,2026-09-21
2026-09-21,200357,"VARUS, пр.Науки 8а",Dnipro,156.214,13,12,1,1,701.0,701.0,1,11.6833,11.6833,100.0,8.33,7.69,EUR,2026-09-21
2026-09-21,200377,"VARUS, пр.Оболонський 47/42",Kyiv,37.294549,3,2,0,1,701.0,701.0,1,11.6833,11.6833,100.0,0.0,33.33,EUR,2026-09-21
2026-09-21,200360,"VARUS, проспект Слобожанський 86",Dnipro,91.079161,8,8,3,0,701.0,701.0,1,11.6833,11.6833,100.0,37.5,0.0,EUR,2026-09-21
2026-09-21,5212564,"VARUS, проспект Соборний, 128",Oleksandriia,0.0,0,0,0,0,194.0,194.0,1,3.2333,3.2333,100.0,,,EUR,2026-09-21
2026-09-22,200367,"VARUS вул.Петра Сагайдачного, 7",Zaporizhia,59.936419,6,4,0,2,701.3,701.3,1,11.6883,11.6883,100.0,0.0,33.33,EUR,2026-09-21
2026-09-22,200390,"VARUS, 5-й Зарічний, д.19",Kryvyi Rih,45.555619,6,4,1,2,701.3,701.3,1,11.6883,11.6883,100.0,25.0,33.33,EUR,2026-09-21
2026-09-22,200383,"VARUS, Вулиця Героїв полку Азов, 12",Kyiv,122.178983,10,8,1,2,701.3,701.3,1,11.6883,11.6883,100.0,12.5,20.0,EUR,2026-09-21
2026-09-22,200364,"VARUS, Донецьке шосcе 110",Dnipro,37.0858,1,1,0,0,701.3,701.3,1,11.6883,11.6883,100.0,0.0,0.0,EUR,2026-09-21
2026-09-22,200356,"VARUS, Донецьке шосcе 9а",Dnipro,0.0,0,0,0,0,701.3,701.3,1,11.6883,11.6883,100.0,,,EUR,2026-09-21
2026-09-22,200400,"VARUS, Люстдорфська дорога 114",Odesa,0.0,0,0,0,0,701.3,701.3,1,11.6883,11.6883,100.0,,,EUR,2026-09-21
2026-09-22,200392,"VARUS, Площа Шахтарської Слави 1",Kryvyi Rih,250.253178,13,13,2,0,701.3,701.3,1,11.6883,11.6883,100.0,15.38,0.0,EUR,2026-09-21
2026-09-22,200374,"VARUS, Проспект Червоної Калини 44A",Kyiv,131.018102,7,7,0,0,701.3,701.3,1,11.6883,11.6883,100.0,0.0,0.0,EUR,2026-09-21
2026-09-22,200365,"VARUS, Північно-Кільцева вулиця, 10а,",Zaporizhia,64.270904,4,3,1,1,701.3,701.3,1,11.6883,11.6883,100.0,33.33,25.0,EUR,2026-09-21
2026-09-22,200385,"VARUS, Харківське Шосе 160",Kyiv,217.967922,11,10,5,1,701.3,701.3,1,11.6883,11.6883,100.0,50.0,9.09,EUR,2026-09-21
2026-09-22,200358,"VARUS, бул. Європейський 1Д",Dnipro,144.564711,13,11,1,2,661.3,661.3,1,11.0217,11.0217,100.0,9.09,15.38,EUR,2026-09-21
2026-09-22,200372,"VARUS, бул.Будівельників 27а",Kamianske,0.0,0,0,0,0,61.96666666666667,601.2833333333333,1,1.0328,10.0214,10.31,,,EUR,2026-09-21
2026-09-22,200355,"VARUS, вул Березинская 23а",Dnipro,64.002445,5,5,1,0,701.3,701.3,1,11.6883,11.6883,100.0,20.0,0.0,EUR,2026-09-21
2026-09-22,200393,"VARUS, вул. 200 річчя Кривого Рогу",Kryvyi Rih,41.289659,6,4,0,2,701.3,701.3,1,11.6883,11.6883,100.0,0.0,33.33,EUR,2026-09-21
2026-09-22,200397,"VARUS, вул. Івана Авраменко 21В",Kryvyi Rih,94.548454,6,6,0,0,701.3,701.3,1,11.6883,11.6883,100.0,0.0,0.0,EUR,2026-09-21
2026-09-22,200376,"VARUS, вул. Волинська 37",Kyiv,126.131318,10,6,2,4,661.3,661.3,1,11.0217,11.0217,100.0,33.33,40.0,EUR,2026-09-21
2026-09-22,200401,"VARUS, вул. Дача Ковалевського 91",Odesa,0.0,0,0,0,0,701.3,701.3,1,11.6883,11.6883,100.0,,,EUR,2026-09-21
2026-09-22,200378,"VARUS, вул. Деміївська 27",Kyiv,276.920831,17,17,2,0,701.3,701.3,1,11.6883,11.6883,100.0,11.76,0.0,EUR,2026-09-21
2026-09-22,200387,"VARUS, вул. Драгаманова 40г",Kyiv,97.336035,5,4,0,1,701.3,701.3,1,11.6883,11.6883,100.0,0.0,20.0,EUR,2026-09-21
2026-09-22,200391,"VARUS, вул. Жилянська 59",Kyiv,99.621938,19,7,2,12,701.3,701.3,1,11.6883,11.6883,100.0,28.57,63.16,EUR,2026-09-21
2026-09-22,200384,"VARUS, вул. Костянтинівська 2А",Kyiv,51.750827,5,4,0,1,701.3,701.3,1,11.6883,11.6883,100.0,0.0,20.0,EUR,2026-09-21
2026-09-22,200388,"VARUS, вул. Лесі Українки 30",Kyiv,0.0,23,0,0,23,601.3,601.3,1,10.0217,10.0217,100.0,,100.0,EUR,2026-09-21
2026-09-22,200398,"VARUS, вул. Недєліна 43",Kryvyi Rih,0.0,0,0,0,0,701.3,701.3,1,11.6883,11.6883,100.0,,,EUR,2026-09-21
2026-09-22,200371,"VARUS, вул. Ольги Кобилянської 1В/23",Irpin,271.028929,16,16,1,0,701.3,701.3,1,11.6883,11.6883,100.0,6.25,0.0,EUR,2026-09-21
2026-09-22,200351,"VARUS, вул. Паникахи 15",Dnipro,38.186894,3,3,0,0,701.3,701.3,1,11.6883,11.6883,100.0,0.0,0.0,EUR,2026-09-21
2026-09-22,200403,"VARUS, вул. Соборна 97А",Pavlohrad,86.077858,5,5,0,0,641.3,641.3,1,10.6883,10.6883,100.0,0.0,0.0,EUR,2026-09-21
2026-09-22,200389,"VARUS, вул. Срібнокільска 11",Kyiv,81.541883,6,6,0,0,721.3,721.3,1,12.0217,12.0217,100.0,0.0,0.0,EUR,2026-09-21
2026-09-22,4822490,"VARUS, вул. Таращанська 191а",Bila Tserkva,64.039044,6,6,0,0,701.3,701.3,1,11.6883,11.6883,100.0,0.0,0.0,EUR,2026-09-21
2026-09-22,200381,"VARUS, вул. Тютюника 39-А",Kyiv,510.138974,30,27,4,3,701.3,701.3,1,11.6883,11.6883,100.0,14.81,10.0,EUR,2026-09-21
2026-09-22,200366,"VARUS, вул. Яценка 2",Zaporizhia,0.0,0,0,0,0,0.0,0.0,1,0.0,0.0,,,,EUR,2026-09-21
2026-09-22,200352,"VARUS, вул.20річчя Перемоги  43Д",Dnipro,0.0,0,0,0,0,701.3,701.3,1,11.6883,11.6883,100.0,,,EUR,2026-09-21
2026-09-22,200375,"VARUS, вул.Андрія Малишко,3",Kyiv,184.117072,11,9,1,2,701.3,701.3,1,11.6883,11.6883,100.0,11.11,18.18,EUR,2026-09-21
2026-09-22,200379,"VARUS, вул.Бажана 10-А",Kyiv,0.0,0,0,0,0,701.3,701.3,1,11.6883,11.6883,100.0,,,EUR,2026-09-21
2026-09-22,200382,"VARUS, вул.Васильківска 34",Kyiv,203.182193,17,15,10,2,701.3,701.3,1,11.6883,11.6883,100.0,66.67,11.76,EUR,2026-09-21
2026-09-22,200386,"VARUS, вул.Вишгородска 45а",Kyiv,245.332712,17,16,2,1,661.3,661.3,1,11.0217,11.0217,100.0,12.5,5.88,EUR,2026-09-21
2026-09-22,200350,"VARUS, вул.Глинки 2",Dnipro,0.0,0,0,0,0,0.0,0.0,1,0.0,0.0,,,,EUR,2026-09-21
2026-09-22,200349,"VARUS, вул.Дніпровская 1",Vyshhorod,49.577648,6,5,0,1,701.3,701.3,1,11.6883,11.6883,100.0,0.0,16.67,EUR,2026-09-21
2026-09-22,200354,"VARUS, вул.Калиновая 9А",Dnipro,327.406842,21,20,3,1,701.3,701.3,1,11.6883,11.6883,100.0,15.0,4.76,EUR,2026-09-21
2026-09-22,200348,"VARUS, вул.Київська 239",Brovary,179.463119,13,13,0,0,701.3,701.3,1,11.6883,11.6883,100.0,0.0,0.0,EUR,2026-09-21
2026-09-22,200353,"VARUS, вул.Коммунарівська буд. 8",Dnipro,93.592591,5,5,1,0,701.3,701.3,1,11.6883,11.6883,100.0,20.0,0.0,EUR,2026-09-21
2026-09-22,200361,"VARUS, вул.Марії Кюрі 5",Dnipro,159.043046,12,10,2,2,446.56666666666666,701.3,1,7.4428,11.6883,63.68,20.0,16.67,EUR,2026-09-21
2026-09-22,200370,"VARUS, вул.Незалежної України 57В",Zaporizhia,230.681503,15,15,0,0,701.3,701.3,1,11.6883,11.6883,100.0,0.0,0.0,EUR,2026-09-21
2026-09-22,200404,"VARUS, вул.Нова 2В",Pavlohrad,24.487853,2,2,0,0,641.3,641.3,1,10.6883,10.6883,100.0,0.0,0.0,EUR,2026-09-21
2026-09-22,200363,"VARUS, вул.Робоча 67",Dnipro,117.89959,8,8,1,0,701.3,701.3,1,11.6883,11.6883,100.0,12.5,0.0,EUR,2026-09-21
2026-09-22,200369,"VARUS, вул.Тараса Шевченка 7",Kamianske,0.0,0,0,0,0,601.3,601.3,1,10.0217,10.0217,100.0,,,EUR,2026-09-21
2026-09-22,200395,"VARUS, вул.Терещенко 1Е",Kryvyi Rih,0.0,0,0,0,0,701.3,701.3,1,11.6883,11.6883,100.0,,,EUR,2026-09-21
2026-09-22,200402,"VARUS, вул.Французький бульвар 22",Odesa,14.250756,1,1,1,0,701.3,701.3,1,11.6883,11.6883,100.0,100.0,0.0,EUR,2026-09-21
2026-09-22,200396,"VARUS, мкр Сонячний 41а",Kryvyi Rih,0.0,0,0,0,0,701.3,701.3,1,11.6883,11.6883,100.0,,,EUR,2026-09-21
2026-09-22,200362,"VARUS, пр. Івана Мазепи, 58",Dnipro,57.520865,5,5,0,0,701.3,701.3,1,11.6883,11.6883,100.0,0.0,0.0,EUR,2026-09-21
2026-09-22,200373,"VARUS, пр. Академіка Паладіна 16/39",Kyiv,417.407833,25,23,1,2,701.3,701.3,1,11.6883,11.6883,100.0,4.35,8.0,EUR,2026-09-21
2026-09-22,200368,"VARUS, пр. Героїв 2",Dnipro,83.385281,5,5,0,0,701.3,701.3,1,11.6883,11.6883,100.0,0.0,0.0,EUR,2026-09-21
2026-09-22,200408,"VARUS, пр. Гуляєва полковника ж.м. ""Дружний"" буд. 107/1",Odesa,66.377895,4,4,0,0,701.3,701.3,1,11.6883,11.6883,100.0,0.0,0.0,EUR,2026-09-21
2026-09-22,200399,"VARUS, пр. Добровольського 122/1",Odesa,83.726159,5,5,2,0,701.3,701.3,1,11.6883,11.6883,100.0,40.0,0.0,EUR,2026-09-21
2026-09-22,862701,"VARUS, пр. Коцюбинського, 70",Vinnytsia,308.405963,26,26,5,0,701.3,701.3,1,11.6883,11.6883,100.0,19.23,0.0,EUR,2026-09-21
2026-09-22,200394,"VARUS, пр. Металургів 42А",Kryvyi Rih,102.367664,8,8,1,0,701.3,701.3,1,11.6883,11.6883,100.0,12.5,0.0,EUR,2026-09-21
2026-09-22,200380,"VARUS, пр. Миколи Бажана 38",Kyiv,19.189909,1,1,0,0,701.3,701.3,1,11.6883,11.6883,100.0,0.0,0.0,EUR,2026-09-21
2026-09-22,200359,"VARUS, пр. О. Поля, 104а",Dnipro,0.0,0,0,0,0,0.0,0.0,1,0.0,0.0,,,,EUR,2026-09-21
2026-09-22,198953,"VARUS, пр. Олександра Поля, 104",Dnipro,64.749809,3,3,0,0,701.3,701.3,1,11.6883,11.6883,100.0,0.0,0.0,EUR,2026-09-21
2026-09-22,200357,"VARUS, пр.Науки 8а",Dnipro,170.798039,15,11,1,4,701.3,701.3,1,11.6883,11.6883,100.0,9.09,26.67,EUR,2026-09-21
2026-09-22,200377,"VARUS, пр.Оболонський 47/42",Kyiv,48.455919,6,3,3,3,701.3,701.3,1,11.6883,11.6883,100.0,100.0,50.0,EUR,2026-09-21
2026-09-22,200360,"VARUS, проспект Слобожанський 86",Dnipro,101.454626,7,7,0,0,701.3,701.3,1,11.6883,11.6883,100.0,0.0,0.0,EUR,2026-09-21
2026-09-22,5212564,"VARUS, проспект Соборний, 128",Oleksandriia,62.768386,5,5,0,0,701.3,701.3,1,11.6883,11.6883,100.0,0.0,0.0,EUR,2026-09-21
2026-09-23,200367,"VARUS вул.Петра Сагайдачного, 7",Zaporizhia,64.093933,8,8,2,0,700.7833333333333,700.7833333333333,1,11.6797,11.6797,100.0,25.0,0.0,EUR,2026-09-21
2026-09-23,200390,"VARUS, 5-й Зарічний, д.19",Kryvyi Rih,15.749642,2,1,1,1,700.7833333333333,700.7833333333333,1,11.6797,11.6797,100.0,100.0,50.0,EUR,2026-09-21
2026-09-23,200383,"VARUS, Вулиця Героїв полку Азов, 12",Kyiv,125.280269,9,9,1,0,700.7833333333333,700.7833333333333,1,11.6797,11.6797,100.0,11.11,0.0,EUR,2026-09-21
2026-09-23,200364,"VARUS, Донецьке шосcе 110",Dnipro,67.458922,5,5,2,0,700.7833333333333,700.7833333333333,1,11.6797,11.6797,100.0,40.0,0.0,EUR,2026-09-21
2026-09-23,200356,"VARUS, Донецьке шосcе 9а",Dnipro,55.211991,3,3,1,0,700.7833333333333,700.7833333333333,1,11.6797,11.6797,100.0,33.33,0.0,EUR,2026-09-21
2026-09-23,200400,"VARUS, Люстдорфська дорога 114",Odesa,0.0,0,0,0,0,700.7833333333333,700.7833333333333,1,11.6797,11.6797,100.0,,,EUR,2026-09-21
2026-09-23,200392,"VARUS, Площа Шахтарської Слави 1",Kryvyi Rih,227.361132,14,13,1,1,700.7833333333333,700.7833333333333,1,11.6797,11.6797,100.0,7.69,7.14,EUR,2026-09-21
2026-09-23,200374,"VARUS, Проспект Червоної Калини 44A",Kyiv,46.375439,5,5,1,0,700.7833333333333,700.7833333333333,1,11.6797,11.6797,100.0,20.0,0.0,EUR,2026-09-21
2026-09-23,200365,"VARUS, Північно-Кільцева вулиця, 10а,",Zaporizhia,51.396236,5,4,4,1,700.7833333333333,700.7833333333333,1,11.6797,11.6797,100.0,100.0,20.0,EUR,2026-09-21
2026-09-23,200385,"VARUS, Харківське Шосе 160",Kyiv,322.025734,13,13,3,0,700.7833333333333,700.7833333333333,1,11.6797,11.6797,100.0,23.08,0.0,EUR,2026-09-21
2026-09-23,200358,"VARUS, бул. Європейський 1Д",Dnipro,51.394871,5,4,0,1,660.8,660.8,1,11.0133,11.0133,100.0,0.0,20.0,EUR,2026-09-21
2026-09-23,200372,"VARUS, бул.Будівельників 27а",Kamianske,0.0,0,0,0,0,600.8,600.8,1,10.0133,10.0133,100.0,,,EUR,2026-09-21
2026-09-23,200355,"VARUS, вул Березинская 23а",Dnipro,185.773897,13,11,2,2,700.7833333333333,700.7833333333333,1,11.6797,11.6797,100.0,18.18,15.38,EUR,2026-09-21
2026-09-23,200393,"VARUS, вул. 200 річчя Кривого Рогу",Kryvyi Rih,98.174912,10,9,3,1,700.7833333333333,700.7833333333333,1,11.6797,11.6797,100.0,33.33,10.0,EUR,2026-09-21
2026-09-23,200397,"VARUS, вул. Івана Авраменко 21В",Kryvyi Rih,80.771022,5,5,2,0,700.7833333333333,700.7833333333333,1,11.6797,11.6797,100.0,40.0,0.0,EUR,2026-09-21
2026-09-23,200376,"VARUS, вул. Волинська 37",Kyiv,442.239042,8,6,2,2,660.8,660.8,1,11.0133,11.0133,100.0,33.33,25.0,EUR,2026-09-21
2026-09-23,200401,"VARUS, вул. Дача Ковалевського 91",Odesa,0.0,0,0,0,0,700.7833333333333,700.7833333333333,1,11.6797,11.6797,100.0,,,EUR,2026-09-21
2026-09-23,200378,"VARUS, вул. Деміївська 27",Kyiv,135.523675,9,9,2,0,700.7833333333333,700.7833333333333,1,11.6797,11.6797,100.0,22.22,0.0,EUR,2026-09-21
2026-09-23,200387,"VARUS, вул. Драгаманова 40г",Kyiv,162.845845,10,7,0,3,700.7833333333333,700.7833333333333,1,11.6797,11.6797,100.0,0.0,30.0,EUR,2026-09-21
2026-09-23,200391,"VARUS, вул. Жилянська 59",Kyiv,67.659762,16,5,3,11,700.7833333333333,700.7833333333333,1,11.6797,11.6797,100.0,60.0,68.75,EUR,2026-09-21
2026-09-23,200384,"VARUS, вул. Костянтинівська 2А",Kyiv,74.036371,4,4,2,0,700.7833333333333,700.7833333333333,1,11.6797,11.6797,100.0,50.0,0.0,EUR,2026-09-21
2026-09-23,200388,"VARUS, вул. Лесі Українки 30",Kyiv,145.568186,9,5,1,4,600.8,600.8,1,10.0133,10.0133,100.0,20.0,44.44,EUR,2026-09-21
2026-09-23,200398,"VARUS, вул. Недєліна 43",Kryvyi Rih,0.0,0,0,0,0,700.7833333333333,700.7833333333333,1,11.6797,11.6797,100.0,,,EUR,2026-09-21
2026-09-23,200371,"VARUS, вул. Ольги Кобилянської 1В/23",Irpin,113.820337,8,8,0,0,700.7833333333333,700.7833333333333,1,11.6797,11.6797,100.0,0.0,0.0,EUR,2026-09-21
2026-09-23,200351,"VARUS, вул. Паникахи 15",Dnipro,94.210912,8,6,1,2,700.7833333333333,700.7833333333333,1,11.6797,11.6797,100.0,16.67,25.0,EUR,2026-09-21
2026-09-23,200403,"VARUS, вул. Соборна 97А",Pavlohrad,24.251332,2,2,1,0,640.7833333333333,640.7833333333333,1,10.6797,10.6797,100.0,50.0,0.0,EUR,2026-09-21
2026-09-23,200389,"VARUS, вул. Срібнокільска 11",Kyiv,124.955927,6,5,0,1,720.7833333333333,720.7833333333333,1,12.0131,12.0131,100.0,0.0,16.67,EUR,2026-09-21
2026-09-23,4822490,"VARUS, вул. Таращанська 191а",Bila Tserkva,75.88347,7,7,2,0,700.7833333333333,700.7833333333333,1,11.6797,11.6797,100.0,28.57,0.0,EUR,2026-09-21
2026-09-23,200381,"VARUS, вул. Тютюника 39-А",Kyiv,190.613917,20,14,1,6,700.7833333333333,700.7833333333333,1,11.6797,11.6797,100.0,7.14,30.0,EUR,2026-09-21
2026-09-23,200366,"VARUS, вул. Яценка 2",Zaporizhia,0.0,0,0,0,0,0.0,0.0,1,0.0,0.0,,,,EUR,2026-09-21
2026-09-23,200352,"VARUS, вул.20річчя Перемоги  43Д",Dnipro,0.0,0,0,0,0,700.7833333333333,700.7833333333333,1,11.6797,11.6797,100.0,,,EUR,2026-09-21
2026-09-23,200375,"VARUS, вул.Андрія Малишко,3",Kyiv,160.095645,19,12,1,7,700.7833333333333,700.7833333333333,1,11.6797,11.6797,100.0,8.33,36.84,EUR,2026-09-21
2026-09-23,200379,"VARUS, вул.Бажана 10-А",Kyiv,0.0,0,0,0,0,700.7833333333333,700.7833333333333,1,11.6797,11.6797,100.0,,,EUR,2026-09-21
2026-09-23,200382,"VARUS, вул.Васильківска 34",Kyiv,214.350193,13,13,2,0,700.7833333333333,700.7833333333333,1,11.6797,11.6797,100.0,15.38,0.0,EUR,2026-09-21
2026-09-23,200386,"VARUS, вул.Вишгородска 45а",Kyiv,339.948185,19,18,2,1,660.8,660.8,1,11.0133,11.0133,100.0,11.11,5.26,EUR,2026-09-21
2026-09-23,200350,"VARUS, вул.Глинки 2",Dnipro,0.0,0,0,0,0,0.0,0.0,1,0.0,0.0,,,,EUR,2026-09-21
2026-09-23,200349,"VARUS, вул.Дніпровская 1",Vyshhorod,29.062522,4,4,0,0,700.7833333333333,700.7833333333333,1,11.6797,11.6797,100.0,0.0,0.0,EUR,2026-09-21
2026-09-23,200354,"VARUS, вул.Калиновая 9А",Dnipro,142.546631,11,11,3,0,700.7833333333333,700.7833333333333,1,11.6797,11.6797,100.0,27.27,0.0,EUR,2026-09-21
2026-09-23,200348,"VARUS, вул.Київська 239",Brovary,58.466723,6,6,0,0,700.7833333333333,700.7833333333333,1,11.6797,11.6797,100.0,0.0,0.0,EUR,2026-09-21
2026-09-23,200353,"VARUS, вул.Коммунарівська буд. 8",Dnipro,22.277611,4,3,0,1,700.7833333333333,700.7833333333333,1,11.6797,11.6797,100.0,0.0,25.0,EUR,2026-09-21
2026-09-23,200361,"VARUS, вул.Марії Кюрі 5",Dnipro,247.766118,18,16,5,2,700.7833333333333,700.7833333333333,1,11.6797,11.6797,100.0,31.25,11.11,EUR,2026-09-21
2026-09-23,200370,"VARUS, вул.Незалежної України 57В",Zaporizhia,288.227796,20,19,5,1,700.7833333333333,700.7833333333333,1,11.6797,11.6797,100.0,26.32,5.0,EUR,2026-09-21
2026-09-23,200404,"VARUS, вул.Нова 2В",Pavlohrad,27.324509,2,2,1,0,640.7833333333333,640.7833333333333,1,10.6797,10.6797,100.0,50.0,0.0,EUR,2026-09-21
2026-09-23,200363,"VARUS, вул.Робоча 67",Dnipro,201.771516,13,10,3,3,700.7833333333333,700.7833333333333,1,11.6797,11.6797,100.0,30.0,23.08,EUR,2026-09-21
2026-09-23,200369,"VARUS, вул.Тараса Шевченка 7",Kamianske,49.11648,3,2,2,1,600.8,600.8,1,10.0133,10.0133,100.0,100.0,33.33,EUR,2026-09-21
2026-09-23,200395,"VARUS, вул.Терещенко 1Е",Kryvyi Rih,0.0,0,0,0,0,700.7833333333333,700.7833333333333,1,11.6797,11.6797,100.0,,,EUR,2026-09-21
2026-09-23,200402,"VARUS, вул.Французький бульвар 22",Odesa,0.0,1,0,0,1,700.7833333333333,700.7833333333333,1,11.6797,11.6797,100.0,,100.0,EUR,2026-09-21
2026-09-23,200396,"VARUS, мкр Сонячний 41а",Kryvyi Rih,24.585414,1,1,1,0,700.7833333333333,700.7833333333333,1,11.6797,11.6797,100.0,100.0,0.0,EUR,2026-09-21
2026-09-23,200362,"VARUS, пр. Івана Мазепи, 58",Dnipro,63.716019,6,5,4,1,700.7833333333333,700.7833333333333,1,11.6797,11.6797,100.0,80.0,16.67,EUR,2026-09-21
2026-09-23,200373,"VARUS, пр. Академіка Паладіна 16/39",Kyiv,400.185454,25,22,1,3,700.7833333333333,700.7833333333333,1,11.6797,11.6797,100.0,4.55,12.0,EUR,2026-09-21
2026-09-23,200368,"VARUS, пр. Героїв 2",Dnipro,125.152872,11,8,5,3,700.7833333333333,700.7833333333333,1,11.6797,11.6797,100.0,62.5,27.27,EUR,2026-09-21
2026-09-23,200408,"VARUS, пр. Гуляєва полковника ж.м. ""Дружний"" буд. 107/1",Odesa,111.069554,7,6,1,1,700.7833333333333,700.7833333333333,1,11.6797,11.6797,100.0,16.67,14.29,EUR,2026-09-21
2026-09-23,200399,"VARUS, пр. Добровольського 122/1",Odesa,45.845582,5,5,1,0,700.7833333333333,700.7833333333333,1,11.6797,11.6797,100.0,20.0,0.0,EUR,2026-09-21
2026-09-23,862701,"VARUS, пр. Коцюбинського, 70",Vinnytsia,311.914988,27,23,1,4,700.7833333333333,700.7833333333333,1,11.6797,11.6797,100.0,4.35,14.81,EUR,2026-09-21
2026-09-23,200394,"VARUS, пр. Металургів 42А",Kryvyi Rih,178.96327,12,11,4,1,700.7833333333333,700.7833333333333,1,11.6797,11.6797,100.0,36.36,8.33,EUR,2026-09-21
2026-09-23,200380,"VARUS, пр. Миколи Бажана 38",Kyiv,40.345186,5,4,1,1,700.7833333333333,700.7833333333333,1,11.6797,11.6797,100.0,25.0,20.0,EUR,2026-09-21
2026-09-23,200359,"VARUS, пр. О. Поля, 104а",Dnipro,0.0,0,0,0,0,0.0,0.0,1,0.0,0.0,,,,EUR,2026-09-21
2026-09-23,198953,"VARUS, пр. Олександра Поля, 104",Dnipro,44.669958,8,4,4,4,700.7833333333333,700.7833333333333,1,11.6797,11.6797,100.0,100.0,50.0,EUR,2026-09-21
2026-09-23,200357,"VARUS, пр.Науки 8а",Dnipro,75.112643,10,5,0,5,700.7833333333333,700.7833333333333,1,11.6797,11.6797,100.0,0.0,50.0,EUR,2026-09-21
2026-09-23,200377,"VARUS, пр.Оболонський 47/42",Kyiv,11.554608,1,1,1,0,700.7833333333333,700.7833333333333,1,11.6797,11.6797,100.0,100.0,0.0,EUR,2026-09-21
2026-09-23,200360,"VARUS, проспект Слобожанський 86",Dnipro,241.680741,17,13,1,4,700.7833333333333,700.7833333333333,1,11.6797,11.6797,100.0,7.69,23.53,EUR,2026-09-21
2026-09-23,5212564,"VARUS, проспект Соборний, 128",Oleksandriia,48.114036,7,6,1,1,700.7833333333333,700.7833333333333,1,11.6797,11.6797,100.0,16.67,14.29,EUR,2026-09-21
2026-09-24,200367,"VARUS вул.Петра Сагайдачного, 7",Zaporizhia,32.313857,3,3,0,0,700.8666666666667,700.8666666666667,1,11.6811,11.6811,100.0,0.0,0.0,EUR,2026-09-21
2026-09-24,200390,"VARUS, 5-й Зарічний, д.19",Kryvyi Rih,51.38279,2,2,1,0,700.8666666666667,700.8666666666667,1,11.6811,11.6811,100.0,50.0,0.0,EUR,2026-09-21
2026-09-24,200383,"VARUS, Вулиця Героїв полку Азов, 12",Kyiv,127.149203,7,7,0,0,700.8666666666667,700.8666666666667,1,11.6811,11.6811,100.0,0.0,0.0,EUR,2026-09-21
2026-09-24,200364,"VARUS, Донецьке шосcе 110",Dnipro,0.0,0,0,0,0,700.8666666666667,700.8666666666667,1,11.6811,11.6811,100.0,,,EUR,2026-09-21
2026-09-24,200356,"VARUS, Донецьке шосcе 9а",Dnipro,22.681024,3,2,0,1,700.8666666666667,700.8666666666667,1,11.6811,11.6811,100.0,0.0,33.33,EUR,2026-09-21
2026-09-24,200400,"VARUS, Люстдорфська дорога 114",Odesa,0.0,0,0,0,0,700.8666666666667,700.8666666666667,1,11.6811,11.6811,100.0,,,EUR,2026-09-21
2026-09-24,200392,"VARUS, Площа Шахтарської Слави 1",Kryvyi Rih,165.291757,13,13,0,0,700.8666666666667,700.8666666666667,1,11.6811,11.6811,100.0,0.0,0.0,EUR,2026-09-21
2026-09-24,200374,"VARUS, Проспект Червоної Калини 44A",Kyiv,109.205961,8,7,0,1,700.8666666666667,700.8666666666667,1,11.6811,11.6811,100.0,0.0,12.5,EUR,2026-09-21
2026-09-24,200365,"VARUS, Північно-Кільцева вулиця, 10а,",Zaporizhia,0.0,2,0,0,2,389.6166666666667,417.18333333333334,1,6.4936,6.9531,93.39,,100.0,EUR,2026-09-21
2026-09-24,200385,"VARUS, Харківське Шосе 160",Kyiv,131.665639,8,8,1,0,700.8666666666667,700.8666666666667,1,11.6811,11.6811,100.0,12.5,0.0,EUR,2026-09-21
2026-09-24,200358,"VARUS, бул. Європейський 1Д",Dnipro,303.363977,16,14,3,2,660.8666666666667,660.8666666666667,1,11.0144,11.0144,100.0,21.43,12.5,EUR,2026-09-21
2026-09-24,200372,"VARUS, бул.Будівельників 27а",Kamianske,0.0,0,0,0,0,600.8666666666667,600.8666666666667,1,10.0144,10.0144,100.0,,,EUR,2026-09-21
2026-09-24,200355,"VARUS, вул Березинская 23а",Dnipro,81.422214,6,4,0,2,700.8666666666667,700.8666666666667,1,11.6811,11.6811,100.0,0.0,33.33,EUR,2026-09-21
2026-09-24,200393,"VARUS, вул. 200 річчя Кривого Рогу",Kryvyi Rih,35.975181,4,4,0,0,700.8666666666667,700.8666666666667,1,11.6811,11.6811,100.0,0.0,0.0,EUR,2026-09-21
2026-09-24,200397,"VARUS, вул. Івана Авраменко 21В",Kryvyi Rih,277.919917,14,14,1,0,700.8666666666667,700.8666666666667,1,11.6811,11.6811,100.0,7.14,0.0,EUR,2026-09-21
2026-09-24,200376,"VARUS, вул. Волинська 37",Kyiv,130.866792,9,9,1,0,660.8666666666667,660.8666666666667,1,11.0144,11.0144,100.0,11.11,0.0,EUR,2026-09-21
2026-09-24,200401,"VARUS, вул. Дача Ковалевського 91",Odesa,0.0,0,0,0,0,700.8666666666667,700.8666666666667,1,11.6811,11.6811,100.0,,,EUR,2026-09-21
2026-09-24,200378,"VARUS, вул. Деміївська 27",Kyiv,92.004516,7,7,1,0,700.8666666666667,700.8666666666667,1,11.6811,11.6811,100.0,14.29,0.0,EUR,2026-09-21
2026-09-24,200387,"VARUS, вул. Драгаманова 40г",Kyiv,79.30466,6,5,0,1,700.8666666666667,700.8666666666667,1,11.6811,11.6811,100.0,0.0,16.67,EUR,2026-09-21
2026-09-24,200391,"VARUS, вул. Жилянська 59",Kyiv,198.564266,18,12,6,6,700.8666666666667,700.8666666666667,1,11.6811,11.6811,100.0,50.0,33.33,EUR,2026-09-21
2026-09-24,200384,"VARUS, вул. Костянтинівська 2А",Kyiv,58.608539,2,2,0,0,700.8666666666667,700.8666666666667,1,11.6811,11.6811,100.0,0.0,0.0,EUR,2026-09-21
2026-09-24,200388,"VARUS, вул. Лесі Українки 30",Kyiv,80.982449,7,5,1,2,600.8666666666667,600.8666666666667,1,10.0144,10.0144,100.0,20.0,28.57,EUR,2026-09-21
2026-09-24,200398,"VARUS, вул. Недєліна 43",Kryvyi Rih,0.0,0,0,0,0,700.8666666666667,700.8666666666667,1,11.6811,11.6811,100.0,,,EUR,2026-09-21
2026-09-24,200371,"VARUS, вул. Ольги Кобилянської 1В/23",Irpin,152.960358,7,7,1,0,700.8666666666667,700.8666666666667,1,11.6811,11.6811,100.0,14.29,0.0,EUR,2026-09-21
2026-09-24,200351,"VARUS, вул. Паникахи 15",Dnipro,104.145634,9,7,0,2,700.8666666666667,700.8666666666667,1,11.6811,11.6811,100.0,0.0,22.22,EUR,2026-09-21
2026-09-24,200403,"VARUS, вул. Соборна 97А",Pavlohrad,111.405177,4,4,1,0,640.8666666666667,640.8666666666667,1,10.6811,10.6811,100.0,25.0,0.0,EUR,2026-09-21
2026-09-24,200389,"VARUS, вул. Срібнокільска 11",Kyiv,84.542965,7,6,1,1,720.8666666666667,720.8666666666667,1,12.0144,12.0144,100.0,16.67,14.29,EUR,2026-09-21
2026-09-24,4822490,"VARUS, вул. Таращанська 191а",Bila Tserkva,46.602222,4,4,0,0,700.8666666666667,700.8666666666667,1,11.6811,11.6811,100.0,0.0,0.0,EUR,2026-09-21
2026-09-24,200381,"VARUS, вул. Тютюника 39-А",Kyiv,380.643688,18,14,1,4,700.8666666666667,700.8666666666667,1,11.6811,11.6811,100.0,7.14,22.22,EUR,2026-09-21
2026-09-24,200366,"VARUS, вул. Яценка 2",Zaporizhia,0.0,0,0,0,0,0.0,0.0,1,0.0,0.0,,,,EUR,2026-09-21
2026-09-24,200352,"VARUS, вул.20річчя Перемоги  43Д",Dnipro,0.0,1,0,0,1,700.8666666666667,700.8666666666667,1,11.6811,11.6811,100.0,,100.0,EUR,2026-09-21
2026-09-24,200375,"VARUS, вул.Андрія Малишко,3",Kyiv,167.617373,20,9,5,11,503.48333333333335,700.8666666666667,1,8.3914,11.6811,71.84,55.56,55.0,EUR,2026-09-21
2026-09-24,200379,"VARUS, вул.Бажана 10-А",Kyiv,8.970156,1,1,0,0,700.8666666666667,700.8666666666667,1,11.6811,11.6811,100.0,0.0,0.0,EUR,2026-09-21
2026-09-24,200382,"VARUS, вул.Васильківска 34",Kyiv,137.915148,8,7,1,1,700.8666666666667,700.8666666666667,1,11.6811,11.6811,100.0,14.29,12.5,EUR,2026-09-21
2026-09-24,200386,"VARUS, вул.Вишгородска 45а",Kyiv,267.860799,18,16,2,2,660.8666666666667,660.8666666666667,1,11.0144,11.0144,100.0,12.5,11.11,EUR,2026-09-21
2026-09-24,200350,"VARUS, вул.Глинки 2",Dnipro,0.0,0,0,0,0,0.0,0.0,1,0.0,0.0,,,,EUR,2026-09-21
2026-09-24,200349,"VARUS, вул.Дніпровская 1",Vyshhorod,41.613202,5,5,0,0,700.8666666666667,700.8666666666667,1,11.6811,11.6811,100.0,0.0,0.0,EUR,2026-09-21
2026-09-24,200354,"VARUS, вул.Калиновая 9А",Dnipro,358.251604,17,15,2,2,700.8666666666667,700.8666666666667,1,11.6811,11.6811,100.0,13.33,11.76,EUR,2026-09-21
2026-09-24,200348,"VARUS, вул.Київська 239",Brovary,68.901896,7,7,0,0,700.8666666666667,700.8666666666667,1,11.6811,11.6811,100.0,0.0,0.0,EUR,2026-09-21
2026-09-24,200353,"VARUS, вул.Коммунарівська буд. 8",Dnipro,78.11196,6,6,0,0,700.8666666666667,700.8666666666667,1,11.6811,11.6811,100.0,0.0,0.0,EUR,2026-09-21
2026-09-24,200361,"VARUS, вул.Марії Кюрі 5",Dnipro,153.35089,12,12,2,0,700.8666666666667,700.8666666666667,1,11.6811,11.6811,100.0,16.67,0.0,EUR,2026-09-21
2026-09-24,200370,"VARUS, вул.Незалежної України 57В",Zaporizhia,290.635791,14,14,1,0,700.8666666666667,700.8666666666667,1,11.6811,11.6811,100.0,7.14,0.0,EUR,2026-09-21
2026-09-24,200404,"VARUS, вул.Нова 2В",Pavlohrad,22.690793,2,2,1,0,640.8666666666667,640.8666666666667,1,10.6811,10.6811,100.0,50.0,0.0,EUR,2026-09-21
2026-09-24,200363,"VARUS, вул.Робоча 67",Dnipro,117.617962,7,7,0,0,700.8666666666667,700.8666666666667,1,11.6811,11.6811,100.0,0.0,0.0,EUR,2026-09-21
2026-09-24,200369,"VARUS, вул.Тараса Шевченка 7",Kamianske,0.0,0,0,0,0,600.8666666666667,600.8666666666667,1,10.0144,10.0144,100.0,,,EUR,2026-09-21
2026-09-24,200395,"VARUS, вул.Терещенко 1Е",Kryvyi Rih,0.0,0,0,0,0,700.8666666666667,700.8666666666667,1,11.6811,11.6811,100.0,,,EUR,2026-09-21
2026-09-24,200402,"VARUS, вул.Французький бульвар 22",Odesa,0.0,0,0,0,0,700.8666666666667,700.8666666666667,1,11.6811,11.6811,100.0,,,EUR,2026-09-21
2026-09-24,200396,"VARUS, мкр Сонячний 41а",Kryvyi Rih,22.0541,3,3,0,0,700.8666666666667,700.8666666666667,1,11.6811,11.6811,100.0,0.0,0.0,EUR,2026-09-21
2026-09-24,200362,"VARUS, пр. Івана Мазепи, 58",Dnipro,9.957918,1,1,0,0,700.8666666666667,700.8666666666667,1,11.6811,11.6811,100.0,0.0,0.0,EUR,2026-09-21
2026-09-24,200373,"VARUS, пр. Академіка Паладіна 16/39",Kyiv,353.839301,21,18,2,3,700.8666666666667,700.8666666666667,1,11.6811,11.6811,100.0,11.11,14.29,EUR,2026-09-21
2026-09-24,200368,"VARUS, пр. Героїв 2",Dnipro,411.152178,24,23,4,1,700.8666666666667,700.8666666666667,1,11.6811,11.6811,100.0,17.39,4.17,EUR,2026-09-21
2026-09-24,200408,"VARUS, пр. Гуляєва полковника ж.м. ""Дружний"" буд. 107/1",Odesa,127.36176,7,6,1,1,700.8666666666667,700.8666666666667,1,11.6811,11.6811,100.0,16.67,14.29,EUR,2026-09-21
2026-09-24,200399,"VARUS, пр. Добровольського 122/1",Odesa,14.159621,2,2,0,0,700.8666666666667,700.8666666666667,1,11.6811,11.6811,100.0,0.0,0.0,EUR,2026-09-21
2026-09-24,862701,"VARUS, пр. Коцюбинського, 70",Vinnytsia,400.050792,28,25,8,3,700.8666666666667,700.8666666666667,1,11.6811,11.6811,100.0,32.0,10.71,EUR,2026-09-21
2026-09-24,200394,"VARUS, пр. Металургів 42А",Kryvyi Rih,45.767626,5,5,1,0,700.8666666666667,700.8666666666667,1,11.6811,11.6811,100.0,20.0,0.0,EUR,2026-09-21
2026-09-24,200380,"VARUS, пр. Миколи Бажана 38",Kyiv,27.613584,1,1,0,0,700.8666666666667,700.8666666666667,1,11.6811,11.6811,100.0,0.0,0.0,EUR,2026-09-21
2026-09-24,200359,"VARUS, пр. О. Поля, 104а",Dnipro,0.0,0,0,0,0,0.0,0.0,1,0.0,0.0,,,,EUR,2026-09-21
2026-09-24,198953,"VARUS, пр. Олександра Поля, 104",Dnipro,38.673554,3,2,0,1,700.8666666666667,700.8666666666667,1,11.6811,11.6811,100.0,0.0,33.33,EUR,2026-09-21
2026-09-24,200357,"VARUS, пр.Науки 8а",Dnipro,114.876609,9,9,0,0,700.8666666666667,700.8666666666667,1,11.6811,11.6811,100.0,0.0,0.0,EUR,2026-09-21
2026-09-24,200377,"VARUS, пр.Оболонський 47/42",Kyiv,79.563516,5,3,0,2,700.8666666666667,700.8666666666667,1,11.6811,11.6811,100.0,0.0,40.0,EUR,2026-09-21
2026-09-24,200360,"VARUS, проспект Слобожанський 86",Dnipro,97.025774,7,7,0,0,700.8666666666667,700.8666666666667,1,11.6811,11.6811,100.0,0.0,0.0,EUR,2026-09-21
2026-09-24,5212564,"VARUS, проспект Соборний, 128",Oleksandriia,81.692403,8,8,1,0,700.8666666666667,700.8666666666667,1,11.6811,11.6811,100.0,12.5,0.0,EUR,2026-09-21
2026-09-25,200367,"VARUS вул.Петра Сагайдачного, 7",Zaporizhia,47.260866,6,4,0,2,701.0166666666667,701.0166666666667,1,11.6836,11.6836,100.0,0.0,33.33,EUR,2026-09-21
2026-09-25,200390,"VARUS, 5-й Зарічний, д.19",Kryvyi Rih,55.030514,2,2,0,0,701.0166666666667,701.0166666666667,1,11.6836,11.6836,100.0,0.0,0.0,EUR,2026-09-21
2026-09-25,200383,"VARUS, Вулиця Героїв полку Азов, 12",Kyiv,331.479205,12,12,1,0,701.0166666666667,701.0166666666667,1,11.6836,11.6836,100.0,8.33,0.0,EUR,2026-09-21
2026-09-25,200364,"VARUS, Донецьке шосcе 110",Dnipro,58.609405,3,3,0,0,701.0166666666667,701.0166666666667,1,11.6836,11.6836,100.0,0.0,0.0,EUR,2026-09-21
2026-09-25,200356,"VARUS, Донецьке шосcе 9а",Dnipro,0.0,0,0,0,0,701.0166666666667,701.0166666666667,1,11.6836,11.6836,100.0,,,EUR,2026-09-21
2026-09-25,200400,"VARUS, Люстдорфська дорога 114",Odesa,0.0,0,0,0,0,701.0166666666667,701.0166666666667,1,11.6836,11.6836,100.0,,,EUR,2026-09-21
2026-09-25,200392,"VARUS, Площа Шахтарської Слави 1",Kryvyi Rih,92.162474,8,7,0,1,701.0166666666667,701.0166666666667,1,11.6836,11.6836,100.0,0.0,12.5,EUR,2026-09-21
2026-09-25,200374,"VARUS, Проспект Червоної Калини 44A",Kyiv,30.451274,3,2,0,1,701.0166666666667,701.0166666666667,1,11.6836,11.6836,100.0,0.0,33.33,EUR,2026-09-21
2026-09-25,200365,"VARUS, Північно-Кільцева вулиця, 10а,",Zaporizhia,0.0,0,0,0,0,0.0,0.0,1,0.0,0.0,,,,EUR,2026-09-21
2026-09-25,200385,"VARUS, Харківське Шосе 160",Kyiv,179.031337,9,9,2,0,701.0166666666667,701.0166666666667,1,11.6836,11.6836,100.0,22.22,0.0,EUR,2026-09-21
2026-09-25,200358,"VARUS, бул. Європейський 1Д",Dnipro,202.249713,18,15,2,3,661.0166666666667,661.0166666666667,1,11.0169,11.0169,100.0,13.33,16.67,EUR,2026-09-21
2026-09-25,200372,"VARUS, бул.Будівельників 27а",Kamianske,0.0,0,0,0,0,601.0166666666667,601.0166666666667,1,10.0169,10.0169,100.0,,,EUR,2026-09-21
2026-09-25,200355,"VARUS, вул Березинская 23а",Dnipro,68.044678,6,5,0,1,701.0166666666667,701.0166666666667,1,11.6836,11.6836,100.0,0.0,16.67,EUR,2026-09-21
2026-09-25,200393,"VARUS, вул. 200 річчя Кривого Рогу",Kryvyi Rih,70.540474,4,4,2,0,701.0166666666667,701.0166666666667,1,11.6836,11.6836,100.0,50.0,0.0,EUR,2026-09-21
2026-09-25,200397,"VARUS, вул. Івана Авраменко 21В",Kryvyi Rih,127.470171,4,4,0,0,701.0166666666667,701.0166666666667,1,11.6836,11.6836,100.0,0.0,0.0,EUR,2026-09-21
2026-09-25,200376,"VARUS, вул. Волинська 37",Kyiv,0.0,1,0,0,1,230.46666666666667,661.0166666666667,1,3.8411,11.0169,34.87,,100.0,EUR,2026-09-21
2026-09-25,200401,"VARUS, вул. Дача Ковалевського 91",Odesa,0.0,0,0,0,0,701.0166666666667,701.0166666666667,1,11.6836,11.6836,100.0,,,EUR,2026-09-21
2026-09-25,200378,"VARUS, вул. Деміївська 27",Kyiv,189.348226,12,12,0,0,701.0166666666667,701.0166666666667,1,11.6836,11.6836,100.0,0.0,0.0,EUR,2026-09-21
2026-09-25,200387,"VARUS, вул. Драгаманова 40г",Kyiv,124.27976,7,7,0,0,701.0166666666667,701.0166666666667,1,11.6836,11.6836,100.0,0.0,0.0,EUR,2026-09-21
2026-09-25,200391,"VARUS, вул. Жилянська 59",Kyiv,55.686983,16,5,3,11,701.0166666666667,701.0166666666667,1,11.6836,11.6836,100.0,60.0,68.75,EUR,2026-09-21
2026-09-25,200384,"VARUS, вул. Костянтинівська 2А",Kyiv,104.039553,7,7,0,0,701.0166666666667,701.0166666666667,1,11.6836,11.6836,100.0,0.0,0.0,EUR,2026-09-21
2026-09-25,200388,"VARUS, вул. Лесі Українки 30",Kyiv,130.493916,11,8,1,3,601.0,601.0,1,10.0167,10.0167,100.0,12.5,27.27,EUR,2026-09-21
2026-09-25,200398,"VARUS, вул. Недєліна 43",Kryvyi Rih,0.0,0,0,0,0,701.0166666666667,701.0166666666667,1,11.6836,11.6836,100.0,,,EUR,2026-09-21
2026-09-25,200371,"VARUS, вул. Ольги Кобилянської 1В/23",Irpin,135.645907,9,9,1,0,701.0166666666667,701.0166666666667,1,11.6836,11.6836,100.0,11.11,0.0,EUR,2026-09-21
2026-09-25,200351,"VARUS, вул. Паникахи 15",Dnipro,135.479245,10,10,0,0,701.0166666666667,701.0166666666667,1,11.6836,11.6836,100.0,0.0,0.0,EUR,2026-09-21
2026-09-25,200403,"VARUS, вул. Соборна 97А",Pavlohrad,0.0,0,0,0,0,641.0166666666667,641.0166666666667,1,10.6836,10.6836,100.0,,,EUR,2026-09-21
2026-09-25,200389,"VARUS, вул. Срібнокільска 11",Kyiv,91.425609,6,5,0,1,721.0166666666667,721.0166666666667,1,12.0169,12.0169,100.0,0.0,16.67,EUR,2026-09-21
2026-09-25,4822490,"VARUS, вул. Таращанська 191а",Bila Tserkva,11.600485,1,1,0,0,701.0166666666667,701.0166666666667,1,11.6836,11.6836,100.0,0.0,0.0,EUR,2026-09-21
2026-09-25,200381,"VARUS, вул. Тютюника 39-А",Kyiv,274.96597,20,17,1,3,701.0166666666667,701.0166666666667,1,11.6836,11.6836,100.0,5.88,15.0,EUR,2026-09-21
2026-09-25,200366,"VARUS, вул. Яценка 2",Zaporizhia,0.0,0,0,0,0,0.0,0.0,1,0.0,0.0,,,,EUR,2026-09-21
2026-09-25,200352,"VARUS, вул.20річчя Перемоги  43Д",Dnipro,0.0,0,0,0,0,701.0166666666667,701.0166666666667,1,11.6836,11.6836,100.0,,,EUR,2026-09-21
2026-09-25,200375,"VARUS, вул.Андрія Малишко,3",Kyiv,79.083368,9,6,2,3,347.25,701.0166666666667,1,5.7875,11.6836,49.54,33.33,33.33,EUR,2026-09-21
2026-09-25,200379,"VARUS, вул.Бажана 10-А",Kyiv,0.0,0,0,0,0,701.0166666666667,701.0166666666667,1,11.6836,11.6836,100.0,,,EUR,2026-09-21
2026-09-25,200382,"VARUS, вул.Васильківска 34",Kyiv,304.222059,17,17,4,0,701.0166666666667,701.0166666666667,1,11.6836,11.6836,100.0,23.53,0.0,EUR,2026-09-21
2026-09-25,200386,"VARUS, вул.Вишгородска 45а",Kyiv,38.711123,6,4,2,2,203.71666666666667,661.0166666666667,1,3.3953,11.0169,30.82,50.0,33.33,EUR,2026-09-21
2026-09-25,200350,"VARUS, вул.Глинки 2",Dnipro,0.0,0,0,0,0,0.0,0.0,1,0.0,0.0,,,,EUR,2026-09-21
2026-09-25,200349,"VARUS, вул.Дніпровская 1",Vyshhorod,108.892846,7,7,1,0,701.0166666666667,701.0166666666667,1,11.6836,11.6836,100.0,14.29,0.0,EUR,2026-09-21
2026-09-25,200354,"VARUS, вул.Калиновая 9А",Dnipro,154.254529,10,10,0,0,701.0166666666667,701.0166666666667,1,11.6836,11.6836,100.0,0.0,0.0,EUR,2026-09-21
2026-09-25,200348,"VARUS, вул.Київська 239",Brovary,116.190291,10,10,0,0,701.0166666666667,701.0166666666667,1,11.6836,11.6836,100.0,0.0,0.0,EUR,2026-09-21
2026-09-25,200353,"VARUS, вул.Коммунарівська буд. 8",Dnipro,65.524822,5,5,1,0,701.0166666666667,701.0166666666667,1,11.6836,11.6836,100.0,20.0,0.0,EUR,2026-09-21
2026-09-25,200361,"VARUS, вул.Марії Кюрі 5",Dnipro,120.354249,9,7,2,2,701.0166666666667,701.0166666666667,1,11.6836,11.6836,100.0,28.57,22.22,EUR,2026-09-21
2026-09-25,200370,"VARUS, вул.Незалежної України 57В",Zaporizhia,448.217007,22,22,0,0,701.0166666666667,701.0166666666667,1,11.6836,11.6836,100.0,0.0,0.0,EUR,2026-09-21
2026-09-25,200404,"VARUS, вул.Нова 2В",Pavlohrad,63.9261,5,4,0,1,641.0166666666667,641.0166666666667,1,10.6836,10.6836,100.0,0.0,20.0,EUR,2026-09-21
2026-09-25,200363,"VARUS, вул.Робоча 67",Dnipro,90.617739,7,7,0,0,701.0166666666667,701.0166666666667,1,11.6836,11.6836,100.0,0.0,0.0,EUR,2026-09-21
2026-09-25,200369,"VARUS, вул.Тараса Шевченка 7",Kamianske,26.334651,1,1,0,0,601.0166666666667,601.0166666666667,1,10.0169,10.0169,100.0,0.0,0.0,EUR,2026-09-21
2026-09-25,200395,"VARUS, вул.Терещенко 1Е",Kryvyi Rih,0.0,0,0,0,0,701.0166666666667,701.0166666666667,1,11.6836,11.6836,100.0,,,EUR,2026-09-21
2026-09-25,200402,"VARUS, вул.Французький бульвар 22",Odesa,22.267908,3,2,0,1,701.0166666666667,701.0166666666667,1,11.6836,11.6836,100.0,0.0,33.33,EUR,2026-09-21
2026-09-25,200396,"VARUS, мкр Сонячний 41а",Kryvyi Rih,0.0,0,0,0,0,701.0166666666667,701.0166666666667,1,11.6836,11.6836,100.0,,,EUR,2026-09-21
2026-09-25,200362,"VARUS, пр. Івана Мазепи, 58",Dnipro,90.62028,5,5,0,0,701.0166666666667,701.0166666666667,1,11.6836,11.6836,100.0,0.0,0.0,EUR,2026-09-21
2026-09-25,200373,"VARUS, пр. Академіка Паладіна 16/39",Kyiv,444.63264,28,26,3,2,701.0166666666667,701.0166666666667,1,11.6836,11.6836,100.0,11.54,7.14,EUR,2026-09-21
2026-09-25,200368,"VARUS, пр. Героїв 2",Dnipro,275.420174,19,19,2,0,701.0166666666667,701.0166666666667,1,11.6836,11.6836,100.0,10.53,0.0,EUR,2026-09-21
2026-09-25,200408,"VARUS, пр. Гуляєва полковника ж.м. ""Дружний"" буд. 107/1",Odesa,189.725559,8,7,0,1,701.0166666666667,701.0166666666667,1,11.6836,11.6836,100.0,0.0,12.5,EUR,2026-09-21
2026-09-25,200399,"VARUS, пр. Добровольського 122/1",Odesa,21.42111,2,2,0,0,701.0166666666667,701.0166666666667,1,11.6836,11.6836,100.0,0.0,0.0,EUR,2026-09-21
2026-09-25,862701,"VARUS, пр. Коцюбинського, 70",Vinnytsia,459.517824,30,29,1,1,701.0166666666667,701.0166666666667,1,11.6836,11.6836,100.0,3.45,3.33,EUR,2026-09-21
2026-09-25,200394,"VARUS, пр. Металургів 42А",Kryvyi Rih,126.960798,8,8,1,0,701.0166666666667,701.0166666666667,1,11.6836,11.6836,100.0,12.5,0.0,EUR,2026-09-21
2026-09-25,200380,"VARUS, пр. Миколи Бажана 38",Kyiv,9.436446,1,1,0,0,701.0166666666667,701.0166666666667,1,11.6836,11.6836,100.0,0.0,0.0,EUR,2026-09-21
2026-09-25,200359,"VARUS, пр. О. Поля, 104а",Dnipro,0.0,0,0,0,0,0.0,0.0,1,0.0,0.0,,,,EUR,2026-09-21
2026-09-25,198953,"VARUS, пр. Олександра Поля, 104",Dnipro,104.094518,8,8,0,0,701.0166666666667,701.0166666666667,1,11.6836,11.6836,100.0,0.0,0.0,EUR,2026-09-21
2026-09-25,200357,"VARUS, пр.Науки 8а",Dnipro,159.551854,10,10,1,0,701.0166666666667,701.0166666666667,1,11.6836,11.6836,100.0,10.0,0.0,EUR,2026-09-21
2026-09-25,200377,"VARUS, пр.Оболонський 47/42",Kyiv,121.149799,9,8,1,1,701.0166666666667,701.0166666666667,1,11.6836,11.6836,100.0,12.5,11.11,EUR,2026-09-21
2026-09-25,200360,"VARUS, проспект Слобожанський 86",Dnipro,60.462228,6,6,0,0,701.0166666666667,701.0166666666667,1,11.6836,11.6836,100.0,0.0,0.0,EUR,2026-09-21
2026-09-25,5212564,"VARUS, проспект Соборний, 128",Oleksandriia,61.230194,6,6,0,0,701.0166666666667,701.0166666666667,1,11.6836,11.6836,100.0,0.0,0.0,EUR,2026-09-21
2026-09-26,200367,"VARUS вул.Петра Сагайдачного, 7",Zaporizhia,50.771879,3,3,0,0,701.0,701.0,1,11.6833,11.6833,100.0,0.0,0.0,EUR,2026-09-21
2026-09-26,200390,"VARUS, 5-й Зарічний, д.19",Kryvyi Rih,13.182778,1,1,0,0,701.0,701.0,1,11.6833,11.6833,100.0,0.0,0.0,EUR,2026-09-21
2026-09-26,200383,"VARUS, Вулиця Героїв полку Азов, 12",Kyiv,280.496656,21,21,3,0,701.0,701.0,1,11.6833,11.6833,100.0,14.29,0.0,EUR,2026-09-21
2026-09-26,200364,"VARUS, Донецьке шосcе 110",Dnipro,48.520205,3,3,0,0,701.0,701.0,1,11.6833,11.6833,100.0,0.0,0.0,EUR,2026-09-21
2026-09-26,200356,"VARUS, Донецьке шосcе 9а",Dnipro,43.578694,3,3,0,0,701.0,701.0,1,11.6833,11.6833,100.0,0.0,0.0,EUR,2026-09-21
2026-09-26,200400,"VARUS, Люстдорфська дорога 114",Odesa,0.0,0,0,0,0,701.0,701.0,1,11.6833,11.6833,100.0,,,EUR,2026-09-21
2026-09-26,200392,"VARUS, Площа Шахтарської Слави 1",Kryvyi Rih,128.231876,9,9,0,0,701.0,701.0,1,11.6833,11.6833,100.0,0.0,0.0,EUR,2026-09-21
2026-09-26,200374,"VARUS, Проспект Червоної Калини 44A",Kyiv,141.515397,6,6,2,0,701.0,701.0,1,11.6833,11.6833,100.0,33.33,0.0,EUR,2026-09-21
2026-09-26,200365,"VARUS, Північно-Кільцева вулиця, 10а,",Zaporizhia,0.0,0,0,0,0,0.0,0.0,1,0.0,0.0,,,,EUR,2026-09-21
2026-09-26,200385,"VARUS, Харківське Шосе 160",Kyiv,87.381363,7,6,0,1,701.0,701.0,1,11.6833,11.6833,100.0,0.0,14.29,EUR,2026-09-21
2026-09-26,200358,"VARUS, бул. Європейський 1Д",Dnipro,219.962053,16,14,0,2,661.0,661.0,1,11.0167,11.0167,100.0,0.0,12.5,EUR,2026-09-21
2026-09-26,200372,"VARUS, бул.Будівельників 27а",Kamianske,0.0,0,0,0,0,601.0,601.0,1,10.0167,10.0167,100.0,,,EUR,2026-09-21
2026-09-26,200355,"VARUS, вул Березинская 23а",Dnipro,95.767576,7,6,0,1,701.0,701.0,1,11.6833,11.6833,100.0,0.0,14.29,EUR,2026-09-21
2026-09-26,200393,"VARUS, вул. 200 річчя Кривого Рогу",Kryvyi Rih,43.795822,4,4,1,0,701.0,701.0,1,11.6833,11.6833,100.0,25.0,0.0,EUR,2026-09-21
2026-09-26,200397,"VARUS, вул. Івана Авраменко 21В",Kryvyi Rih,57.223897,4,4,0,0,701.0,701.0,1,11.6833,11.6833,100.0,0.0,0.0,EUR,2026-09-21
2026-09-26,200376,"VARUS, вул. Волинська 37",Kyiv,12.783733,4,2,0,2,337.25,661.0,1,5.6208,11.0167,51.02,0.0,50.0,EUR,2026-09-21
2026-09-26,200401,"VARUS, вул. Дача Ковалевського 91",Odesa,0.0,0,0,0,0,701.0,701.0,1,11.6833,11.6833,100.0,,,EUR,2026-09-21
2026-09-26,200378,"VARUS, вул. Деміївська 27",Kyiv,150.058096,8,8,1,0,701.0,701.0,1,11.6833,11.6833,100.0,12.5,0.0,EUR,2026-09-21
2026-09-26,200387,"VARUS, вул. Драгаманова 40г",Kyiv,60.388677,6,5,1,1,701.0,701.0,1,11.6833,11.6833,100.0,20.0,16.67,EUR,2026-09-21
2026-09-26,200391,"VARUS, вул. Жилянська 59",Kyiv,56.891357,11,6,4,5,701.0,701.0,1,11.6833,11.6833,100.0,66.67,45.45,EUR,2026-09-21
2026-09-26,200384,"VARUS, вул. Костянтинівська 2А",Kyiv,130.084502,5,5,0,0,701.0,701.0,1,11.6833,11.6833,100.0,0.0,0.0,EUR,2026-09-21
2026-09-26,200388,"VARUS, вул. Лесі Українки 30",Kyiv,140.543406,8,8,0,0,601.0,601.0,1,10.0167,10.0167,100.0,0.0,0.0,EUR,2026-09-21
2026-09-26,200398,"VARUS, вул. Недєліна 43",Kryvyi Rih,0.0,0,0,0,0,701.0,701.0,1,11.6833,11.6833,100.0,,,EUR,2026-09-21
2026-09-26,200371,"VARUS, вул. Ольги Кобилянської 1В/23",Irpin,155.069053,9,9,1,0,701.0,701.0,1,11.6833,11.6833,100.0,11.11,0.0,EUR,2026-09-21
2026-09-26,200351,"VARUS, вул. Паникахи 15",Dnipro,117.997534,8,8,1,0,701.0,701.0,1,11.6833,11.6833,100.0,12.5,0.0,EUR,2026-09-21
2026-09-26,200403,"VARUS, вул. Соборна 97А",Pavlohrad,0.0,1,0,0,1,641.0,641.0,1,10.6833,10.6833,100.0,,100.0,EUR,2026-09-21
2026-09-26,200389,"VARUS, вул. Срібнокільска 11",Kyiv,220.149249,14,14,2,0,721.0,721.0,1,12.0167,12.0167,100.0,14.29,0.0,EUR,2026-09-21
2026-09-26,4822490,"VARUS, вул. Таращанська 191а",Bila Tserkva,172.820117,7,7,2,0,701.0,701.0,1,11.6833,11.6833,100.0,28.57,0.0,EUR,2026-09-21
2026-09-26,200381,"VARUS, вул. Тютюника 39-А",Kyiv,332.040998,26,25,1,1,701.0,701.0,1,11.6833,11.6833,100.0,4.0,3.85,EUR,2026-09-21
2026-09-26,200366,"VARUS, вул. Яценка 2",Zaporizhia,0.0,0,0,0,0,0.0,0.0,1,0.0,0.0,,,,EUR,2026-09-21
2026-09-26,200352,"VARUS, вул.20річчя Перемоги  43Д",Dnipro,0.0,0,0,0,0,701.0,701.0,1,11.6833,11.6833,100.0,,,EUR,2026-09-21
2026-09-26,200375,"VARUS, вул.Андрія Малишко,3",Kyiv,59.205626,6,5,3,1,701.0,701.0,1,11.6833,11.6833,100.0,60.0,16.67,EUR,2026-09-21
2026-09-26,200379,"VARUS, вул.Бажана 10-А",Kyiv,12.067798,1,1,0,0,701.0,701.0,1,11.6833,11.6833,100.0,0.0,0.0,EUR,2026-09-21
2026-09-26,200382,"VARUS, вул.Васильківска 34",Kyiv,206.579945,14,13,5,1,701.0,701.0,1,11.6833,11.6833,100.0,38.46,7.14,EUR,2026-09-21
2026-09-26,200386,"VARUS, вул.Вишгородска 45а",Kyiv,83.807949,8,8,1,0,337.3333333333333,661.0,1,5.6222,11.0167,51.03,12.5,0.0,EUR,2026-09-21
2026-09-26,200350,"VARUS, вул.Глинки 2",Dnipro,0.0,0,0,0,0,0.0,0.0,1,0.0,0.0,,,,EUR,2026-09-21
2026-09-26,200349,"VARUS, вул.Дніпровская 1",Vyshhorod,124.171397,5,5,0,0,701.0,701.0,1,11.6833,11.6833,100.0,0.0,0.0,EUR,2026-09-21
2026-09-26,200354,"VARUS, вул.Калиновая 9А",Dnipro,180.158641,10,10,0,0,701.0,701.0,1,11.6833,11.6833,100.0,0.0,0.0,EUR,2026-09-21
2026-09-26,200348,"VARUS, вул.Київська 239",Brovary,87.368646,10,9,2,1,701.0,701.0,1,11.6833,11.6833,100.0,22.22,10.0,EUR,2026-09-21
2026-09-26,200353,"VARUS, вул.Коммунарівська буд. 8",Dnipro,34.308712,2,2,1,0,701.0,701.0,1,11.6833,11.6833,100.0,50.0,0.0,EUR,2026-09-21
2026-09-26,200361,"VARUS, вул.Марії Кюрі 5",Dnipro,354.652401,22,21,3,1,701.0,701.0,1,11.6833,11.6833,100.0,14.29,4.55,EUR,2026-09-21
2026-09-26,200370,"VARUS, вул.Незалежної України 57В",Zaporizhia,434.838823,20,20,2,0,701.0,701.0,1,11.6833,11.6833,100.0,10.0,0.0,EUR,2026-09-21
2026-09-26,200404,"VARUS, вул.Нова 2В",Pavlohrad,56.310004,4,4,0,0,641.0,641.0,1,10.6833,10.6833,100.0,0.0,0.0,EUR,2026-09-21
2026-09-26,200363,"VARUS, вул.Робоча 67",Dnipro,87.91714,9,8,0,1,701.0,701.0,1,11.6833,11.6833,100.0,0.0,11.11,EUR,2026-09-21
2026-09-26,200369,"VARUS, вул.Тараса Шевченка 7",Kamianske,45.896876,1,1,0,0,601.0,601.0,1,10.0167,10.0167,100.0,0.0,0.0,EUR,2026-09-21
2026-09-26,200395,"VARUS, вул.Терещенко 1Е",Kryvyi Rih,0.0,0,0,0,0,701.0,701.0,1,11.6833,11.6833,100.0,,,EUR,2026-09-21
2026-09-26,200402,"VARUS, вул.Французький бульвар 22",Odesa,8.001643,1,1,0,0,701.0,701.0,1,11.6833,11.6833,100.0,0.0,0.0,EUR,2026-09-21
2026-09-26,200396,"VARUS, мкр Сонячний 41а",Kryvyi Rih,0.0,0,0,0,0,701.0,701.0,1,11.6833,11.6833,100.0,,,EUR,2026-09-21
2026-09-26,200362,"VARUS, пр. Івана Мазепи, 58",Dnipro,0.0,0,0,0,0,701.0,701.0,1,11.6833,11.6833,100.0,,,EUR,2026-09-21
2026-09-26,200373,"VARUS, пр. Академіка Паладіна 16/39",Kyiv,572.178315,27,24,2,3,701.0,701.0,1,11.6833,11.6833,100.0,8.33,11.11,EUR,2026-09-21
2026-09-26,200368,"VARUS, пр. Героїв 2",Dnipro,195.000588,13,12,2,1,701.0,701.0,1,11.6833,11.6833,100.0,16.67,7.69,EUR,2026-09-21
2026-09-26,200408,"VARUS, пр. Гуляєва полковника ж.м. ""Дружний"" буд. 107/1",Odesa,114.991198,7,7,1,0,701.0,701.0,1,11.6833,11.6833,100.0,14.29,0.0,EUR,2026-09-21
2026-09-26,200399,"VARUS, пр. Добровольського 122/1",Odesa,19.289151,2,2,1,0,701.0,701.0,1,11.6833,11.6833,100.0,50.0,0.0,EUR,2026-09-21
2026-09-26,862701,"VARUS, пр. Коцюбинського, 70",Vinnytsia,382.566019,29,25,1,4,701.0,701.0,1,11.6833,11.6833,100.0,4.0,13.79,EUR,2026-09-21
2026-09-26,200394,"VARUS, пр. Металургів 42А",Kryvyi Rih,94.305778,9,8,0,1,701.0,701.0,1,11.6833,11.6833,100.0,0.0,11.11,EUR,2026-09-21
2026-09-26,200380,"VARUS, пр. Миколи Бажана 38",Kyiv,86.103437,5,4,0,1,701.0,701.0,1,11.6833,11.6833,100.0,0.0,20.0,EUR,2026-09-21
2026-09-26,200359,"VARUS, пр. О. Поля, 104а",Dnipro,0.0,0,0,0,0,0.0,0.0,1,0.0,0.0,,,,EUR,2026-09-21
2026-09-26,198953,"VARUS, пр. Олександра Поля, 104",Dnipro,46.438911,3,3,1,0,701.0,701.0,1,11.6833,11.6833,100.0,33.33,0.0,EUR,2026-09-21
2026-09-26,200357,"VARUS, пр.Науки 8а",Dnipro,160.565314,10,10,2,0,701.0,701.0,1,11.6833,11.6833,100.0,20.0,0.0,EUR,2026-09-21
2026-09-26,200377,"VARUS, пр.Оболонський 47/42",Kyiv,145.760338,11,10,1,1,701.0,701.0,1,11.6833,11.6833,100.0,10.0,9.09,EUR,2026-09-21
2026-09-26,200360,"VARUS, проспект Слобожанський 86",Dnipro,55.17468,7,5,0,2,701.0,701.0,1,11.6833,11.6833,100.0,0.0,28.57,EUR,2026-09-21
2026-09-26,5212564,"VARUS, проспект Соборний, 128",Oleksandriia,26.288291,4,3,0,1,701.0,701.0,1,11.6833,11.6833,100.0,0.0,25.0,EUR,2026-09-21
2026-09-27,200367,"VARUS вул.Петра Сагайдачного, 7",Zaporizhia,92.260475,7,7,1,0,701.0,701.0,1,11.6833,11.6833,100.0,14.29,0.0,EUR,2026-09-21
2026-09-27,200390,"VARUS, 5-й Зарічний, д.19",Kryvyi Rih,19.813388,1,1,0,0,701.0,701.0,1,11.6833,11.6833,100.0,0.0,0.0,EUR,2026-09-21
2026-09-27,200383,"VARUS, Вулиця Героїв полку Азов, 12",Kyiv,199.069091,12,11,3,1,701.0,701.0,1,11.6833,11.6833,100.0,27.27,8.33,EUR,2026-09-21
2026-09-27,200364,"VARUS, Донецьке шосcе 110",Dnipro,34.048745,3,3,0,0,701.0,701.0,1,11.6833,11.6833,100.0,0.0,0.0,EUR,2026-09-21
2026-09-27,200356,"VARUS, Донецьке шосcе 9а",Dnipro,59.818083,5,5,1,0,701.0,701.0,1,11.6833,11.6833,100.0,20.0,0.0,EUR,2026-09-21
2026-09-27,200400,"VARUS, Люстдорфська дорога 114",Odesa,0.0,0,0,0,0,701.0,701.0,1,11.6833,11.6833,100.0,,,EUR,2026-09-21
2026-09-27,200392,"VARUS, Площа Шахтарської Слави 1",Kryvyi Rih,99.476938,7,7,1,0,701.0,701.0,1,11.6833,11.6833,100.0,14.29,0.0,EUR,2026-09-21
2026-09-27,200374,"VARUS, Проспект Червоної Калини 44A",Kyiv,20.857947,3,2,2,1,701.0,701.0,1,11.6833,11.6833,100.0,100.0,33.33,EUR,2026-09-21
2026-09-27,200365,"VARUS, Північно-Кільцева вулиця, 10а,",Zaporizhia,0.0,0,0,0,0,0.0,0.0,1,0.0,0.0,,,,EUR,2026-09-21
2026-09-27,200385,"VARUS, Харківське Шосе 160",Kyiv,81.343454,8,6,2,2,701.0,701.0,1,11.6833,11.6833,100.0,33.33,25.0,EUR,2026-09-21
2026-09-27,200358,"VARUS, бул. Європейський 1Д",Dnipro,169.126794,19,13,4,6,661.0,661.0,1,11.0167,11.0167,100.0,30.77,31.58,EUR,2026-09-21
2026-09-27,200372,"VARUS, бул.Будівельників 27а",Kamianske,0.0,0,0,0,0,601.0,601.0,1,10.0167,10.0167,100.0,,,EUR,2026-09-21
2026-09-27,200355,"VARUS, вул Березинская 23а",Dnipro,155.722585,15,12,0,3,701.0,701.0,1,11.6833,11.6833,100.0,0.0,20.0,EUR,2026-09-21
2026-09-27,200393,"VARUS, вул. 200 річчя Кривого Рогу",Kryvyi Rih,60.190916,5,5,1,0,701.0,701.0,1,11.6833,11.6833,100.0,20.0,0.0,EUR,2026-09-21
2026-09-27,200397,"VARUS, вул. Івана Авраменко 21В",Kryvyi Rih,90.299871,7,7,1,0,701.0,701.0,1,11.6833,11.6833,100.0,14.29,0.0,EUR,2026-09-21
2026-09-27,200376,"VARUS, вул. Волинська 37",Kyiv,97.383515,7,6,1,1,661.0,661.0,1,11.0167,11.0167,100.0,16.67,14.29,EUR,2026-09-21
2026-09-27,200401,"VARUS, вул. Дача Ковалевського 91",Odesa,0.0,0,0,0,0,701.0,701.0,1,11.6833,11.6833,100.0,,,EUR,2026-09-21
2026-09-27,200378,"VARUS, вул. Деміївська 27",Kyiv,176.881772,16,16,1,0,701.0,701.0,1,11.6833,11.6833,100.0,6.25,0.0,EUR,2026-09-21
2026-09-27,200387,"VARUS, вул. Драгаманова 40г",Kyiv,37.256564,2,2,1,0,701.0,701.0,1,11.6833,11.6833,100.0,50.0,0.0,EUR,2026-09-21
2026-09-27,200391,"VARUS, вул. Жилянська 59",Kyiv,135.172921,7,5,3,2,701.0,701.0,1,11.6833,11.6833,100.0,60.0,28.57,EUR,2026-09-21
2026-09-27,200384,"VARUS, вул. Костянтинівська 2А",Kyiv,51.306286,5,4,0,1,701.0,701.0,1,11.6833,11.6833,100.0,0.0,20.0,EUR,2026-09-21
2026-09-27,200388,"VARUS, вул. Лесі Українки 30",Kyiv,177.8387,11,10,2,1,601.0,601.0,1,10.0167,10.0167,100.0,20.0,9.09,EUR,2026-09-21
2026-09-27,200398,"VARUS, вул. Недєліна 43",Kryvyi Rih,0.0,0,0,0,0,701.0,701.0,1,11.6833,11.6833,100.0,,,EUR,2026-09-21
2026-09-27,200371,"VARUS, вул. Ольги Кобилянської 1В/23",Irpin,183.707995,12,12,3,0,701.0,701.0,1,11.6833,11.6833,100.0,25.0,0.0,EUR,2026-09-21
2026-09-27,200351,"VARUS, вул. Паникахи 15",Dnipro,77.672432,8,7,1,1,701.0,701.0,1,11.6833,11.6833,100.0,14.29,12.5,EUR,2026-09-21
2026-09-27,200403,"VARUS, вул. Соборна 97А",Pavlohrad,40.943625,2,2,0,0,641.0,641.0,1,10.6833,10.6833,100.0,0.0,0.0,EUR,2026-09-21
2026-09-27,200389,"VARUS, вул. Срібнокільска 11",Kyiv,188.926292,14,14,3,0,721.0,721.0,1,12.0167,12.0167,100.0,21.43,0.0,EUR,2026-09-21
2026-09-27,4822490,"VARUS, вул. Таращанська 191а",Bila Tserkva,64.862877,6,6,2,0,701.0,701.0,1,11.6833,11.6833,100.0,33.33,0.0,EUR,2026-09-21
2026-09-27,200381,"VARUS, вул. Тютюника 39-А",Kyiv,230.724738,26,19,2,7,701.0,701.0,1,11.6833,11.6833,100.0,10.53,26.92,EUR,2026-09-21
2026-09-27,200366,"VARUS, вул. Яценка 2",Zaporizhia,21.557256,2,2,0,0,191.0,191.0,1,3.1833,3.1833,100.0,0.0,0.0,EUR,2026-09-21
2026-09-27,200352,"VARUS, вул.20річчя Перемоги  43Д",Dnipro,0.0,0,0,0,0,701.0,701.0,1,11.6833,11.6833,100.0,,,EUR,2026-09-21
2026-09-27,200375,"VARUS, вул.Андрія Малишко,3",Kyiv,374.17472,22,21,0,1,701.0,701.0,1,11.6833,11.6833,100.0,0.0,4.55,EUR,2026-09-21
2026-09-27,200379,"VARUS, вул.Бажана 10-А",Kyiv,20.672508,2,2,1,0,701.0,701.0,1,11.6833,11.6833,100.0,50.0,0.0,EUR,2026-09-21
2026-09-27,200382,"VARUS, вул.Васильківска 34",Kyiv,318.828289,22,21,6,1,701.0,701.0,1,11.6833,11.6833,100.0,28.57,4.55,EUR,2026-09-21
2026-09-27,200386,"VARUS, вул.Вишгородска 45а",Kyiv,259.53777,19,15,2,4,661.0,661.0,1,11.0167,11.0167,100.0,13.33,21.05,EUR,2026-09-21
2026-09-27,200350,"VARUS, вул.Глинки 2",Dnipro,0.0,0,0,0,0,0.0,0.0,1,0.0,0.0,,,,EUR,2026-09-21
2026-09-27,200349,"VARUS, вул.Дніпровская 1",Vyshhorod,56.932827,6,6,0,0,701.0,701.0,1,11.6833,11.6833,100.0,0.0,0.0,EUR,2026-09-21
2026-09-27,200354,"VARUS, вул.Калиновая 9А",Dnipro,122.027109,7,6,0,1,701.0,701.0,1,11.6833,11.6833,100.0,0.0,14.29,EUR,2026-09-21
2026-09-27,200348,"VARUS, вул.Київська 239",Brovary,83.591604,10,9,0,1,701.0,701.0,1,11.6833,11.6833,100.0,0.0,10.0,EUR,2026-09-21
2026-09-27,200353,"VARUS, вул.Коммунарівська буд. 8",Dnipro,107.597316,9,8,0,1,701.0,701.0,1,11.6833,11.6833,100.0,0.0,11.11,EUR,2026-09-21
2026-09-27,200361,"VARUS, вул.Марії Кюрі 5",Dnipro,151.178749,8,8,0,0,701.0,701.0,1,11.6833,11.6833,100.0,0.0,0.0,EUR,2026-09-21
2026-09-27,200370,"VARUS, вул.Незалежної України 57В",Zaporizhia,312.622161,19,19,0,0,701.0,701.0,1,11.6833,11.6833,100.0,0.0,0.0,EUR,2026-09-21
2026-09-27,200404,"VARUS, вул.Нова 2В",Pavlohrad,107.949417,5,5,0,0,641.0,641.0,1,10.6833,10.6833,100.0,0.0,0.0,EUR,2026-09-21
2026-09-27,200363,"VARUS, вул.Робоча 67",Dnipro,115.822348,10,10,3,0,701.0,701.0,1,11.6833,11.6833,100.0,30.0,0.0,EUR,2026-09-21
2026-09-27,200369,"VARUS, вул.Тараса Шевченка 7",Kamianske,0.0,0,0,0,0,601.0,601.0,1,10.0167,10.0167,100.0,,,EUR,2026-09-21
2026-09-27,200395,"VARUS, вул.Терещенко 1Е",Kryvyi Rih,0.0,0,0,0,0,701.0,701.0,1,11.6833,11.6833,100.0,,,EUR,2026-09-21
2026-09-27,200402,"VARUS, вул.Французький бульвар 22",Odesa,29.346661,3,3,0,0,701.0,701.0,1,11.6833,11.6833,100.0,0.0,0.0,EUR,2026-09-21
2026-09-27,200396,"VARUS, мкр Сонячний 41а",Kryvyi Rih,7.099488,1,1,0,0,701.0,701.0,1,11.6833,11.6833,100.0,0.0,0.0,EUR,2026-09-21
2026-09-27,200362,"VARUS, пр. Івана Мазепи, 58",Dnipro,94.663941,3,3,0,0,701.0,701.0,1,11.6833,11.6833,100.0,0.0,0.0,EUR,2026-09-21
2026-09-27,200373,"VARUS, пр. Академіка Паладіна 16/39",Kyiv,582.878606,31,28,4,3,701.0,701.0,1,11.6833,11.6833,100.0,14.29,9.68,EUR,2026-09-21
2026-09-27,200368,"VARUS, пр. Героїв 2",Dnipro,406.37417,24,23,3,1,701.0,701.0,1,11.6833,11.6833,100.0,13.04,4.17,EUR,2026-09-21
2026-09-27,200408,"VARUS, пр. Гуляєва полковника ж.м. ""Дружний"" буд. 107/1",Odesa,78.830055,5,5,2,0,701.0,701.0,1,11.6833,11.6833,100.0,40.0,0.0,EUR,2026-09-21
2026-09-27,200399,"VARUS, пр. Добровольського 122/1",Odesa,9.332381,2,1,0,1,701.0,701.0,1,11.6833,11.6833,100.0,0.0,50.0,EUR,2026-09-21
2026-09-27,862701,"VARUS, пр. Коцюбинського, 70",Vinnytsia,420.553381,35,30,2,5,701.0,701.0,1,11.6833,11.6833,100.0,6.67,14.29,EUR,2026-09-21
2026-09-27,200394,"VARUS, пр. Металургів 42А",Kryvyi Rih,120.33156,11,11,1,0,701.0,701.0,1,11.6833,11.6833,100.0,9.09,0.0,EUR,2026-09-21
2026-09-27,200380,"VARUS, пр. Миколи Бажана 38",Kyiv,19.132663,3,1,0,2,701.0,701.0,1,11.6833,11.6833,100.0,0.0,66.67,EUR,2026-09-21
2026-09-27,200359,"VARUS, пр. О. Поля, 104а",Dnipro,0.0,0,0,0,0,0.0,0.0,1,0.0,0.0,,,,EUR,2026-09-21
2026-09-27,198953,"VARUS, пр. Олександра Поля, 104",Dnipro,51.917178,4,4,2,0,701.0,701.0,1,11.6833,11.6833,100.0,50.0,0.0,EUR,2026-09-21
2026-09-27,200357,"VARUS, пр.Науки 8а",Dnipro,120.838388,9,8,3,1,701.0,701.0,1,11.6833,11.6833,100.0,37.5,11.11,EUR,2026-09-21
2026-09-27,200377,"VARUS, пр.Оболонський 47/42",Kyiv,31.873167,4,2,1,2,701.0,701.0,1,11.6833,11.6833,100.0,50.0,50.0,EUR,2026-09-21
2026-09-27,200360,"VARUS, проспект Слобожанський 86",Dnipro,45.880834,6,6,1,0,701.0,701.0,1,11.6833,11.6833,100.0,16.67,0.0,EUR,2026-09-21
2026-09-27,5212564,"VARUS, проспект Соборний, 128",Oleksandriia,91.631783,5,4,0,1,701.0,701.0,1,11.6833,11.6833,100.0,0.0,20.0,EUR,2026-09-21
2026-09-28,200367,"VARUS вул.Петра Сагайдачного, 7",Zaporizhia,44.221856,3,3,0,0,701.0,701.0,1,11.6833,11.6833,100.0,0.0,0.0,EUR,2026-09-28
2026-09-28,200390,"VARUS, 5-й Зарічний, д.19",Kryvyi Rih,62.559304,3,2,0,1,701.0,701.0,1,11.6833,11.6833,100.0,0.0,33.33,EUR,2026-09-28
2026-09-28,200383,"VARUS, Вулиця Героїв полку Азов, 12",Kyiv,62.237218,7,5,1,2,701.0,701.0,1,11.6833,11.6833,100.0,20.0,28.57,EUR,2026-09-28
2026-09-28,200364,"VARUS, Донецьке шосcе 110",Dnipro,94.78917,7,7,0,0,701.0,701.0,1,11.6833,11.6833,100.0,0.0,0.0,EUR,2026-09-28
2026-09-28,200356,"VARUS, Донецьке шосcе 9а",Dnipro,38.86729,2,2,0,0,701.0,701.0,1,11.6833,11.6833,100.0,0.0,0.0,EUR,2026-09-28
2026-09-28,200400,"VARUS, Люстдорфська дорога 114",Odesa,0.0,0,0,0,0,701.0,701.0,1,11.6833,11.6833,100.0,,,EUR,2026-09-28
2026-09-28,200392,"VARUS, Площа Шахтарської Слави 1",Kryvyi Rih,99.478643,12,10,2,2,701.0,701.0,1,11.6833,11.6833,100.0,20.0,16.67,EUR,2026-09-28
2026-09-28,200374,"VARUS, Проспект Червоної Калини 44A",Kyiv,210.399173,12,10,3,2,701.0,701.0,1,11.6833,11.6833,100.0,30.0,16.67,EUR,2026-09-28
2026-09-28,200365,"VARUS, Північно-Кільцева вулиця, 10а,",Zaporizhia,0.0,0,0,0,0,0.0,0.0,1,0.0,0.0,,,,EUR,2026-09-28
2026-09-28,200385,"VARUS, Харківське Шосе 160",Kyiv,117.159405,6,6,1,0,701.0,701.0,1,11.6833,11.6833,100.0,16.67,0.0,EUR,2026-09-28
2026-09-28,200358,"VARUS, бул. Європейський 1Д",Dnipro,241.423035,24,17,2,7,661.0,661.0,1,11.0167,11.0167,100.0,11.76,29.17,EUR,2026-09-28
2026-09-28,200372,"VARUS, бул.Будівельників 27а",Kamianske,0.0,0,0,0,0,601.0,601.0,1,10.0167,10.0167,100.0,,,EUR,2026-09-28
2026-09-28,200355,"VARUS, вул Березинская 23а",Dnipro,63.020428,9,5,1,4,701.0,701.0,1,11.6833,11.6833,100.0,20.0,44.44,EUR,2026-09-28
2026-09-28,200393,"VARUS, вул. 200 річчя Кривого Рогу",Kryvyi Rih,115.10605,6,4,0,2,701.0,701.0,1,11.6833,11.6833,100.0,0.0,33.33,EUR,2026-09-28
2026-09-28,200397,"VARUS, вул. Івана Авраменко 21В",Kryvyi Rih,141.596883,11,11,0,0,701.0,701.0,1,11.6833,11.6833,100.0,0.0,0.0,EUR,2026-09-28
2026-09-28,200376,"VARUS, вул. Волинська 37",Kyiv,121.998675,9,6,1,3,661.0,661.0,1,11.0167,11.0167,100.0,16.67,33.33,EUR,2026-09-28
2026-09-28,200401,"VARUS, вул. Дача Ковалевського 91",Odesa,0.0,0,0,0,0,437.75,701.0,1,7.2958,11.6833,62.45,,,EUR,2026-09-28
2026-09-28,200378,"VARUS, вул. Деміївська 27",Kyiv,87.34546,7,6,0,1,701.0,701.0,1,11.6833,11.6833,100.0,0.0,14.29,EUR,2026-09-28
2026-09-28,200387,"VARUS, вул. Драгаманова 40г",Kyiv,78.774557,6,6,0,0,701.0,701.0,1,11.6833,11.6833,100.0,0.0,0.0,EUR,2026-09-28
2026-09-28,200391,"VARUS, вул. Жилянська 59",Kyiv,75.241808,7,3,0,4,701.0,701.0,1,11.6833,11.6833,100.0,0.0,57.14,EUR,2026-09-28
2026-09-28,200384,"VARUS, вул. Костянтинівська 2А",Kyiv,102.119259,6,6,1,0,701.0,701.0,1,11.6833,11.6833,100.0,16.67,0.0,EUR,2026-09-28
2026-09-28,200388,"VARUS, вул. Лесі Українки 30",Kyiv,166.877022,9,8,1,1,601.0,601.0,1,10.0167,10.0167,100.0,12.5,11.11,EUR,2026-09-28
2026-09-28,200398,"VARUS, вул. Недєліна 43",Kryvyi Rih,0.0,0,0,0,0,423.55,423.55,1,7.0592,7.0592,100.0,,,EUR,2026-09-28
2026-09-28,200371,"VARUS, вул. Ольги Кобилянської 1В/23",Irpin,158.072424,10,9,1,1,701.0,701.0,1,11.6833,11.6833,100.0,11.11,10.0,EUR,2026-09-28
2026-09-28,200351,"VARUS, вул. Паникахи 15",Dnipro,47.563156,7,4,0,3,701.0,701.0,1,11.6833,11.6833,100.0,0.0,42.86,EUR,2026-09-28
2026-09-28,200403,"VARUS, вул. Соборна 97А",Pavlohrad,20.934649,2,2,0,0,641.0,641.0,1,10.6833,10.6833,100.0,0.0,0.0,EUR,2026-09-28
2026-09-28,200389,"VARUS, вул. Срібнокільска 11",Kyiv,120.851535,9,7,1,2,721.0,721.0,1,12.0167,12.0167,100.0,14.29,22.22,EUR,2026-09-28
2026-09-28,4822490,"VARUS, вул. Таращанська 191а",Bila Tserkva,15.045233,2,2,0,0,701.0,701.0,1,11.6833,11.6833,100.0,0.0,0.0,EUR,2026-09-28
2026-09-28,200381,"VARUS, вул. Тютюника 39-А",Kyiv,47.140555,18,5,0,13,701.0,701.0,1,11.6833,11.6833,100.0,0.0,72.22,EUR,2026-09-28
2026-09-28,200366,"VARUS, вул. Яценка 2",Zaporizhia,56.498186,5,5,0,0,701.0,701.0,1,11.6833,11.6833,100.0,0.0,0.0,EUR,2026-09-28
2026-09-28,200352,"VARUS, вул.20річчя Перемоги  43Д",Dnipro,0.0,0,0,0,0,435.6,435.6,1,7.26,7.26,100.0,,,EUR,2026-09-28
2026-09-28,200375,"VARUS, вул.Андрія Малишко,3",Kyiv,268.292664,15,14,1,1,701.0,701.0,1,11.6833,11.6833,100.0,7.14,6.67,EUR,2026-09-28
2026-09-28,200379,"VARUS, вул.Бажана 10-А",Kyiv,10.849151,1,1,0,0,701.0,701.0,1,11.6833,11.6833,100.0,0.0,0.0,EUR,2026-09-28
2026-09-28,200382,"VARUS, вул.Васильківска 34",Kyiv,222.07553,12,12,1,0,701.0,701.0,1,11.6833,11.6833,100.0,8.33,0.0,EUR,2026-09-28
2026-09-28,200386,"VARUS, вул.Вишгородска 45а",Kyiv,220.29224,12,10,5,2,661.0,661.0,1,11.0167,11.0167,100.0,50.0,16.67,EUR,2026-09-28
2026-09-28,200350,"VARUS, вул.Глинки 2",Dnipro,0.0,0,0,0,0,0.0,0.0,1,0.0,0.0,,,,EUR,2026-09-28
2026-09-28,200349,"VARUS, вул.Дніпровская 1",Vyshhorod,23.622393,2,2,0,0,701.0,701.0,1,11.6833,11.6833,100.0,0.0,0.0,EUR,2026-09-28
2026-09-28,200354,"VARUS, вул.Калиновая 9А",Dnipro,168.857631,12,10,1,2,701.0,701.0,1,11.6833,11.6833,100.0,10.0,16.67,EUR,2026-09-28
2026-09-28,200348,"VARUS, вул.Київська 239",Brovary,233.519959,15,15,2,0,701.0,701.0,1,11.6833,11.6833,100.0,13.33,0.0,EUR,2026-09-28
2026-09-28,200353,"VARUS, вул.Коммунарівська буд. 8",Dnipro,48.278506,4,4,0,0,701.0,701.0,1,11.6833,11.6833,100.0,0.0,0.0,EUR,2026-09-28
2026-09-28,200361,"VARUS, вул.Марії Кюрі 5",Dnipro,164.569049,14,13,2,1,701.0,701.0,1,11.6833,11.6833,100.0,15.38,7.14,EUR,2026-09-28
2026-09-28,200370,"VARUS, вул.Незалежної України 57В",Zaporizhia,161.318488,12,12,2,0,701.0,701.0,1,11.6833,11.6833,100.0,16.67,0.0,EUR,2026-09-28
2026-09-28,200404,"VARUS, вул.Нова 2В",Pavlohrad,22.414824,1,1,0,0,641.0,641.0,1,10.6833,10.6833,100.0,0.0,0.0,EUR,2026-09-28
2026-09-28,200363,"VARUS, вул.Робоча 67",Dnipro,137.46925,9,9,0,0,701.0,701.0,1,11.6833,11.6833,100.0,0.0,0.0,EUR,2026-09-28
2026-09-28,200369,"VARUS, вул.Тараса Шевченка 7",Kamianske,8.661056,2,1,0,1,601.0,601.0,1,10.0167,10.0167,100.0,0.0,50.0,EUR,2026-09-28
2026-09-28,200395,"VARUS, вул.Терещенко 1Е",Kryvyi Rih,0.0,0,0,0,0,422.45,422.45,1,7.0408,7.0408,100.0,,,EUR,2026-09-28
2026-09-28,200402,"VARUS, вул.Французький бульвар 22",Odesa,0.0,2,0,0,2,701.0,701.0,1,11.6833,11.6833,100.0,,100.0,EUR,2026-09-28
2026-09-28,200396,"VARUS, мкр Сонячний 41а",Kryvyi Rih,30.453225,3,3,0,0,701.0,701.0,1,11.6833,11.6833,100.0,0.0,0.0,EUR,2026-09-28
2026-09-28,200362,"VARUS, пр. Івана Мазепи, 58",Dnipro,49.839447,2,2,0,0,701.0,701.0,1,11.6833,11.6833,100.0,0.0,0.0,EUR,2026-09-28
2026-09-28,200373,"VARUS, пр. Академіка Паладіна 16/39",Kyiv,398.114827,25,20,3,5,701.0,701.0,1,11.6833,11.6833,100.0,15.0,20.0,EUR,2026-09-28
2026-09-28,200368,"VARUS, пр. Героїв 2",Dnipro,190.832646,15,14,1,1,701.0,701.0,1,11.6833,11.6833,100.0,7.14,6.67,EUR,2026-09-28
2026-09-28,200408,"VARUS, пр. Гуляєва полковника ж.м. ""Дружний"" буд. 107/1",Odesa,133.323819,6,6,0,0,701.0,701.0,1,11.6833,11.6833,100.0,0.0,0.0,EUR,2026-09-28
2026-09-28,200399,"VARUS, пр. Добровольського 122/1",Odesa,33.553988,2,2,0,0,701.0,701.0,1,11.6833,11.6833,100.0,0.0,0.0,EUR,2026-09-28
2026-09-28,862701,"VARUS, пр. Коцюбинського, 70",Vinnytsia,238.202,20,18,2,2,701.0,701.0,1,11.6833,11.6833,100.0,11.11,10.0,EUR,2026-09-28
2026-09-28,200394,"VARUS, пр. Металургів 42А",Kryvyi Rih,166.93608,9,9,1,0,701.0,701.0,1,11.6833,11.6833,100.0,11.11,0.0,EUR,2026-09-28
2026-09-28,200380,"VARUS, пр. Миколи Бажана 38",Kyiv,64.924964,4,3,0,1,701.0,701.0,1,11.6833,11.6833,100.0,0.0,25.0,EUR,2026-09-28
2026-09-28,200359,"VARUS, пр. О. Поля, 104а",Dnipro,0.0,0,0,0,0,0.0,0.0,1,0.0,0.0,,,,EUR,2026-09-28
2026-09-28,198953,"VARUS, пр. Олександра Поля, 104",Dnipro,104.532051,11,8,2,3,701.0,701.0,1,11.6833,11.6833,100.0,25.0,27.27,EUR,2026-09-28
2026-09-28,200357,"VARUS, пр.Науки 8а",Dnipro,166.471044,13,11,0,2,701.0,701.0,1,11.6833,11.6833,100.0,0.0,15.38,EUR,2026-09-28
2026-09-28,200377,"VARUS, пр.Оболонський 47/42",Kyiv,80.003052,5,5,0,0,701.0,701.0,1,11.6833,11.6833,100.0,0.0,0.0,EUR,2026-09-28
2026-09-28,200360,"VARUS, проспект Слобожанський 86",Dnipro,97.987124,6,6,1,0,701.0,701.0,1,11.6833,11.6833,100.0,16.67,0.0,EUR,2026-09-28
2026-09-28,5212564,"VARUS, проспект Соборний, 128",Oleksandriia,29.956117,4,4,0,0,701.0,701.0,1,11.6833,11.6833,100.0,0.0,0.0,EUR,2026-09-28
2026-09-29,200367,"VARUS вул.Петра Сагайдачного, 7",Zaporizhia,21.363511,2,2,0,0,700.95,700.95,1,11.6825,11.6825,100.0,0.0,0.0,EUR,2026-09-28
2026-09-29,200390,"VARUS, 5-й Зарічний, д.19",Kryvyi Rih,60.517949,2,2,0,0,700.95,700.95,1,11.6825,11.6825,100.0,0.0,0.0,EUR,2026-09-28
2026-09-29,200383,"VARUS, Вулиця Героїв полку Азов, 12",Kyiv,119.778788,13,10,1,3,700.95,700.95,1,11.6825,11.6825,100.0,10.0,23.08,EUR,2026-09-28
2026-09-29,200364,"VARUS, Донецьке шосcе 110",Dnipro,87.787178,4,4,0,0,700.95,700.95,1,11.6825,11.6825,100.0,0.0,0.0,EUR,2026-09-28
2026-09-29,200356,"VARUS, Донецьке шосcе 9а",Dnipro,0.0,0,0,0,0,700.95,700.95,1,11.6825,11.6825,100.0,,,EUR,2026-09-28
2026-09-29,200400,"VARUS, Люстдорфська дорога 114",Odesa,0.0,0,0,0,0,700.95,700.95,1,11.6825,11.6825,100.0,,,EUR,2026-09-28
2026-09-29,200392,"VARUS, Площа Шахтарської Слави 1",Kryvyi Rih,83.269804,7,7,0,0,700.95,700.95,1,11.6825,11.6825,100.0,0.0,0.0,EUR,2026-09-28
2026-09-29,200374,"VARUS, Проспект Червоної Калини 44A",Kyiv,158.454162,9,9,0,0,700.95,700.95,1,11.6825,11.6825,100.0,0.0,0.0,EUR,2026-09-28
2026-09-29,200365,"VARUS, Північно-Кільцева вулиця, 10а,",Zaporizhia,0.0,0,0,0,0,0.0,0.0,1,0.0,0.0,,,,EUR,2026-09-28
2026-09-29,200385,"VARUS, Харківське Шосе 160",Kyiv,134.699837,8,6,1,2,700.95,700.95,1,11.6825,11.6825,100.0,16.67,25.0,EUR,2026-09-28
2026-09-29,200358,"VARUS, бул. Європейський 1Д",Dnipro,122.643568,13,10,1,3,660.95,660.95,1,11.0158,11.0158,100.0,10.0,23.08,EUR,2026-09-28
2026-09-29,200372,"VARUS, бул.Будівельників 27а",Kamianske,20.819315,1,1,0,0,600.95,600.95,1,10.0158,10.0158,100.0,0.0,0.0,EUR,2026-09-28
2026-09-29,200355,"VARUS, вул Березинская 23а",Dnipro,86.789029,10,7,1,3,700.95,700.95,1,11.6825,11.6825,100.0,14.29,30.0,EUR,2026-09-28
2026-09-29,200393,"VARUS, вул. 200 річчя Кривого Рогу",Kryvyi Rih,101.881145,7,7,1,0,700.95,700.95,1,11.6825,11.6825,100.0,14.29,0.0,EUR,2026-09-28
2026-09-29,200397,"VARUS, вул. Івана Авраменко 21В",Kryvyi Rih,54.389369,4,4,1,0,700.95,700.95,1,11.6825,11.6825,100.0,25.0,0.0,EUR,2026-09-28
2026-09-29,200376,"VARUS, вул. Волинська 37",Kyiv,119.931026,9,7,1,2,660.95,660.95,1,11.0158,11.0158,100.0,14.29,22.22,EUR,2026-09-28
2026-09-29,200401,"VARUS, вул. Дача Ковалевського 91",Odesa,0.0,0,0,0,0,0.0,700.95,1,0.0,11.6825,0.0,,,EUR,2026-09-28
2026-09-29,200378,"VARUS, вул. Деміївська 27",Kyiv,154.275194,8,8,2,0,700.95,700.95,1,11.6825,11.6825,100.0,25.0,0.0,EUR,2026-09-28
2026-09-29,200387,"VARUS, вул. Драгаманова 40г",Kyiv,8.625523,1,1,0,0,700.95,700.95,1,11.6825,11.6825,100.0,0.0,0.0,EUR,2026-09-28
2026-09-29,200391,"VARUS, вул. Жилянська 59",Kyiv,6.171541,8,1,1,7,700.95,700.95,1,11.6825,11.6825,100.0,100.0,87.5,EUR,2026-09-28
2026-09-29,200384,"VARUS, вул. Костянтинівська 2А",Kyiv,68.40094,5,5,0,0,700.95,700.95,1,11.6825,11.6825,100.0,0.0,0.0,EUR,2026-09-28
2026-09-29,200388,"VARUS, вул. Лесі Українки 30",Kyiv,0.0,12,0,0,12,600.95,600.95,1,10.0158,10.0158,100.0,,100.0,EUR,2026-09-28
2026-09-29,200398,"VARUS, вул. Недєліна 43",Kryvyi Rih,0.0,0,0,0,0,0.0,0.0,1,0.0,0.0,,,,EUR,2026-09-28
2026-09-29,200371,"VARUS, вул. Ольги Кобилянської 1В/23",Irpin,139.762781,10,10,2,0,700.95,700.95,1,11.6825,11.6825,100.0,20.0,0.0,EUR,2026-09-28
2026-09-29,200351,"VARUS, вул. Паникахи 15",Dnipro,65.797273,6,5,0,1,700.95,700.95,1,11.6825,11.6825,100.0,0.0,16.67,EUR,2026-09-28
2026-09-29,200403,"VARUS, вул. Соборна 97А",Pavlohrad,153.746494,6,6,1,0,640.95,640.95,1,10.6825,10.6825,100.0,16.67,0.0,EUR,2026-09-28
2026-09-29,200389,"VARUS, вул. Срібнокільска 11",Kyiv,149.122989,10,9,2,1,720.95,720.95,1,12.0158,12.0158,100.0,22.22,10.0,EUR,2026-09-28
2026-09-29,4822490,"VARUS, вул. Таращанська 191а",Bila Tserkva,156.209503,12,11,0,1,700.95,700.95,1,11.6825,11.6825,100.0,0.0,8.33,EUR,2026-09-28
2026-09-29,200381,"VARUS, вул. Тютюника 39-А",Kyiv,178.350265,19,17,3,2,700.95,700.95,1,11.6825,11.6825,100.0,17.65,10.53,EUR,2026-09-28
2026-09-29,200366,"VARUS, вул. Яценка 2",Zaporizhia,45.633781,3,3,0,0,700.95,700.95,1,11.6825,11.6825,100.0,0.0,0.0,EUR,2026-09-28
2026-09-29,200352,"VARUS, вул.20річчя Перемоги  43Д",Dnipro,0.0,0,0,0,0,0.0,0.0,1,0.0,0.0,,,,EUR,2026-09-28
2026-09-29,200375,"VARUS, вул.Андрія Малишко,3",Kyiv,163.228135,11,10,1,1,700.95,700.95,1,11.6825,11.6825,100.0,10.0,9.09,EUR,2026-09-28
2026-09-29,200379,"VARUS, вул.Бажана 10-А",Kyiv,19.087854,2,2,0,0,700.95,700.95,1,11.6825,11.6825,100.0,0.0,0.0,EUR,2026-09-28
2026-09-29,200382,"VARUS, вул.Васильківска 34",Kyiv,281.995835,15,15,4,0,700.95,700.95,1,11.6825,11.6825,100.0,26.67,0.0,EUR,2026-09-28
2026-09-29,200386,"VARUS, вул.Вишгородска 45а",Kyiv,203.420351,10,10,3,0,660.95,660.95,1,11.0158,11.0158,100.0,30.0,0.0,EUR,2026-09-28
2026-09-29,200350,"VARUS, вул.Глинки 2",Dnipro,0.0,0,0,0,0,0.0,0.0,1,0.0,0.0,,,,EUR,2026-09-28
2026-09-29,200349,"VARUS, вул.Дніпровская 1",Vyshhorod,32.443213,4,4,0,0,700.95,700.95,1,11.6825,11.6825,100.0,0.0,0.0,EUR,2026-09-28
2026-09-29,200354,"VARUS, вул.Калиновая 9А",Dnipro,137.680358,10,8,0,2,700.95,700.95,1,11.6825,11.6825,100.0,0.0,20.0,EUR,2026-09-28
2026-09-29,200348,"VARUS, вул.Київська 239",Brovary,97.840677,6,6,0,0,700.95,700.95,1,11.6825,11.6825,100.0,0.0,0.0,EUR,2026-09-28
2026-09-29,200353,"VARUS, вул.Коммунарівська буд. 8",Dnipro,32.256058,4,4,0,0,700.95,700.95,1,11.6825,11.6825,100.0,0.0,0.0,EUR,2026-09-28
2026-09-29,200361,"VARUS, вул.Марії Кюрі 5",Dnipro,80.498603,7,7,1,0,700.95,700.95,1,11.6825,11.6825,100.0,14.29,0.0,EUR,2026-09-28
2026-09-29,200370,"VARUS, вул.Незалежної України 57В",Zaporizhia,219.826264,13,13,3,0,700.95,700.95,1,11.6825,11.6825,100.0,23.08,0.0,EUR,2026-09-28
2026-09-29,200404,"VARUS, вул.Нова 2В",Pavlohrad,53.042023,4,4,2,0,640.95,640.95,1,10.6825,10.6825,100.0,50.0,0.0,EUR,2026-09-28
2026-09-29,200363,"VARUS, вул.Робоча 67",Dnipro,68.522765,5,5,0,0,700.95,700.95,1,11.6825,11.6825,100.0,0.0,0.0,EUR,2026-09-28
2026-09-29,200369,"VARUS, вул.Тараса Шевченка 7",Kamianske,25.21604,1,1,0,0,600.95,600.95,1,10.0158,10.0158,100.0,0.0,0.0,EUR,2026-09-28
2026-09-29,200395,"VARUS, вул.Терещенко 1Е",Kryvyi Rih,0.0,0,0,0,0,0.0,0.0,1,0.0,0.0,,,,EUR,2026-09-28
2026-09-29,200402,"VARUS, вул.Французький бульвар 22",Odesa,13.805192,1,1,0,0,700.95,700.95,1,11.6825,11.6825,100.0,0.0,0.0,EUR,2026-09-28
2026-09-29,200396,"VARUS, мкр Сонячний 41а",Kryvyi Rih,6.987835,1,1,0,0,700.95,700.95,1,11.6825,11.6825,100.0,0.0,0.0,EUR,2026-09-28
2026-09-29,200362,"VARUS, пр. Івана Мазепи, 58",Dnipro,10.117059,1,1,0,0,700.95,700.95,1,11.6825,11.6825,100.0,0.0,0.0,EUR,2026-09-28
2026-09-29,200373,"VARUS, пр. Академіка Паладіна 16/39",Kyiv,272.814735,16,14,1,2,700.95,700.95,1,11.6825,11.6825,100.0,7.14,12.5,EUR,2026-09-28
2026-09-29,200368,"VARUS, пр. Героїв 2",Dnipro,131.401314,12,9,0,3,700.95,700.95,1,11.6825,11.6825,100.0,0.0,25.0,EUR,2026-09-28
2026-09-29,200408,"VARUS, пр. Гуляєва полковника ж.м. ""Дружний"" буд. 107/1",Odesa,91.034109,5,5,0,0,700.95,700.95,1,11.6825,11.6825,100.0,0.0,0.0,EUR,2026-09-28
2026-09-29,200399,"VARUS, пр. Добровольського 122/1",Odesa,45.84938,3,2,1,1,700.95,700.95,1,11.6825,11.6825,100.0,50.0,33.33,EUR,2026-09-28
2026-09-29,862701,"VARUS, пр. Коцюбинського, 70",Vinnytsia,403.618293,28,25,2,3,700.95,700.95,1,11.6825,11.6825,100.0,8.0,10.71,EUR,2026-09-28
2026-09-29,200394,"VARUS, пр. Металургів 42А",Kryvyi Rih,149.965767,8,8,1,0,700.95,700.95,1,11.6825,11.6825,100.0,12.5,0.0,EUR,2026-09-28
2026-09-29,200380,"VARUS, пр. Миколи Бажана 38",Kyiv,31.799357,2,2,0,0,700.95,700.95,1,11.6825,11.6825,100.0,0.0,0.0,EUR,2026-09-28
2026-09-29,200359,"VARUS, пр. О. Поля, 104а",Dnipro,0.0,0,0,0,0,0.0,0.0,1,0.0,0.0,,,,EUR,2026-09-28
2026-09-29,198953,"VARUS, пр. Олександра Поля, 104",Dnipro,135.253061,8,8,1,0,700.95,700.95,1,11.6825,11.6825,100.0,12.5,0.0,EUR,2026-09-28
2026-09-29,200357,"VARUS, пр.Науки 8а",Dnipro,89.353067,6,6,0,0,700.95,700.95,1,11.6825,11.6825,100.0,0.0,0.0,EUR,2026-09-28
2026-09-29,200377,"VARUS, пр.Оболонський 47/42",Kyiv,47.592218,5,4,1,1,700.95,700.95,1,11.6825,11.6825,100.0,25.0,20.0,EUR,2026-09-28
2026-09-29,200360,"VARUS, проспект Слобожанський 86",Dnipro,59.748735,4,4,0,0,700.95,700.95,1,11.6825,11.6825,100.0,0.0,0.0,EUR,2026-09-28
2026-09-29,5212564,"VARUS, проспект Соборний, 128",Oleksandriia,35.794312,3,3,0,0,700.95,700.95,1,11.6825,11.6825,100.0,0.0,0.0,EUR,2026-09-28
2026-09-30,200367,"VARUS вул.Петра Сагайдачного, 7",Zaporizhia,35.504773,3,3,0,0,701.0,701.0,1,11.6833,11.6833,100.0,0.0,0.0,EUR,2026-09-28
2026-09-30,200390,"VARUS, 5-й Зарічний, д.19",Kryvyi Rih,0.0,0,0,0,0,701.0,701.0,1,11.6833,11.6833,100.0,,,EUR,2026-09-28
2026-09-30,200383,"VARUS, Вулиця Героїв полку Азов, 12",Kyiv,123.236228,8,8,2,0,701.0,701.0,1,11.6833,11.6833,100.0,25.0,0.0,EUR,2026-09-28
2026-09-30,200364,"VARUS, Донецьке шосcе 110",Dnipro,37.679225,1,1,0,0,701.0,701.0,1,11.6833,11.6833,100.0,0.0,0.0,EUR,2026-09-28
2026-09-30,200356,"VARUS, Донецьке шосcе 9а",Dnipro,24.779589,1,1,0,0,701.0,701.0,1,11.6833,11.6833,100.0,0.0,0.0,EUR,2026-09-28
2026-09-30,200400,"VARUS, Люстдорфська дорога 114",Odesa,0.0,0,0,0,0,701.0,701.0,1,11.6833,11.6833,100.0,,,EUR,2026-09-28
2026-09-30,200392,"VARUS, Площа Шахтарської Слави 1",Kryvyi Rih,185.075931,13,13,2,0,701.0,701.0,1,11.6833,11.6833,100.0,15.38,0.0,EUR,2026-09-28
2026-09-30,200374,"VARUS, Проспект Червоної Калини 44A",Kyiv,198.738408,12,9,2,3,701.0,701.0,1,11.6833,11.6833,100.0,22.22,25.0,EUR,2026-09-28
2026-09-30,200365,"VARUS, Північно-Кільцева вулиця, 10а,",Zaporizhia,0.0,0,0,0,0,0.0,0.0,1,0.0,0.0,,,,EUR,2026-09-28
2026-09-30,200385,"VARUS, Харківське Шосе 160",Kyiv,168.452396,8,8,2,0,701.0,701.0,1,11.6833,11.6833,100.0,25.0,0.0,EUR,2026-09-28
2026-09-30,200358,"VARUS, бул. Європейський 1Д",Dnipro,170.385525,20,13,3,7,661.0,661.0,1,11.0167,11.0167,100.0,23.08,35.0,EUR,2026-09-28
2026-09-30,200372,"VARUS, бул.Будівельників 27а",Kamianske,33.142409,2,2,1,0,601.0,601.0,1,10.0167,10.0167,100.0,50.0,0.0,EUR,2026-09-28
2026-09-30,200355,"VARUS, вул Березинская 23а",Dnipro,46.466763,3,3,0,0,701.0,701.0,1,11.6833,11.6833,100.0,0.0,0.0,EUR,2026-09-28
2026-09-30,200393,"VARUS, вул. 200 річчя Кривого Рогу",Kryvyi Rih,38.383947,3,3,1,0,701.0,701.0,1,11.6833,11.6833,100.0,33.33,0.0,EUR,2026-09-28
2026-09-30,200397,"VARUS, вул. Івана Авраменко 21В",Kryvyi Rih,127.123692,4,4,0,0,701.0,701.0,1,11.6833,11.6833,100.0,0.0,0.0,EUR,2026-09-28
2026-09-30,200376,"VARUS, вул. Волинська 37",Kyiv,40.856271,6,4,1,2,661.0,661.0,1,11.0167,11.0167,100.0,25.0,33.33,EUR,2026-09-28
2026-09-30,200401,"VARUS, вул. Дача Ковалевського 91",Odesa,0.0,0,0,0,0,536.2166666666667,701.0,1,8.9369,11.6833,76.49,,,EUR,2026-09-28
2026-09-30,200378,"VARUS, вул. Деміївська 27",Kyiv,129.441485,12,11,3,1,701.0,701.0,1,11.6833,11.6833,100.0,27.27,8.33,EUR,2026-09-28
2026-09-30,200387,"VARUS, вул. Драгаманова 40г",Kyiv,63.462392,6,4,0,2,701.0,701.0,1,11.6833,11.6833,100.0,0.0,33.33,EUR,2026-09-28
2026-09-30,200391,"VARUS, вул. Жилянська 59",Kyiv,62.493962,8,5,1,3,701.0,701.0,1,11.6833,11.6833,100.0,20.0,37.5,EUR,2026-09-28
2026-09-30,200384,"VARUS, вул. Костянтинівська 2А",Kyiv,93.837158,6,5,2,1,701.0,701.0,1,11.6833,11.6833,100.0,40.0,16.67,EUR,2026-09-28
2026-09-30,200388,"VARUS, вул. Лесі Українки 30",Kyiv,43.499622,8,3,0,5,601.0,601.0,1,10.0167,10.0167,100.0,0.0,62.5,EUR,2026-09-28
2026-09-30,200398,"VARUS, вул. Недєліна 43",Kryvyi Rih,0.0,0,0,0,0,0.0,0.0,1,0.0,0.0,,,,EUR,2026-09-28
2026-09-30,200371,"VARUS, вул. Ольги Кобилянської 1В/23",Irpin,140.375787,8,8,2,0,701.0,701.0,1,11.6833,11.6833,100.0,25.0,0.0,EUR,2026-09-28
2026-09-30,200351,"VARUS, вул. Паникахи 15",Dnipro,74.367043,14,5,0,9,701.0,701.0,1,11.6833,11.6833,100.0,0.0,64.29,EUR,2026-09-28
2026-09-30,200403,"VARUS, вул. Соборна 97А",Pavlohrad,12.968751,2,1,0,1,641.0,641.0,1,10.6833,10.6833,100.0,0.0,50.0,EUR,2026-09-28
2026-09-30,200389,"VARUS, вул. Срібнокільска 11",Kyiv,75.966957,10,6,2,4,721.0,721.0,1,12.0167,12.0167,100.0,33.33,40.0,EUR,2026-09-28
2026-09-30,4822490,"VARUS, вул. Таращанська 191а",Bila Tserkva,55.380165,3,3,0,0,701.0,701.0,1,11.6833,11.6833,100.0,0.0,0.0,EUR,2026-09-28
2026-09-30,200381,"VARUS, вул. Тютюника 39-А",Kyiv,282.163573,26,24,4,2,701.0,701.0,1,11.6833,11.6833,100.0,16.67,7.69,EUR,2026-09-28
2026-09-30,200366,"VARUS, вул. Яценка 2",Zaporizhia,40.410345,3,3,1,0,701.0,701.0,1,11.6833,11.6833,100.0,33.33,0.0,EUR,2026-09-28
2026-09-30,200352,"VARUS, вул.20річчя Перемоги  43Д",Dnipro,0.0,0,0,0,0,0.0,0.0,1,0.0,0.0,,,,EUR,2026-09-28
2026-09-30,200375,"VARUS, вул.Андрія Малишко,3",Kyiv,152.63962,10,9,1,1,701.0,701.0,1,11.6833,11.6833,100.0,11.11,10.0,EUR,2026-09-28
2026-09-30,200379,"VARUS, вул.Бажана 10-А",Kyiv,50.22954,2,2,0,0,701.0,701.0,1,11.6833,11.6833,100.0,0.0,0.0,EUR,2026-09-28
2026-09-30,200382,"VARUS, вул.Васильківска 34",Kyiv,288.499212,15,14,1,1,701.0,701.0,1,11.6833,11.6833,100.0,7.14,6.67,EUR,2026-09-28
2026-09-30,200386,"VARUS, вул.Вишгородска 45а",Kyiv,310.3957,16,16,3,0,661.0,661.0,1,11.0167,11.0167,100.0,18.75,0.0,EUR,2026-09-28
2026-09-30,200350,"VARUS, вул.Глинки 2",Dnipro,73.015524,7,6,1,1,506.0,506.0,1,8.4333,8.4333,100.0,16.67,14.29,EUR,2026-09-28
2026-09-30,200349,"VARUS, вул.Дніпровская 1",Vyshhorod,92.874223,8,8,1,0,701.0,701.0,1,11.6833,11.6833,100.0,12.5,0.0,EUR,2026-09-28
2026-09-30,200354,"VARUS, вул.Калиновая 9А",Dnipro,61.294225,5,5,1,0,701.0,701.0,1,11.6833,11.6833,100.0,20.0,0.0,EUR,2026-09-28
2026-09-30,200348,"VARUS, вул.Київська 239",Brovary,81.799333,7,7,0,0,701.0,701.0,1,11.6833,11.6833,100.0,0.0,0.0,EUR,2026-09-28
2026-09-30,200353,"VARUS, вул.Коммунарівська буд. 8",Dnipro,33.84399,3,3,2,0,701.0,701.0,1,11.6833,11.6833,100.0,66.67,0.0,EUR,2026-09-28
2026-09-30,200361,"VARUS, вул.Марії Кюрі 5",Dnipro,118.811139,11,6,0,5,701.0,701.0,1,11.6833,11.6833,100.0,0.0,45.45,EUR,2026-09-28
2026-09-30,200370,"VARUS, вул.Незалежної України 57В",Zaporizhia,189.409317,10,10,2,0,701.0,701.0,1,11.6833,11.6833,100.0,20.0,0.0,EUR,2026-09-28
2026-09-30,200404,"VARUS, вул.Нова 2В",Pavlohrad,108.35536,6,6,1,0,641.0,641.0,1,10.6833,10.6833,100.0,16.67,0.0,EUR,2026-09-28
2026-09-30,200363,"VARUS, вул.Робоча 67",Dnipro,231.517366,16,15,2,1,701.0,701.0,1,11.6833,11.6833,100.0,13.33,6.25,EUR,2026-09-28
2026-09-30,200369,"VARUS, вул.Тараса Шевченка 7",Kamianske,0.0,0,0,0,0,601.0,601.0,1,10.0167,10.0167,100.0,,,EUR,2026-09-28
2026-09-30,200395,"VARUS, вул.Терещенко 1Е",Kryvyi Rih,0.0,0,0,0,0,0.0,0.0,1,0.0,0.0,,,,EUR,2026-09-28
2026-09-30,200402,"VARUS, вул.Французький бульвар 22",Odesa,8.180994,1,1,0,0,701.0,701.0,1,11.6833,11.6833,100.0,0.0,0.0,EUR,2026-09-28
2026-09-30,200396,"VARUS, мкр Сонячний 41а",Kryvyi Rih,4.823495,1,1,0,0,701.0,701.0,1,11.6833,11.6833,100.0,0.0,0.0,EUR,2026-09-28
2026-09-30,200362,"VARUS, пр. Івана Мазепи, 58",Dnipro,10.063463,1,1,0,0,701.0,701.0,1,11.6833,11.6833,100.0,0.0,0.0,EUR,2026-09-28
2026-09-30,200373,"VARUS, пр. Академіка Паладіна 16/39",Kyiv,432.766191,23,20,6,3,701.0,701.0,1,11.6833,11.6833,100.0,30.0,13.04,EUR,2026-09-28
2026-09-30,200368,"VARUS, пр. Героїв 2",Dnipro,228.70083,22,18,2,4,701.0,701.0,1,11.6833,11.6833,100.0,11.11,18.18,EUR,2026-09-28
2026-09-30,200408,"VARUS, пр. Гуляєва полковника ж.м. ""Дружний"" буд. 107/1",Odesa,43.61606,4,3,1,1,203.55,701.0,1,3.3925,11.6833,29.04,33.33,25.0,EUR,2026-09-28
2026-09-30,200399,"VARUS, пр. Добровольського 122/1",Odesa,35.701129,3,3,0,0,701.0,701.0,1,11.6833,11.6833,100.0,0.0,0.0,EUR,2026-09-28
2026-09-30,862701,"VARUS, пр. Коцюбинського, 70",Vinnytsia,400.106819,34,25,4,9,701.0,701.0,1,11.6833,11.6833,100.0,16.0,26.47,EUR,2026-09-28
2026-09-30,200394,"VARUS, пр. Металургів 42А",Kryvyi Rih,54.126234,5,5,1,0,701.0,701.0,1,11.6833,11.6833,100.0,20.0,0.0,EUR,2026-09-28
2026-09-30,200380,"VARUS, пр. Миколи Бажана 38",Kyiv,39.978165,2,2,0,0,701.0,701.0,1,11.6833,11.6833,100.0,0.0,0.0,EUR,2026-09-28
2026-09-30,200359,"VARUS, пр. О. Поля, 104а",Dnipro,0.0,0,0,0,0,0.0,0.0,1,0.0,0.0,,,,EUR,2026-09-28
2026-09-30,198953,"VARUS, пр. Олександра Поля, 104",Dnipro,92.737757,8,6,1,2,701.0,701.0,1,11.6833,11.6833,100.0,16.67,25.0,EUR,2026-09-28
2026-09-30,200357,"VARUS, пр.Науки 8а",Dnipro,113.37953,12,8,1,4,701.0,701.0,1,11.6833,11.6833,100.0,12.5,33.33,EUR,2026-09-28
2026-09-30,200377,"VARUS, пр.Оболонський 47/42",Kyiv,64.248015,5,3,2,2,701.0,701.0,1,11.6833,11.6833,100.0,66.67,40.0,EUR,2026-09-28
2026-09-30,200360,"VARUS, проспект Слобожанський 86",Dnipro,74.814148,6,6,0,0,701.0,701.0,1,11.6833,11.6833,100.0,0.0,0.0,EUR,2026-09-28
2026-09-30,5212564,"VARUS, проспект Соборний, 128",Oleksandriia,36.161979,3,3,0,0,701.0,701.0,1,11.6833,11.6833,100.0,0.0,0.0,EUR,2026-09-28
2026-10-01,200367,"VARUS вул.Петра Сагайдачного, 7",Zaporizhia,38.620886,2,2,0,0,701.0,701.0,1,11.6833,11.6833,100.0,0.0,0.0,EUR,2026-09-28
2026-10-01,200390,"VARUS, 5-й Зарічний, д.19",Kryvyi Rih,30.554691,5,3,0,2,701.0,701.0,1,11.6833,11.6833,100.0,0.0,40.0,EUR,2026-09-28
2026-10-01,200383,"VARUS, Вулиця Героїв полку Азов, 12",Kyiv,113.847735,5,4,0,1,701.0,701.0,1,11.6833,11.6833,100.0,0.0,20.0,EUR,2026-09-28
2026-10-01,200364,"VARUS, Донецьке шосcе 110",Dnipro,39.971528,3,3,0,0,701.0,701.0,1,11.6833,11.6833,100.0,0.0,0.0,EUR,2026-09-28
2026-10-01,200356,"VARUS, Донецьке шосcе 9а",Dnipro,0.0,0,0,0,0,701.0,701.0,1,11.6833,11.6833,100.0,,,EUR,2026-09-28
2026-10-01,200400,"VARUS, Люстдорфська дорога 114",Odesa,0.0,0,0,0,0,701.0,701.0,1,11.6833,11.6833,100.0,,,EUR,2026-09-28
2026-10-01,200392,"VARUS, Площа Шахтарської Слави 1",Kryvyi Rih,112.714772,9,9,2,0,701.0,701.0,1,11.6833,11.6833,100.0,22.22,0.0,EUR,2026-09-28
2026-10-01,200374,"VARUS, Проспект Червоної Калини 44A",Kyiv,193.746625,6,6,2,0,701.0,701.0,1,11.6833,11.6833,100.0,33.33,0.0,EUR,2026-09-28
2026-10-01,200365,"VARUS, Північно-Кільцева вулиця, 10а,",Zaporizhia,155.841679,11,9,3,2,701.0,701.0,1,11.6833,11.6833,100.0,33.33,18.18,EUR,2026-09-28
2026-10-01,200385,"VARUS, Харківське Шосе 160",Kyiv,305.407304,8,8,1,0,701.0,701.0,1,11.6833,11.6833,100.0,12.5,0.0,EUR,2026-09-28
2026-10-01,200358,"VARUS, бул. Європейський 1Д",Dnipro,214.402387,18,15,2,3,661.0,661.0,1,11.0167,11.0167,100.0,13.33,16.67,EUR,2026-09-28
2026-10-01,200372,"VARUS, бул.Будівельників 27а",Kamianske,0.0,0,0,0,0,601.0,601.0,1,10.0167,10.0167,100.0,,,EUR,2026-09-28
2026-10-01,200355,"VARUS, вул Березинская 23а",Dnipro,81.432706,8,5,0,3,701.0,701.0,1,11.6833,11.6833,100.0,0.0,37.5,EUR,2026-09-28
2026-10-01,200393,"VARUS, вул. 200 річчя Кривого Рогу",Kryvyi Rih,53.65896,5,5,1,0,701.0,701.0,1,11.6833,11.6833,100.0,20.0,0.0,EUR,2026-09-28
2026-10-01,200397,"VARUS, вул. Івана Авраменко 21В",Kryvyi Rih,46.776598,4,4,0,0,701.0,701.0,1,11.6833,11.6833,100.0,0.0,0.0,EUR,2026-09-28
2026-10-01,200376,"VARUS, вул. Волинська 37",Kyiv,86.423182,8,5,1,3,661.0,661.0,1,11.0167,11.0167,100.0,20.0,37.5,EUR,2026-09-28
2026-10-01,200401,"VARUS, вул. Дача Ковалевського 91",Odesa,0.0,0,0,0,0,701.0,701.0,1,11.6833,11.6833,100.0,,,EUR,2026-09-28
2026-10-01,200378,"VARUS, вул. Деміївська 27",Kyiv,132.522687,10,10,1,0,701.0,701.0,1,11.6833,11.6833,100.0,10.0,0.0,EUR,2026-09-28
2026-10-01,200387,"VARUS, вул. Драгаманова 40г",Kyiv,59.894196,7,6,2,1,701.0,701.0,1,11.6833,11.6833,100.0,33.33,14.29,EUR,2026-09-28
2026-10-01,200391,"VARUS, вул. Жилянська 59",Kyiv,188.63607,10,10,2,0,701.0,701.0,1,11.6833,11.6833,100.0,20.0,0.0,EUR,2026-09-28
2026-10-01,200384,"VARUS, вул. Костянтинівська 2А",Kyiv,34.690417,3,3,0,0,701.0,701.0,1,11.6833,11.6833,100.0,0.0,0.0,EUR,2026-09-28
2026-10-01,200388,"VARUS, вул. Лесі Українки 30",Kyiv,119.736537,7,7,0,0,601.0,601.0,1,10.0167,10.0167,100.0,0.0,0.0,EUR,2026-09-28
2026-10-01,200398,"VARUS, вул. Недєліна 43",Kryvyi Rih,0.0,0,0,0,0,0.0,0.0,1,0.0,0.0,,,,EUR,2026-09-28
2026-10-01,200371,"VARUS, вул. Ольги Кобилянської 1В/23",Irpin,176.834806,11,11,0,0,701.0,701.0,1,11.6833,11.6833,100.0,0.0,0.0,EUR,2026-09-28
2026-10-01,200351,"VARUS, вул. Паникахи 15",Dnipro,78.673649,7,6,0,1,701.0,701.0,1,11.6833,11.6833,100.0,0.0,14.29,EUR,2026-09-28
2026-10-01,200403,"VARUS, вул. Соборна 97А",Pavlohrad,35.604911,2,2,0,0,641.0,641.0,1,10.6833,10.6833,100.0,0.0,0.0,EUR,2026-09-28
2026-10-01,200389,"VARUS, вул. Срібнокільска 11",Kyiv,126.773879,10,7,0,3,721.0,721.0,1,12.0167,12.0167,100.0,0.0,30.0,EUR,2026-09-28
2026-10-01,4822490,"VARUS, вул. Таращанська 191а",Bila Tserkva,52.844434,4,4,0,0,701.0,701.0,1,11.6833,11.6833,100.0,0.0,0.0,EUR,2026-09-28
2026-10-01,200381,"VARUS, вул. Тютюника 39-А",Kyiv,283.991832,20,19,2,1,701.0,701.0,1,11.6833,11.6833,100.0,10.53,5.0,EUR,2026-09-28
2026-10-01,200366,"VARUS, вул. Яценка 2",Zaporizhia,30.619363,3,3,1,0,701.0,701.0,1,11.6833,11.6833,100.0,33.33,0.0,EUR,2026-09-28
2026-10-01,200352,"VARUS, вул.20річчя Перемоги  43Д",Dnipro,0.0,0,0,0,0,0.0,0.0,1,0.0,0.0,,,,EUR,2026-09-28
2026-10-01,200375,"VARUS, вул.Андрія Малишко,3",Kyiv,132.08338,17,8,4,9,701.0,701.0,1,11.6833,11.6833,100.0,50.0,52.94,EUR,2026-09-28
2026-10-01,200379,"VARUS, вул.Бажана 10-А",Kyiv,3.480123,1,1,0,0,701.0,701.0,1,11.6833,11.6833,100.0,0.0,0.0,EUR,2026-09-28
2026-10-01,200382,"VARUS, вул.Васильківска 34",Kyiv,287.159628,17,17,2,0,701.0,701.0,1,11.6833,11.6833,100.0,11.76,0.0,EUR,2026-09-28
2026-10-01,200386,"VARUS, вул.Вишгородска 45а",Kyiv,352.111337,16,16,0,0,661.0,661.0,1,11.0167,11.0167,100.0,0.0,0.0,EUR,2026-09-28
2026-10-01,200350,"VARUS, вул.Глинки 2",Dnipro,60.404679,5,5,1,0,701.0,701.0,1,11.6833,11.6833,100.0,20.0,0.0,EUR,2026-09-28
2026-10-01,200349,"VARUS, вул.Дніпровская 1",Vyshhorod,132.073722,6,5,0,1,701.0,701.0,1,11.6833,11.6833,100.0,0.0,16.67,EUR,2026-09-28
2026-10-01,200354,"VARUS, вул.Калиновая 9А",Dnipro,152.921333,11,9,3,2,701.0,701.0,1,11.6833,11.6833,100.0,33.33,18.18,EUR,2026-09-28
2026-10-01,200348,"VARUS, вул.Київська 239",Brovary,160.561041,9,9,1,0,701.0,701.0,1,11.6833,11.6833,100.0,11.11,0.0,EUR,2026-09-28
2026-10-01,200353,"VARUS, вул.Коммунарівська буд. 8",Dnipro,86.995975,5,5,2,0,701.0,701.0,1,11.6833,11.6833,100.0,40.0,0.0,EUR,2026-09-28
2026-10-01,200361,"VARUS, вул.Марії Кюрі 5",Dnipro,186.36285,17,14,1,3,701.0,701.0,1,11.6833,11.6833,100.0,7.14,17.65,EUR,2026-09-28
2026-10-01,200370,"VARUS, вул.Незалежної України 57В",Zaporizhia,186.115987,12,12,1,0,701.0,701.0,1,11.6833,11.6833,100.0,8.33,0.0,EUR,2026-09-28
2026-10-01,200404,"VARUS, вул.Нова 2В",Pavlohrad,25.021788,2,2,1,0,641.0,641.0,1,10.6833,10.6833,100.0,50.0,0.0,EUR,2026-09-28
2026-10-01,200363,"VARUS, вул.Робоча 67",Dnipro,169.889938,12,11,0,1,701.0,701.0,1,11.6833,11.6833,100.0,0.0,8.33,EUR,2026-09-28
2026-10-01,200369,"VARUS, вул.Тараса Шевченка 7",Kamianske,15.086974,3,2,0,1,601.0,601.0,1,10.0167,10.0167,100.0,0.0,33.33,EUR,2026-09-28
2026-10-01,200395,"VARUS, вул.Терещенко 1Е",Kryvyi Rih,0.0,0,0,0,0,0.0,0.0,1,0.0,0.0,,,,EUR,2026-09-28
2026-10-01,200402,"VARUS, вул.Французький бульвар 22",Odesa,5.638785,1,1,0,0,701.0,701.0,1,11.6833,11.6833,100.0,0.0,0.0,EUR,2026-09-28
2026-10-01,200396,"VARUS, мкр Сонячний 41а",Kryvyi Rih,0.0,0,0,0,0,701.0,701.0,1,11.6833,11.6833,100.0,,,EUR,2026-09-28
2026-10-01,200362,"VARUS, пр. Івана Мазепи, 58",Dnipro,57.046608,3,3,0,0,701.0,701.0,1,11.6833,11.6833,100.0,0.0,0.0,EUR,2026-09-28
2026-10-01,200373,"VARUS, пр. Академіка Паладіна 16/39",Kyiv,293.6297,16,14,3,2,514.83330078125,701.0,1,8.5806,11.6833,73.44,21.43,12.5,EUR,2026-09-28
2026-10-01,200368,"VARUS, пр. Героїв 2",Dnipro,156.812367,16,14,1,2,701.0,701.0,1,11.6833,11.6833,100.0,7.14,12.5,EUR,2026-09-28
2026-10-01,200408,"VARUS, пр. Гуляєва полковника ж.м. ""Дружний"" буд. 107/1",Odesa,0.0,0,0,0,0,0.0,701.0,1,0.0,11.6833,0.0,,,EUR,2026-09-28
2026-10-01,200399,"VARUS, пр. Добровольського 122/1",Odesa,38.446189,3,2,0,1,701.0,701.0,1,11.6833,11.6833,100.0,0.0,33.33,EUR,2026-09-28
2026-10-01,862701,"VARUS, пр. Коцюбинського, 70",Vinnytsia,187.890751,19,16,4,3,514.33330078125,701.0,1,8.5722,11.6833,73.37,25.0,15.79,EUR,2026-09-28
2026-10-01,200394,"VARUS, пр. Металургів 42А",Kryvyi Rih,119.569332,9,9,2,0,701.0,701.0,1,11.6833,11.6833,100.0,22.22,0.0,EUR,2026-09-28
2026-10-01,200380,"VARUS, пр. Миколи Бажана 38",Kyiv,21.877651,1,1,0,0,701.0,701.0,1,11.6833,11.6833,100.0,0.0,0.0,EUR,2026-09-28
2026-10-01,200359,"VARUS, пр. О. Поля, 104а",Dnipro,0.0,0,0,0,0,0.0,0.0,1,0.0,0.0,,,,EUR,2026-09-28
2026-10-01,198953,"VARUS, пр. Олександра Поля, 104",Dnipro,191.447375,9,9,3,0,701.0,701.0,1,11.6833,11.6833,100.0,33.33,0.0,EUR,2026-09-28
2026-10-01,200357,"VARUS, пр.Науки 8а",Dnipro,299.617485,13,13,1,0,701.0,701.0,1,11.6833,11.6833,100.0,7.69,0.0,EUR,2026-09-28
2026-10-01,200377,"VARUS, пр.Оболонський 47/42",Kyiv,62.393378,4,4,0,0,701.0,701.0,1,11.6833,11.6833,100.0,0.0,0.0,EUR,2026-09-28
2026-10-01,200360,"VARUS, проспект Слобожанський 86",Dnipro,75.947718,5,5,0,0,701.0,701.0,1,11.6833,11.6833,100.0,0.0,0.0,EUR,2026-09-28
2026-10-01,5212564,"VARUS, проспект Соборний, 128",Oleksandriia,93.711329,6,5,1,1,701.0,701.0,1,11.6833,11.6833,100.0,20.0,16.67,EUR,2026-09-28
2026-10-02,200367,"VARUS вул.Петра Сагайдачного, 7",Zaporizhia,36.073178,4,3,1,1,701.0,701.0,1,11.6833,11.6833,100.0,33.33,25.0,EUR,2026-09-28
2026-10-02,200390,"VARUS, 5-й Зарічний, д.19",Kryvyi Rih,29.813896,1,1,0,0,701.0,701.0,1,11.6833,11.6833,100.0,0.0,0.0,EUR,2026-09-28
2026-10-02,200383,"VARUS, Вулиця Героїв полку Азов, 12",Kyiv,280.610679,14,13,1,1,701.0,701.0,1,11.6833,11.6833,100.0,7.69,7.14,EUR,2026-09-28
2026-10-02,200364,"VARUS, Донецьке шосcе 110",Dnipro,6.219636,1,1,0,0,701.0,701.0,1,11.6833,11.6833,100.0,0.0,0.0,EUR,2026-09-28
2026-10-02,200356,"VARUS, Донецьке шосcе 9а",Dnipro,21.896149,2,2,0,0,701.0,701.0,1,11.6833,11.6833,100.0,0.0,0.0,EUR,2026-09-28
2026-10-02,200400,"VARUS, Люстдорфська дорога 114",Odesa,0.0,0,0,0,0,701.0,701.0,1,11.6833,11.6833,100.0,,,EUR,2026-09-28
2026-10-02,200392,"VARUS, Площа Шахтарської Слави 1",Kryvyi Rih,114.943539,9,8,0,1,701.0,701.0,1,11.6833,11.6833,100.0,0.0,11.11,EUR,2026-09-28
2026-10-02,200374,"VARUS, Проспект Червоної Калини 44A",Kyiv,245.609743,17,13,3,4,701.0,701.0,1,11.6833,11.6833,100.0,23.08,23.53,EUR,2026-09-28
2026-10-02,200365,"VARUS, Північно-Кільцева вулиця, 10а,",Zaporizhia,38.433848,11,4,2,7,701.0,701.0,1,11.6833,11.6833,100.0,50.0,63.64,EUR,2026-09-28
2026-10-02,200385,"VARUS, Харківське Шосе 160",Kyiv,131.479265,9,7,1,2,701.0,701.0,1,11.6833,11.6833,100.0,14.29,22.22,EUR,2026-09-28
2026-10-02,200358,"VARUS, бул. Європейський 1Д",Dnipro,153.604614,10,8,0,2,661.0,661.0,1,11.0167,11.0167,100.0,0.0,20.0,EUR,2026-09-28
2026-10-02,200372,"VARUS, бул.Будівельників 27а",Kamianske,0.0,0,0,0,0,601.0,601.0,1,10.0167,10.0167,100.0,,,EUR,2026-09-28
2026-10-02,200355,"VARUS, вул Березинская 23а",Dnipro,144.740668,12,7,2,5,701.0,701.0,1,11.6833,11.6833,100.0,28.57,41.67,EUR,2026-09-28
2026-10-02,200393,"VARUS, вул. 200 річчя Кривого Рогу",Kryvyi Rih,93.745452,7,6,0,1,701.0,701.0,1,11.6833,11.6833,100.0,0.0,14.29,EUR,2026-09-28
2026-10-02,200397,"VARUS, вул. Івана Авраменко 21В",Kryvyi Rih,75.47828,6,6,0,0,701.0,701.0,1,11.6833,11.6833,100.0,0.0,0.0,EUR,2026-09-28
2026-10-02,200376,"VARUS, вул. Волинська 37",Kyiv,128.728043,8,8,2,0,661.0,661.0,1,11.0167,11.0167,100.0,25.0,0.0,EUR,2026-09-28
2026-10-02,200401,"VARUS, вул. Дача Ковалевського 91",Odesa,0.0,0,0,0,0,92.36666666666666,701.0,1,1.5394,11.6833,13.18,,,EUR,2026-09-28
2026-10-02,200378,"VARUS, вул. Деміївська 27",Kyiv,140.433947,12,11,1,1,701.0,701.0,1,11.6833,11.6833,100.0,9.09,8.33,EUR,2026-09-28
2026-10-02,200387,"VARUS, вул. Драгаманова 40г",Kyiv,81.890231,6,6,0,0,701.0,701.0,1,11.6833,11.6833,100.0,0.0,0.0,EUR,2026-09-28
2026-10-02,200391,"VARUS, вул. Жилянська 59",Kyiv,125.250358,9,8,2,1,701.0,701.0,1,11.6833,11.6833,100.0,25.0,11.11,EUR,2026-09-28
2026-10-02,200384,"VARUS, вул. Костянтинівська 2А",Kyiv,110.856943,6,6,0,0,701.0,701.0,1,11.6833,11.6833,100.0,0.0,0.0,EUR,2026-09-28
2026-10-02,200388,"VARUS, вул. Лесі Українки 30",Kyiv,164.196463,9,9,1,0,601.0,601.0,1,10.0167,10.0167,100.0,11.11,0.0,EUR,2026-09-28
2026-10-02,200398,"VARUS, вул. Недєліна 43",Kryvyi Rih,0.0,0,0,0,0,0.0,0.0,1,0.0,0.0,,,,EUR,2026-09-28
2026-10-02,200371,"VARUS, вул. Ольги Кобилянської 1В/23",Irpin,202.861481,10,10,1,0,701.0,701.0,1,11.6833,11.6833,100.0,10.0,0.0,EUR,2026-09-28
2026-10-02,200351,"VARUS, вул. Паникахи 15",Dnipro,145.740914,7,7,2,0,701.0,701.0,1,11.6833,11.6833,100.0,28.57,0.0,EUR,2026-09-28
2026-10-02,200403,"VARUS, вул. Соборна 97А",Pavlohrad,58.57409,4,2,1,2,641.0,641.0,1,10.6833,10.6833,100.0,50.0,50.0,EUR,2026-09-28
2026-10-02,200389,"VARUS, вул. Срібнокільска 11",Kyiv,122.188272,10,8,0,2,721.0,721.0,1,12.0167,12.0167,100.0,0.0,20.0,EUR,2026-09-28
2026-10-02,4822490,"VARUS, вул. Таращанська 191а",Bila Tserkva,90.799154,6,6,1,0,701.0,701.0,1,11.6833,11.6833,100.0,16.67,0.0,EUR,2026-09-28
2026-10-02,200381,"VARUS, вул. Тютюника 39-А",Kyiv,191.68046,15,15,3,0,701.0,701.0,1,11.6833,11.6833,100.0,20.0,0.0,EUR,2026-09-28
2026-10-02,200366,"VARUS, вул. Яценка 2",Zaporizhia,234.539965,10,10,4,0,701.0,701.0,1,11.6833,11.6833,100.0,40.0,0.0,EUR,2026-09-28
2026-10-02,200352,"VARUS, вул.20річчя Перемоги  43Д",Dnipro,0.0,0,0,0,0,0.0,0.0,1,0.0,0.0,,,,EUR,2026-09-28
2026-10-02,200375,"VARUS, вул.Андрія Малишко,3",Kyiv,191.994674,11,10,6,1,701.0,701.0,1,11.6833,11.6833,100.0,60.0,9.09,EUR,2026-09-28
2026-10-02,200379,"VARUS, вул.Бажана 10-А",Kyiv,34.185316,3,3,0,0,701.0,701.0,1,11.6833,11.6833,100.0,0.0,0.0,EUR,2026-09-28
2026-10-02,200382,"VARUS, вул.Васильківска 34",Kyiv,187.732336,11,10,1,1,701.0,701.0,1,11.6833,11.6833,100.0,10.0,9.09,EUR,2026-09-28
2026-10-02,200386,"VARUS, вул.Вишгородска 45а",Kyiv,331.140392,15,15,1,0,661.0,661.0,1,11.0167,11.0167,100.0,6.67,0.0,EUR,2026-09-28
2026-10-02,200350,"VARUS, вул.Глинки 2",Dnipro,90.208197,6,5,1,1,701.0,701.0,1,11.6833,11.6833,100.0,20.0,16.67,EUR,2026-09-28
2026-10-02,200349,"VARUS, вул.Дніпровская 1",Vyshhorod,8.107303,3,1,0,2,701.0,701.0,1,11.6833,11.6833,100.0,0.0,66.67,EUR,2026-09-28
2026-10-02,200354,"VARUS, вул.Калиновая 9А",Dnipro,226.626164,15,12,5,3,701.0,701.0,1,11.6833,11.6833,100.0,41.67,20.0,EUR,2026-09-28
2026-10-02,200348,"VARUS, вул.Київська 239",Brovary,66.421619,6,6,1,0,701.0,701.0,1,11.6833,11.6833,100.0,16.67,0.0,EUR,2026-09-28
2026-10-02,200353,"VARUS, вул.Коммунарівська буд. 8",Dnipro,95.80709,7,7,0,0,701.0,701.0,1,11.6833,11.6833,100.0,0.0,0.0,EUR,2026-09-28
2026-10-02,200361,"VARUS, вул.Марії Кюрі 5",Dnipro,210.400117,15,15,3,0,701.0,701.0,1,11.6833,11.6833,100.0,20.0,0.0,EUR,2026-09-28
2026-10-02,200370,"VARUS, вул.Незалежної України 57В",Zaporizhia,282.839589,19,19,3,0,701.0,701.0,1,11.6833,11.6833,100.0,15.79,0.0,EUR,2026-09-28
2026-10-02,200404,"VARUS, вул.Нова 2В",Pavlohrad,7.094827,1,1,1,0,641.0,641.0,1,10.6833,10.6833,100.0,100.0,0.0,EUR,2026-09-28
2026-10-02,200363,"VARUS, вул.Робоча 67",Dnipro,115.347504,9,8,0,1,701.0,701.0,1,11.6833,11.6833,100.0,0.0,11.11,EUR,2026-09-28
2026-10-02,200369,"VARUS, вул.Тараса Шевченка 7",Kamianske,24.723113,2,2,0,0,601.0,601.0,1,10.0167,10.0167,100.0,0.0,0.0,EUR,2026-09-28
2026-10-02,200395,"VARUS, вул.Терещенко 1Е",Kryvyi Rih,0.0,0,0,0,0,0.0,0.0,1,0.0,0.0,,,,EUR,2026-09-28
2026-10-02,200402,"VARUS, вул.Французький бульвар 22",Odesa,0.0,1,0,0,1,701.0,701.0,1,11.6833,11.6833,100.0,,100.0,EUR,2026-09-28
2026-10-02,200396,"VARUS, мкр Сонячний 41а",Kryvyi Rih,16.573598,1,1,0,0,701.0,701.0,1,11.6833,11.6833,100.0,0.0,0.0,EUR,2026-09-28
2026-10-02,200362,"VARUS, пр. Івана Мазепи, 58",Dnipro,11.357168,1,1,0,0,701.0,701.0,1,11.6833,11.6833,100.0,0.0,0.0,EUR,2026-09-28
2026-10-02,200373,"VARUS, пр. Академіка Паладіна 16/39",Kyiv,329.089006,17,17,4,0,681.2333333333333,701.0,1,11.3539,11.6833,97.18,23.53,0.0,EUR,2026-09-28
2026-10-02,200368,"VARUS, пр. Героїв 2",Dnipro,271.695054,15,14,3,1,701.0,701.0,1,11.6833,11.6833,100.0,21.43,6.67,EUR,2026-09-28
2026-10-02,200408,"VARUS, пр. Гуляєва полковника ж.м. ""Дружний"" буд. 107/1",Odesa,0.0,0,0,0,0,679.6833333333333,701.0,1,11.3281,11.6833,96.96,,,EUR,2026-09-28
2026-10-02,200399,"VARUS, пр. Добровольського 122/1",Odesa,18.94334,2,2,0,0,701.0,701.0,1,11.6833,11.6833,100.0,0.0,0.0,EUR,2026-09-28
2026-10-02,862701,"VARUS, пр. Коцюбинського, 70",Vinnytsia,335.355984,28,26,3,2,682.5666666666667,701.0,1,11.3761,11.6833,97.37,11.54,7.14,EUR,2026-09-28
2026-10-02,200394,"VARUS, пр. Металургів 42А",Kryvyi Rih,82.05592,5,5,1,0,701.0,701.0,1,11.6833,11.6833,100.0,20.0,0.0,EUR,2026-09-28
2026-10-02,200380,"VARUS, пр. Миколи Бажана 38",Kyiv,20.446767,1,1,0,0,701.0,701.0,1,11.6833,11.6833,100.0,0.0,0.0,EUR,2026-09-28
2026-10-02,200359,"VARUS, пр. О. Поля, 104а",Dnipro,0.0,0,0,0,0,0.0,0.0,1,0.0,0.0,,,,EUR,2026-09-28
2026-10-02,198953,"VARUS, пр. Олександра Поля, 104",Dnipro,163.9284,9,9,2,0,701.0,701.0,1,11.6833,11.6833,100.0,22.22,0.0,EUR,2026-09-28
2026-10-02,200357,"VARUS, пр.Науки 8а",Dnipro,119.287144,9,8,2,1,701.0,701.0,1,11.6833,11.6833,100.0,25.0,11.11,EUR,2026-09-28
2026-10-02,200377,"VARUS, пр.Оболонський 47/42",Kyiv,66.819862,6,3,0,3,701.0,701.0,1,11.6833,11.6833,100.0,0.0,50.0,EUR,2026-09-28
2026-10-02,200360,"VARUS, проспект Слобожанський 86",Dnipro,59.897629,6,5,0,1,701.0,701.0,1,11.6833,11.6833,100.0,0.0,16.67,EUR,2026-09-28
2026-10-02,5212564,"VARUS, проспект Соборний, 128",Oleksandriia,189.682922,13,11,2,2,701.0,701.0,1,11.6833,11.6833,100.0,18.18,15.38,EUR,2026-09-28
2026-10-03,200367,"VARUS вул.Петра Сагайдачного, 7",Zaporizhia,54.724001,4,4,0,0,701.0,701.0,1,11.6833,11.6833,100.0,0.0,0.0,EUR,2026-09-28
2026-10-03,200390,"VARUS, 5-й Зарічний, д.19",Kryvyi Rih,30.255535,1,1,0,0,701.0,701.0,1,11.6833,11.6833,100.0,0.0,0.0,EUR,2026-09-28
2026-10-03,200383,"VARUS, Вулиця Героїв полку Азов, 12",Kyiv,133.525716,4,4,1,0,701.0,701.0,1,11.6833,11.6833,100.0,25.0,0.0,EUR,2026-09-28
2026-10-03,200364,"VARUS, Донецьке шосcе 110",Dnipro,49.27896,3,3,1,0,701.0,701.0,1,11.6833,11.6833,100.0,33.33,0.0,EUR,2026-09-28
2026-10-03,200356,"VARUS, Донецьке шосcе 9а",Dnipro,18.891464,1,1,0,0,701.0,701.0,1,11.6833,11.6833,100.0,0.0,0.0,EUR,2026-09-28
2026-10-03,200400,"VARUS, Люстдорфська дорога 114",Odesa,0.0,0,0,0,0,701.0,701.0,1,11.6833,11.6833,100.0,,,EUR,2026-09-28
2026-10-03,200392,"VARUS, Площа Шахтарської Слави 1",Kryvyi Rih,146.752206,6,6,0,0,701.0,701.0,1,11.6833,11.6833,100.0,0.0,0.0,EUR,2026-09-28
2026-10-03,200374,"VARUS, Проспект Червоної Калини 44A",Kyiv,253.883323,11,11,0,0,701.0,701.0,1,11.6833,11.6833,100.0,0.0,0.0,EUR,2026-09-28
2026-10-03,200365,"VARUS, Північно-Кільцева вулиця, 10а,",Zaporizhia,117.854331,8,7,1,1,701.0,701.0,1,11.6833,11.6833,100.0,14.29,12.5,EUR,2026-09-28
2026-10-03,200385,"VARUS, Харківське Шосе 160",Kyiv,212.329009,15,15,2,0,701.0,701.0,1,11.6833,11.6833,100.0,13.33,0.0,EUR,2026-09-28
2026-10-03,200358,"VARUS, бул. Європейський 1Д",Dnipro,81.537944,7,6,0,1,661.0,661.0,1,11.0167,11.0167,100.0,0.0,14.29,EUR,2026-09-28
2026-10-03,200372,"VARUS, бул.Будівельників 27а",Kamianske,0.0,0,0,0,0,601.0,601.0,1,10.0167,10.0167,100.0,,,EUR,2026-09-28
2026-10-03,200355,"VARUS, вул Березинская 23а",Dnipro,83.512401,5,4,0,1,701.0,701.0,1,11.6833,11.6833,100.0,0.0,20.0,EUR,2026-09-28
2026-10-03,200393,"VARUS, вул. 200 річчя Кривого Рогу",Kryvyi Rih,95.26663,8,8,1,0,701.0,701.0,1,11.6833,11.6833,100.0,12.5,0.0,EUR,2026-09-28
2026-10-03,200397,"VARUS, вул. Івана Авраменко 21В",Kryvyi Rih,150.055526,10,10,1,0,701.0,701.0,1,11.6833,11.6833,100.0,10.0,0.0,EUR,2026-09-28
2026-10-03,200376,"VARUS, вул. Волинська 37",Kyiv,66.963262,5,5,2,0,661.0,661.0,1,11.0167,11.0167,100.0,40.0,0.0,EUR,2026-09-28
2026-10-03,200401,"VARUS, вул. Дача Ковалевського 91",Odesa,0.0,0,0,0,0,0.0,701.0,1,0.0,11.6833,0.0,,,EUR,2026-09-28
2026-10-03,200378,"VARUS, вул. Деміївська 27",Kyiv,130.31747,8,8,1,0,701.0,701.0,1,11.6833,11.6833,100.0,12.5,0.0,EUR,2026-09-28
2026-10-03,200387,"VARUS, вул. Драгаманова 40г",Kyiv,50.783173,3,3,0,0,701.0,701.0,1,11.6833,11.6833,100.0,0.0,0.0,EUR,2026-09-28
2026-10-03,200391,"VARUS, вул. Жилянська 59",Kyiv,26.453968,3,2,0,1,701.0,701.0,1,11.6833,11.6833,100.0,0.0,33.33,EUR,2026-09-28
2026-10-03,200384,"VARUS, вул. Костянтинівська 2А",Kyiv,205.83303,8,8,1,0,701.0,701.0,1,11.6833,11.6833,100.0,12.5,0.0,EUR,2026-09-28
2026-10-03,200388,"VARUS, вул. Лесі Українки 30",Kyiv,63.527,4,4,0,0,601.0,601.0,1,10.0167,10.0167,100.0,0.0,0.0,EUR,2026-09-28
2026-10-03,200398,"VARUS, вул. Недєліна 43",Kryvyi Rih,0.0,0,0,0,0,0.0,0.0,1,0.0,0.0,,,,EUR,2026-09-28
2026-10-03,200371,"VARUS, вул. Ольги Кобилянської 1В/23",Irpin,162.577245,10,10,1,0,701.0,701.0,1,11.6833,11.6833,100.0,10.0,0.0,EUR,2026-09-28
2026-10-03,200351,"VARUS, вул. Паникахи 15",Dnipro,58.862666,7,5,0,2,701.0,701.0,1,11.6833,11.6833,100.0,0.0,28.57,EUR,2026-09-28
2026-10-03,200403,"VARUS, вул. Соборна 97А",Pavlohrad,19.854233,2,1,1,1,641.0,641.0,1,10.6833,10.6833,100.0,100.0,50.0,EUR,2026-09-28
2026-10-03,200389,"VARUS, вул. Срібнокільска 11",Kyiv,90.150994,7,7,0,0,721.0,721.0,1,12.0167,12.0167,100.0,0.0,0.0,EUR,2026-09-28
2026-10-03,4822490,"VARUS, вул. Таращанська 191а",Bila Tserkva,143.616746,9,9,0,0,701.0,701.0,1,11.6833,11.6833,100.0,0.0,0.0,EUR,2026-09-28
2026-10-03,200381,"VARUS, вул. Тютюника 39-А",Kyiv,294.241732,24,20,3,4,701.0,701.0,1,11.6833,11.6833,100.0,15.0,16.67,EUR,2026-09-28
2026-10-03,200366,"VARUS, вул. Яценка 2",Zaporizhia,106.883574,8,8,2,0,701.0,701.0,1,11.6833,11.6833,100.0,25.0,0.0,EUR,2026-09-28
2026-10-03,200352,"VARUS, вул.20річчя Перемоги  43Д",Dnipro,0.0,0,0,0,0,0.0,0.0,1,0.0,0.0,,,,EUR,2026-09-28
2026-10-03,200375,"VARUS, вул.Андрія Малишко,3",Kyiv,262.688299,11,11,2,0,701.0,701.0,1,11.6833,11.6833,100.0,18.18,0.0,EUR,2026-09-28
2026-10-03,200379,"VARUS, вул.Бажана 10-А",Kyiv,23.499186,1,1,0,0,701.0,701.0,1,11.6833,11.6833,100.0,0.0,0.0,EUR,2026-09-28
2026-10-03,200382,"VARUS, вул.Васильківска 34",Kyiv,110.46955,11,8,1,3,701.0,701.0,1,11.6833,11.6833,100.0,12.5,27.27,EUR,2026-09-28
2026-10-03,200386,"VARUS, вул.Вишгородска 45а",Kyiv,72.927658,8,5,1,3,661.0,661.0,1,11.0167,11.0167,100.0,20.0,37.5,EUR,2026-09-28
2026-10-03,200350,"VARUS, вул.Глинки 2",Dnipro,52.367276,5,4,0,1,701.0,701.0,1,11.6833,11.6833,100.0,0.0,20.0,EUR,2026-09-28
2026-10-03,200349,"VARUS, вул.Дніпровская 1",Vyshhorod,55.681248,4,4,1,0,701.0,701.0,1,11.6833,11.6833,100.0,25.0,0.0,EUR,2026-09-28
2026-10-03,200354,"VARUS, вул.Калиновая 9А",Dnipro,97.116426,5,5,2,0,701.0,701.0,1,11.6833,11.6833,100.0,40.0,0.0,EUR,2026-09-28
2026-10-03,200348,"VARUS, вул.Київська 239",Brovary,82.16914,6,6,0,0,701.0,701.0,1,11.6833,11.6833,100.0,0.0,0.0,EUR,2026-09-28
2026-10-03,200353,"VARUS, вул.Коммунарівська буд. 8",Dnipro,73.817644,9,8,1,1,701.0,701.0,1,11.6833,11.6833,100.0,12.5,11.11,EUR,2026-09-28
2026-10-03,200361,"VARUS, вул.Марії Кюрі 5",Dnipro,229.573648,17,16,0,1,701.0,701.0,1,11.6833,11.6833,100.0,0.0,5.88,EUR,2026-09-28
2026-10-03,200370,"VARUS, вул.Незалежної України 57В",Zaporizhia,184.20297,11,10,1,1,701.0,701.0,1,11.6833,11.6833,100.0,10.0,9.09,EUR,2026-09-28
2026-10-03,200404,"VARUS, вул.Нова 2В",Pavlohrad,46.936633,4,4,0,0,641.0,641.0,1,10.6833,10.6833,100.0,0.0,0.0,EUR,2026-09-28
2026-10-03,200363,"VARUS, вул.Робоча 67",Dnipro,172.374573,11,11,0,0,701.0,701.0,1,11.6833,11.6833,100.0,0.0,0.0,EUR,2026-09-28
2026-10-03,200369,"VARUS, вул.Тараса Шевченка 7",Kamianske,21.89674,2,2,0,0,601.0,601.0,1,10.0167,10.0167,100.0,0.0,0.0,EUR,2026-09-28
2026-10-03,200395,"VARUS, вул.Терещенко 1Е",Kryvyi Rih,0.0,0,0,0,0,0.0,0.0,1,0.0,0.0,,,,EUR,2026-09-28
2026-10-03,200402,"VARUS, вул.Французький бульвар 22",Odesa,10.460082,1,1,0,0,701.0,701.0,1,11.6833,11.6833,100.0,0.0,0.0,EUR,2026-09-28
2026-10-03,200396,"VARUS, мкр Сонячний 41а",Kryvyi Rih,0.0,0,0,0,0,701.0,701.0,1,11.6833,11.6833,100.0,,,EUR,2026-09-28
2026-10-03,200362,"VARUS, пр. Івана Мазепи, 58",Dnipro,33.660635,4,4,0,0,701.0,701.0,1,11.6833,11.6833,100.0,0.0,0.0,EUR,2026-09-28
2026-10-03,200373,"VARUS, пр. Академіка Паладіна 16/39",Kyiv,520.253268,30,29,3,1,701.0,701.0,1,11.6833,11.6833,100.0,10.34,3.33,EUR,2026-09-28
2026-10-03,200368,"VARUS, пр. Героїв 2",Dnipro,127.107651,8,7,0,1,701.0,701.0,1,11.6833,11.6833,100.0,0.0,12.5,EUR,2026-09-28
2026-10-03,200408,"VARUS, пр. Гуляєва полковника ж.м. ""Дружний"" буд. 107/1",Odesa,0.0,0,0,0,0,701.0,701.0,1,11.6833,11.6833,100.0,,,EUR,2026-09-28
2026-10-03,200399,"VARUS, пр. Добровольського 122/1",Odesa,55.181618,2,2,0,0,701.0,701.0,1,11.6833,11.6833,100.0,0.0,0.0,EUR,2026-09-28
2026-10-03,862701,"VARUS, пр. Коцюбинського, 70",Vinnytsia,373.303809,28,27,3,1,701.0,701.0,1,11.6833,11.6833,100.0,11.11,3.57,EUR,2026-09-28
2026-10-03,200394,"VARUS, пр. Металургів 42А",Kryvyi Rih,103.4625,10,8,0,2,701.0,701.0,1,11.6833,11.6833,100.0,0.0,20.0,EUR,2026-09-28
2026-10-03,200380,"VARUS, пр. Миколи Бажана 38",Kyiv,76.313031,6,6,1,0,701.0,701.0,1,11.6833,11.6833,100.0,16.67,0.0,EUR,2026-09-28
2026-10-03,200359,"VARUS, пр. О. Поля, 104а",Dnipro,0.0,0,0,0,0,0.0,0.0,1,0.0,0.0,,,,EUR,2026-09-28
2026-10-03,198953,"VARUS, пр. Олександра Поля, 104",Dnipro,130.199713,9,8,3,1,701.0,701.0,1,11.6833,11.6833,100.0,37.5,11.11,EUR,2026-09-28
2026-10-03,200357,"VARUS, пр.Науки 8а",Dnipro,168.881701,13,11,2,2,701.0,701.0,1,11.6833,11.6833,100.0,18.18,15.38,EUR,2026-09-28
2026-10-03,200377,"VARUS, пр.Оболонський 47/42",Kyiv,57.087233,6,5,1,1,701.0,701.0,1,11.6833,11.6833,100.0,20.0,16.67,EUR,2026-09-28
2026-10-03,200360,"VARUS, проспект Слобожанський 86",Dnipro,132.860396,10,10,0,0,701.0,701.0,1,11.6833,11.6833,100.0,0.0,0.0,EUR,2026-09-28
2026-10-03,5212564,"VARUS, проспект Соборний, 128",Oleksandriia,119.456385,7,7,0,0,701.0,701.0,1,11.6833,11.6833,100.0,0.0,0.0,EUR,2026-09-28
2026-10-04,200367,"VARUS вул.Петра Сагайдачного, 7",Zaporizhia,0.0,1,0,0,1,701.0,701.0,1,11.6833,11.6833,100.0,,100.0,EUR,2026-09-28
2026-10-04,200390,"VARUS, 5-й Зарічний, д.19",Kryvyi Rih,37.335963,2,1,0,1,701.0,701.0,1,11.6833,11.6833,100.0,0.0,50.0,EUR,2026-09-28
2026-10-04,200383,"VARUS, Вулиця Героїв полку Азов, 12",Kyiv,144.640661,11,10,0,1,701.0,701.0,1,11.6833,11.6833,100.0,0.0,9.09,EUR,2026-09-28
2026-10-04,200364,"VARUS, Донецьке шосcе 110",Dnipro,26.235218,2,2,0,0,701.0,701.0,1,11.6833,11.6833,100.0,0.0,0.0,EUR,2026-09-28
2026-10-04,200356,"VARUS, Донецьке шосcе 9а",Dnipro,17.478969,1,1,0,0,701.0,701.0,1,11.6833,11.6833,100.0,0.0,0.0,EUR,2026-09-28
2026-10-04,200400,"VARUS, Люстдорфська дорога 114",Odesa,0.0,0,0,0,0,701.0,701.0,1,11.6833,11.6833,100.0,,,EUR,2026-09-28
2026-10-04,200392,"VARUS, Площа Шахтарської Слави 1",Kryvyi Rih,349.901476,20,19,1,1,701.0,701.0,1,11.6833,11.6833,100.0,5.26,5.0,EUR,2026-09-28
2026-10-04,200374,"VARUS, Проспект Червоної Калини 44A",Kyiv,72.43809,6,5,0,1,701.0,701.0,1,11.6833,11.6833,100.0,0.0,16.67,EUR,2026-09-28
2026-10-04,200365,"VARUS, Північно-Кільцева вулиця, 10а,",Zaporizhia,59.491889,8,5,0,3,701.0,701.0,1,11.6833,11.6833,100.0,0.0,37.5,EUR,2026-09-28
2026-10-04,200385,"VARUS, Харківське Шосе 160",Kyiv,311.164257,7,7,2,0,701.0,701.0,1,11.6833,11.6833,100.0,28.57,0.0,EUR,2026-09-28
2026-10-04,200358,"VARUS, бул. Європейський 1Д",Dnipro,78.5662,13,8,2,5,661.0,661.0,1,11.0167,11.0167,100.0,25.0,38.46,EUR,2026-09-28
2026-10-04,200372,"VARUS, бул.Будівельників 27а",Kamianske,0.0,0,0,0,0,601.0,601.0,1,10.0167,10.0167,100.0,,,EUR,2026-09-28
2026-10-04,200355,"VARUS, вул Березинская 23а",Dnipro,105.815674,8,7,1,1,701.0,701.0,1,11.6833,11.6833,100.0,14.29,12.5,EUR,2026-09-28
2026-10-04,200393,"VARUS, вул. 200 річчя Кривого Рогу",Kryvyi Rih,31.688347,3,3,0,0,701.0,701.0,1,11.6833,11.6833,100.0,0.0,0.0,EUR,2026-09-28
2026-10-04,200397,"VARUS, вул. Івана Авраменко 21В",Kryvyi Rih,113.318999,7,7,0,0,701.0,701.0,1,11.6833,11.6833,100.0,0.0,0.0,EUR,2026-09-28
2026-10-04,200376,"VARUS, вул. Волинська 37",Kyiv,104.1075,9,7,2,2,661.0,661.0,1,11.0167,11.0167,100.0,28.57,22.22,EUR,2026-09-28
2026-10-04,200401,"VARUS, вул. Дача Ковалевського 91",Odesa,0.0,0,0,0,0,0.0,701.0,1,0.0,11.6833,0.0,,,EUR,2026-09-28
2026-10-04,200378,"VARUS, вул. Деміївська 27",Kyiv,101.615267,7,7,0,0,701.0,701.0,1,11.6833,11.6833,100.0,0.0,0.0,EUR,2026-09-28
2026-10-04,200387,"VARUS, вул. Драгаманова 40г",Kyiv,88.929038,6,6,0,0,701.0,701.0,1,11.6833,11.6833,100.0,0.0,0.0,EUR,2026-09-28
2026-10-04,200391,"VARUS, вул. Жилянська 59",Kyiv,156.663936,12,10,2,2,701.0,701.0,1,11.6833,11.6833,100.0,20.0,16.67,EUR,2026-09-28
2026-10-04,200384,"VARUS, вул. Костянтинівська 2А",Kyiv,92.801617,5,5,0,0,701.0,701.0,1,11.6833,11.6833,100.0,0.0,0.0,EUR,2026-09-28
2026-10-04,200388,"VARUS, вул. Лесі Українки 30",Kyiv,135.380835,7,7,2,0,601.0,601.0,1,10.0167,10.0167,100.0,28.57,0.0,EUR,2026-09-28
2026-10-04,200398,"VARUS, вул. Недєліна 43",Kryvyi Rih,0.0,0,0,0,0,0.0,0.0,1,0.0,0.0,,,,EUR,2026-09-28
2026-10-04,200371,"VARUS, вул. Ольги Кобилянської 1В/23",Irpin,190.255533,11,11,1,0,701.0,701.0,1,11.6833,11.6833,100.0,9.09,0.0,EUR,2026-09-28
2026-10-04,200351,"VARUS, вул. Паникахи 15",Dnipro,114.936438,12,7,0,5,701.0,701.0,1,11.6833,11.6833,100.0,0.0,41.67,EUR,2026-09-28
2026-10-04,200403,"VARUS, вул. Соборна 97А",Pavlohrad,0.0,0,0,0,0,641.0,641.0,1,10.6833,10.6833,100.0,,,EUR,2026-09-28
2026-10-04,200389,"VARUS, вул. Срібнокільска 11",Kyiv,78.044874,6,5,0,1,721.0,721.0,1,12.0167,12.0167,100.0,0.0,16.67,EUR,2026-09-28
2026-10-04,4822490,"VARUS, вул. Таращанська 191а",Bila Tserkva,56.294888,4,4,1,0,701.0,701.0,1,11.6833,11.6833,100.0,25.0,0.0,EUR,2026-09-28
2026-10-04,200381,"VARUS, вул. Тютюника 39-А",Kyiv,311.177082,24,24,2,0,701.0,701.0,1,11.6833,11.6833,100.0,8.33,0.0,EUR,2026-09-28
2026-10-04,200366,"VARUS, вул. Яценка 2",Zaporizhia,190.593421,11,10,1,1,701.0,701.0,1,11.6833,11.6833,100.0,10.0,9.09,EUR,2026-09-28
2026-10-04,200352,"VARUS, вул.20річчя Перемоги  43Д",Dnipro,0.0,0,0,0,0,0.0,0.0,1,0.0,0.0,,,,EUR,2026-09-28
2026-10-04,200375,"VARUS, вул.Андрія Малишко,3",Kyiv,474.216873,26,24,1,2,701.0,701.0,1,11.6833,11.6833,100.0,4.17,7.69,EUR,2026-09-28
2026-10-04,200379,"VARUS, вул.Бажана 10-А",Kyiv,12.990187,2,2,0,0,701.0,701.0,1,11.6833,11.6833,100.0,0.0,0.0,EUR,2026-09-28
2026-10-04,200382,"VARUS, вул.Васильківска 34",Kyiv,268.317369,17,17,1,0,701.0,701.0,1,11.6833,11.6833,100.0,5.88,0.0,EUR,2026-09-28
2026-10-04,200386,"VARUS, вул.Вишгородска 45а",Kyiv,284.859214,20,16,4,4,661.0,661.0,1,11.0167,11.0167,100.0,25.0,20.0,EUR,2026-09-28
2026-10-04,200350,"VARUS, вул.Глинки 2",Dnipro,149.596922,10,8,1,2,701.0,701.0,1,11.6833,11.6833,100.0,12.5,20.0,EUR,2026-09-28
2026-10-04,200349,"VARUS, вул.Дніпровская 1",Vyshhorod,65.265939,3,3,0,0,701.0,701.0,1,11.6833,11.6833,100.0,0.0,0.0,EUR,2026-09-28
2026-10-04,200354,"VARUS, вул.Калиновая 9А",Dnipro,275.693082,13,13,3,0,701.0,701.0,1,11.6833,11.6833,100.0,23.08,0.0,EUR,2026-09-28
2026-10-04,200348,"VARUS, вул.Київська 239",Brovary,209.495933,12,12,2,0,701.0,701.0,1,11.6833,11.6833,100.0,16.67,0.0,EUR,2026-09-28
2026-10-04,200353,"VARUS, вул.Коммунарівська буд. 8",Dnipro,94.617487,7,7,0,0,701.0,701.0,1,11.6833,11.6833,100.0,0.0,0.0,EUR,2026-09-28
2026-10-04,200361,"VARUS, вул.Марії Кюрі 5",Dnipro,210.137184,14,14,1,0,701.0,701.0,1,11.6833,11.6833,100.0,7.14,0.0,EUR,2026-09-28
2026-10-04,200370,"VARUS, вул.Незалежної України 57В",Zaporizhia,120.510875,9,9,2,0,701.0,701.0,1,11.6833,11.6833,100.0,22.22,0.0,EUR,2026-09-28
2026-10-04,200404,"VARUS, вул.Нова 2В",Pavlohrad,62.010357,5,5,0,0,641.0,641.0,1,10.6833,10.6833,100.0,0.0,0.0,EUR,2026-09-28
2026-10-04,200363,"VARUS, вул.Робоча 67",Dnipro,178.467576,14,14,0,0,701.0,701.0,1,11.6833,11.6833,100.0,0.0,0.0,EUR,2026-09-28
2026-10-04,200369,"VARUS, вул.Тараса Шевченка 7",Kamianske,13.596331,1,1,0,0,601.0,601.0,1,10.0167,10.0167,100.0,0.0,0.0,EUR,2026-09-28
2026-10-04,200395,"VARUS, вул.Терещенко 1Е",Kryvyi Rih,0.0,0,0,0,0,0.0,0.0,1,0.0,0.0,,,,EUR,2026-09-28
2026-10-04,200402,"VARUS, вул.Французький бульвар 22",Odesa,30.744119,4,3,2,1,701.0,701.0,1,11.6833,11.6833,100.0,66.67,25.0,EUR,2026-09-28
2026-10-04,200396,"VARUS, мкр Сонячний 41а",Kryvyi Rih,2.746684,1,1,0,0,701.0,701.0,1,11.6833,11.6833,100.0,0.0,0.0,EUR,2026-09-28
2026-10-04,200362,"VARUS, пр. Івана Мазепи, 58",Dnipro,14.588294,1,1,0,0,701.0,701.0,1,11.6833,11.6833,100.0,0.0,0.0,EUR,2026-09-28
2026-10-04,200373,"VARUS, пр. Академіка Паладіна 16/39",Kyiv,583.598598,33,31,5,2,701.0,701.0,1,11.6833,11.6833,100.0,16.13,6.06,EUR,2026-09-28
2026-10-04,200368,"VARUS, пр. Героїв 2",Dnipro,464.225853,29,25,4,4,701.0,701.0,1,11.6833,11.6833,100.0,16.0,13.79,EUR,2026-09-28
2026-10-04,200408,"VARUS, пр. Гуляєва полковника ж.м. ""Дружний"" буд. 107/1",Odesa,11.179447,1,1,0,0,701.0,701.0,1,11.6833,11.6833,100.0,0.0,0.0,EUR,2026-09-28
2026-10-04,200399,"VARUS, пр. Добровольського 122/1",Odesa,35.113172,4,3,1,1,701.0,701.0,1,11.6833,11.6833,100.0,33.33,25.0,EUR,2026-09-28
2026-10-04,862701,"VARUS, пр. Коцюбинського, 70",Vinnytsia,328.586613,27,26,3,1,701.0,701.0,1,11.6833,11.6833,100.0,11.54,3.7,EUR,2026-09-28
2026-10-04,200394,"VARUS, пр. Металургів 42А",Kryvyi Rih,232.085208,13,13,1,0,701.0,701.0,1,11.6833,11.6833,100.0,7.69,0.0,EUR,2026-09-28
2026-10-04,200380,"VARUS, пр. Миколи Бажана 38",Kyiv,70.747274,4,4,1,0,701.0,701.0,1,11.6833,11.6833,100.0,25.0,0.0,EUR,2026-09-28
2026-10-04,200359,"VARUS, пр. О. Поля, 104а",Dnipro,0.0,0,0,0,0,0.0,0.0,1,0.0,0.0,,,,EUR,2026-09-28
2026-10-04,198953,"VARUS, пр. Олександра Поля, 104",Dnipro,191.249465,10,10,2,0,701.0,701.0,1,11.6833,11.6833,100.0,20.0,0.0,EUR,2026-09-28
2026-10-04,200357,"VARUS, пр.Науки 8а",Dnipro,149.315055,9,9,0,0,701.0,701.0,1,11.6833,11.6833,100.0,0.0,0.0,EUR,2026-09-28
2026-10-04,200377,"VARUS, пр.Оболонський 47/42",Kyiv,37.665171,6,3,0,3,701.0,701.0,1,11.6833,11.6833,100.0,0.0,50.0,EUR,2026-09-28
2026-10-04,200360,"VARUS, проспект Слобожанський 86",Dnipro,174.792249,9,9,0,0,701.0,701.0,1,11.6833,11.6833,100.0,0.0,0.0,EUR,2026-09-28
2026-10-04,5212564,"VARUS, проспект Соборний, 128",Oleksandriia,112.821935,9,8,1,1,701.0,701.0,1,11.6833,11.6833,100.0,12.5,11.11,EUR,2026-09-28
2026-10-05,200367,"VARUS вул.Петра Сагайдачного, 7",Zaporizhia,215.917424,12,11,0,1,701.0,701.0,1,11.6833,11.6833,100.0,0.0,8.33,EUR,2026-10-05
2026-10-05,200390,"VARUS, 5-й Зарічний, д.19",Kryvyi Rih,33.727265,3,3,0,0,701.0,701.0,1,11.6833,11.6833,100.0,0.0,0.0,EUR,2026-10-05
2026-10-05,200383,"VARUS, Вулиця Героїв полку Азов, 12",Kyiv,88.726245,6,6,1,0,701.0,701.0,1,11.6833,11.6833,100.0,16.67,0.0,EUR,2026-10-05
2026-10-05,200364,"VARUS, Донецьке шосcе 110",Dnipro,0.0,0,0,0,0,701.0,701.0,1,11.6833,11.6833,100.0,,,EUR,2026-10-05
2026-10-05,200356,"VARUS, Донецьке шосcе 9а",Dnipro,0.0,0,0,0,0,701.0,701.0,1,11.6833,11.6833,100.0,,,EUR,2026-10-05
2026-10-05,200400,"VARUS, Люстдорфська дорога 114",Odesa,0.0,0,0,0,0,701.0,701.0,1,11.6833,11.6833,100.0,,,EUR,2026-10-05
2026-10-05,200392,"VARUS, Площа Шахтарської Слави 1",Kryvyi Rih,193.972291,12,12,1,0,701.0,701.0,1,11.6833,11.6833,100.0,8.33,0.0,EUR,2026-10-05
2026-10-05,200374,"VARUS, Проспект Червоної Калини 44A",Kyiv,88.389242,6,6,0,0,701.0,701.0,1,11.6833,11.6833,100.0,0.0,0.0,EUR,2026-10-05
2026-10-05,200365,"VARUS, Північно-Кільцева вулиця, 10а,",Zaporizhia,151.862039,13,11,0,2,701.0,701.0,1,11.6833,11.6833,100.0,0.0,15.38,EUR,2026-10-05
2026-10-05,200385,"VARUS, Харківське Шосе 160",Kyiv,150.670155,8,8,2,0,701.0,701.0,1,11.6833,11.6833,100.0,25.0,0.0,EUR,2026-10-05
2026-10-05,200358,"VARUS, бул. Європейський 1Д",Dnipro,150.226882,10,10,0,0,661.0,661.0,1,11.0167,11.0167,100.0,0.0,0.0,EUR,2026-10-05
2026-10-05,200372,"VARUS, бул.Будівельників 27а",Kamianske,0.0,0,0,0,0,601.0,601.0,1,10.0167,10.0167,100.0,,,EUR,2026-10-05
2026-10-05,200355,"VARUS, вул Березинская 23а",Dnipro,94.151383,8,8,1,0,701.0,701.0,1,11.6833,11.6833,100.0,12.5,0.0,EUR,2026-10-05
2026-10-05,200393,"VARUS, вул. 200 річчя Кривого Рогу",Kryvyi Rih,71.532435,6,6,2,0,701.0,701.0,1,11.6833,11.6833,100.0,33.33,0.0,EUR,2026-10-05
2026-10-05,200397,"VARUS, вул. Івана Авраменко 21В",Kryvyi Rih,72.430655,5,5,0,0,701.0,701.0,1,11.6833,11.6833,100.0,0.0,0.0,EUR,2026-10-05
2026-10-05,200376,"VARUS, вул. Волинська 37",Kyiv,192.621104,9,9,3,0,661.0,661.0,1,11.0167,11.0167,100.0,33.33,0.0,EUR,2026-10-05
2026-10-05,200401,"VARUS, вул. Дача Ковалевського 91",Odesa,0.0,0,0,0,0,671.3,701.0,1,11.1883,11.6833,95.76,,,EUR,2026-10-05
2026-10-05,200378,"VARUS, вул. Деміївська 27",Kyiv,36.128651,6,4,0,2,701.0,701.0,1,11.6833,11.6833,100.0,0.0,33.33,EUR,2026-10-05
2026-10-05,200387,"VARUS, вул. Драгаманова 40г",Kyiv,85.825386,6,6,0,0,701.0,701.0,1,11.6833,11.6833,100.0,0.0,0.0,EUR,2026-10-05
2026-10-05,200391,"VARUS, вул. Жилянська 59",Kyiv,78.277492,10,8,4,2,701.0,701.0,1,11.6833,11.6833,100.0,50.0,20.0,EUR,2026-10-05
2026-10-05,200384,"VARUS, вул. Костянтинівська 2А",Kyiv,126.17739,6,6,1,0,701.0,701.0,1,11.6833,11.6833,100.0,16.67,0.0,EUR,2026-10-05
2026-10-05,200388,"VARUS, вул. Лесі Українки 30",Kyiv,78.021818,8,6,0,2,601.0,601.0,1,10.0167,10.0167,100.0,0.0,25.0,EUR,2026-10-05
2026-10-05,200398,"VARUS, вул. Недєліна 43",Kryvyi Rih,0.0,0,0,0,0,0.0,0.0,1,0.0,0.0,,,,EUR,2026-10-05
2026-10-05,200371,"VARUS, вул. Ольги Кобилянської 1В/23",Irpin,182.46483,14,14,3,0,701.0,701.0,1,11.6833,11.6833,100.0,21.43,0.0,EUR,2026-10-05
2026-10-05,200351,"VARUS, вул. Паникахи 15",Dnipro,73.919771,9,6,0,3,701.0,701.0,1,11.6833,11.6833,100.0,0.0,33.33,EUR,2026-10-05
2026-10-05,200403,"VARUS, вул. Соборна 97А",Pavlohrad,48.269557,4,4,0,0,641.0,641.0,1,10.6833,10.6833,100.0,0.0,0.0,EUR,2026-10-05
2026-10-05,200389,"VARUS, вул. Срібнокільска 11",Kyiv,95.587662,9,7,0,2,721.0,721.0,1,12.0167,12.0167,100.0,0.0,22.22,EUR,2026-10-05
2026-10-05,4822490,"VARUS, вул. Таращанська 191а",Bila Tserkva,87.613315,5,5,1,0,701.0,701.0,1,11.6833,11.6833,100.0,20.0,0.0,EUR,2026-10-05
2026-10-05,200381,"VARUS, вул. Тютюника 39-А",Kyiv,269.909152,21,16,3,5,701.0,701.0,1,11.6833,11.6833,100.0,18.75,23.81,EUR,2026-10-05
2026-10-05,200366,"VARUS, вул. Яценка 2",Zaporizhia,35.953322,6,4,1,2,701.0,701.0,1,11.6833,11.6833,100.0,25.0,33.33,EUR,2026-10-05
2026-10-05,200352,"VARUS, вул.20річчя Перемоги  43Д",Dnipro,0.0,0,0,0,0,0.0,0.0,1,0.0,0.0,,,,EUR,2026-10-05
2026-10-05,200375,"VARUS, вул.Андрія Малишко,3",Kyiv,368.412513,18,18,0,0,701.0,701.0,1,11.6833,11.6833,100.0,0.0,0.0,EUR,2026-10-05
2026-10-05,200379,"VARUS, вул.Бажана 10-А",Kyiv,42.849963,2,2,1,0,701.0,701.0,1,11.6833,11.6833,100.0,50.0,0.0,EUR,2026-10-05
2026-10-05,200382,"VARUS, вул.Васильківска 34",Kyiv,257.921408,19,17,3,2,701.0,701.0,1,11.6833,11.6833,100.0,17.65,10.53,EUR,2026-10-05
2026-10-05,200386,"VARUS, вул.Вишгородска 45а",Kyiv,208.138199,12,12,1,0,661.0,661.0,1,11.0167,11.0167,100.0,8.33,0.0,EUR,2026-10-05
2026-10-05,200350,"VARUS, вул.Глинки 2",Dnipro,123.252589,7,5,0,2,701.0,701.0,1,11.6833,11.6833,100.0,0.0,28.57,EUR,2026-10-05
2026-10-05,200349,"VARUS, вул.Дніпровская 1",Vyshhorod,53.76435,3,3,0,0,701.0,701.0,1,11.6833,11.6833,100.0,0.0,0.0,EUR,2026-10-05
2026-10-05,200354,"VARUS, вул.Калиновая 9А",Dnipro,214.442358,14,13,3,1,701.0,701.0,1,11.6833,11.6833,100.0,23.08,7.14,EUR,2026-10-05
2026-10-05,200348,"VARUS, вул.Київська 239",Brovary,148.736773,8,8,0,0,701.0,701.0,1,11.6833,11.6833,100.0,0.0,0.0,EUR,2026-10-05
2026-10-05,200353,"VARUS, вул.Коммунарівська буд. 8",Dnipro,107.552049,9,9,1,0,701.0,701.0,1,11.6833,11.6833,100.0,11.11,0.0,EUR,2026-10-05
2026-10-05,200361,"VARUS, вул.Марії Кюрі 5",Dnipro,250.395478,17,15,1,2,701.0,701.0,1,11.6833,11.6833,100.0,6.67,11.76,EUR,2026-10-05
2026-10-05,200370,"VARUS, вул.Незалежної України 57В",Zaporizhia,251.076414,20,20,1,0,701.0,701.0,1,11.6833,11.6833,100.0,5.0,0.0,EUR,2026-10-05
2026-10-05,200404,"VARUS, вул.Нова 2В",Pavlohrad,3.67243,1,1,1,0,641.0,641.0,1,10.6833,10.6833,100.0,100.0,0.0,EUR,2026-10-05
2026-10-05,200363,"VARUS, вул.Робоча 67",Dnipro,354.450432,23,21,3,2,701.0,701.0,1,11.6833,11.6833,100.0,14.29,8.7,EUR,2026-10-05
2026-10-05,200369,"VARUS, вул.Тараса Шевченка 7",Kamianske,20.389327,2,1,0,1,601.0,601.0,1,10.0167,10.0167,100.0,0.0,50.0,EUR,2026-10-05
2026-10-05,200395,"VARUS, вул.Терещенко 1Е",Kryvyi Rih,0.0,0,0,0,0,0.0,0.0,1,0.0,0.0,,,,EUR,2026-10-05
2026-10-05,200402,"VARUS, вул.Французький бульвар 22",Odesa,23.110306,2,2,0,0,701.0,701.0,1,11.6833,11.6833,100.0,0.0,0.0,EUR,2026-10-05
2026-10-05,200396,"VARUS, мкр Сонячний 41а",Kryvyi Rih,56.0379,3,3,0,0,701.0,701.0,1,11.6833,11.6833,100.0,0.0,0.0,EUR,2026-10-05
2026-10-05,200362,"VARUS, пр. Івана Мазепи, 58",Dnipro,37.099497,2,2,1,0,701.0,701.0,1,11.6833,11.6833,100.0,50.0,0.0,EUR,2026-10-05
2026-10-05,200373,"VARUS, пр. Академіка Паладіна 16/39",Kyiv,414.931539,20,19,8,1,701.0,701.0,1,11.6833,11.6833,100.0,42.11,5.0,EUR,2026-10-05
2026-10-05,200368,"VARUS, пр. Героїв 2",Dnipro,303.532327,24,21,2,3,701.0,701.0,1,11.6833,11.6833,100.0,9.52,12.5,EUR,2026-10-05
2026-10-05,200408,"VARUS, пр. Гуляєва полковника ж.м. ""Дружний"" буд. 107/1",Odesa,195.611998,7,7,0,0,701.0,701.0,1,11.6833,11.6833,100.0,0.0,0.0,EUR,2026-10-05
2026-10-05,200399,"VARUS, пр. Добровольського 122/1",Odesa,16.505156,1,1,0,0,701.0,701.0,1,11.6833,11.6833,100.0,0.0,0.0,EUR,2026-10-05
2026-10-05,862701,"VARUS, пр. Коцюбинського, 70",Vinnytsia,422.272242,32,28,4,4,701.0,701.0,1,11.6833,11.6833,100.0,14.29,12.5,EUR,2026-10-05
2026-10-05,200394,"VARUS, пр. Металургів 42А",Kryvyi Rih,67.350045,5,5,1,0,701.0,701.0,1,11.6833,11.6833,100.0,20.0,0.0,EUR,2026-10-05
2026-10-05,200380,"VARUS, пр. Миколи Бажана 38",Kyiv,17.077848,1,1,0,0,701.0,701.0,1,11.6833,11.6833,100.0,0.0,0.0,EUR,2026-10-05
2026-10-05,200359,"VARUS, пр. О. Поля, 104а",Dnipro,0.0,0,0,0,0,0.0,0.0,1,0.0,0.0,,,,EUR,2026-10-05
2026-10-05,198953,"VARUS, пр. Олександра Поля, 104",Dnipro,161.535858,13,9,2,4,701.0,701.0,1,11.6833,11.6833,100.0,22.22,30.77,EUR,2026-10-05
2026-10-05,200357,"VARUS, пр.Науки 8а",Dnipro,161.664882,14,12,0,2,701.0,701.0,1,11.6833,11.6833,100.0,0.0,14.29,EUR,2026-10-05
2026-10-05,200377,"VARUS, пр.Оболонський 47/42",Kyiv,88.403685,7,5,3,2,701.0,701.0,1,11.6833,11.6833,100.0,60.0,28.57,EUR,2026-10-05
2026-10-05,200360,"VARUS, проспект Слобожанський 86",Dnipro,98.606266,7,6,0,1,701.0,701.0,1,11.6833,11.6833,100.0,0.0,14.29,EUR,2026-10-05
2026-10-05,5212564,"VARUS, проспект Соборний, 128",Oleksandriia,94.479286,6,6,0,0,701.0,701.0,1,11.6833,11.6833,100.0,0.0,0.0,EUR,2026-10-05
2026-10-06,200367,"VARUS вул.Петра Сагайдачного, 7",Zaporizhia,53.375393,4,4,2,0,701.0166666666667,701.0166666666667,1,11.6836,11.6836,100.0,50.0,0.0,EUR,2026-10-05
2026-10-06,200390,"VARUS, 5-й Зарічний, д.19",Kryvyi Rih,82.84056,4,4,0,0,701.0166666666667,701.0166666666667,1,11.6836,11.6836,100.0,0.0,0.0,EUR,2026-10-05
2026-10-06,200383,"VARUS, Вулиця Героїв полку Азов, 12",Kyiv,75.519481,7,6,2,1,701.0166666666667,701.0166666666667,1,11.6836,11.6836,100.0,33.33,14.29,EUR,2026-10-05
2026-10-06,200364,"VARUS, Донецьке шосcе 110",Dnipro,56.263098,2,2,0,0,701.0166666666667,701.0166666666667,1,11.6836,11.6836,100.0,0.0,0.0,EUR,2026-10-05
2026-10-06,200356,"VARUS, Донецьке шосcе 9а",Dnipro,5.463622,1,1,0,0,701.0166666666667,701.0166666666667,1,11.6836,11.6836,100.0,0.0,0.0,EUR,2026-10-05
2026-10-06,200400,"VARUS, Люстдорфська дорога 114",Odesa,0.0,0,0,0,0,701.0166666666667,701.0166666666667,1,11.6836,11.6836,100.0,,,EUR,2026-10-05
2026-10-06,200392,"VARUS, Площа Шахтарської Слави 1",Kryvyi Rih,223.685003,17,17,1,0,701.0166666666667,701.0166666666667,1,11.6836,11.6836,100.0,5.88,0.0,EUR,2026-10-05
2026-10-06,200374,"VARUS, Проспект Червоної Калини 44A",Kyiv,112.148842,7,7,0,0,701.0166666666667,701.0166666666667,1,11.6836,11.6836,100.0,0.0,0.0,EUR,2026-10-05
2026-10-06,200365,"VARUS, Північно-Кільцева вулиця, 10а,",Zaporizhia,39.503595,15,4,0,11,701.0166666666667,701.0166666666667,1,11.6836,11.6836,100.0,0.0,73.33,EUR,2026-10-05
2026-10-06,200385,"VARUS, Харківське Шосе 160",Kyiv,154.754467,9,8,0,1,701.0166666666667,701.0166666666667,1,11.6836,11.6836,100.0,0.0,11.11,EUR,2026-10-05
2026-10-06,200358,"VARUS, бул. Європейський 1Д",Dnipro,112.927719,10,9,1,1,661.0166666666667,661.0166666666667,1,11.0169,11.0169,100.0,11.11,10.0,EUR,2026-10-05
2026-10-06,200372,"VARUS, бул.Будівельників 27а",Kamianske,0.0,0,0,0,0,601.0166666666667,601.0166666666667,1,10.0169,10.0169,100.0,,,EUR,2026-10-05
2026-10-06,200355,"VARUS, вул Березинская 23а",Dnipro,62.678526,6,6,2,0,701.0166666666667,701.0166666666667,1,11.6836,11.6836,100.0,33.33,0.0,EUR,2026-10-05
2026-10-06,200393,"VARUS, вул. 200 річчя Кривого Рогу",Kryvyi Rih,95.748073,7,6,1,1,701.0166666666667,701.0166666666667,1,11.6836,11.6836,100.0,16.67,14.29,EUR,2026-10-05
2026-10-06,200397,"VARUS, вул. Івана Авраменко 21В",Kryvyi Rih,87.319097,9,9,2,0,701.0166666666667,701.0166666666667,1,11.6836,11.6836,100.0,22.22,0.0,EUR,2026-10-05
2026-10-06,200376,"VARUS, вул. Волинська 37",Kyiv,92.283939,10,7,0,3,661.0166666666667,661.0166666666667,1,11.0169,11.0169,100.0,0.0,30.0,EUR,2026-10-05
2026-10-06,200401,"VARUS, вул. Дача Ковалевського 91",Odesa,0.0,0,0,0,0,701.0166666666667,701.0166666666667,1,11.6836,11.6836,100.0,,,EUR,2026-10-05
2026-10-06,200378,"VARUS, вул. Деміївська 27",Kyiv,78.544659,5,5,0,0,701.0166666666667,701.0166666666667,1,11.6836,11.6836,100.0,0.0,0.0,EUR,2026-10-05
2026-10-06,200387,"VARUS, вул. Драгаманова 40г",Kyiv,37.676247,3,3,0,0,701.0166666666667,701.0166666666667,1,11.6836,11.6836,100.0,0.0,0.0,EUR,2026-10-05
2026-10-06,200391,"VARUS, вул. Жилянська 59",Kyiv,106.871026,10,8,1,2,701.0166666666667,701.0166666666667,1,11.6836,11.6836,100.0,12.5,20.0,EUR,2026-10-05
2026-10-06,200384,"VARUS, вул. Костянтинівська 2А",Kyiv,114.831725,10,10,3,0,701.0166666666667,701.0166666666667,1,11.6836,11.6836,100.0,30.0,0.0,EUR,2026-10-05
2026-10-06,200388,"VARUS, вул. Лесі Українки 30",Kyiv,0.0,6,0,0,6,601.0166666666667,601.0166666666667,1,10.0169,10.0169,100.0,,100.0,EUR,2026-10-05
2026-10-06,200398,"VARUS, вул. Недєліна 43",Kryvyi Rih,0.0,0,0,0,0,0.0,0.0,1,0.0,0.0,,,,EUR,2026-10-05
2026-10-06,200371,"VARUS, вул. Ольги Кобилянської 1В/23",Irpin,82.773409,7,7,0,0,701.0166666666667,701.0166666666667,1,11.6836,11.6836,100.0,0.0,0.0,EUR,2026-10-05
2026-10-06,200351,"VARUS, вул. Паникахи 15",Dnipro,93.77018,8,7,1,1,701.0166666666667,701.0166666666667,1,11.6836,11.6836,100.0,14.29,12.5,EUR,2026-10-05
2026-10-06,200403,"VARUS, вул. Соборна 97А",Pavlohrad,87.601966,3,3,0,0,641.0166666666667,641.0166666666667,1,10.6836,10.6836,100.0,0.0,0.0,EUR,2026-10-05
2026-10-06,200389,"VARUS, вул. Срібнокільска 11",Kyiv,123.138086,7,6,3,1,721.0166666666667,721.0166666666667,1,12.0169,12.0169,100.0,50.0,14.29,EUR,2026-10-05
2026-10-06,4822490,"VARUS, вул. Таращанська 191а",Bila Tserkva,46.09215,4,4,1,0,701.0166666666667,701.0166666666667,1,11.6836,11.6836,100.0,25.0,0.0,EUR,2026-10-05
2026-10-06,200381,"VARUS, вул. Тютюника 39-А",Kyiv,174.094053,15,12,1,3,701.0166666666667,701.0166666666667,1,11.6836,11.6836,100.0,8.33,20.0,EUR,2026-10-05
2026-10-06,200366,"VARUS, вул. Яценка 2",Zaporizhia,181.532992,12,12,1,0,701.0166666666667,701.0166666666667,1,11.6836,11.6836,100.0,8.33,0.0,EUR,2026-10-05
2026-10-06,200352,"VARUS, вул.20річчя Перемоги  43Д",Dnipro,0.0,0,0,0,0,0.0,0.0,1,0.0,0.0,,,,EUR,2026-10-05
2026-10-06,200375,"VARUS, вул.Андрія Малишко,3",Kyiv,329.766063,18,17,2,1,701.0166666666667,701.0166666666667,1,11.6836,11.6836,100.0,11.76,5.56,EUR,2026-10-05
2026-10-06,200379,"VARUS, вул.Бажана 10-А",Kyiv,62.339203,5,5,0,0,701.0166666666667,701.0166666666667,1,11.6836,11.6836,100.0,0.0,0.0,EUR,2026-10-05
2026-10-06,200382,"VARUS, вул.Васильківска 34",Kyiv,221.533788,13,13,2,0,701.0166666666667,701.0166666666667,1,11.6836,11.6836,100.0,15.38,0.0,EUR,2026-10-05
2026-10-06,200386,"VARUS, вул.Вишгородска 45а",Kyiv,160.837508,11,10,2,1,661.0166666666667,661.0166666666667,1,11.0169,11.0169,100.0,20.0,9.09,EUR,2026-10-05
2026-10-06,200350,"VARUS, вул.Глинки 2",Dnipro,52.366936,5,3,0,2,701.0166666666667,701.0166666666667,1,11.6836,11.6836,100.0,0.0,40.0,EUR,2026-10-05
2026-10-06,200349,"VARUS, вул.Дніпровская 1",Vyshhorod,1.861221,1,1,0,0,701.0166666666667,701.0166666666667,1,11.6836,11.6836,100.0,0.0,0.0,EUR,2026-10-05
2026-10-06,200354,"VARUS, вул.Калиновая 9А",Dnipro,298.180178,17,15,1,2,701.0166666666667,701.0166666666667,1,11.6836,11.6836,100.0,6.67,11.76,EUR,2026-10-05
2026-10-06,200348,"VARUS, вул.Київська 239",Brovary,221.910344,16,16,2,0,701.0166666666667,701.0166666666667,1,11.6836,11.6836,100.0,12.5,0.0,EUR,2026-10-05
2026-10-06,200353,"VARUS, вул.Коммунарівська буд. 8",Dnipro,62.32197,4,4,0,0,701.0166666666667,701.0166666666667,1,11.6836,11.6836,100.0,0.0,0.0,EUR,2026-10-05
2026-10-06,200361,"VARUS, вул.Марії Кюрі 5",Dnipro,320.625951,23,16,2,7,701.0166666666667,701.0166666666667,1,11.6836,11.6836,100.0,12.5,30.43,EUR,2026-10-05
2026-10-06,200370,"VARUS, вул.Незалежної України 57В",Zaporizhia,291.165143,14,14,2,0,701.0166666666667,701.0166666666667,1,11.6836,11.6836,100.0,14.29,0.0,EUR,2026-10-05
2026-10-06,200404,"VARUS, вул.Нова 2В",Pavlohrad,33.354001,4,4,1,0,641.0166666666667,641.0166666666667,1,10.6836,10.6836,100.0,25.0,0.0,EUR,2026-10-05
2026-10-06,200363,"VARUS, вул.Робоча 67",Dnipro,221.662736,12,12,3,0,701.0166666666667,701.0166666666667,1,11.6836,11.6836,100.0,25.0,0.0,EUR,2026-10-05
2026-10-06,200369,"VARUS, вул.Тараса Шевченка 7",Kamianske,10.455401,1,1,0,0,601.0166666666667,601.0166666666667,1,10.0169,10.0169,100.0,0.0,0.0,EUR,2026-10-05
2026-10-06,200395,"VARUS, вул.Терещенко 1Е",Kryvyi Rih,0.0,0,0,0,0,0.0,0.0,1,0.0,0.0,,,,EUR,2026-10-05
2026-10-06,200402,"VARUS, вул.Французький бульвар 22",Odesa,0.0,1,0,0,1,701.0166666666667,701.0166666666667,1,11.6836,11.6836,100.0,,100.0,EUR,2026-10-05
2026-10-06,200396,"VARUS, мкр Сонячний 41а",Kryvyi Rih,13.94925,1,1,0,0,701.0166666666667,701.0166666666667,1,11.6836,11.6836,100.0,0.0,0.0,EUR,2026-10-05
2026-10-06,200362,"VARUS, пр. Івана Мазепи, 58",Dnipro,71.220212,4,4,1,0,701.0166666666667,701.0166666666667,1,11.6836,11.6836,100.0,25.0,0.0,EUR,2026-10-05
2026-10-06,200373,"VARUS, пр. Академіка Паладіна 16/39",Kyiv,256.649366,17,16,1,1,701.0166666666667,701.0166666666667,1,11.6836,11.6836,100.0,6.25,5.88,EUR,2026-10-05
2026-10-06,200368,"VARUS, пр. Героїв 2",Dnipro,214.408612,18,17,6,1,701.0166666666667,701.0166666666667,1,11.6836,11.6836,100.0,35.29,5.56,EUR,2026-10-05
2026-10-06,200408,"VARUS, пр. Гуляєва полковника ж.м. ""Дружний"" буд. 107/1",Odesa,187.966643,8,7,0,1,701.0166666666667,701.0166666666667,1,11.6836,11.6836,100.0,0.0,12.5,EUR,2026-10-05
2026-10-06,200399,"VARUS, пр. Добровольського 122/1",Odesa,72.984966,4,4,1,0,701.0166666666667,701.0166666666667,1,11.6836,11.6836,100.0,25.0,0.0,EUR,2026-10-05
2026-10-06,862701,"VARUS, пр. Коцюбинського, 70",Vinnytsia,424.058595,31,30,3,1,692.2,701.0166666666667,1,11.5367,11.6836,98.74,10.0,3.23,EUR,2026-10-05
2026-10-06,200394,"VARUS, пр. Металургів 42А",Kryvyi Rih,108.838421,7,7,0,0,701.0166666666667,701.0166666666667,1,11.6836,11.6836,100.0,0.0,0.0,EUR,2026-10-05
2026-10-06,200380,"VARUS, пр. Миколи Бажана 38",Kyiv,35.90278,2,2,0,0,701.0166666666667,701.0166666666667,1,11.6836,11.6836,100.0,0.0,0.0,EUR,2026-10-05
2026-10-06,200359,"VARUS, пр. О. Поля, 104а",Dnipro,0.0,0,0,0,0,0.0,0.0,1,0.0,0.0,,,,EUR,2026-10-05
2026-10-06,198953,"VARUS, пр. Олександра Поля, 104",Dnipro,233.517818,13,12,2,1,701.0166666666667,701.0166666666667,1,11.6836,11.6836,100.0,16.67,7.69,EUR,2026-10-05
2026-10-06,200357,"VARUS, пр.Науки 8а",Dnipro,172.361784,12,10,0,2,701.0166666666667,701.0166666666667,1,11.6836,11.6836,100.0,0.0,16.67,EUR,2026-10-05
2026-10-06,200377,"VARUS, пр.Оболонський 47/42",Kyiv,69.90254,3,3,0,0,701.0166666666667,701.0166666666667,1,11.6836,11.6836,100.0,0.0,0.0,EUR,2026-10-05
2026-10-06,200360,"VARUS, проспект Слобожанський 86",Dnipro,173.08183,13,13,0,0,701.0166666666667,701.0166666666667,1,11.6836,11.6836,100.0,0.0,0.0,EUR,2026-10-05
2026-10-06,5212564,"VARUS, проспект Соборний, 128",Oleksandriia,204.289366,14,13,1,1,701.0166666666667,701.0166666666667,1,11.6836,11.6836,100.0,7.69,7.14,EUR,2026-10-05
