store_id,store_name,city,week,gmv,placed,orders,bad_orders,failed_orders,active_time,working_time,availability_observations,online_hours,scheduled_hours,availability_pct,bad_order_rate_pct,failed_order_rate_pct,currency,elapsed_days,gmv_weekly_rr,orders_weekly_rr,complete_week
198953,"VARUS, пр. Олександра Поля, 104",Dnipro,2026-06-29,238.94366899999997,22.0,22.0,3.0,0.0,3505.366666666667,3505.366666666667,5,58.42277777777778,58.42277777777778,100.0,13.636363636363635,0.0,EUR,7,238.94366899999997,22.0,True
198953,"VARUS, пр. Олександра Поля, 104",Dnipro,2026-07-06,400.274935,34.0,31.0,1.0,3.0,4907.016666666666,4907.016666666666,7,81.78361111111111,81.78361111111111,100.0,3.225806451612903,8.823529411764707,EUR,7,400.274935,31.0,True
198953,"VARUS, пр. Олександра Поля, 104",Dnipro,2026-07-13,708.969734,49.0,46.0,5.0,3.0,4906.866666666667,4906.866666666667,7,81.78111111111112,81.78111111111112,100.0,10.869565217391305,6.122448979591836,EUR,7,708.969734,46.0,True
198953,"VARUS, пр. Олександра Поля, 104",Dnipro,2026-07-20,657.521292,60.0,53.0,6.0,7.0,4906.9,4906.9,7,81.78166666666667,81.78166666666667,100.0,11.320754716981133,11.666666666666666,EUR,7,657.521292,53.0,True
198953,"VARUS, пр. Олександра Поля, 104",Dnipro,2026-07-27,891.89576,48.0,48.0,3.0,0.0,4907.716666666667,4907.716666666667,7,81.79527777777778,81.79527777777778,100.0,6.25,0.0,EUR,7,891.89576,48.0,True
198953,"VARUS, пр. Олександра Поля, 104",Dnipro,2026-08-03,1124.1534849999998,68.0,66.0,5.0,2.0,4907.166666666667,4907.166666666667,7,81.78611111111111,81.78611111111111,100.0,7.575757575757576,2.941176470588235,EUR,7,1124.1534849999998,66.0,True
198953,"VARUS, пр. Олександра Поля, 104",Dnipro,2026-08-10,1287.4013799999998,87.0,83.0,11.0,4.0,4906.45,4906.45,7,81.77416666666666,81.77416666666666,100.0,13.253012048192772,4.597701149425287,EUR,7,1287.4013799999998,83.0,True
198953,"VARUS, пр. Олександра Поля, 104",Dnipro,2026-08-17,1565.046677,107.0,104.0,19.0,3.0,4906.35,4906.35,7,81.77250000000001,81.77250000000001,100.0,18.269230769230766,2.803738317757009,EUR,7,1565.046677,104.0,True
198953,"VARUS, пр. Олександра Поля, 104",Dnipro,2026-08-24,1222.932926,80.0,73.0,15.0,7.0,3055.3,4907.216666666667,7,50.92166666666667,81.78694444444446,62.261363366198765,20.54794520547945,8.75,EUR,7,1222.932926,73.0,True
198953,"VARUS, пр. Олександра Поля, 104",Dnipro,2026-08-31,1461.239328,125.0,77.0,27.0,48.0,2787.016666666667,4907.7,7,46.45027777777778,81.795,56.788651846418226,35.064935064935064,38.4,EUR,7,1461.239328,77.0,True
198953,"VARUS, пр. Олександра Поля, 104",Dnipro,2026-09-07,537.600232,40.0,32.0,11.0,8.0,2670.366666666667,4906.5,7,44.50611111111111,81.775,54.425082373721935,34.375,20.0,EUR,7,537.600232,32.0,True
198953,"VARUS, пр. Олександра Поля, 104",Dnipro,2026-09-14,400.89249,33.0,26.0,2.0,7.0,2904.2333658854163,4907.133333333333,7,48.40388943142361,81.78555555555555,59.18390980243896,7.6923076923076925,21.21212121212121,EUR,7,400.89249,26.0,True
198953,"VARUS, пр. Олександра Поля, 104",Dnipro,2026-09-21,510.706315,40.0,34.0,10.0,6.0,4906.966666666666,4906.966666666666,7,81.78277777777777,81.78277777777777,100.0,29.411764705882355,15.0,EUR,7,510.706315,34.0,True
198953,"VARUS, пр. Олександра Поля, 104",Dnipro,2026-09-28,1009.347822,64.0,58.0,14.0,6.0,4906.95,4906.95,7,81.7825,81.7825,100.0,24.137931034482758,9.375,EUR,7,1009.347822,58.0,True
198953,"VARUS, пр. Олександра Поля, 104",Dnipro,2026-10-05,395.053676,26.0,21.0,4.0,5.0,701.0,701.0,2,11.683333333333334,11.683333333333334,100.0,19.047619047619047,19.230769230769234,EUR,7,395.053676,21.0,True
200348,"VARUS, вул.Київська 239",Brovary,2026-06-29,475.96276600000004,37.0,37.0,0.0,0.0,3505.366666666667,3505.366666666667,5,58.42277777777778,58.42277777777778,100.0,0.0,0.0,EUR,7,475.96276600000004,37.0,True
200348,"VARUS, вул.Київська 239",Brovary,2026-07-06,890.930623,56.0,56.0,4.0,0.0,4907.016666666666,4907.016666666666,7,81.78361111111111,81.78361111111111,100.0,7.142857142857142,0.0,EUR,7,890.930623,56.0,True
200348,"VARUS, вул.Київська 239",Brovary,2026-07-13,748.118951,58.0,58.0,3.0,0.0,4906.866666666667,4906.866666666667,7,81.78111111111112,81.78111111111112,100.0,5.172413793103448,0.0,EUR,7,748.118951,58.0,True
200348,"VARUS, вул.Київська 239",Brovary,2026-07-20,564.5809760000001,53.0,53.0,2.0,0.0,4906.9,4906.9,7,81.78166666666667,81.78166666666667,100.0,3.7735849056603774,0.0,EUR,7,564.5809760000001,53.0,True
200348,"VARUS, вул.Київська 239",Brovary,2026-07-27,726.1273150000001,58.0,58.0,2.0,0.0,4907.716666666667,4907.716666666667,7,81.79527777777778,81.79527777777778,100.0,3.4482758620689653,0.0,EUR,7,726.1273150000001,58.0,True
200348,"VARUS, вул.Київська 239",Brovary,2026-08-03,1039.096004,78.0,78.0,5.0,0.0,4907.166666666667,4907.166666666667,7,81.78611111111111,81.78611111111111,100.0,6.41025641025641,0.0,EUR,7,1039.096004,78.0,True
200348,"VARUS, вул.Київська 239",Brovary,2026-08-10,1791.983554,136.0,132.0,15.0,4.0,4906.45,4906.45,7,81.77416666666666,81.77416666666666,100.0,11.363636363636363,2.941176470588235,EUR,7,1791.983554,132.0,True
200348,"VARUS, вул.Київська 239",Brovary,2026-08-17,1220.87934,97.0,95.0,4.0,2.0,4906.35,4906.35,7,81.77250000000001,81.77250000000001,100.0,4.2105263157894735,2.0618556701030926,EUR,7,1220.87934,95.0,True
200348,"VARUS, вул.Київська 239",Brovary,2026-08-24,519.780516,52.0,39.0,2.0,13.0,2603.8833333333337,4907.216666666667,7,43.39805555555556,81.78694444444446,53.06232657344795,5.128205128205128,25.0,EUR,7,519.780516,39.0,True
200348,"VARUS, вул.Київська 239",Brovary,2026-08-31,1149.337645,92.0,89.0,7.0,3.0,3956.0333333333333,4907.7,7,65.93388888888889,81.795,80.60870333014107,7.865168539325842,3.260869565217391,EUR,7,1149.337645,89.0,True
200348,"VARUS, вул.Київська 239",Brovary,2026-09-07,1210.4327420000002,100.0,95.0,9.0,5.0,4906.5,4906.5,7,81.775,81.775,100.0,9.473684210526317,5.0,EUR,7,1210.4327420000002,95.0,True
200348,"VARUS, вул.Київська 239",Brovary,2026-09-14,1080.6437799999999,85.0,84.0,1.0,1.0,4907.133333333333,4907.133333333333,7,81.78555555555555,81.78555555555555,100.0,1.1904761904761905,1.1764705882352942,EUR,7,1080.6437799999999,84.0,True
200348,"VARUS, вул.Київська 239",Brovary,2026-09-21,773.715511,72.0,67.0,5.0,5.0,4906.966666666666,4906.966666666666,7,81.78277777777777,81.78277777777777,100.0,7.462686567164178,6.944444444444445,EUR,7,773.715511,67.0,True
200348,"VARUS, вул.Київська 239",Brovary,2026-09-28,931.807702,61.0,61.0,6.0,0.0,4906.95,4906.95,7,81.7825,81.7825,100.0,9.836065573770492,0.0,EUR,7,931.807702,61.0,True
200348,"VARUS, вул.Київська 239",Brovary,2026-10-05,370.647117,24.0,24.0,2.0,0.0,701.0,701.0,2,11.683333333333334,11.683333333333334,100.0,8.333333333333332,0.0,EUR,7,370.647117,24.0,True
200349,"VARUS, вул.Дніпровская 1",Vyshhorod,2026-06-29,11.736785000000001,2.0,2.0,0.0,0.0,3505.366666666667,3505.366666666667,5,58.42277777777778,58.42277777777778,100.0,0.0,0.0,EUR,7,11.736785000000001,2.0,True
200349,"VARUS, вул.Дніпровская 1",Vyshhorod,2026-07-06,97.11950800000001,7.0,6.0,0.0,1.0,2997.133333333333,4907.016666666666,7,49.95222222222222,81.78361111111111,61.07852361074787,0.0,14.285714285714285,EUR,7,97.11950800000001,6.0,True
200349,"VARUS, вул.Дніпровская 1",Vyshhorod,2026-07-13,80.587244,6.0,5.0,1.0,1.0,4906.866666666667,4906.866666666667,7,81.78111111111112,81.78111111111112,100.0,20.0,16.666666666666664,EUR,7,80.587244,5.0,True
200349,"VARUS, вул.Дніпровская 1",Vyshhorod,2026-07-20,73.93322500000001,8.0,8.0,2.0,0.0,4904.9,4904.9,7,81.74833333333332,81.74833333333332,100.0,25.0,0.0,EUR,7,73.93322500000001,8.0,True
200349,"VARUS, вул.Дніпровская 1",Vyshhorod,2026-07-27,149.435533,8.0,8.0,0.0,0.0,4906.716666666667,4906.716666666667,7,81.77861111111112,81.77861111111112,100.0,0.0,0.0,EUR,7,149.435533,8.0,True
200349,"VARUS, вул.Дніпровская 1",Vyshhorod,2026-08-03,426.611276,27.0,27.0,0.0,0.0,4905.166666666667,4905.166666666667,7,81.75277777777778,81.75277777777778,100.0,0.0,0.0,EUR,7,426.611276,27.0,True
200349,"VARUS, вул.Дніпровская 1",Vyshhorod,2026-08-10,561.3018460000001,39.0,36.0,0.0,3.0,4906.45,4906.45,7,81.77416666666666,81.77416666666666,100.0,0.0,7.6923076923076925,EUR,7,561.3018460000001,36.0,True
200349,"VARUS, вул.Дніпровская 1",Vyshhorod,2026-08-17,395.420636,26.0,26.0,3.0,0.0,4905.35,4905.35,7,81.75583333333334,81.75583333333334,100.0,11.538461538461538,0.0,EUR,7,395.420636,26.0,True
200349,"VARUS, вул.Дніпровская 1",Vyshhorod,2026-08-24,219.046729,20.0,20.0,5.0,0.0,4907.216666666667,4907.216666666667,7,81.78694444444446,81.78694444444446,100.0,25.0,0.0,EUR,7,219.046729,20.0,True
200349,"VARUS, вул.Дніпровская 1",Vyshhorod,2026-08-31,788.617608,40.0,39.0,5.0,1.0,4907.7,4907.7,7,81.795,81.795,100.0,12.82051282051282,2.5,EUR,7,788.617608,39.0,True
200349,"VARUS, вул.Дніпровская 1",Vyshhorod,2026-09-07,583.9887689999999,43.0,43.0,7.0,0.0,4906.5,4906.5,7,81.775,81.775,100.0,16.27906976744186,0.0,EUR,7,583.9887689999999,43.0,True
200349,"VARUS, вул.Дніпровская 1",Vyshhorod,2026-09-14,276.14540900000003,22.0,22.0,4.0,0.0,4907.133333333333,4907.133333333333,7,81.78555555555555,81.78555555555555,100.0,18.181818181818183,0.0,EUR,7,276.14540900000003,22.0,True
200349,"VARUS, вул.Дніпровская 1",Vyshhorod,2026-09-21,447.84597700000006,38.0,35.0,2.0,3.0,4906.966666666666,4906.966666666666,7,81.78277777777777,81.78277777777777,100.0,5.714285714285714,7.894736842105263,EUR,7,447.84597700000006,35.0,True
200349,"VARUS, вул.Дніпровская 1",Vyshhorod,2026-09-28,410.068041,30.0,27.0,2.0,3.0,4906.95,4906.95,7,81.7825,81.7825,100.0,7.4074074074074066,10.0,EUR,7,410.068041,27.0,True
200349,"VARUS, вул.Дніпровская 1",Vyshhorod,2026-10-05,55.625571,4.0,4.0,0.0,0.0,701.0,701.0,2,11.683333333333334,11.683333333333334,100.0,0.0,0.0,EUR,7,55.625571,4.0,True
200350,"VARUS, вул.Глинки 2",Dnipro,2026-06-29,525.011614,40.0,38.0,4.0,2.0,3505.366666666667,3505.366666666667,5,58.42277777777778,58.42277777777778,100.0,10.526315789473683,5.0,EUR,7,525.011614,38.0,True
200350,"VARUS, вул.Глинки 2",Dnipro,2026-07-06,640.6898630000001,51.0,46.0,8.0,5.0,4907.016666666666,4907.016666666666,7,81.78361111111111,81.78361111111111,100.0,17.391304347826086,9.803921568627452,EUR,7,640.6898630000001,46.0,True
200350,"VARUS, вул.Глинки 2",Dnipro,2026-07-13,1071.5837760000002,68.0,57.0,11.0,11.0,4906.866666666667,4906.866666666667,7,81.78111111111112,81.78111111111112,100.0,19.298245614035086,16.176470588235293,EUR,7,1071.5837760000002,57.0,True
200350,"VARUS, вул.Глинки 2",Dnipro,2026-07-20,1445.216379,95.0,87.0,19.0,8.0,4906.9,4906.9,7,81.78166666666667,81.78166666666667,100.0,21.839080459770116,8.421052631578947,EUR,7,1445.216379,87.0,True
200350,"VARUS, вул.Глинки 2",Dnipro,2026-07-27,1226.7856610000001,70.0,67.0,12.0,3.0,4907.716666666667,4907.716666666667,7,81.79527777777778,81.79527777777778,100.0,17.91044776119403,4.285714285714286,EUR,7,1226.7856610000001,67.0,True
200350,"VARUS, вул.Глинки 2",Dnipro,2026-08-03,973.7269339999999,63.0,61.0,11.0,2.0,4907.166666666667,4907.166666666667,7,81.78611111111111,81.78611111111111,100.0,18.0327868852459,3.1746031746031744,EUR,7,973.7269339999999,61.0,True
200350,"VARUS, вул.Глинки 2",Dnipro,2026-08-10,439.123704,35.0,32.0,13.0,3.0,4891.416666666666,4906.366666666667,7,81.5236111111111,81.77277777777778,99.69529386986974,40.625,8.571428571428571,EUR,7,439.123704,32.0,True
200350,"VARUS, вул.Глинки 2",Dnipro,2026-08-17,0.0,0.0,0.0,0.0,0.0,4906.35,4906.35,7,81.77250000000001,81.77250000000001,100.0,,,EUR,7,0.0,0.0,True
200350,"VARUS, вул.Глинки 2",Dnipro,2026-08-24,0.0,0.0,0.0,0.0,0.0,4907.216666666667,4907.216666666667,7,81.78694444444446,81.78694444444446,100.0,,,EUR,7,0.0,0.0,True
200350,"VARUS, вул.Глинки 2",Dnipro,2026-08-31,593.698052,76.0,34.0,12.0,42.0,3823.016666666667,4907.7,7,63.71694444444445,81.795,77.89833662747657,35.294117647058826,55.26315789473685,EUR,7,593.698052,34.0,True
200350,"VARUS, вул.Глинки 2",Dnipro,2026-09-07,662.8865209999999,58.0,38.0,16.0,20.0,2246.7999999999997,3008.516666666667,7,37.446666666666665,50.14194444444445,74.6813213599171,42.10526315789473,34.48275862068966,EUR,7,662.8865209999999,38.0,True
200350,"VARUS, вул.Глинки 2",Dnipro,2026-09-14,0.0,0.0,0.0,0.0,0.0,0.0,0.0,7,0.0,0.0,,,,EUR,7,0.0,0.0,True
200350,"VARUS, вул.Глинки 2",Dnipro,2026-09-21,0.0,0.0,0.0,0.0,0.0,0.0,0.0,7,0.0,0.0,,,,EUR,7,0.0,0.0,True
200350,"VARUS, вул.Глинки 2",Dnipro,2026-09-28,425.592598,33.0,28.0,4.0,5.0,3310.0,3310.0,7,55.166666666666664,55.166666666666664,100.0,14.285714285714285,15.151515151515152,EUR,7,425.592598,28.0,True
200350,"VARUS, вул.Глинки 2",Dnipro,2026-10-05,175.619525,12.0,8.0,0.0,4.0,701.0,701.0,2,11.683333333333334,11.683333333333334,100.0,0.0,33.33333333333333,EUR,7,175.619525,8.0,True
200351,"VARUS, вул. Паникахи 15",Dnipro,2026-06-29,528.03142,40.0,39.0,13.0,1.0,3505.366666666667,3505.366666666667,5,58.42277777777778,58.42277777777778,100.0,33.33333333333333,2.5,EUR,7,528.03142,39.0,True
200351,"VARUS, вул. Паникахи 15",Dnipro,2026-07-06,618.866901,48.0,39.0,22.0,9.0,4907.016666666666,4907.016666666666,7,81.78361111111111,81.78361111111111,100.0,56.41025641025641,18.75,EUR,7,618.866901,39.0,True
200351,"VARUS, вул. Паникахи 15",Dnipro,2026-07-13,615.900992,46.0,40.0,6.0,6.0,4906.866666666667,4906.866666666667,7,81.78111111111112,81.78111111111112,100.0,15.0,13.043478260869565,EUR,7,615.900992,40.0,True
200351,"VARUS, вул. Паникахи 15",Dnipro,2026-07-20,669.8962819999999,46.0,41.0,4.0,5.0,4906.9,4906.9,7,81.78166666666667,81.78166666666667,100.0,9.75609756097561,10.869565217391305,EUR,7,669.8962819999999,41.0,True
200351,"VARUS, вул. Паникахи 15",Dnipro,2026-07-27,967.465283,61.0,57.0,7.0,4.0,4907.716666666667,4907.716666666667,7,81.79527777777778,81.79527777777778,100.0,12.280701754385964,6.557377049180328,EUR,7,967.465283,57.0,True
200351,"VARUS, вул. Паникахи 15",Dnipro,2026-08-03,1067.15789,80.0,71.0,6.0,9.0,4907.166666666667,4907.166666666667,7,81.78611111111111,81.78611111111111,100.0,8.450704225352112,11.25,EUR,7,1067.15789,71.0,True
200351,"VARUS, вул. Паникахи 15",Dnipro,2026-08-10,493.77528500000005,36.0,33.0,10.0,3.0,4797.883333333333,4906.45,7,79.96472222222222,81.77416666666666,97.78726642141126,30.303030303030305,8.333333333333332,EUR,7,493.77528500000005,33.0,True
200351,"VARUS, вул. Паникахи 15",Dnipro,2026-08-17,0.0,0.0,0.0,0.0,0.0,4906.35,4906.35,7,81.77250000000001,81.77250000000001,100.0,,,EUR,7,0.0,0.0,True
200351,"VARUS, вул. Паникахи 15",Dnipro,2026-08-24,69.836553,21.0,4.0,2.0,17.0,1908.25,4907.216666666667,7,31.804166666666667,81.78694444444446,38.88660578128131,50.0,80.95238095238095,EUR,7,69.836553,4.0,True
200351,"VARUS, вул. Паникахи 15",Dnipro,2026-08-31,122.24860999999999,38.0,7.0,0.0,31.0,1761.9333333333334,4907.7,7,29.365555555555556,81.795,35.90140663311395,0.0,81.57894736842105,EUR,7,122.24860999999999,7.0,True
200351,"VARUS, вул. Паникахи 15",Dnipro,2026-09-07,162.54073699999998,20.0,11.0,5.0,9.0,1872.583341471354,3606.5,7,31.209722357855902,60.108333333333334,51.92245505258156,45.45454545454545,45.0,EUR,7,162.54073699999998,11.0,True
200351,"VARUS, вул. Паникахи 15",Dnipro,2026-09-14,33.599807,4.0,4.0,0.0,0.0,434.4166666666667,1022.0,7,7.240277777777778,17.033333333333335,42.50652315720809,0.0,0.0,EUR,7,33.599807,4.0,True
200351,"VARUS, вул. Паникахи 15",Dnipro,2026-09-21,590.7169429999999,49.0,44.0,3.0,5.0,4906.966666666666,4906.966666666666,7,81.78277777777777,81.78277777777777,100.0,6.8181818181818175,10.204081632653061,EUR,7,590.7169429999999,44.0,True
200351,"VARUS, вул. Паникахи 15",Dnipro,2026-09-28,585.9411389999999,60.0,39.0,2.0,21.0,4906.95,4906.95,7,81.7825,81.7825,100.0,5.128205128205128,35.0,EUR,7,585.9411389999999,39.0,True
200351,"VARUS, вул. Паникахи 15",Dnipro,2026-10-05,167.689951,17.0,13.0,1.0,4.0,701.0,701.0,2,11.683333333333334,11.683333333333334,100.0,7.6923076923076925,23.52941176470588,EUR,7,167.689951,13.0,True
200352,"VARUS, вул.20річчя Перемоги  43Д",Dnipro,2026-06-29,0.0,0.0,0.0,0.0,0.0,3505.366666666667,3505.366666666667,5,58.42277777777778,58.42277777777778,100.0,,,EUR,7,0.0,0.0,True
200352,"VARUS, вул.20річчя Перемоги  43Д",Dnipro,2026-07-06,0.0,0.0,0.0,0.0,0.0,4907.016666666666,4907.016666666666,7,81.78361111111111,81.78361111111111,100.0,,,EUR,7,0.0,0.0,True
200352,"VARUS, вул.20річчя Перемоги  43Д",Dnipro,2026-07-13,0.0,0.0,0.0,0.0,0.0,4906.866666666667,4906.866666666667,7,81.78111111111112,81.78111111111112,100.0,,,EUR,7,0.0,0.0,True
200352,"VARUS, вул.20річчя Перемоги  43Д",Dnipro,2026-07-20,0.0,0.0,0.0,0.0,0.0,4906.9,4906.9,7,81.78166666666667,81.78166666666667,100.0,,,EUR,7,0.0,0.0,True
200352,"VARUS, вул.20річчя Перемоги  43Д",Dnipro,2026-07-27,0.0,0.0,0.0,0.0,0.0,4907.716666666667,4907.716666666667,7,81.79527777777778,81.79527777777778,100.0,,,EUR,7,0.0,0.0,True
200352,"VARUS, вул.20річчя Перемоги  43Д",Dnipro,2026-08-03,0.0,0.0,0.0,0.0,0.0,4907.166666666667,4907.166666666667,7,81.78611111111111,81.78611111111111,100.0,,,EUR,7,0.0,0.0,True
200352,"VARUS, вул.20річчя Перемоги  43Д",Dnipro,2026-08-10,0.0,0.0,0.0,0.0,0.0,4906.45,4906.45,7,81.77416666666666,81.77416666666666,100.0,,,EUR,7,0.0,0.0,True
200352,"VARUS, вул.20річчя Перемоги  43Д",Dnipro,2026-08-17,0.0,0.0,0.0,0.0,0.0,4906.35,4906.35,7,81.77250000000001,81.77250000000001,100.0,,,EUR,7,0.0,0.0,True
200352,"VARUS, вул.20річчя Перемоги  43Д",Dnipro,2026-08-24,0.0,0.0,0.0,0.0,0.0,4907.216666666667,4907.216666666667,7,81.78694444444446,81.78694444444446,100.0,,,EUR,7,0.0,0.0,True
200352,"VARUS, вул.20річчя Перемоги  43Д",Dnipro,2026-08-31,0.0,0.0,0.0,0.0,0.0,4907.7,4907.7,7,81.795,81.795,100.0,,,EUR,7,0.0,0.0,True
200352,"VARUS, вул.20річчя Перемоги  43Д",Dnipro,2026-09-07,0.0,0.0,0.0,0.0,0.0,4906.5,4906.5,7,81.775,81.775,100.0,,,EUR,7,0.0,0.0,True
200352,"VARUS, вул.20річчя Перемоги  43Д",Dnipro,2026-09-14,0.0,0.0,0.0,0.0,0.0,4907.133333333333,4907.133333333333,7,81.78555555555555,81.78555555555555,100.0,,,EUR,7,0.0,0.0,True
200352,"VARUS, вул.20річчя Перемоги  43Д",Dnipro,2026-09-21,0.0,1.0,0.0,0.0,1.0,4906.966666666666,4906.966666666666,7,81.78277777777777,81.78277777777777,100.0,,100.0,EUR,7,0.0,0.0,True
200352,"VARUS, вул.20річчя Перемоги  43Д",Dnipro,2026-09-28,0.0,0.0,0.0,0.0,0.0,435.6,435.6,7,7.260000000000001,7.260000000000001,100.0,,,EUR,7,0.0,0.0,True
200352,"VARUS, вул.20річчя Перемоги  43Д",Dnipro,2026-10-05,0.0,0.0,0.0,0.0,0.0,0.0,0.0,2,0.0,0.0,,,,EUR,7,0.0,0.0,True
200353,"VARUS, вул.Коммунарівська буд. 8",Dnipro,2026-06-29,219.381396,21.0,19.0,6.0,2.0,3505.366666666667,3505.366666666667,5,58.42277777777778,58.42277777777778,100.0,31.57894736842105,9.523809523809524,EUR,7,219.381396,19.0,True
200353,"VARUS, вул.Коммунарівська буд. 8",Dnipro,2026-07-06,458.55759600000005,32.0,32.0,2.0,0.0,4907.016666666666,4907.016666666666,7,81.78361111111111,81.78361111111111,100.0,6.25,0.0,EUR,7,458.55759600000005,32.0,True
200353,"VARUS, вул.Коммунарівська буд. 8",Dnipro,2026-07-13,296.62428300000005,27.0,26.0,1.0,1.0,4906.866666666667,4906.866666666667,7,81.78111111111112,81.78111111111112,100.0,3.8461538461538463,3.7037037037037033,EUR,7,296.62428300000005,26.0,True
200353,"VARUS, вул.Коммунарівська буд. 8",Dnipro,2026-07-20,378.06756299999995,29.0,29.0,2.0,0.0,4906.9,4906.9,7,81.78166666666667,81.78166666666667,100.0,6.896551724137931,0.0,EUR,7,378.06756299999995,29.0,True
200353,"VARUS, вул.Коммунарівська буд. 8",Dnipro,2026-07-27,469.391384,35.0,32.0,4.0,3.0,4907.716666666667,4907.716666666667,7,81.79527777777778,81.79527777777778,100.0,12.5,8.571428571428571,EUR,7,469.391384,32.0,True
200353,"VARUS, вул.Коммунарівська буд. 8",Dnipro,2026-08-03,623.297806,45.0,42.0,8.0,3.0,4907.166666666667,4907.166666666667,7,81.78611111111111,81.78611111111111,100.0,19.047619047619047,6.666666666666667,EUR,7,623.297806,42.0,True
200353,"VARUS, вул.Коммунарівська буд. 8",Dnipro,2026-08-10,1133.928889,93.0,88.0,8.0,5.0,4906.45,4906.45,7,81.77416666666666,81.77416666666666,100.0,9.090909090909092,5.376344086021505,EUR,7,1133.928889,88.0,True
200353,"VARUS, вул.Коммунарівська буд. 8",Dnipro,2026-08-17,518.1194489999999,41.0,40.0,4.0,1.0,4906.35,4906.35,7,81.77250000000001,81.77250000000001,100.0,10.0,2.4390243902439024,EUR,7,518.1194489999999,40.0,True
200353,"VARUS, вул.Коммунарівська буд. 8",Dnipro,2026-08-24,540.718586,48.0,44.0,1.0,4.0,4907.216666666667,4907.216666666667,7,81.78694444444446,81.78694444444446,100.0,2.272727272727273,8.333333333333332,EUR,7,540.718586,44.0,True
200353,"VARUS, вул.Коммунарівська буд. 8",Dnipro,2026-08-31,764.2476810000001,68.0,57.0,8.0,11.0,4907.7,4907.7,7,81.795,81.795,100.0,14.035087719298245,16.176470588235293,EUR,7,764.2476810000001,57.0,True
200353,"VARUS, вул.Коммунарівська буд. 8",Dnipro,2026-09-07,682.654226,54.0,49.0,5.0,5.0,4906.5,4906.5,7,81.775,81.775,100.0,10.204081632653061,9.25925925925926,EUR,7,682.654226,49.0,True
200353,"VARUS, вул.Коммунарівська буд. 8",Dnipro,2026-09-14,416.378042,34.0,34.0,4.0,0.0,4907.133333333333,4907.133333333333,7,81.78555555555555,81.78555555555555,100.0,11.76470588235294,0.0,EUR,7,416.378042,34.0,True
200353,"VARUS, вул.Коммунарівська буд. 8",Dnipro,2026-09-21,449.89137200000005,35.0,33.0,3.0,2.0,4906.966666666666,4906.966666666666,7,81.78277777777777,81.78277777777777,100.0,9.090909090909092,5.714285714285714,EUR,7,449.89137200000005,33.0,True
200353,"VARUS, вул.Коммунарівська буд. 8",Dnipro,2026-09-28,465.61675,39.0,38.0,5.0,1.0,4906.95,4906.95,7,81.7825,81.7825,100.0,13.157894736842104,2.564102564102564,EUR,7,465.61675,38.0,True
200353,"VARUS, вул.Коммунарівська буд. 8",Dnipro,2026-10-05,169.874019,13.0,13.0,1.0,0.0,701.0,701.0,2,11.683333333333334,11.683333333333334,100.0,7.6923076923076925,0.0,EUR,7,169.874019,13.0,True
200354,"VARUS, вул.Калиновая 9А",Dnipro,2026-06-29,558.959153,41.0,39.0,14.0,2.0,3505.366666666667,3505.366666666667,5,58.42277777777778,58.42277777777778,100.0,35.8974358974359,4.878048780487805,EUR,7,558.959153,39.0,True
200354,"VARUS, вул.Калиновая 9А",Dnipro,2026-07-06,901.011701,72.0,62.0,17.0,10.0,4907.016666666666,4907.016666666666,7,81.78361111111111,81.78361111111111,100.0,27.419354838709676,13.88888888888889,EUR,7,901.011701,62.0,True
200354,"VARUS, вул.Калиновая 9А",Dnipro,2026-07-13,912.1560769999999,60.0,59.0,13.0,1.0,4906.866666666667,4906.866666666667,7,81.78111111111112,81.78111111111112,100.0,22.033898305084744,1.6666666666666667,EUR,7,912.1560769999999,59.0,True
200354,"VARUS, вул.Калиновая 9А",Dnipro,2026-07-20,1230.7138000000002,83.0,76.0,7.0,7.0,4906.9,4906.9,7,81.78166666666667,81.78166666666667,100.0,9.210526315789473,8.433734939759036,EUR,7,1230.7138000000002,76.0,True
200354,"VARUS, вул.Калиновая 9А",Dnipro,2026-07-27,1284.253475,85.0,82.0,5.0,3.0,4907.716666666667,4907.716666666667,7,81.79527777777778,81.79527777777778,100.0,6.097560975609756,3.5294117647058822,EUR,7,1284.253475,82.0,True
200354,"VARUS, вул.Калиновая 9А",Dnipro,2026-08-03,1423.327342,95.0,86.0,11.0,9.0,4907.166666666667,4907.166666666667,7,81.78611111111111,81.78611111111111,100.0,12.790697674418606,9.473684210526317,EUR,7,1423.327342,86.0,True
200354,"VARUS, вул.Калиновая 9А",Dnipro,2026-08-10,2236.5257899999997,137.0,129.0,12.0,8.0,4906.45,4906.45,7,81.77416666666666,81.77416666666666,100.0,9.30232558139535,5.839416058394161,EUR,7,2236.5257899999997,129.0,True
200354,"VARUS, вул.Калиновая 9А",Dnipro,2026-08-17,2445.3292560000004,140.0,129.0,14.0,11.0,4906.35,4906.35,7,81.77250000000001,81.77250000000001,100.0,10.852713178294573,7.857142857142857,EUR,7,2445.3292560000004,129.0,True
200354,"VARUS, вул.Калиновая 9А",Dnipro,2026-08-24,1394.589533,89.0,85.0,10.0,4.0,3230.3166666666666,4907.216666666667,7,53.83861111111111,81.78694444444446,65.82787934776331,11.76470588235294,4.49438202247191,EUR,7,1394.589533,85.0,True
200354,"VARUS, вул.Калиновая 9А",Dnipro,2026-08-31,1152.13466,78.0,61.0,9.0,17.0,2157.05,4907.7,7,35.950833333333335,81.795,43.952360576237346,14.754098360655737,21.794871794871796,EUR,7,1152.13466,61.0,True
200354,"VARUS, вул.Калиновая 9А",Dnipro,2026-09-07,812.7114990000001,55.0,48.0,4.0,7.0,4657.916666666667,4906.5,7,77.63194444444444,81.775,94.9335914942763,8.333333333333332,12.727272727272727,EUR,7,812.7114990000001,48.0,True
200354,"VARUS, вул.Калиновая 9А",Dnipro,2026-09-14,707.8112590000001,51.0,44.0,3.0,7.0,3463.6,4907.133333333333,7,57.72666666666667,81.78555555555555,70.58296085970083,6.8181818181818175,13.725490196078432,EUR,7,707.8112590000001,44.0,True
200354,"VARUS, вул.Калиновая 9А",Dnipro,2026-09-21,1468.4590130000001,91.0,86.0,9.0,5.0,4906.966666666666,4906.966666666666,7,81.78277777777777,81.78277777777777,100.0,10.465116279069768,5.4945054945054945,EUR,7,1468.4590130000001,86.0,True
200354,"VARUS, вул.Калиновая 9А",Dnipro,2026-09-28,1120.189219,71.0,62.0,15.0,9.0,4906.95,4906.95,7,81.7825,81.7825,100.0,24.193548387096776,12.676056338028168,EUR,7,1120.189219,62.0,True
200354,"VARUS, вул.Калиновая 9А",Dnipro,2026-10-05,512.6225360000001,31.0,28.0,4.0,3.0,701.0,701.0,2,11.683333333333334,11.683333333333334,100.0,14.285714285714285,9.67741935483871,EUR,7,512.6225360000001,28.0,True
200355,"VARUS, вул Березинская 23а",Dnipro,2026-06-29,300.01820499999997,19.0,19.0,0.0,0.0,3505.366666666667,3505.366666666667,5,58.42277777777778,58.42277777777778,100.0,0.0,0.0,EUR,7,300.01820499999997,19.0,True
200355,"VARUS, вул Березинская 23а",Dnipro,2026-07-06,529.433485,44.0,41.0,9.0,3.0,4907.016666666666,4907.016666666666,7,81.78361111111111,81.78361111111111,100.0,21.951219512195124,6.8181818181818175,EUR,7,529.433485,41.0,True
200355,"VARUS, вул Березинская 23а",Dnipro,2026-07-13,541.645525,45.0,44.0,7.0,1.0,4906.866666666667,4906.866666666667,7,81.78111111111112,81.78111111111112,100.0,15.909090909090908,2.2222222222222223,EUR,7,541.645525,44.0,True
200355,"VARUS, вул Березинская 23а",Dnipro,2026-07-20,283.52023099999997,26.0,25.0,4.0,1.0,4906.9,4906.9,7,81.78166666666667,81.78166666666667,100.0,16.0,3.8461538461538463,EUR,7,283.52023099999997,25.0,True
200355,"VARUS, вул Березинская 23а",Dnipro,2026-07-27,386.658528,24.0,23.0,2.0,1.0,4907.716666666667,4907.716666666667,7,81.79527777777778,81.79527777777778,100.0,8.695652173913043,4.166666666666666,EUR,7,386.658528,23.0,True
200355,"VARUS, вул Березинская 23а",Dnipro,2026-08-03,455.16959,38.0,36.0,7.0,2.0,4907.166666666667,4907.166666666667,7,81.78611111111111,81.78611111111111,100.0,19.444444444444446,5.263157894736842,EUR,7,455.16959,36.0,True
200355,"VARUS, вул Березинская 23а",Dnipro,2026-08-10,885.674009,67.0,62.0,7.0,5.0,4906.45,4906.45,7,81.77416666666666,81.77416666666666,100.0,11.29032258064516,7.462686567164178,EUR,7,885.674009,62.0,True
200355,"VARUS, вул Березинская 23а",Dnipro,2026-08-17,671.976148,55.0,48.0,5.0,7.0,4906.35,4906.35,7,81.77250000000001,81.77250000000001,100.0,10.416666666666668,12.727272727272727,EUR,7,671.976148,48.0,True
200355,"VARUS, вул Березинская 23а",Dnipro,2026-08-24,906.8584880000001,71.0,52.0,7.0,19.0,4696.816666666667,4907.216666666667,7,78.28027777777778,81.78694444444446,95.71243712491466,13.461538461538462,26.76056338028169,EUR,7,906.8584880000001,52.0,True
200355,"VARUS, вул Березинская 23а",Dnipro,2026-08-31,963.615162,93.0,68.0,10.0,25.0,4907.7,4907.7,7,81.795,81.795,100.0,14.705882352941178,26.881720430107524,EUR,7,963.615162,68.0,True
200355,"VARUS, вул Березинская 23а",Dnipro,2026-09-07,715.592534,59.0,52.0,9.0,7.0,4906.5,4906.5,7,81.775,81.775,100.0,17.307692307692307,11.864406779661017,EUR,7,715.592534,52.0,True
200355,"VARUS, вул Березинская 23а",Dnipro,2026-09-14,827.067678,66.0,54.0,9.0,12.0,4907.133333333333,4907.133333333333,7,81.78555555555555,81.78555555555555,100.0,16.666666666666664,18.181818181818183,EUR,7,827.067678,54.0,True
200355,"VARUS, вул Березинская 23а",Dnipro,2026-09-21,828.720663,62.0,53.0,4.0,9.0,4906.966666666666,4906.966666666666,7,81.78277777777777,81.78277777777777,100.0,7.547169811320755,14.516129032258066,EUR,7,828.720663,53.0,True
200355,"VARUS, вул Березинская 23а",Dnipro,2026-09-28,611.7776690000001,55.0,38.0,5.0,17.0,4906.95,4906.95,7,81.7825,81.7825,100.0,13.157894736842104,30.909090909090907,EUR,7,611.7776690000001,38.0,True
200355,"VARUS, вул Березинская 23а",Dnipro,2026-10-05,156.829909,14.0,14.0,3.0,0.0,701.0,701.0,2,11.683333333333334,11.683333333333334,100.0,21.428571428571427,0.0,EUR,7,156.829909,14.0,True
200356,"VARUS, Донецьке шосcе 9а",Dnipro,2026-06-29,138.41081200000002,7.0,7.0,1.0,0.0,3505.366666666667,3505.366666666667,5,58.42277777777778,58.42277777777778,100.0,14.285714285714285,0.0,EUR,7,138.41081200000002,7.0,True
200356,"VARUS, Донецьке шосcе 9а",Dnipro,2026-07-06,179.991899,10.0,10.0,0.0,0.0,4907.016666666666,4907.016666666666,7,81.78361111111111,81.78361111111111,100.0,0.0,0.0,EUR,7,179.991899,10.0,True
200356,"VARUS, Донецьке шосcе 9а",Dnipro,2026-07-13,90.186167,9.0,8.0,2.0,1.0,4906.866666666667,4906.866666666667,7,81.78111111111112,81.78111111111112,100.0,25.0,11.11111111111111,EUR,7,90.186167,8.0,True
200356,"VARUS, Донецьке шосcе 9а",Dnipro,2026-07-20,226.33435400000002,13.0,13.0,3.0,0.0,4906.9,4906.9,7,81.78166666666667,81.78166666666667,100.0,23.076923076923077,0.0,EUR,7,226.33435400000002,13.0,True
200356,"VARUS, Донецьке шосcе 9а",Dnipro,2026-07-27,195.108912,15.0,15.0,4.0,0.0,4907.716666666667,4907.716666666667,7,81.79527777777778,81.79527777777778,100.0,26.666666666666668,0.0,EUR,7,195.108912,15.0,True
200356,"VARUS, Донецьке шосcе 9а",Dnipro,2026-08-03,332.135068,22.0,17.0,1.0,5.0,4907.166666666667,4907.166666666667,7,81.78611111111111,81.78611111111111,100.0,5.88235294117647,22.727272727272727,EUR,7,332.135068,17.0,True
200356,"VARUS, Донецьке шосcе 9а",Dnipro,2026-08-10,502.006863,31.0,31.0,0.0,0.0,4906.45,4906.45,7,81.77416666666666,81.77416666666666,100.0,0.0,0.0,EUR,7,502.006863,31.0,True
200356,"VARUS, Донецьке шосcе 9а",Dnipro,2026-08-17,340.95622099999997,25.0,23.0,2.0,2.0,4906.35,4906.35,7,81.77250000000001,81.77250000000001,100.0,8.695652173913043,8.0,EUR,7,340.95622099999997,23.0,True
200356,"VARUS, Донецьке шосcе 9а",Dnipro,2026-08-24,394.28621499999997,28.0,23.0,4.0,5.0,4907.216666666667,4907.216666666667,7,81.78694444444446,81.78694444444446,100.0,17.391304347826086,17.857142857142858,EUR,7,394.28621499999997,23.0,True
200356,"VARUS, Донецьке шосcе 9а",Dnipro,2026-08-31,342.99724199999997,27.0,24.0,7.0,3.0,4907.7,4907.7,7,81.795,81.795,100.0,29.166666666666668,11.11111111111111,EUR,7,342.99724199999997,24.0,True
200356,"VARUS, Донецьке шосcе 9а",Dnipro,2026-09-07,110.835636,11.0,11.0,2.0,0.0,4906.5,4906.5,7,81.775,81.775,100.0,18.181818181818183,0.0,EUR,7,110.835636,11.0,True
200356,"VARUS, Донецьке шосcе 9а",Dnipro,2026-09-14,236.93639000000002,16.0,15.0,2.0,1.0,4907.133333333333,4907.133333333333,7,81.78555555555555,81.78555555555555,100.0,13.333333333333334,6.25,EUR,7,236.93639000000002,15.0,True
200356,"VARUS, Донецьке шосcе 9а",Dnipro,2026-09-21,196.27433200000002,16.0,15.0,2.0,1.0,4906.966666666666,4906.966666666666,7,81.78277777777777,81.78277777777777,100.0,13.333333333333334,6.25,EUR,7,196.27433200000002,15.0,True
200356,"VARUS, Донецьке шосcе 9а",Dnipro,2026-09-28,121.91346099999998,7.0,7.0,0.0,0.0,4906.95,4906.95,7,81.7825,81.7825,100.0,0.0,0.0,EUR,7,121.91346099999998,7.0,True
200356,"VARUS, Донецьке шосcе 9а",Dnipro,2026-10-05,5.463622,1.0,1.0,0.0,0.0,701.0,701.0,2,11.683333333333334,11.683333333333334,100.0,0.0,0.0,EUR,7,5.463622,1.0,True
200357,"VARUS, пр.Науки 8а",Dnipro,2026-06-29,651.312581,45.0,39.0,13.0,6.0,3505.366666666667,3505.366666666667,5,58.42277777777778,58.42277777777778,100.0,33.33333333333333,13.333333333333334,EUR,7,651.312581,39.0,True
200357,"VARUS, пр.Науки 8а",Dnipro,2026-07-06,1031.136922,77.0,68.0,19.0,9.0,4907.016666666666,4907.016666666666,7,81.78361111111111,81.78361111111111,100.0,27.941176470588236,11.688311688311687,EUR,7,1031.136922,68.0,True
200357,"VARUS, пр.Науки 8а",Dnipro,2026-07-13,737.6171909999999,42.0,40.0,9.0,2.0,4906.866666666667,4906.866666666667,7,81.78111111111112,81.78111111111112,100.0,22.5,4.761904761904762,EUR,7,737.6171909999999,40.0,True
200357,"VARUS, пр.Науки 8а",Dnipro,2026-07-20,650.9941190000001,44.0,43.0,11.0,1.0,4906.9,4906.9,7,81.78166666666667,81.78166666666667,100.0,25.581395348837212,2.272727272727273,EUR,7,650.9941190000001,43.0,True
200357,"VARUS, пр.Науки 8а",Dnipro,2026-07-27,818.7752979999999,61.0,56.0,12.0,5.0,4861.55,4907.716666666667,7,81.02583333333334,81.79527777777778,99.05930456458026,21.428571428571427,8.19672131147541,EUR,7,818.7752979999999,56.0,True
200357,"VARUS, пр.Науки 8а",Dnipro,2026-08-03,1356.872347,89.0,78.0,27.0,11.0,4907.166666666667,4907.166666666667,7,81.78611111111111,81.78611111111111,100.0,34.61538461538461,12.359550561797752,EUR,7,1356.872347,78.0,True
200357,"VARUS, пр.Науки 8а",Dnipro,2026-08-10,1745.860582,137.0,107.0,50.0,30.0,4906.45,4906.45,7,81.77416666666666,81.77416666666666,100.0,46.728971962616825,21.897810218978105,EUR,7,1745.860582,107.0,True
200357,"VARUS, пр.Науки 8а",Dnipro,2026-08-17,1289.026954,96.0,76.0,29.0,20.0,4906.35,4906.35,7,81.77250000000001,81.77250000000001,100.0,38.15789473684211,20.833333333333336,EUR,7,1289.026954,76.0,True
200357,"VARUS, пр.Науки 8а",Dnipro,2026-08-24,1290.359844,97.0,68.0,18.0,29.0,3945.75,4907.216666666667,7,65.7625,81.78694444444446,80.40708752076023,26.47058823529412,29.896907216494846,EUR,7,1290.359844,68.0,True
200357,"VARUS, пр.Науки 8а",Dnipro,2026-08-31,506.86134400000003,57.0,26.0,2.0,31.0,2902.4166666666665,4907.7,7,48.37361111111111,81.795,59.14005881913455,7.6923076923076925,54.385964912280706,EUR,7,506.86134400000003,26.0,True
200357,"VARUS, пр.Науки 8а",Dnipro,2026-09-07,930.16092,71.0,55.0,11.0,16.0,4161.45,4906.5,7,69.3575,81.775,84.81504127178232,20.0,22.535211267605636,EUR,7,930.16092,55.0,True
200357,"VARUS, пр.Науки 8а",Dnipro,2026-09-14,672.6031,63.0,43.0,5.0,20.0,3477.9666666666667,4907.133333333333,7,57.96611111111111,81.78555555555555,70.87573192766993,11.627906976744185,31.746031746031743,EUR,7,672.6031,43.0,True
200357,"VARUS, пр.Науки 8а",Dnipro,2026-09-21,957.9568469999998,76.0,65.0,8.0,11.0,4906.966666666666,4906.966666666666,7,81.78277777777777,81.78277777777777,100.0,12.307692307692308,14.473684210526317,EUR,7,957.9568469999998,65.0,True
200357,"VARUS, пр.Науки 8а",Dnipro,2026-09-28,1106.305026,75.0,66.0,6.0,9.0,4906.95,4906.95,7,81.7825,81.7825,100.0,9.090909090909092,12.0,EUR,7,1106.305026,66.0,True
200357,"VARUS, пр.Науки 8а",Dnipro,2026-10-05,334.026666,26.0,22.0,0.0,4.0,701.0,701.0,2,11.683333333333334,11.683333333333334,100.0,0.0,15.384615384615385,EUR,7,334.026666,22.0,True
200358,"VARUS, бул. Європейський 1Д",Dnipro,2026-06-29,521.834055,40.0,39.0,3.0,1.0,3505.366666666667,3505.366666666667,5,58.42277777777778,58.42277777777778,100.0,7.6923076923076925,2.5,EUR,7,521.834055,39.0,True
200358,"VARUS, бул. Європейський 1Д",Dnipro,2026-07-06,780.55855,68.0,59.0,10.0,9.0,4907.016666666666,4907.016666666666,7,81.78361111111111,81.78361111111111,100.0,16.94915254237288,13.23529411764706,EUR,7,780.55855,59.0,True
200358,"VARUS, бул. Європейський 1Д",Dnipro,2026-07-13,565.5025890000001,44.0,42.0,3.0,2.0,4906.866666666667,4906.866666666667,7,81.78111111111112,81.78111111111112,100.0,7.142857142857142,4.545454545454546,EUR,7,565.5025890000001,42.0,True
200358,"VARUS, бул. Європейський 1Д",Dnipro,2026-07-20,520.0464460000001,43.0,41.0,5.0,2.0,4906.9,4906.9,7,81.78166666666667,81.78166666666667,100.0,12.195121951219512,4.651162790697675,EUR,7,520.0464460000001,41.0,True
200358,"VARUS, бул. Європейський 1Д",Dnipro,2026-07-27,421.590975,42.0,36.0,7.0,6.0,4907.716666666667,4907.716666666667,7,81.79527777777778,81.79527777777778,100.0,19.444444444444446,14.285714285714285,EUR,7,421.590975,36.0,True
200358,"VARUS, бул. Європейський 1Д",Dnipro,2026-08-03,794.158709,70.0,62.0,16.0,8.0,4627.166666666666,4627.166666666666,7,77.11944444444444,77.11944444444444,100.0,25.806451612903224,11.428571428571429,EUR,7,794.158709,62.0,True
200358,"VARUS, бул. Європейський 1Д",Dnipro,2026-08-10,1313.3453359999999,94.0,86.0,13.0,8.0,4626.45,4626.45,7,77.1075,77.1075,100.0,15.11627906976744,8.51063829787234,EUR,7,1313.3453359999999,86.0,True
200358,"VARUS, бул. Європейський 1Д",Dnipro,2026-08-17,1118.045856,88.0,81.0,13.0,7.0,4626.35,4626.35,7,77.10583333333334,77.10583333333334,100.0,16.049382716049383,7.954545454545454,EUR,7,1118.045856,81.0,True
200358,"VARUS, бул. Європейський 1Д",Dnipro,2026-08-24,729.205089,74.0,54.0,13.0,20.0,3080.3166666666666,4627.216666666667,7,51.33861111111111,77.12027777777779,66.56953604218518,24.074074074074073,27.027027027027028,EUR,7,729.205089,54.0,True
200358,"VARUS, бул. Європейський 1Д",Dnipro,2026-08-31,349.742397,69.0,25.0,4.0,44.0,3229.0333333333333,4627.7,7,53.81722222222222,77.12833333333333,69.77620272129424,16.0,63.76811594202898,EUR,7,349.742397,25.0,True
200358,"VARUS, бул. Європейський 1Д",Dnipro,2026-09-07,1100.171637,92.0,80.0,17.0,12.0,4626.5,4626.5,7,77.10833333333333,77.10833333333333,100.0,21.25,13.043478260869565,EUR,7,1100.171637,80.0,True
200358,"VARUS, бул. Європейський 1Д",Dnipro,2026-09-14,1510.939463,141.0,113.0,21.0,28.0,4439.266666666666,4627.133333333333,7,73.98777777777778,77.11888888888889,95.93989078911349,18.58407079646018,19.858156028368796,EUR,7,1510.939463,113.0,True
200358,"VARUS, бул. Європейський 1Д",Dnipro,2026-09-21,1327.1369100000002,111.0,88.0,13.0,23.0,4626.983333333334,4626.983333333334,7,77.11638888888889,77.11638888888889,100.0,14.772727272727273,20.72072072072072,EUR,7,1327.1369100000002,88.0,True
200358,"VARUS, бул. Європейський 1Д",Dnipro,2026-09-28,1062.563273,105.0,77.0,10.0,28.0,4626.95,4626.95,7,77.11583333333333,77.11583333333333,100.0,12.987012987012985,26.666666666666668,EUR,7,1062.563273,77.0,True
200358,"VARUS, бул. Європейський 1Д",Dnipro,2026-10-05,263.15460099999996,20.0,19.0,1.0,1.0,661.0,661.0,2,11.016666666666667,11.016666666666667,100.0,5.263157894736842,5.0,EUR,7,263.15460099999996,19.0,True
200359,"VARUS, пр. О. Поля, 104а",Dnipro,2026-06-29,0.0,0.0,0.0,0.0,0.0,0.0,0.0,5,0.0,0.0,,,,EUR,7,0.0,0.0,True
200359,"VARUS, пр. О. Поля, 104а",Dnipro,2026-07-06,0.0,0.0,0.0,0.0,0.0,0.0,0.0,7,0.0,0.0,,,,EUR,7,0.0,0.0,True
200359,"VARUS, пр. О. Поля, 104а",Dnipro,2026-07-13,0.0,0.0,0.0,0.0,0.0,0.0,0.0,7,0.0,0.0,,,,EUR,7,0.0,0.0,True
200359,"VARUS, пр. О. Поля, 104а",Dnipro,2026-07-20,0.0,0.0,0.0,0.0,0.0,0.0,0.0,7,0.0,0.0,,,,EUR,7,0.0,0.0,True
200359,"VARUS, пр. О. Поля, 104а",Dnipro,2026-07-27,0.0,0.0,0.0,0.0,0.0,0.0,0.0,7,0.0,0.0,,,,EUR,7,0.0,0.0,True
200359,"VARUS, пр. О. Поля, 104а",Dnipro,2026-08-03,0.0,0.0,0.0,0.0,0.0,0.0,0.0,7,0.0,0.0,,,,EUR,7,0.0,0.0,True
200359,"VARUS, пр. О. Поля, 104а",Dnipro,2026-08-10,0.0,0.0,0.0,0.0,0.0,0.0,0.0,7,0.0,0.0,,,,EUR,7,0.0,0.0,True
200359,"VARUS, пр. О. Поля, 104а",Dnipro,2026-08-17,0.0,0.0,0.0,0.0,0.0,0.0,0.0,7,0.0,0.0,,,,EUR,7,0.0,0.0,True
200359,"VARUS, пр. О. Поля, 104а",Dnipro,2026-08-24,0.0,0.0,0.0,0.0,0.0,0.0,0.0,7,0.0,0.0,,,,EUR,7,0.0,0.0,True
200359,"VARUS, пр. О. Поля, 104а",Dnipro,2026-08-31,0.0,0.0,0.0,0.0,0.0,0.0,0.0,7,0.0,0.0,,,,EUR,7,0.0,0.0,True
200359,"VARUS, пр. О. Поля, 104а",Dnipro,2026-09-07,0.0,0.0,0.0,0.0,0.0,0.0,0.0,7,0.0,0.0,,,,EUR,7,0.0,0.0,True
200359,"VARUS, пр. О. Поля, 104а",Dnipro,2026-09-14,0.0,0.0,0.0,0.0,0.0,0.0,0.0,7,0.0,0.0,,,,EUR,7,0.0,0.0,True
200359,"VARUS, пр. О. Поля, 104а",Dnipro,2026-09-21,0.0,0.0,0.0,0.0,0.0,0.0,0.0,7,0.0,0.0,,,,EUR,7,0.0,0.0,True
200359,"VARUS, пр. О. Поля, 104а",Dnipro,2026-09-28,0.0,0.0,0.0,0.0,0.0,0.0,0.0,7,0.0,0.0,,,,EUR,7,0.0,0.0,True
200359,"VARUS, пр. О. Поля, 104а",Dnipro,2026-10-05,0.0,0.0,0.0,0.0,0.0,0.0,0.0,2,0.0,0.0,,,,EUR,7,0.0,0.0,True
200360,"VARUS, проспект Слобожанський 86",Dnipro,2026-06-29,316.14856599999996,30.0,28.0,7.0,2.0,3505.366666666667,3505.366666666667,5,58.42277777777778,58.42277777777778,100.0,25.0,6.666666666666667,EUR,7,316.14856599999996,28.0,True
200360,"VARUS, проспект Слобожанський 86",Dnipro,2026-07-06,353.10855699999996,34.0,34.0,1.0,0.0,4907.016666666666,4907.016666666666,7,81.78361111111111,81.78361111111111,100.0,2.941176470588235,0.0,EUR,7,353.10855699999996,34.0,True
200360,"VARUS, проспект Слобожанський 86",Dnipro,2026-07-13,222.31791099999998,13.0,12.0,1.0,1.0,4906.866666666667,4906.866666666667,7,81.78111111111112,81.78111111111112,100.0,8.333333333333332,7.6923076923076925,EUR,7,222.31791099999998,12.0,True
200360,"VARUS, проспект Слобожанський 86",Dnipro,2026-07-20,294.535441,23.0,19.0,2.0,4.0,4906.9,4906.9,7,81.78166666666667,81.78166666666667,100.0,10.526315789473683,17.391304347826086,EUR,7,294.535441,19.0,True
200360,"VARUS, проспект Слобожанський 86",Dnipro,2026-07-27,305.81167500000004,25.0,23.0,5.0,2.0,4907.716666666667,4907.716666666667,7,81.79527777777778,81.79527777777778,100.0,21.73913043478261,8.0,EUR,7,305.81167500000004,23.0,True
200360,"VARUS, проспект Слобожанський 86",Dnipro,2026-08-03,344.625186,26.0,26.0,2.0,0.0,4907.166666666667,4907.166666666667,7,81.78611111111111,81.78611111111111,100.0,7.6923076923076925,0.0,EUR,7,344.625186,26.0,True
200360,"VARUS, проспект Слобожанський 86",Dnipro,2026-08-10,457.929473,35.0,33.0,8.0,2.0,4906.45,4906.45,7,81.77416666666666,81.77416666666666,100.0,24.242424242424242,5.714285714285714,EUR,7,457.929473,33.0,True
200360,"VARUS, проспект Слобожанський 86",Dnipro,2026-08-17,542.4273129999999,41.0,39.0,7.0,2.0,4906.35,4906.35,7,81.77250000000001,81.77250000000001,100.0,17.94871794871795,4.878048780487805,EUR,7,542.4273129999999,39.0,True
200360,"VARUS, проспект Слобожанський 86",Dnipro,2026-08-24,1177.470316,79.0,73.0,7.0,6.0,4907.216666666667,4907.216666666667,7,81.78694444444446,81.78694444444446,100.0,9.58904109589041,7.59493670886076,EUR,7,1177.470316,73.0,True
200360,"VARUS, проспект Слобожанський 86",Dnipro,2026-08-31,1486.2732429999999,103.0,97.0,12.0,6.0,3878.8333333333335,4907.7,7,64.64722222222223,81.795,79.03566504336723,12.371134020618557,5.825242718446602,EUR,7,1486.2732429999999,97.0,True
200360,"VARUS, проспект Слобожанський 86",Dnipro,2026-09-07,1422.3673340000003,100.0,99.0,5.0,1.0,4906.5,4906.5,7,81.775,81.775,100.0,5.05050505050505,1.0,EUR,7,1422.3673340000003,99.0,True
200360,"VARUS, проспект Слобожанський 86",Dnipro,2026-09-14,971.684721,73.0,64.0,7.0,9.0,4907.133333333333,4907.133333333333,7,81.78555555555555,81.78555555555555,100.0,10.9375,12.32876712328767,EUR,7,971.684721,64.0,True
200360,"VARUS, проспект Слобожанський 86",Dnipro,2026-09-21,692.758044,58.0,52.0,5.0,6.0,4906.966666666666,4906.966666666666,7,81.78277777777777,81.78277777777777,100.0,9.615384615384617,10.344827586206897,EUR,7,692.758044,52.0,True
200360,"VARUS, проспект Слобожанський 86",Dnipro,2026-09-28,676.047999,46.0,45.0,1.0,1.0,4906.95,4906.95,7,81.7825,81.7825,100.0,2.2222222222222223,2.1739130434782608,EUR,7,676.047999,45.0,True
200360,"VARUS, проспект Слобожанський 86",Dnipro,2026-10-05,271.688096,20.0,19.0,0.0,1.0,701.0,701.0,2,11.683333333333334,11.683333333333334,100.0,0.0,5.0,EUR,7,271.688096,19.0,True
200361,"VARUS, вул.Марії Кюрі 5",Dnipro,2026-06-29,367.166348,30.0,28.0,4.0,2.0,3505.366666666667,3505.366666666667,5,58.42277777777778,58.42277777777778,100.0,14.285714285714285,6.666666666666667,EUR,7,367.166348,28.0,True
200361,"VARUS, вул.Марії Кюрі 5",Dnipro,2026-07-06,365.660402,26.0,25.0,8.0,1.0,4907.016666666666,4907.016666666666,7,81.78361111111111,81.78361111111111,100.0,32.0,3.8461538461538463,EUR,7,365.660402,25.0,True
200361,"VARUS, вул.Марії Кюрі 5",Dnipro,2026-07-13,421.38695399999995,27.0,25.0,2.0,2.0,4906.866666666667,4906.866666666667,7,81.78111111111112,81.78111111111112,100.0,8.0,7.4074074074074066,EUR,7,421.38695399999995,25.0,True
200361,"VARUS, вул.Марії Кюрі 5",Dnipro,2026-07-20,459.58063500000003,35.0,33.0,4.0,2.0,4906.9,4906.9,7,81.78166666666667,81.78166666666667,100.0,12.121212121212121,5.714285714285714,EUR,7,459.58063500000003,33.0,True
200361,"VARUS, вул.Марії Кюрі 5",Dnipro,2026-07-27,910.163865,55.0,54.0,9.0,1.0,4907.716666666667,4907.716666666667,7,81.79527777777778,81.79527777777778,100.0,16.666666666666664,1.8181818181818181,EUR,7,910.163865,54.0,True
200361,"VARUS, вул.Марії Кюрі 5",Dnipro,2026-08-03,774.444133,51.0,47.0,4.0,4.0,4907.166666666667,4907.166666666667,7,81.78611111111111,81.78611111111111,100.0,8.51063829787234,7.8431372549019605,EUR,7,774.444133,47.0,True
200361,"VARUS, вул.Марії Кюрі 5",Dnipro,2026-08-10,1549.5918049999998,97.0,94.0,11.0,3.0,4906.45,4906.45,7,81.77416666666666,81.77416666666666,100.0,11.702127659574469,3.0927835051546393,EUR,7,1549.5918049999998,94.0,True
200361,"VARUS, вул.Марії Кюрі 5",Dnipro,2026-08-17,1391.062595,96.0,91.0,4.0,5.0,4906.35,4906.35,7,81.77250000000001,81.77250000000001,100.0,4.395604395604396,5.208333333333334,EUR,7,1391.062595,91.0,True
200361,"VARUS, вул.Марії Кюрі 5",Dnipro,2026-08-24,2969.836108,198.0,172.0,13.0,26.0,4907.216666666667,4907.216666666667,7,81.78694444444446,81.78694444444446,100.0,7.55813953488372,13.131313131313133,EUR,7,2969.836108,172.0,True
200361,"VARUS, вул.Марії Кюрі 5",Dnipro,2026-08-31,2125.363729,199.0,124.0,22.0,75.0,3949.4666666666667,4907.7,7,65.82444444444444,81.795,80.47489998709511,17.741935483870968,37.68844221105528,EUR,7,2125.363729,124.0,True
200361,"VARUS, вул.Марії Кюрі 5",Dnipro,2026-09-07,2455.913318,213.0,169.0,16.0,44.0,4168.0,4906.5,7,69.46666666666667,81.775,84.94853765413227,9.467455621301776,20.657276995305164,EUR,7,2455.913318,169.0,True
200361,"VARUS, вул.Марії Кюрі 5",Dnipro,2026-09-14,880.50545,87.0,59.0,2.0,28.0,3469.866666666667,4907.133333333333,7,57.83111111111111,81.78555555555555,70.71066610512588,3.389830508474576,32.18390804597701,EUR,7,880.50545,59.0,True
200361,"VARUS, вул.Марії Кюрі 5",Dnipro,2026-09-21,1293.904133,93.0,81.0,14.0,12.0,4652.233333333334,4906.966666666666,7,77.53722222222223,81.78277777777777,94.8087413133708,17.28395061728395,12.903225806451612,EUR,7,1293.904133,81.0,True
200361,"VARUS, вул.Марії Кюрі 5",Dnipro,2026-09-28,1200.35259,95.0,85.0,8.0,10.0,4906.95,4906.95,7,81.7825,81.7825,100.0,9.411764705882353,10.526315789473683,EUR,7,1200.35259,85.0,True
200361,"VARUS, вул.Марії Кюрі 5",Dnipro,2026-10-05,571.021429,40.0,31.0,3.0,9.0,701.0,701.0,2,11.683333333333334,11.683333333333334,100.0,9.67741935483871,22.5,EUR,7,571.021429,31.0,True
200362,"VARUS, пр. Івана Мазепи, 58",Dnipro,2026-06-29,192.148988,12.0,11.0,2.0,1.0,3505.366666666667,3505.366666666667,5,58.42277777777778,58.42277777777778,100.0,18.181818181818183,8.333333333333332,EUR,7,192.148988,11.0,True
200362,"VARUS, пр. Івана Мазепи, 58",Dnipro,2026-07-06,97.46882,7.0,6.0,0.0,1.0,4907.016666666666,4907.016666666666,7,81.78361111111111,81.78361111111111,100.0,0.0,14.285714285714285,EUR,7,97.46882,6.0,True
200362,"VARUS, пр. Івана Мазепи, 58",Dnipro,2026-07-13,160.30107600000002,14.0,11.0,1.0,3.0,4906.866666666667,4906.866666666667,7,81.78111111111112,81.78111111111112,100.0,9.090909090909092,21.428571428571427,EUR,7,160.30107600000002,11.0,True
200362,"VARUS, пр. Івана Мазепи, 58",Dnipro,2026-07-20,193.446761,13.0,11.0,3.0,2.0,4906.9,4906.9,7,81.78166666666667,81.78166666666667,100.0,27.27272727272727,15.384615384615385,EUR,7,193.446761,11.0,True
200362,"VARUS, пр. Івана Мазепи, 58",Dnipro,2026-07-27,303.347174,18.0,17.0,3.0,1.0,4907.716666666667,4907.716666666667,7,81.79527777777778,81.79527777777778,100.0,17.647058823529413,5.555555555555555,EUR,7,303.347174,17.0,True
200362,"VARUS, пр. Івана Мазепи, 58",Dnipro,2026-08-03,258.839241,21.0,20.0,4.0,1.0,4907.166666666667,4907.166666666667,7,81.78611111111111,81.78611111111111,100.0,20.0,4.761904761904762,EUR,7,258.839241,20.0,True
200362,"VARUS, пр. Івана Мазепи, 58",Dnipro,2026-08-10,272.872714,23.0,21.0,2.0,2.0,4906.45,4906.45,7,81.77416666666666,81.77416666666666,100.0,9.523809523809524,8.695652173913043,EUR,7,272.872714,21.0,True
200362,"VARUS, пр. Івана Мазепи, 58",Dnipro,2026-08-17,291.08570699999996,21.0,21.0,6.0,0.0,4906.35,4906.35,7,81.77250000000001,81.77250000000001,100.0,28.57142857142857,0.0,EUR,7,291.08570699999996,21.0,True
200362,"VARUS, пр. Івана Мазепи, 58",Dnipro,2026-08-24,46.495833,6.0,3.0,1.0,3.0,3231.3333333333335,4907.216666666667,7,53.85555555555556,81.78694444444446,65.84859713415275,33.33333333333333,50.0,EUR,7,46.495833,3.0,True
200362,"VARUS, пр. Івана Мазепи, 58",Dnipro,2026-08-31,251.40992899999998,17.0,14.0,4.0,3.0,3956.2000000000003,4907.7,7,65.93666666666667,81.795,80.61209935407626,28.57142857142857,17.647058823529413,EUR,7,251.40992899999998,14.0,True
200362,"VARUS, пр. Івана Мазепи, 58",Dnipro,2026-09-07,380.378168,29.0,28.0,3.0,1.0,4906.5,4906.5,7,81.775,81.775,100.0,10.714285714285714,3.4482758620689653,EUR,7,380.378168,28.0,True
200362,"VARUS, пр. Івана Мазепи, 58",Dnipro,2026-09-14,141.24255,14.0,13.0,3.0,1.0,3492.7166666666667,4907.133333333333,7,58.21194444444445,81.78555555555555,71.176314752673,23.076923076923077,7.142857142857142,EUR,7,141.24255,13.0,True
200362,"VARUS, пр. Івана Мазепи, 58",Dnipro,2026-09-21,322.907777,21.0,20.0,4.0,1.0,4906.966666666666,4906.966666666666,7,81.78277777777777,81.78277777777777,100.0,20.0,4.761904761904762,EUR,7,322.907777,20.0,True
200362,"VARUS, пр. Івана Мазепи, 58",Dnipro,2026-09-28,186.672674,13.0,13.0,0.0,0.0,4906.95,4906.95,7,81.7825,81.7825,100.0,0.0,0.0,EUR,7,186.672674,13.0,True
200362,"VARUS, пр. Івана Мазепи, 58",Dnipro,2026-10-05,108.319709,6.0,6.0,2.0,0.0,701.0,701.0,2,11.683333333333334,11.683333333333334,100.0,33.33333333333333,0.0,EUR,7,108.319709,6.0,True
200363,"VARUS, вул.Робоча 67",Dnipro,2026-06-29,538.300745,43.0,39.0,8.0,4.0,3505.366666666667,3505.366666666667,5,58.42277777777778,58.42277777777778,100.0,20.51282051282051,9.30232558139535,EUR,7,538.300745,39.0,True
200363,"VARUS, вул.Робоча 67",Dnipro,2026-07-06,586.552583,45.0,44.0,7.0,1.0,4907.016666666666,4907.016666666666,7,81.78361111111111,81.78361111111111,100.0,15.909090909090908,2.2222222222222223,EUR,7,586.552583,44.0,True
200363,"VARUS, вул.Робоча 67",Dnipro,2026-07-13,625.8210059999999,43.0,42.0,3.0,1.0,4906.866666666667,4906.866666666667,7,81.78111111111112,81.78111111111112,100.0,7.142857142857142,2.3255813953488373,EUR,7,625.8210059999999,42.0,True
200363,"VARUS, вул.Робоча 67",Dnipro,2026-07-20,744.330368,51.0,51.0,2.0,0.0,4906.9,4906.9,7,81.78166666666667,81.78166666666667,100.0,3.9215686274509802,0.0,EUR,7,744.330368,51.0,True
200363,"VARUS, вул.Робоча 67",Dnipro,2026-07-27,935.9128919999999,69.0,62.0,12.0,7.0,4907.716666666667,4907.716666666667,7,81.79527777777778,81.79527777777778,100.0,19.35483870967742,10.144927536231885,EUR,7,935.9128919999999,62.0,True
200363,"VARUS, вул.Робоча 67",Dnipro,2026-08-03,1570.935557,107.0,98.0,17.0,9.0,4907.166666666667,4907.166666666667,7,81.78611111111111,81.78611111111111,100.0,17.346938775510203,8.411214953271028,EUR,7,1570.935557,98.0,True
200363,"VARUS, вул.Робоча 67",Dnipro,2026-08-10,1466.960469,110.0,102.0,8.0,8.0,4906.45,4906.45,7,81.77416666666666,81.77416666666666,100.0,7.8431372549019605,7.2727272727272725,EUR,7,1466.960469,102.0,True
200363,"VARUS, вул.Робоча 67",Dnipro,2026-08-17,1092.999781,93.0,90.0,7.0,3.0,4906.35,4906.35,7,81.77250000000001,81.77250000000001,100.0,7.777777777777778,3.225806451612903,EUR,7,1092.999781,90.0,True
200363,"VARUS, вул.Робоча 67",Dnipro,2026-08-24,1846.9147859999998,150.0,132.0,31.0,18.0,4907.216666666667,4907.216666666667,7,81.78694444444446,81.78694444444446,100.0,23.484848484848484,12.0,EUR,7,1846.9147859999998,132.0,True
200363,"VARUS, вул.Робоча 67",Dnipro,2026-08-31,1760.2485980000001,147.0,112.0,23.0,35.0,4203.5,4907.7,7,70.05833333333334,81.795,85.65111966909143,20.535714285714285,23.809523809523807,EUR,7,1760.2485980000001,112.0,True
200363,"VARUS, вул.Робоча 67",Dnipro,2026-09-07,1108.27684,86.0,72.0,14.0,14.0,4120.283333333334,4906.5,7,68.6713888888889,81.775,83.9760182071402,19.444444444444446,16.27906976744186,EUR,7,1108.27684,72.0,True
200363,"VARUS, вул.Робоча 67",Dnipro,2026-09-14,521.25809,51.0,43.0,9.0,8.0,3476.8,4907.133333333333,7,57.94666666666667,81.78555555555555,70.85195701495782,20.930232558139537,15.686274509803921,EUR,7,521.25809,43.0,True
200363,"VARUS, вул.Робоча 67",Dnipro,2026-09-21,811.0595930000001,59.0,55.0,7.0,4.0,4906.966666666666,4906.966666666666,7,81.78277777777777,81.78277777777777,100.0,12.727272727272727,6.779661016949152,EUR,7,811.0595930000001,55.0,True
200363,"VARUS, вул.Робоча 67",Dnipro,2026-09-28,1073.588972,76.0,73.0,2.0,3.0,4906.95,4906.95,7,81.7825,81.7825,100.0,2.73972602739726,3.9473684210526314,EUR,7,1073.588972,73.0,True
200363,"VARUS, вул.Робоча 67",Dnipro,2026-10-05,576.113168,35.0,33.0,6.0,2.0,701.0,701.0,2,11.683333333333334,11.683333333333334,100.0,18.181818181818183,5.714285714285714,EUR,7,576.113168,33.0,True
200364,"VARUS, Донецьке шосcе 110",Dnipro,2026-06-29,189.070006,17.0,17.0,0.0,0.0,3505.366666666667,3505.366666666667,5,58.42277777777778,58.42277777777778,100.0,0.0,0.0,EUR,7,189.070006,17.0,True
200364,"VARUS, Донецьке шосcе 110",Dnipro,2026-07-06,248.354584,21.0,20.0,7.0,1.0,4907.016666666666,4907.016666666666,7,81.78361111111111,81.78361111111111,100.0,35.0,4.761904761904762,EUR,7,248.354584,20.0,True
200364,"VARUS, Донецьке шосcе 110",Dnipro,2026-07-13,110.62563600000001,9.0,8.0,0.0,1.0,4906.866666666667,4906.866666666667,7,81.78111111111112,81.78111111111112,100.0,0.0,11.11111111111111,EUR,7,110.62563600000001,8.0,True
200364,"VARUS, Донецьке шосcе 110",Dnipro,2026-07-20,193.207306,17.0,17.0,3.0,0.0,4906.9,4906.9,7,81.78166666666667,81.78166666666667,100.0,17.647058823529413,0.0,EUR,7,193.207306,17.0,True
200364,"VARUS, Донецьке шосcе 110",Dnipro,2026-07-27,186.286365,15.0,14.0,3.0,1.0,4907.716666666667,4907.716666666667,7,81.79527777777778,81.79527777777778,100.0,21.428571428571427,6.666666666666667,EUR,7,186.286365,14.0,True
200364,"VARUS, Донецьке шосcе 110",Dnipro,2026-08-03,260.04218199999997,17.0,17.0,2.0,0.0,4907.166666666667,4907.166666666667,7,81.78611111111111,81.78611111111111,100.0,11.76470588235294,0.0,EUR,7,260.04218199999997,17.0,True
200364,"VARUS, Донецьке шосcе 110",Dnipro,2026-08-10,358.01565200000005,21.0,21.0,4.0,0.0,4906.45,4906.45,7,81.77416666666666,81.77416666666666,100.0,19.047619047619047,0.0,EUR,7,358.01565200000005,21.0,True
200364,"VARUS, Донецьке шосcе 110",Dnipro,2026-08-17,394.93161299999997,26.0,25.0,2.0,1.0,4906.35,4906.35,7,81.77250000000001,81.77250000000001,100.0,8.0,3.8461538461538463,EUR,7,394.93161299999997,25.0,True
200364,"VARUS, Донецьке шосcе 110",Dnipro,2026-08-24,308.42959799999994,29.0,25.0,4.0,4.0,4907.216666666667,4907.216666666667,7,81.78694444444446,81.78694444444446,100.0,16.0,13.793103448275861,EUR,7,308.42959799999994,25.0,True
200364,"VARUS, Донецьке шосcе 110",Dnipro,2026-08-31,353.89529,26.0,25.0,1.0,1.0,4907.7,4907.7,7,81.795,81.795,100.0,4.0,3.8461538461538463,EUR,7,353.89529,25.0,True
200364,"VARUS, Донецьке шосcе 110",Dnipro,2026-09-07,207.02080899999999,14.0,14.0,1.0,0.0,4906.5,4906.5,7,81.775,81.775,100.0,7.142857142857142,0.0,EUR,7,207.02080899999999,14.0,True
200364,"VARUS, Донецьке шосcе 110",Dnipro,2026-09-14,295.27765100000005,20.0,19.0,4.0,1.0,3475.05,4907.133333333333,7,57.917500000000004,81.78555555555555,70.81629464588967,21.052631578947366,5.0,EUR,7,295.27765100000005,19.0,True
200364,"VARUS, Донецьке шосcе 110",Dnipro,2026-09-21,339.12087699999995,21.0,21.0,2.0,0.0,4906.966666666666,4906.966666666666,7,81.78277777777777,81.78277777777777,100.0,9.523809523809524,0.0,EUR,7,339.12087699999995,21.0,True
200364,"VARUS, Донецьке шосcе 110",Dnipro,2026-09-28,341.96091499999994,21.0,21.0,1.0,0.0,4906.95,4906.95,7,81.7825,81.7825,100.0,4.761904761904762,0.0,EUR,7,341.96091499999994,21.0,True
200364,"VARUS, Донецьке шосcе 110",Dnipro,2026-10-05,56.263098,2.0,2.0,0.0,0.0,701.0,701.0,2,11.683333333333334,11.683333333333334,100.0,0.0,0.0,EUR,7,56.263098,2.0,True
200365,"VARUS, Північно-Кільцева вулиця, 10а,",Zaporizhia,2026-06-29,451.242849,22.0,22.0,1.0,0.0,3505.366666666667,3505.366666666667,5,58.42277777777778,58.42277777777778,100.0,4.545454545454546,0.0,EUR,7,451.242849,22.0,True
200365,"VARUS, Північно-Кільцева вулиця, 10а,",Zaporizhia,2026-07-06,354.89672699999994,24.0,20.0,3.0,4.0,4907.016666666666,4907.016666666666,7,81.78361111111111,81.78361111111111,100.0,15.0,16.666666666666664,EUR,7,354.89672699999994,20.0,True
200365,"VARUS, Північно-Кільцева вулиця, 10а,",Zaporizhia,2026-07-13,393.522875,24.0,21.0,3.0,3.0,4906.866666666667,4906.866666666667,7,81.78111111111112,81.78111111111112,100.0,14.285714285714285,12.5,EUR,7,393.522875,21.0,True
200365,"VARUS, Північно-Кільцева вулиця, 10а,",Zaporizhia,2026-07-20,332.654753,21.0,20.0,2.0,1.0,4904.9,4904.9,7,81.74833333333332,81.74833333333332,100.0,10.0,4.761904761904762,EUR,7,332.654753,20.0,True
200365,"VARUS, Північно-Кільцева вулиця, 10а,",Zaporizhia,2026-07-27,332.94869099999994,27.0,27.0,3.0,0.0,4906.716666666667,4906.716666666667,7,81.77861111111112,81.77861111111112,100.0,11.11111111111111,0.0,EUR,7,332.94869099999994,27.0,True
200365,"VARUS, Північно-Кільцева вулиця, 10а,",Zaporizhia,2026-08-03,177.457509,37.0,18.0,5.0,19.0,4505.983333333333,4905.166666666667,7,75.09972222222221,81.75277777777778,91.86198226359959,27.77777777777778,51.35135135135135,EUR,7,177.457509,18.0,True
200365,"VARUS, Північно-Кільцева вулиця, 10а,",Zaporizhia,2026-08-10,0.0,0.0,0.0,0.0,0.0,2826.483341471354,4906.383333333333,7,47.10805569118923,81.77305555555556,57.60828597041312,,,EUR,7,0.0,0.0,True
200365,"VARUS, Північно-Кільцева вулиця, 10а,",Zaporizhia,2026-08-17,0.0,0.0,0.0,0.0,0.0,4905.35,4905.35,7,81.75583333333334,81.75583333333334,100.0,,,EUR,7,0.0,0.0,True
200365,"VARUS, Північно-Кільцева вулиця, 10а,",Zaporizhia,2026-08-24,305.273841,13.0,13.0,3.0,0.0,3184.0,4907.216666666667,7,53.06666666666667,81.78694444444446,64.88403134159554,23.076923076923077,0.0,EUR,7,305.273841,13.0,True
200365,"VARUS, Північно-Кільцева вулиця, 10а,",Zaporizhia,2026-08-31,528.869584,45.0,36.0,8.0,9.0,4907.7,4907.7,7,81.795,81.795,100.0,22.22222222222222,20.0,EUR,7,528.869584,36.0,True
200365,"VARUS, Північно-Кільцева вулиця, 10а,",Zaporizhia,2026-09-07,998.845643,64.0,52.0,8.0,12.0,4906.5,4906.5,7,81.775,81.775,100.0,15.384615384615385,18.75,EUR,7,998.845643,52.0,True
200365,"VARUS, Північно-Кільцева вулиця, 10а,",Zaporizhia,2026-09-14,449.056106,31.0,28.0,11.0,3.0,4907.133333333333,4907.133333333333,7,81.78555555555555,81.78555555555555,100.0,39.285714285714285,9.67741935483871,EUR,7,449.056106,28.0,True
200365,"VARUS, Північно-Кільцева вулиця, 10а,",Zaporizhia,2026-09-21,218.74127499999997,16.0,12.0,6.0,4.0,2492.7,2520.2666666666664,7,41.544999999999995,42.00444444444444,98.90620040207385,50.0,25.0,EUR,7,218.74127499999997,12.0,True
200365,"VARUS, Північно-Кільцева вулиця, 10а,",Zaporizhia,2026-09-28,371.621747,38.0,25.0,6.0,13.0,2804.0,2804.0,7,46.733333333333334,46.733333333333334,100.0,24.0,34.21052631578947,EUR,7,371.621747,25.0,True
200365,"VARUS, Північно-Кільцева вулиця, 10а,",Zaporizhia,2026-10-05,191.365634,28.0,15.0,0.0,13.0,701.0,701.0,2,11.683333333333334,11.683333333333334,100.0,0.0,46.42857142857143,EUR,7,191.365634,15.0,True
200366,"VARUS, вул. Яценка 2",Zaporizhia,2026-06-29,643.621674,38.0,37.0,3.0,1.0,3227.6499999999996,3505.366666666667,5,53.79416666666666,58.42277777777778,92.07738610321316,8.108108108108109,2.631578947368421,EUR,7,643.621674,37.0,True
200366,"VARUS, вул. Яценка 2",Zaporizhia,2026-07-06,681.481496,40.0,39.0,3.0,1.0,4907.016666666666,4907.016666666666,7,81.78361111111111,81.78361111111111,100.0,7.6923076923076925,2.5,EUR,7,681.481496,39.0,True
200366,"VARUS, вул. Яценка 2",Zaporizhia,2026-07-13,872.7869609999999,46.0,45.0,10.0,1.0,4800.066666666667,4906.766666666666,7,80.00111111111111,81.77944444444444,97.82545192693084,22.22222222222222,2.1739130434782608,EUR,7,872.7869609999999,45.0,True
200366,"VARUS, вул. Яценка 2",Zaporizhia,2026-07-20,197.05814500000002,15.0,15.0,3.0,0.0,3496.266666666667,4904.633333333333,7,58.27111111111112,81.74388888888889,71.28497543139481,20.0,0.0,EUR,7,197.05814500000002,15.0,True
200366,"VARUS, вул. Яценка 2",Zaporizhia,2026-07-27,1551.593967,90.0,86.0,8.0,4.0,4906.716666666667,4906.716666666667,7,81.77861111111112,81.77861111111112,100.0,9.30232558139535,4.444444444444445,EUR,7,1551.593967,86.0,True
200366,"VARUS, вул. Яценка 2",Zaporizhia,2026-08-03,459.184536,34.0,33.0,5.0,1.0,4692.049999999999,4905.166666666667,7,78.20083333333332,81.75277777777778,95.65526145900579,15.151515151515152,2.941176470588235,EUR,7,459.184536,33.0,True
200366,"VARUS, вул. Яценка 2",Zaporizhia,2026-08-10,331.636144,20.0,19.0,3.0,1.0,5090.783333333333,5645.366666666667,7,84.84638888888888,94.08944444444445,90.17630977615862,15.789473684210526,5.0,EUR,7,331.636144,19.0,True
200366,"VARUS, вул. Яценка 2",Zaporizhia,2026-08-17,0.0,0.0,0.0,0.0,0.0,4905.35,4905.35,7,81.75583333333334,81.75583333333334,100.0,,,EUR,7,0.0,0.0,True
200366,"VARUS, вул. Яценка 2",Zaporizhia,2026-08-24,531.585987,28.0,27.0,3.0,1.0,3182.5166666666664,4907.216666666667,7,53.04194444444444,81.78694444444446,64.8538037516175,11.11111111111111,3.571428571428571,EUR,7,531.585987,27.0,True
200366,"VARUS, вул. Яценка 2",Zaporizhia,2026-08-31,521.274407,30.0,30.0,5.0,0.0,3209.65,3209.65,7,53.494166666666665,53.494166666666665,100.0,16.666666666666664,0.0,EUR,7,521.274407,30.0,True
200366,"VARUS, вул. Яценка 2",Zaporizhia,2026-09-07,54.710555,4.0,3.0,0.0,1.0,509.48333333333335,524.5166666666667,7,8.491388888888888,8.741944444444444,97.13386927647676,0.0,25.0,EUR,7,54.710555,3.0,True
200366,"VARUS, вул. Яценка 2",Zaporizhia,2026-09-14,0.0,0.0,0.0,0.0,0.0,0.0,0.0,7,0.0,0.0,,,,EUR,7,0.0,0.0,True
200366,"VARUS, вул. Яценка 2",Zaporizhia,2026-09-21,21.557256,2.0,2.0,0.0,0.0,191.0,191.0,7,3.183333333333333,3.183333333333333,100.0,0.0,0.0,EUR,7,21.557256,2.0,True
200366,"VARUS, вул. Яценка 2",Zaporizhia,2026-09-28,705.178635,43.0,42.0,9.0,1.0,4906.95,4906.95,7,81.7825,81.7825,100.0,21.428571428571427,2.3255813953488373,EUR,7,705.178635,42.0,True
200366,"VARUS, вул. Яценка 2",Zaporizhia,2026-10-05,217.486314,18.0,16.0,2.0,2.0,701.0,701.0,2,11.683333333333334,11.683333333333334,100.0,12.5,11.11111111111111,EUR,7,217.486314,16.0,True
200367,"VARUS вул.Петра Сагайдачного, 7",Zaporizhia,2026-06-29,283.845607,22.0,21.0,2.0,1.0,3505.366666666667,3505.366666666667,5,58.42277777777778,58.42277777777778,100.0,9.523809523809524,4.545454545454546,EUR,7,283.845607,21.0,True
200367,"VARUS вул.Петра Сагайдачного, 7",Zaporizhia,2026-07-06,366.146155,26.0,25.0,1.0,1.0,4907.016666666666,4907.016666666666,7,81.78361111111111,81.78361111111111,100.0,4.0,3.8461538461538463,EUR,7,366.146155,25.0,True
200367,"VARUS вул.Петра Сагайдачного, 7",Zaporizhia,2026-07-13,323.798192,23.0,21.0,1.0,2.0,4906.866666666667,4906.866666666667,7,81.78111111111112,81.78111111111112,100.0,4.761904761904762,8.695652173913043,EUR,7,323.798192,21.0,True
200367,"VARUS вул.Петра Сагайдачного, 7",Zaporizhia,2026-07-20,339.986777,22.0,22.0,2.0,0.0,4904.9,4904.9,7,81.74833333333332,81.74833333333332,100.0,9.090909090909092,0.0,EUR,7,339.986777,22.0,True
200367,"VARUS вул.Петра Сагайдачного, 7",Zaporizhia,2026-07-27,436.192009,20.0,20.0,4.0,0.0,4906.716666666667,4906.716666666667,7,81.77861111111112,81.77861111111112,100.0,20.0,0.0,EUR,7,436.192009,20.0,True
200367,"VARUS вул.Петра Сагайдачного, 7",Zaporizhia,2026-08-03,268.76480100000003,25.0,24.0,3.0,1.0,4691.783333333333,4905.166666666667,7,78.19638888888888,81.75277777777778,95.64982501444054,12.5,4.0,EUR,7,268.76480100000003,24.0,True
200367,"VARUS вул.Петра Сагайдачного, 7",Zaporizhia,2026-08-10,586.304815,42.0,41.0,13.0,1.0,4906.45,4906.45,7,81.77416666666666,81.77416666666666,100.0,31.70731707317073,2.380952380952381,EUR,7,586.304815,41.0,True
200367,"VARUS вул.Петра Сагайдачного, 7",Zaporizhia,2026-08-17,663.651837,51.0,51.0,14.0,0.0,4905.35,4905.35,7,81.75583333333334,81.75583333333334,100.0,27.450980392156865,0.0,EUR,7,663.651837,51.0,True
200367,"VARUS вул.Петра Сагайдачного, 7",Zaporizhia,2026-08-24,484.79803400000003,49.0,40.0,8.0,9.0,4907.216666666667,4907.216666666667,7,81.78694444444446,81.78694444444446,100.0,20.0,18.367346938775512,EUR,7,484.79803400000003,40.0,True
200367,"VARUS вул.Петра Сагайдачного, 7",Zaporizhia,2026-08-31,250.69818800000002,30.0,17.0,5.0,13.0,3107.5000000000005,3107.766666666667,7,51.79166666666667,51.79611111111112,99.99141934722685,29.411764705882355,43.333333333333336,EUR,7,250.69818800000002,17.0,True
200367,"VARUS вул.Петра Сагайдачного, 7",Zaporizhia,2026-09-07,88.104963,35.0,13.0,0.0,22.0,4583.516666666666,4906.5,7,76.39194444444443,81.775,93.41723563979755,0.0,62.857142857142854,EUR,7,88.104963,13.0,True
200367,"VARUS вул.Петра Сагайдачного, 7",Zaporizhia,2026-09-14,336.659492,28.0,26.0,2.0,2.0,4907.133333333333,4907.133333333333,7,81.78555555555555,81.78555555555555,100.0,7.6923076923076925,7.142857142857142,EUR,7,336.659492,26.0,True
200367,"VARUS вул.Петра Сагайдачного, 7",Zaporizhia,2026-09-21,415.202474,38.0,34.0,4.0,4.0,4906.966666666666,4906.966666666666,7,81.78277777777777,81.78277777777777,100.0,11.76470588235294,10.526315789473683,EUR,7,415.202474,34.0,True
200367,"VARUS вул.Петра Сагайдачного, 7",Zaporizhia,2026-09-28,230.50820499999998,19.0,17.0,1.0,2.0,4906.95,4906.95,7,81.7825,81.7825,100.0,5.88235294117647,10.526315789473683,EUR,7,230.50820499999998,17.0,True
200367,"VARUS вул.Петра Сагайдачного, 7",Zaporizhia,2026-10-05,269.292817,16.0,15.0,2.0,1.0,701.0,701.0,2,11.683333333333334,11.683333333333334,100.0,13.333333333333334,6.25,EUR,7,269.292817,15.0,True
200368,"VARUS, пр. Героїв 2",Dnipro,2026-06-29,680.84203,53.0,51.0,3.0,2.0,3505.366666666667,3505.366666666667,5,58.42277777777778,58.42277777777778,100.0,5.88235294117647,3.7735849056603774,EUR,7,680.84203,51.0,True
200368,"VARUS, пр. Героїв 2",Dnipro,2026-07-06,1061.4676610000001,75.0,70.0,15.0,5.0,4882.066666666667,4907.016666666666,7,81.36777777777777,81.78361111111111,99.4915444210841,21.428571428571427,6.666666666666667,EUR,7,1061.4676610000001,70.0,True
200368,"VARUS, пр. Героїв 2",Dnipro,2026-07-13,1060.8275170000002,79.0,78.0,8.0,1.0,4906.866666666667,4906.866666666667,7,81.78111111111112,81.78111111111112,100.0,10.256410256410255,1.2658227848101267,EUR,7,1060.8275170000002,78.0,True
200368,"VARUS, пр. Героїв 2",Dnipro,2026-07-20,1191.731457,70.0,70.0,6.0,0.0,4906.9,4906.9,7,81.78166666666667,81.78166666666667,100.0,8.571428571428571,0.0,EUR,7,1191.731457,70.0,True
200368,"VARUS, пр. Героїв 2",Dnipro,2026-07-27,1003.0390009999999,65.0,63.0,8.0,2.0,4907.716666666667,4907.716666666667,7,81.79527777777778,81.79527777777778,100.0,12.698412698412698,3.076923076923077,EUR,7,1003.0390009999999,63.0,True
200368,"VARUS, пр. Героїв 2",Dnipro,2026-08-03,1751.639961,127.0,121.0,9.0,6.0,4907.166666666667,4907.166666666667,7,81.78611111111111,81.78611111111111,100.0,7.43801652892562,4.724409448818897,EUR,7,1751.639961,121.0,True
200368,"VARUS, пр. Героїв 2",Dnipro,2026-08-10,2231.749475,149.0,137.0,14.0,12.0,4906.45,4906.45,7,81.77416666666666,81.77416666666666,100.0,10.218978102189782,8.053691275167784,EUR,7,2231.749475,137.0,True
200368,"VARUS, пр. Героїв 2",Dnipro,2026-08-17,2152.831493,155.0,148.0,12.0,7.0,4906.35,4906.35,7,81.77250000000001,81.77250000000001,100.0,8.108108108108109,4.516129032258064,EUR,7,2152.831493,148.0,True
200368,"VARUS, пр. Героїв 2",Dnipro,2026-08-24,1563.036544,94.0,91.0,11.0,3.0,3236.3166666666666,4907.216666666667,7,53.93861111111111,81.78694444444446,65.95014825104522,12.087912087912088,3.1914893617021276,EUR,7,1563.036544,91.0,True
200368,"VARUS, пр. Героїв 2",Dnipro,2026-08-31,1349.373715,87.0,77.0,14.0,10.0,3395.7833333333333,4907.7,7,56.59638888888889,81.795,69.19296887204462,18.181818181818183,11.494252873563218,EUR,7,1349.373715,77.0,True
200368,"VARUS, пр. Героїв 2",Dnipro,2026-09-07,1704.831181,117.0,109.0,16.0,8.0,4295.5,4337.5,7,71.59166666666667,72.29166666666667,99.03170028818444,14.678899082568808,6.837606837606838,EUR,7,1704.831181,109.0,True
200368,"VARUS, пр. Героїв 2",Dnipro,2026-09-14,2485.816879,168.0,157.0,30.0,11.0,4907.133333333333,4907.133333333333,7,81.78555555555555,81.78555555555555,100.0,19.10828025477707,6.547619047619048,EUR,7,2485.816879,157.0,True
200368,"VARUS, пр. Героїв 2",Dnipro,2026-09-21,1918.614602,113.0,107.0,22.0,6.0,4906.966666666666,4906.966666666666,7,81.78277777777777,81.78277777777777,100.0,20.5607476635514,5.3097345132743365,EUR,7,1918.614602,107.0,True
200368,"VARUS, пр. Героїв 2",Dnipro,2026-09-28,1570.775715,117.0,101.0,11.0,16.0,4906.95,4906.95,7,81.7825,81.7825,100.0,10.891089108910892,13.675213675213676,EUR,7,1570.775715,101.0,True
200368,"VARUS, пр. Героїв 2",Dnipro,2026-10-05,517.9409390000001,42.0,38.0,8.0,4.0,701.0,701.0,2,11.683333333333334,11.683333333333334,100.0,21.052631578947366,9.523809523809524,EUR,7,517.9409390000001,38.0,True
200369,"VARUS, вул.Тараса Шевченка 7",Kamianske,2026-06-29,123.498906,7.0,7.0,3.0,0.0,3005.366666666667,3005.366666666667,5,50.089444444444446,50.089444444444446,100.0,42.857142857142854,0.0,EUR,7,123.498906,7.0,True
200369,"VARUS, вул.Тараса Шевченка 7",Kamianske,2026-07-06,51.887506,4.0,3.0,1.0,1.0,4207.333333333333,4207.333333333333,7,70.12222222222222,70.12222222222222,100.0,33.33333333333333,25.0,EUR,7,51.887506,3.0,True
200369,"VARUS, вул.Тараса Шевченка 7",Kamianske,2026-07-13,178.707369,9.0,9.0,2.0,0.0,4206.866666666667,4206.866666666667,7,70.11444444444444,70.11444444444444,100.0,22.22222222222222,0.0,EUR,7,178.707369,9.0,True
200369,"VARUS, вул.Тараса Шевченка 7",Kamianske,2026-07-20,98.493541,6.0,6.0,0.0,0.0,4206.9,4206.9,7,70.115,70.115,100.0,0.0,0.0,EUR,7,98.493541,6.0,True
200369,"VARUS, вул.Тараса Шевченка 7",Kamianske,2026-07-27,114.404836,7.0,6.0,1.0,1.0,4207.716666666667,4207.716666666667,7,70.12861111111111,70.12861111111111,100.0,16.666666666666664,14.285714285714285,EUR,7,114.404836,6.0,True
200369,"VARUS, вул.Тараса Шевченка 7",Kamianske,2026-08-03,162.093533,10.0,8.0,4.0,2.0,4206.166666666666,4206.166666666666,7,70.10277777777777,70.10277777777777,100.0,50.0,20.0,EUR,7,162.093533,8.0,True
200369,"VARUS, вул.Тараса Шевченка 7",Kamianske,2026-08-10,318.365961,35.0,18.0,4.0,17.0,4207.016666666666,4207.016666666666,7,70.11694444444444,70.11694444444444,100.0,22.22222222222222,48.57142857142857,EUR,7,318.365961,18.0,True
200369,"VARUS, вул.Тараса Шевченка 7",Kamianske,2026-08-17,318.836247,19.0,16.0,5.0,3.0,4206.35,4206.35,7,70.10583333333334,70.10583333333334,100.0,31.25,15.789473684210526,EUR,7,318.836247,16.0,True
200369,"VARUS, вул.Тараса Шевченка 7",Kamianske,2026-08-24,183.52700900000002,13.0,9.0,2.0,4.0,4207.216666666667,4207.216666666667,7,70.12027777777779,70.12027777777779,100.0,22.22222222222222,30.76923076923077,EUR,7,183.52700900000002,9.0,True
200369,"VARUS, вул.Тараса Шевченка 7",Kamianske,2026-08-31,347.35449,18.0,13.0,3.0,5.0,4207.7,4207.7,7,70.12833333333333,70.12833333333333,100.0,23.076923076923077,27.77777777777778,EUR,7,347.35449,13.0,True
200369,"VARUS, вул.Тараса Шевченка 7",Kamianske,2026-09-07,153.584261,10.0,6.0,4.0,4.0,4206.5,4206.5,7,70.10833333333333,70.10833333333333,100.0,66.66666666666666,40.0,EUR,7,153.584261,6.0,True
200369,"VARUS, вул.Тараса Шевченка 7",Kamianske,2026-09-14,76.018157,7.0,4.0,2.0,3.0,4207.133333333333,4207.133333333333,7,70.11888888888889,70.11888888888889,100.0,50.0,42.857142857142854,EUR,7,76.018157,4.0,True
200369,"VARUS, вул.Тараса Шевченка 7",Kamianske,2026-09-21,143.76251,6.0,5.0,2.0,1.0,4206.983333333334,4206.983333333334,7,70.11638888888889,70.11638888888889,100.0,40.0,16.666666666666664,EUR,7,143.76251,5.0,True
200369,"VARUS, вул.Тараса Шевченка 7",Kamianske,2026-09-28,109.18025399999999,11.0,9.0,0.0,2.0,4206.95,4206.95,7,70.11583333333333,70.11583333333333,100.0,0.0,18.181818181818183,EUR,7,109.18025399999999,9.0,True
200369,"VARUS, вул.Тараса Шевченка 7",Kamianske,2026-10-05,30.844728000000003,3.0,2.0,0.0,1.0,601.0,601.0,2,10.016666666666667,10.016666666666667,100.0,0.0,33.33333333333333,EUR,7,30.844728000000003,2.0,True
200370,"VARUS, вул.Незалежної України 57В",Zaporizhia,2026-06-29,550.664026,41.0,40.0,5.0,1.0,3131.7333333333336,3505.366666666667,5,52.19555555555556,58.42277777777778,89.34110554292943,12.5,2.4390243902439024,EUR,7,550.664026,40.0,True
200370,"VARUS, вул.Незалежної України 57В",Zaporizhia,2026-07-06,1289.002743,79.0,79.0,6.0,0.0,4907.016666666666,4907.016666666666,7,81.78361111111111,81.78361111111111,100.0,7.59493670886076,0.0,EUR,7,1289.002743,79.0,True
200370,"VARUS, вул.Незалежної України 57В",Zaporizhia,2026-07-13,922.4928299999999,54.0,54.0,3.0,0.0,4906.866666666667,4906.866666666667,7,81.78111111111112,81.78111111111112,100.0,5.555555555555555,0.0,EUR,7,922.4928299999999,54.0,True
200370,"VARUS, вул.Незалежної України 57В",Zaporizhia,2026-07-20,918.424135,56.0,56.0,5.0,0.0,4904.9,4904.9,7,81.74833333333332,81.74833333333332,100.0,8.928571428571429,0.0,EUR,7,918.424135,56.0,True
200370,"VARUS, вул.Незалежної України 57В",Zaporizhia,2026-07-27,814.8680830000001,45.0,43.0,4.0,2.0,3991.0499999999997,4906.716666666667,7,66.5175,81.77861111111112,81.3385053820783,9.30232558139535,4.444444444444445,EUR,7,814.8680830000001,43.0,True
200370,"VARUS, вул.Незалежної України 57В",Zaporizhia,2026-08-03,513.761518,38.0,37.0,4.0,1.0,4691.483333333333,4905.166666666667,7,78.19138888888888,81.75277777777778,95.64370901430462,10.81081081081081,2.631578947368421,EUR,7,513.761518,37.0,True
200370,"VARUS, вул.Незалежної України 57В",Zaporizhia,2026-08-10,1794.7207429999999,107.0,98.0,11.0,9.0,4906.45,4906.45,7,81.77416666666666,81.77416666666666,100.0,11.224489795918368,8.411214953271028,EUR,7,1794.7207429999999,98.0,True
200370,"VARUS, вул.Незалежної України 57В",Zaporizhia,2026-08-17,2932.3691959999996,145.0,145.0,11.0,0.0,4905.35,4905.35,7,81.75583333333334,81.75583333333334,100.0,7.586206896551724,0.0,EUR,7,2932.3691959999996,145.0,True
200370,"VARUS, вул.Незалежної України 57В",Zaporizhia,2026-08-24,2313.807019,142.0,141.0,13.0,1.0,4907.216666666667,4907.216666666667,7,81.78694444444446,81.78694444444446,100.0,9.219858156028367,0.7042253521126761,EUR,7,2313.807019,141.0,True
200370,"VARUS, вул.Незалежної України 57В",Zaporizhia,2026-08-31,1327.729367,95.0,93.0,7.0,2.0,4733.466666666667,4907.7,7,78.89111111111112,81.795,96.44979657816629,7.526881720430108,2.1052631578947367,EUR,7,1327.729367,93.0,True
200370,"VARUS, вул.Незалежної України 57В",Zaporizhia,2026-09-07,1970.6641260000001,122.0,120.0,15.0,2.0,4906.5,4906.5,7,81.775,81.775,100.0,12.5,1.639344262295082,EUR,7,1970.6641260000001,120.0,True
200370,"VARUS, вул.Незалежної України 57В",Zaporizhia,2026-09-14,2030.369624,128.0,128.0,17.0,0.0,4907.133333333333,4907.133333333333,7,81.78555555555555,81.78555555555555,100.0,13.28125,0.0,EUR,7,2030.369624,128.0,True
200370,"VARUS, вул.Незалежної України 57В",Zaporizhia,2026-09-21,2125.639268,120.0,118.0,8.0,2.0,4906.966666666666,4906.966666666666,7,81.78277777777777,81.78277777777777,100.0,6.779661016949152,1.6666666666666667,EUR,7,2125.639268,118.0,True
200370,"VARUS, вул.Незалежної України 57В",Zaporizhia,2026-09-28,1344.22349,86.0,85.0,14.0,1.0,4906.95,4906.95,7,81.7825,81.7825,100.0,16.470588235294116,1.1627906976744187,EUR,7,1344.22349,85.0,True
200370,"VARUS, вул.Незалежної України 57В",Zaporizhia,2026-10-05,542.2415570000001,34.0,34.0,3.0,0.0,701.0,701.0,2,11.683333333333334,11.683333333333334,100.0,8.823529411764707,0.0,EUR,7,542.2415570000001,34.0,True
200371,"VARUS, вул. Ольги Кобилянської 1В/23",Irpin,2026-06-29,505.44170700000006,36.0,33.0,4.0,3.0,3505.366666666667,3505.366666666667,5,58.42277777777778,58.42277777777778,100.0,12.121212121212121,8.333333333333332,EUR,7,505.44170700000006,33.0,True
200371,"VARUS, вул. Ольги Кобилянської 1В/23",Irpin,2026-07-06,521.413908,42.0,40.0,2.0,2.0,4882.483333333334,4906.933333333333,7,81.37472222222223,81.78222222222222,99.50172544970383,5.0,4.761904761904762,EUR,7,521.413908,40.0,True
200371,"VARUS, вул. Ольги Кобилянської 1В/23",Irpin,2026-07-13,373.026946,25.0,24.0,1.0,1.0,3928.55,4906.783333333333,7,65.47583333333334,81.77972222222222,80.06365337780692,4.166666666666666,4.0,EUR,7,373.026946,24.0,True
200371,"VARUS, вул. Ольги Кобилянської 1В/23",Irpin,2026-07-20,886.7852680000001,62.0,62.0,5.0,0.0,4906.9,4906.9,7,81.78166666666667,81.78166666666667,100.0,8.064516129032258,0.0,EUR,7,886.7852680000001,62.0,True
200371,"VARUS, вул. Ольги Кобилянської 1В/23",Irpin,2026-07-27,1253.042328,81.0,79.0,10.0,2.0,4907.716666666667,4907.716666666667,7,81.79527777777778,81.79527777777778,100.0,12.658227848101266,2.4691358024691357,EUR,7,1253.042328,79.0,True
200371,"VARUS, вул. Ольги Кобилянської 1В/23",Irpin,2026-08-03,1083.003027,78.0,76.0,16.0,2.0,4907.166666666667,4907.166666666667,7,81.78611111111111,81.78611111111111,100.0,21.052631578947366,2.564102564102564,EUR,7,1083.003027,76.0,True
200371,"VARUS, вул. Ольги Кобилянської 1В/23",Irpin,2026-08-10,1837.10684,118.0,110.0,28.0,8.0,4906.45,4906.45,7,81.77416666666666,81.77416666666666,100.0,25.454545454545453,6.779661016949152,EUR,7,1837.10684,110.0,True
200371,"VARUS, вул. Ольги Кобилянської 1В/23",Irpin,2026-08-17,1289.189149,91.0,89.0,16.0,2.0,4906.35,4906.35,7,81.77250000000001,81.77250000000001,100.0,17.97752808988764,2.197802197802198,EUR,7,1289.189149,89.0,True
200371,"VARUS, вул. Ольги Кобилянської 1В/23",Irpin,2026-08-24,1553.444015,104.0,102.0,19.0,2.0,4907.216666666667,4907.216666666667,7,81.78694444444446,81.78694444444446,100.0,18.627450980392158,1.9230769230769231,EUR,7,1553.444015,102.0,True
200371,"VARUS, вул. Ольги Кобилянської 1В/23",Irpin,2026-08-31,1619.611382,95.0,93.0,9.0,2.0,4907.7,4907.7,7,81.795,81.795,100.0,9.67741935483871,2.1052631578947367,EUR,7,1619.611382,93.0,True
200371,"VARUS, вул. Ольги Кобилянської 1В/23",Irpin,2026-09-07,1599.2205709999998,102.0,101.0,10.0,1.0,4906.5,4906.5,7,81.775,81.775,100.0,9.900990099009901,0.9803921568627451,EUR,7,1599.2205709999998,101.0,True
200371,"VARUS, вул. Ольги Кобилянської 1В/23",Irpin,2026-09-14,825.862302,56.0,54.0,11.0,2.0,3483.45,4907.133333333333,7,58.0575,81.78555555555555,70.98747401741682,20.37037037037037,3.571428571428571,EUR,7,825.862302,54.0,True
200371,"VARUS, вул. Ольги Кобилянської 1В/23",Irpin,2026-09-21,1119.769969,68.0,67.0,9.0,1.0,4906.966666666666,4906.966666666666,7,81.78277777777777,81.78277777777777,100.0,13.432835820895523,1.4705882352941175,EUR,7,1119.769969,67.0,True
200371,"VARUS, вул. Ольги Кобилянської 1В/23",Irpin,2026-09-28,1170.740057,70.0,69.0,8.0,1.0,4906.95,4906.95,7,81.7825,81.7825,100.0,11.594202898550725,1.4285714285714286,EUR,7,1170.740057,69.0,True
200371,"VARUS, вул. Ольги Кобилянської 1В/23",Irpin,2026-10-05,265.238239,21.0,21.0,3.0,0.0,701.0,701.0,2,11.683333333333334,11.683333333333334,100.0,14.285714285714285,0.0,EUR,7,265.238239,21.0,True
200372,"VARUS, бул.Будівельників 27а",Kamianske,2026-06-29,29.128247,3.0,2.0,1.0,1.0,3005.366666666667,3005.366666666667,5,50.089444444444446,50.089444444444446,100.0,50.0,33.33333333333333,EUR,7,29.128247,2.0,True
200372,"VARUS, бул.Будівельників 27а",Kamianske,2026-07-06,94.769846,6.0,5.0,1.0,1.0,4207.333333333333,4207.333333333333,7,70.12222222222222,70.12222222222222,100.0,20.0,16.666666666666664,EUR,7,94.769846,5.0,True
200372,"VARUS, бул.Будівельників 27а",Kamianske,2026-07-13,109.12097700000001,5.0,4.0,0.0,1.0,4206.866666666667,4206.866666666667,7,70.11444444444444,70.11444444444444,100.0,0.0,20.0,EUR,7,109.12097700000001,4.0,True
200372,"VARUS, бул.Будівельників 27а",Kamianske,2026-07-20,183.753693,6.0,6.0,2.0,0.0,4206.9,4206.9,7,70.115,70.115,100.0,33.33333333333333,0.0,EUR,7,183.753693,6.0,True
200372,"VARUS, бул.Будівельників 27а",Kamianske,2026-07-27,190.336953,11.0,10.0,5.0,1.0,4207.716666666667,4207.716666666667,7,70.12861111111111,70.12861111111111,100.0,50.0,9.090909090909092,EUR,7,190.336953,10.0,True
200372,"VARUS, бул.Будівельників 27а",Kamianske,2026-08-03,272.328268,21.0,12.0,6.0,9.0,4206.166666666666,4206.166666666666,7,70.10277777777777,70.10277777777777,100.0,50.0,42.857142857142854,EUR,7,272.328268,12.0,True
200372,"VARUS, бул.Будівельників 27а",Kamianske,2026-08-10,245.219302,21.0,13.0,8.0,8.0,4207.016666666666,4207.016666666666,7,70.11694444444444,70.11694444444444,100.0,61.53846153846154,38.095238095238095,EUR,7,245.219302,13.0,True
200372,"VARUS, бул.Будівельників 27а",Kamianske,2026-08-17,179.53531800000002,7.0,7.0,2.0,0.0,4206.35,4206.35,7,70.10583333333334,70.10583333333334,100.0,28.57142857142857,0.0,EUR,7,179.53531800000002,7.0,True
200372,"VARUS, бул.Будівельників 27а",Kamianske,2026-08-24,118.19263800000002,9.0,5.0,0.0,4.0,4207.216666666667,4207.216666666667,7,70.12027777777779,70.12027777777779,100.0,0.0,44.44444444444444,EUR,7,118.19263800000002,5.0,True
200372,"VARUS, бул.Будівельників 27а",Kamianske,2026-08-31,255.14966500000003,17.0,15.0,4.0,2.0,4207.7,4207.7,7,70.12833333333333,70.12833333333333,100.0,26.666666666666668,11.76470588235294,EUR,7,255.14966500000003,15.0,True
200372,"VARUS, бул.Будівельників 27а",Kamianske,2026-09-07,85.524194,9.0,5.0,3.0,4.0,4206.5,4206.5,7,70.10833333333333,70.10833333333333,100.0,60.0,44.44444444444444,EUR,7,85.524194,5.0,True
200372,"VARUS, бул.Будівельників 27а",Kamianske,2026-09-14,0.0,1.0,0.0,0.0,1.0,4207.133333333333,4207.133333333333,7,70.11888888888889,70.11888888888889,100.0,,100.0,EUR,7,0.0,0.0,True
200372,"VARUS, бул.Будівельників 27а",Kamianske,2026-09-21,0.0,0.0,0.0,0.0,0.0,3667.6499999999996,4206.966666666666,7,61.12749999999999,70.11611111111111,87.18039125577415,,,EUR,7,0.0,0.0,True
200372,"VARUS, бул.Будівельників 27а",Kamianske,2026-09-28,53.961724000000004,3.0,3.0,1.0,0.0,4206.95,4206.95,7,70.11583333333333,70.11583333333333,100.0,33.33333333333333,0.0,EUR,7,53.961724000000004,3.0,True
200372,"VARUS, бул.Будівельників 27а",Kamianske,2026-10-05,0.0,0.0,0.0,0.0,0.0,601.0,601.0,2,10.016666666666667,10.016666666666667,100.0,,,EUR,7,0.0,0.0,True
200373,"VARUS, пр. Академіка Паладіна 16/39",Kyiv,2026-06-29,1116.887413,61.0,56.0,7.0,5.0,3505.366666666667,3505.366666666667,5,58.42277777777778,58.42277777777778,100.0,12.5,8.19672131147541,EUR,7,1116.887413,56.0,True
200373,"VARUS, пр. Академіка Паладіна 16/39",Kyiv,2026-07-06,1704.6161110000003,96.0,94.0,8.0,2.0,4907.016666666666,4907.016666666666,7,81.78361111111111,81.78361111111111,100.0,8.51063829787234,2.083333333333333,EUR,7,1704.6161110000003,94.0,True
200373,"VARUS, пр. Академіка Паладіна 16/39",Kyiv,2026-07-13,1643.568284,90.0,88.0,8.0,2.0,4906.866666666667,4906.866666666667,7,81.78111111111112,81.78111111111112,100.0,9.090909090909092,2.2222222222222223,EUR,7,1643.568284,88.0,True
200373,"VARUS, пр. Академіка Паладіна 16/39",Kyiv,2026-07-20,2467.892135,135.0,134.0,11.0,1.0,4906.9,4906.9,7,81.78166666666667,81.78166666666667,100.0,8.208955223880597,0.7407407407407408,EUR,7,2467.892135,134.0,True
200373,"VARUS, пр. Академіка Паладіна 16/39",Kyiv,2026-07-27,2476.7355669999997,131.0,130.0,14.0,1.0,4907.716666666667,4907.716666666667,7,81.79527777777778,81.79527777777778,100.0,10.76923076923077,0.7633587786259541,EUR,7,2476.7355669999997,130.0,True
200373,"VARUS, пр. Академіка Паладіна 16/39",Kyiv,2026-08-03,2396.117756,131.0,129.0,14.0,2.0,4907.166666666667,4907.166666666667,7,81.78611111111111,81.78611111111111,100.0,10.852713178294573,1.5267175572519083,EUR,7,2396.117756,129.0,True
200373,"VARUS, пр. Академіка Паладіна 16/39",Kyiv,2026-08-10,3098.894879,168.0,153.0,19.0,15.0,4906.45,4906.45,7,81.77416666666666,81.77416666666666,100.0,12.418300653594772,8.928571428571429,EUR,7,3098.894879,153.0,True
200373,"VARUS, пр. Академіка Паладіна 16/39",Kyiv,2026-08-17,3253.8251459999997,184.0,176.0,17.0,8.0,4906.35,4906.35,7,81.77250000000001,81.77250000000001,100.0,9.659090909090908,4.3478260869565215,EUR,7,3253.8251459999997,176.0,True
200373,"VARUS, пр. Академіка Паладіна 16/39",Kyiv,2026-08-24,4201.960527,228.0,219.0,30.0,9.0,4907.216666666667,4907.216666666667,7,81.78694444444446,81.78694444444446,100.0,13.698630136986301,3.9473684210526314,EUR,7,4201.960527,219.0,True
200373,"VARUS, пр. Академіка Паладіна 16/39",Kyiv,2026-08-31,2006.0242870000002,112.0,99.0,6.0,13.0,4870.95,4907.7,7,81.18249999999999,81.795,99.25117672229355,6.0606060606060606,11.607142857142858,EUR,7,2006.0242870000002,99.0,True
200373,"VARUS, пр. Академіка Паладіна 16/39",Kyiv,2026-09-07,3366.1661380000005,173.0,165.0,14.0,8.0,4906.5,4906.5,7,81.775,81.775,100.0,8.484848484848486,4.624277456647398,EUR,7,3366.1661380000005,165.0,True
200373,"VARUS, пр. Академіка Паладіна 16/39",Kyiv,2026-09-14,2902.2068010000003,153.0,142.0,14.0,11.0,4907.133333333333,4907.133333333333,7,81.78555555555555,81.78555555555555,100.0,9.859154929577464,7.18954248366013,EUR,7,2902.2068010000003,142.0,True
200373,"VARUS, пр. Академіка Паладіна 16/39",Kyiv,2026-09-21,2969.643191,169.0,153.0,13.0,16.0,4906.966666666666,4906.966666666666,7,81.78277777777777,81.78277777777777,100.0,8.49673202614379,9.467455621301776,EUR,7,2969.643191,153.0,True
200373,"VARUS, пр. Академіка Паладіна 16/39",Kyiv,2026-09-28,2830.266325,160.0,145.0,25.0,15.0,4701.016634114583,4906.95,7,78.35027723524306,81.7825,95.8032308076215,17.24137931034483,9.375,EUR,7,2830.266325,145.0,True
200373,"VARUS, пр. Академіка Паладіна 16/39",Kyiv,2026-10-05,671.580905,37.0,35.0,9.0,2.0,701.0,701.0,2,11.683333333333334,11.683333333333334,100.0,25.71428571428571,5.405405405405405,EUR,7,671.580905,35.0,True
200374,"VARUS, Проспект Червоної Калини 44A",Kyiv,2026-06-29,355.33286400000003,22.0,22.0,3.0,0.0,3505.366666666667,3505.366666666667,5,58.42277777777778,58.42277777777778,100.0,13.636363636363635,0.0,EUR,7,355.33286400000003,22.0,True
200374,"VARUS, Проспект Червоної Калини 44A",Kyiv,2026-07-06,693.5981409999999,46.0,43.0,5.0,3.0,4907.016666666666,4907.016666666666,7,81.78361111111111,81.78361111111111,100.0,11.627906976744185,6.521739130434782,EUR,7,693.5981409999999,43.0,True
200374,"VARUS, Проспект Червоної Калини 44A",Kyiv,2026-07-13,670.681863,37.0,36.0,2.0,1.0,4906.866666666667,4906.866666666667,7,81.78111111111112,81.78111111111112,100.0,5.555555555555555,2.7027027027027026,EUR,7,670.681863,36.0,True
200374,"VARUS, Проспект Червоної Калини 44A",Kyiv,2026-07-20,1533.294507,71.0,70.0,5.0,1.0,4906.9,4906.9,7,81.78166666666667,81.78166666666667,100.0,7.142857142857142,1.4084507042253522,EUR,7,1533.294507,70.0,True
200374,"VARUS, Проспект Червоної Калини 44A",Kyiv,2026-07-27,1161.457244,62.0,58.0,6.0,4.0,4907.716666666667,4907.716666666667,7,81.79527777777778,81.79527777777778,100.0,10.344827586206897,6.451612903225806,EUR,7,1161.457244,58.0,True
200374,"VARUS, Проспект Червоної Калини 44A",Kyiv,2026-08-03,1742.088548,94.0,92.0,4.0,2.0,4907.166666666667,4907.166666666667,7,81.78611111111111,81.78611111111111,100.0,4.3478260869565215,2.127659574468085,EUR,7,1742.088548,92.0,True
200374,"VARUS, Проспект Червоної Калини 44A",Kyiv,2026-08-10,2152.9114059999997,145.0,134.0,13.0,11.0,4906.45,4906.45,7,81.77416666666666,81.77416666666666,100.0,9.701492537313433,7.586206896551724,EUR,7,2152.9114059999997,134.0,True
200374,"VARUS, Проспект Червоної Калини 44A",Kyiv,2026-08-17,1072.034858,69.0,65.0,13.0,4.0,4245.416666666667,4906.35,7,70.75694444444444,81.77250000000001,86.52902191377841,20.0,5.797101449275362,EUR,7,1072.034858,65.0,True
200374,"VARUS, Проспект Червоної Калини 44A",Kyiv,2026-08-24,1252.225987,95.0,74.0,22.0,21.0,4907.216666666667,4907.216666666667,7,81.78694444444446,81.78694444444446,100.0,29.72972972972973,22.105263157894736,EUR,7,1252.225987,74.0,True
200374,"VARUS, Проспект Червоної Калини 44A",Kyiv,2026-08-31,551.068212,48.0,29.0,10.0,19.0,2332.8499999999995,4907.7,7,38.88083333333332,81.795,47.53448662306171,34.48275862068966,39.58333333333333,EUR,7,551.068212,29.0,True
200374,"VARUS, Проспект Червоної Калини 44A",Kyiv,2026-09-07,1150.1720690000002,78.0,66.0,18.0,12.0,4658.05,4906.5,7,77.63416666666667,81.775,94.93630897788648,27.27272727272727,15.384615384615385,EUR,7,1150.1720690000002,66.0,True
200374,"VARUS, Проспект Червоної Калини 44A",Kyiv,2026-09-14,912.788556,68.0,57.0,7.0,11.0,4907.133333333333,4907.133333333333,7,81.78555555555555,81.78555555555555,100.0,12.280701754385964,16.176470588235293,EUR,7,912.788556,57.0,True
200374,"VARUS, Проспект Червоної Калини 44A",Kyiv,2026-09-21,564.505404,42.0,36.0,6.0,6.0,4906.966666666666,4906.966666666666,7,81.78277777777777,81.78277777777777,100.0,16.666666666666664,14.285714285714285,EUR,7,564.505404,36.0,True
200374,"VARUS, Проспект Червоної Калини 44A",Kyiv,2026-09-28,1333.269524,73.0,63.0,10.0,10.0,4906.95,4906.95,7,81.7825,81.7825,100.0,15.873015873015872,13.698630136986301,EUR,7,1333.269524,63.0,True
200374,"VARUS, Проспект Червоної Калини 44A",Kyiv,2026-10-05,200.538084,13.0,13.0,0.0,0.0,701.0,701.0,2,11.683333333333334,11.683333333333334,100.0,0.0,0.0,EUR,7,200.538084,13.0,True
200375,"VARUS, вул.Андрія Малишко,3",Kyiv,2026-06-29,1383.8338480000002,88.0,83.0,21.0,5.0,3505.366666666667,3505.366666666667,5,58.42277777777778,58.42277777777778,100.0,25.301204819277107,5.681818181818182,EUR,7,1383.8338480000002,83.0,True
200375,"VARUS, вул.Андрія Малишко,3",Kyiv,2026-07-06,2122.015765,110.0,105.0,21.0,5.0,4907.016666666666,4907.016666666666,7,81.78361111111111,81.78361111111111,100.0,20.0,4.545454545454546,EUR,7,2122.015765,105.0,True
200375,"VARUS, вул.Андрія Малишко,3",Kyiv,2026-07-13,1527.547847,89.0,86.0,15.0,3.0,4906.866666666667,4906.866666666667,7,81.78111111111112,81.78111111111112,100.0,17.441860465116278,3.3707865168539324,EUR,7,1527.547847,86.0,True
200375,"VARUS, вул.Андрія Малишко,3",Kyiv,2026-07-20,2166.075258,122.0,118.0,20.0,4.0,4906.9,4906.9,7,81.78166666666667,81.78166666666667,100.0,16.94915254237288,3.278688524590164,EUR,7,2166.075258,118.0,True
200375,"VARUS, вул.Андрія Малишко,3",Kyiv,2026-07-27,1883.782254,98.0,89.0,17.0,9.0,4907.716666666667,4907.716666666667,7,81.79527777777778,81.79527777777778,100.0,19.101123595505616,9.183673469387756,EUR,7,1883.782254,89.0,True
200375,"VARUS, вул.Андрія Малишко,3",Kyiv,2026-08-03,2375.532679,128.0,120.0,26.0,8.0,4907.166666666667,4907.166666666667,7,81.78611111111111,81.78611111111111,100.0,21.666666666666668,6.25,EUR,7,2375.532679,120.0,True
200375,"VARUS, вул.Андрія Малишко,3",Kyiv,2026-08-10,2286.2427359999997,150.0,124.0,26.0,26.0,3745.4333333333334,4906.45,7,62.42388888888889,81.77416666666666,76.33693063892089,20.967741935483872,17.333333333333336,EUR,7,2286.2427359999997,124.0,True
200375,"VARUS, вул.Андрія Малишко,3",Kyiv,2026-08-17,2697.0792790000005,191.0,140.0,38.0,51.0,4906.35,4906.35,7,81.77250000000001,81.77250000000001,100.0,27.142857142857142,26.701570680628272,EUR,7,2697.0792790000005,140.0,True
200375,"VARUS, вул.Андрія Малишко,3",Kyiv,2026-08-24,1371.101975,145.0,80.0,15.0,65.0,3626.3166666666666,4907.216666666667,7,60.43861111111111,81.78694444444446,73.89762696436878,18.75,44.827586206896555,EUR,7,1371.101975,80.0,True
200375,"VARUS, вул.Андрія Малишко,3",Kyiv,2026-08-31,326.692681,32.0,21.0,6.0,11.0,1020.6666666666667,4907.7,7,17.011111111111113,81.795,20.797250579022084,28.57142857142857,34.375,EUR,7,326.692681,21.0,True
200375,"VARUS, вул.Андрія Малишко,3",Kyiv,2026-09-07,773.257741,91.0,46.0,9.0,45.0,4282.683333333333,4906.5,7,71.37805555555556,81.775,87.28591324433575,19.565217391304348,49.45054945054945,EUR,7,773.257741,46.0,True
200375,"VARUS, вул.Андрія Малишко,3",Kyiv,2026-09-14,1539.616327,119.0,88.0,16.0,31.0,4720.183333333333,4907.133333333333,7,78.66972222222222,81.78555555555555,96.19024005869007,18.181818181818183,26.05042016806723,EUR,7,1539.616327,88.0,True
200375,"VARUS, вул.Андрія Малишко,3",Kyiv,2026-09-21,1223.891835,95.0,69.0,12.0,26.0,4355.816666666667,4906.966666666666,7,72.59694444444445,81.78277777777777,88.76801010807763,17.391304347826086,27.368421052631582,EUR,7,1223.891835,69.0,True
200375,"VARUS, вул.Андрія Малишко,3",Kyiv,2026-09-28,1645.143645,101.0,86.0,16.0,15.0,4906.95,4906.95,7,81.7825,81.7825,100.0,18.6046511627907,14.85148514851485,EUR,7,1645.143645,86.0,True
200375,"VARUS, вул.Андрія Малишко,3",Kyiv,2026-10-05,698.178576,36.0,35.0,2.0,1.0,701.0,701.0,2,11.683333333333334,11.683333333333334,100.0,5.714285714285714,2.7777777777777777,EUR,7,698.178576,35.0,True
200376,"VARUS, вул. Волинська 37",Kyiv,2026-06-29,940.9102949999999,61.0,57.0,2.0,4.0,3505.366666666667,3505.366666666667,5,58.42277777777778,58.42277777777778,100.0,3.508771929824561,6.557377049180328,EUR,7,940.9102949999999,57.0,True
200376,"VARUS, вул. Волинська 37",Kyiv,2026-07-06,1261.82683,76.0,72.0,7.0,4.0,4907.016666666666,4907.016666666666,7,81.78361111111111,81.78361111111111,100.0,9.722222222222223,5.263157894736842,EUR,7,1261.82683,72.0,True
200376,"VARUS, вул. Волинська 37",Kyiv,2026-07-13,764.439525,48.0,44.0,9.0,4.0,4906.866666666667,4906.866666666667,7,81.78111111111112,81.78111111111112,100.0,20.454545454545457,8.333333333333332,EUR,7,764.439525,44.0,True
200376,"VARUS, вул. Волинська 37",Kyiv,2026-07-20,1298.808002,79.0,73.0,4.0,6.0,4906.9,4906.9,7,81.78166666666667,81.78166666666667,100.0,5.47945205479452,7.59493670886076,EUR,7,1298.808002,73.0,True
200376,"VARUS, вул. Волинська 37",Kyiv,2026-07-27,1022.292269,72.0,68.0,1.0,4.0,4747.716666666667,4747.716666666667,7,79.12861111111111,79.12861111111111,100.0,1.4705882352941175,5.555555555555555,EUR,7,1022.292269,68.0,True
200376,"VARUS, вул. Волинська 37",Kyiv,2026-08-03,827.859577,52.0,44.0,8.0,8.0,3945.533333333333,4627.166666666666,7,65.75888888888888,77.11944444444444,85.26888304578036,18.181818181818183,15.384615384615385,EUR,7,827.859577,44.0,True
200376,"VARUS, вул. Волинська 37",Kyiv,2026-08-10,0.0,0.0,0.0,0.0,0.0,2621.8,4626.366666666667,7,43.69666666666667,77.10611111111112,56.670821595060204,,,EUR,7,0.0,0.0,True
200376,"VARUS, вул. Волинська 37",Kyiv,2026-08-17,0.0,0.0,0.0,0.0,0.0,4626.35,4626.35,7,77.10583333333334,77.10583333333334,100.0,,,EUR,7,0.0,0.0,True
200376,"VARUS, вул. Волинська 37",Kyiv,2026-08-24,0.0,0.0,0.0,0.0,0.0,4627.216666666667,4627.216666666667,7,77.12027777777779,77.12027777777779,100.0,,,EUR,7,0.0,0.0,True
200376,"VARUS, вул. Волинська 37",Kyiv,2026-08-31,686.382181,36.0,33.0,11.0,3.0,2503.116666666667,4627.7,7,41.718611111111116,77.12833333333333,54.08986465558845,33.33333333333333,8.333333333333332,EUR,7,686.382181,33.0,True
200376,"VARUS, вул. Волинська 37",Kyiv,2026-09-07,43.599354,14.0,3.0,1.0,11.0,625.35,1366.7333333333333,7,10.422500000000001,22.77888888888889,45.75508511779913,33.33333333333333,78.57142857142857,EUR,7,43.599354,3.0,True
200376,"VARUS, вул. Волинська 37",Kyiv,2026-09-14,359.146829,47.0,26.0,6.0,21.0,3937.15,4627.133333333333,7,65.61916666666667,77.11888888888889,85.08831962194016,23.076923076923077,44.680851063829785,EUR,7,359.146829,26.0,True
200376,"VARUS, вул. Волинська 37",Kyiv,2026-09-21,852.396034,46.0,33.0,6.0,13.0,3872.6833333333334,4626.983333333334,7,64.54472222222222,77.11638888888889,83.69780166343081,18.181818181818183,28.26086956521739,EUR,7,852.396034,33.0,True
200376,"VARUS, вул. Волинська 37",Kyiv,2026-09-28,669.007959,54.0,42.0,10.0,12.0,4626.95,4626.95,7,77.11583333333333,77.11583333333333,100.0,23.809523809523807,22.22222222222222,EUR,7,669.007959,42.0,True
200376,"VARUS, вул. Волинська 37",Kyiv,2026-10-05,284.905043,19.0,16.0,3.0,3.0,661.0,661.0,2,11.016666666666667,11.016666666666667,100.0,18.75,15.789473684210526,EUR,7,284.905043,16.0,True
200377,"VARUS, пр.Оболонський 47/42",Kyiv,2026-06-29,237.809775,18.0,17.0,1.0,1.0,3505.366666666667,3505.366666666667,5,58.42277777777778,58.42277777777778,100.0,5.88235294117647,5.555555555555555,EUR,7,237.809775,17.0,True
200377,"VARUS, пр.Оболонський 47/42",Kyiv,2026-07-06,278.935444,17.0,15.0,2.0,2.0,4907.016666666666,4907.016666666666,7,81.78361111111111,81.78361111111111,100.0,13.333333333333334,11.76470588235294,EUR,7,278.935444,15.0,True
200377,"VARUS, пр.Оболонський 47/42",Kyiv,2026-07-13,494.64469599999995,33.0,33.0,6.0,0.0,4906.866666666667,4906.866666666667,7,81.78111111111112,81.78111111111112,100.0,18.181818181818183,0.0,EUR,7,494.64469599999995,33.0,True
200377,"VARUS, пр.Оболонський 47/42",Kyiv,2026-07-20,572.5657590000001,36.0,35.0,3.0,1.0,4906.9,4906.9,7,81.78166666666667,81.78166666666667,100.0,8.571428571428571,2.7777777777777777,EUR,7,572.5657590000001,35.0,True
200377,"VARUS, пр.Оболонський 47/42",Kyiv,2026-07-27,510.690402,31.0,30.0,3.0,1.0,4907.716666666667,4907.716666666667,7,81.79527777777778,81.79527777777778,100.0,10.0,3.225806451612903,EUR,7,510.690402,30.0,True
200377,"VARUS, пр.Оболонський 47/42",Kyiv,2026-08-03,477.19895699999995,33.0,30.0,3.0,3.0,4907.166666666667,4907.166666666667,7,81.78611111111111,81.78611111111111,100.0,10.0,9.090909090909092,EUR,7,477.19895699999995,30.0,True
200377,"VARUS, пр.Оболонський 47/42",Kyiv,2026-08-10,479.730499,36.0,30.0,8.0,6.0,4906.45,4906.45,7,81.77416666666666,81.77416666666666,100.0,26.666666666666668,16.666666666666664,EUR,7,479.730499,30.0,True
200377,"VARUS, пр.Оболонський 47/42",Kyiv,2026-08-17,536.1747520000001,38.0,37.0,11.0,1.0,4906.35,4906.35,7,81.77250000000001,81.77250000000001,100.0,29.72972972972973,2.631578947368421,EUR,7,536.1747520000001,37.0,True
200377,"VARUS, пр.Оболонський 47/42",Kyiv,2026-08-24,890.4741409999999,58.0,52.0,14.0,6.0,4907.216666666667,4907.216666666667,7,81.78694444444446,81.78694444444446,100.0,26.923076923076923,10.344827586206897,EUR,7,890.4741409999999,52.0,True
200377,"VARUS, пр.Оболонський 47/42",Kyiv,2026-08-31,747.3390559999999,78.0,60.0,8.0,18.0,4907.7,4907.7,7,81.795,81.795,100.0,13.333333333333334,23.076923076923077,EUR,7,747.3390559999999,60.0,True
200377,"VARUS, пр.Оболонський 47/42",Kyiv,2026-09-07,374.322039,39.0,37.0,3.0,2.0,4906.5,4906.5,7,81.775,81.775,100.0,8.108108108108109,5.128205128205128,EUR,7,374.322039,37.0,True
200377,"VARUS, пр.Оболонський 47/42",Kyiv,2026-09-14,329.28429300000005,32.0,27.0,1.0,5.0,4907.133333333333,4907.133333333333,7,81.78555555555555,81.78555555555555,100.0,3.7037037037037033,15.625,EUR,7,329.28429300000005,27.0,True
200377,"VARUS, пр.Оболонський 47/42",Kyiv,2026-09-21,475.6518960000001,39.0,29.0,7.0,10.0,4906.966666666666,4906.966666666666,7,81.78277777777777,81.78277777777777,100.0,24.137931034482758,25.64102564102564,EUR,7,475.6518960000001,29.0,True
200377,"VARUS, пр.Оболонський 47/42",Kyiv,2026-09-28,415.8089289999999,37.0,27.0,4.0,10.0,4906.95,4906.95,7,81.7825,81.7825,100.0,14.814814814814813,27.027027027027028,EUR,7,415.8089289999999,27.0,True
200377,"VARUS, пр.Оболонський 47/42",Kyiv,2026-10-05,158.30622499999998,10.0,8.0,3.0,2.0,701.0,701.0,2,11.683333333333334,11.683333333333334,100.0,37.5,20.0,EUR,7,158.30622499999998,8.0,True
200378,"VARUS, вул. Деміївська 27",Kyiv,2026-06-29,413.553117,26.0,26.0,2.0,0.0,3505.366666666667,3505.366666666667,5,58.42277777777778,58.42277777777778,100.0,7.6923076923076925,0.0,EUR,7,413.553117,26.0,True
200378,"VARUS, вул. Деміївська 27",Kyiv,2026-07-06,571.5628650000001,35.0,34.0,4.0,1.0,4907.016666666666,4907.016666666666,7,81.78361111111111,81.78361111111111,100.0,11.76470588235294,2.857142857142857,EUR,7,571.5628650000001,34.0,True
200378,"VARUS, вул. Деміївська 27",Kyiv,2026-07-13,446.40178000000003,30.0,30.0,2.0,0.0,4906.866666666667,4906.866666666667,7,81.78111111111112,81.78111111111112,100.0,6.666666666666667,0.0,EUR,7,446.40178000000003,30.0,True
200378,"VARUS, вул. Деміївська 27",Kyiv,2026-07-20,642.8898960000001,40.0,39.0,4.0,1.0,4906.9,4906.9,7,81.78166666666667,81.78166666666667,100.0,10.256410256410255,2.5,EUR,7,642.8898960000001,39.0,True
200378,"VARUS, вул. Деміївська 27",Kyiv,2026-07-27,511.850638,31.0,31.0,2.0,0.0,4907.716666666667,4907.716666666667,7,81.79527777777778,81.79527777777778,100.0,6.451612903225806,0.0,EUR,7,511.850638,31.0,True
200378,"VARUS, вул. Деміївська 27",Kyiv,2026-08-03,720.665918,46.0,45.0,2.0,1.0,4907.166666666667,4907.166666666667,7,81.78611111111111,81.78611111111111,100.0,4.444444444444445,2.1739130434782608,EUR,7,720.665918,45.0,True
200378,"VARUS, вул. Деміївська 27",Kyiv,2026-08-10,1725.461115,100.0,98.0,15.0,2.0,4906.45,4906.45,7,81.77416666666666,81.77416666666666,100.0,15.306122448979592,2.0,EUR,7,1725.461115,98.0,True
200378,"VARUS, вул. Деміївська 27",Kyiv,2026-08-17,1110.359365,72.0,70.0,8.0,2.0,4906.35,4906.35,7,81.77250000000001,81.77250000000001,100.0,11.428571428571429,2.7777777777777777,EUR,7,1110.359365,70.0,True
200378,"VARUS, вул. Деміївська 27",Kyiv,2026-08-24,2702.11083,144.0,140.0,25.0,4.0,4907.216666666667,4907.216666666667,7,81.78694444444446,81.78694444444446,100.0,17.857142857142858,2.7777777777777777,EUR,7,2702.11083,140.0,True
200378,"VARUS, вул. Деміївська 27",Kyiv,2026-08-31,1446.8564769999998,84.0,80.0,12.0,4.0,4907.7,4907.7,7,81.795,81.795,100.0,15.0,4.761904761904762,EUR,7,1446.8564769999998,80.0,True
200378,"VARUS, вул. Деміївська 27",Kyiv,2026-09-07,2403.461353,145.0,142.0,18.0,3.0,4906.5,4906.5,7,81.775,81.775,100.0,12.676056338028168,2.0689655172413794,EUR,7,2403.461353,142.0,True
200378,"VARUS, вул. Деміївська 27",Kyiv,2026-09-14,1779.16234,126.0,124.0,19.0,2.0,4907.133333333333,4907.133333333333,7,81.78555555555555,81.78555555555555,100.0,15.32258064516129,1.5873015873015872,EUR,7,1779.16234,124.0,True
200378,"VARUS, вул. Деміївська 27",Kyiv,2026-09-21,1144.170016,75.0,75.0,10.0,0.0,4906.966666666666,4906.966666666666,7,81.78277777777777,81.78277777777777,100.0,13.333333333333334,0.0,EUR,7,1144.170016,75.0,True
200378,"VARUS, вул. Деміївська 27",Kyiv,2026-09-28,875.95151,64.0,61.0,8.0,3.0,4906.95,4906.95,7,81.7825,81.7825,100.0,13.114754098360656,4.6875,EUR,7,875.95151,61.0,True
200378,"VARUS, вул. Деміївська 27",Kyiv,2026-10-05,114.67330999999999,11.0,9.0,0.0,2.0,701.0,701.0,2,11.683333333333334,11.683333333333334,100.0,0.0,18.181818181818183,EUR,7,114.67330999999999,9.0,True
200379,"VARUS, вул.Бажана 10-А",Kyiv,2026-06-29,193.73433400000002,11.0,10.0,0.0,1.0,3505.366666666667,3505.366666666667,5,58.42277777777778,58.42277777777778,100.0,0.0,9.090909090909092,EUR,7,193.73433400000002,10.0,True
200379,"VARUS, вул.Бажана 10-А",Kyiv,2026-07-06,195.79783299999997,16.0,16.0,0.0,0.0,4907.016666666666,4907.016666666666,7,81.78361111111111,81.78361111111111,100.0,0.0,0.0,EUR,7,195.79783299999997,16.0,True
200379,"VARUS, вул.Бажана 10-А",Kyiv,2026-07-13,58.684816000000005,16.0,6.0,0.0,10.0,4906.866666666667,4906.866666666667,7,81.78111111111112,81.78111111111112,100.0,0.0,62.5,EUR,7,58.684816000000005,6.0,True
200379,"VARUS, вул.Бажана 10-А",Kyiv,2026-07-20,66.984693,18.0,6.0,1.0,12.0,4906.9,4906.9,7,81.78166666666667,81.78166666666667,100.0,16.666666666666664,66.66666666666666,EUR,7,66.984693,6.0,True
200379,"VARUS, вул.Бажана 10-А",Kyiv,2026-07-27,186.62997199999998,19.0,12.0,1.0,7.0,4907.716666666667,4907.716666666667,7,81.79527777777778,81.79527777777778,100.0,8.333333333333332,36.84210526315789,EUR,7,186.62997199999998,12.0,True
200379,"VARUS, вул.Бажана 10-А",Kyiv,2026-08-03,103.213634,15.0,7.0,1.0,8.0,4907.166666666667,4907.166666666667,7,81.78611111111111,81.78611111111111,100.0,14.285714285714285,53.333333333333336,EUR,7,103.213634,7.0,True
200379,"VARUS, вул.Бажана 10-А",Kyiv,2026-08-10,338.894964,32.0,24.0,4.0,8.0,4906.45,4906.45,7,81.77416666666666,81.77416666666666,100.0,16.666666666666664,25.0,EUR,7,338.894964,24.0,True
200379,"VARUS, вул.Бажана 10-А",Kyiv,2026-08-17,95.942051,18.0,12.0,2.0,6.0,4906.35,4906.35,7,81.77250000000001,81.77250000000001,100.0,16.666666666666664,33.33333333333333,EUR,7,95.942051,12.0,True
200379,"VARUS, вул.Бажана 10-А",Kyiv,2026-08-24,482.68801899999994,35.0,32.0,5.0,3.0,4907.216666666667,4907.216666666667,7,81.78694444444446,81.78694444444446,100.0,15.625,8.571428571428571,EUR,7,482.68801899999994,32.0,True
200379,"VARUS, вул.Бажана 10-А",Kyiv,2026-08-31,730.017842,38.0,37.0,9.0,1.0,4907.7,4907.7,7,81.795,81.795,100.0,24.324324324324326,2.631578947368421,EUR,7,730.017842,37.0,True
200379,"VARUS, вул.Бажана 10-А",Kyiv,2026-09-07,375.838572,25.0,24.0,6.0,1.0,4906.5,4906.5,7,81.775,81.775,100.0,25.0,4.0,EUR,7,375.838572,24.0,True
200379,"VARUS, вул.Бажана 10-А",Kyiv,2026-09-14,156.38648,12.0,12.0,1.0,0.0,4907.133333333333,4907.133333333333,7,81.78555555555555,81.78555555555555,100.0,8.333333333333332,0.0,EUR,7,156.38648,12.0,True
200379,"VARUS, вул.Бажана 10-А",Kyiv,2026-09-21,61.237749,6.0,5.0,1.0,1.0,4906.966666666666,4906.966666666666,7,81.78277777777777,81.78277777777777,100.0,20.0,16.666666666666664,EUR,7,61.237749,5.0,True
200379,"VARUS, вул.Бажана 10-А",Kyiv,2026-09-28,154.321357,12.0,12.0,0.0,0.0,4906.95,4906.95,7,81.7825,81.7825,100.0,0.0,0.0,EUR,7,154.321357,12.0,True
200379,"VARUS, вул.Бажана 10-А",Kyiv,2026-10-05,105.189166,7.0,7.0,1.0,0.0,701.0,701.0,2,11.683333333333334,11.683333333333334,100.0,14.285714285714285,0.0,EUR,7,105.189166,7.0,True
200380,"VARUS, пр. Миколи Бажана 38",Kyiv,2026-06-29,128.80402999999998,11.0,10.0,1.0,1.0,3505.366666666667,3505.366666666667,5,58.42277777777778,58.42277777777778,100.0,10.0,9.090909090909092,EUR,7,128.80402999999998,10.0,True
200380,"VARUS, пр. Миколи Бажана 38",Kyiv,2026-07-06,370.395678,25.0,24.0,5.0,1.0,4907.016666666666,4907.016666666666,7,81.78361111111111,81.78361111111111,100.0,20.833333333333336,4.0,EUR,7,370.395678,24.0,True
200380,"VARUS, пр. Миколи Бажана 38",Kyiv,2026-07-13,384.215309,24.0,24.0,0.0,0.0,4906.866666666667,4906.866666666667,7,81.78111111111112,81.78111111111112,100.0,0.0,0.0,EUR,7,384.215309,24.0,True
200380,"VARUS, пр. Миколи Бажана 38",Kyiv,2026-07-20,727.272676,43.0,42.0,3.0,1.0,4906.9,4906.9,7,81.78166666666667,81.78166666666667,100.0,7.142857142857142,2.3255813953488373,EUR,7,727.272676,42.0,True
200380,"VARUS, пр. Миколи Бажана 38",Kyiv,2026-07-27,480.937289,32.0,31.0,3.0,1.0,4907.716666666667,4907.716666666667,7,81.79527777777778,81.79527777777778,100.0,9.67741935483871,3.125,EUR,7,480.937289,31.0,True
200380,"VARUS, пр. Миколи Бажана 38",Kyiv,2026-08-03,622.297307,41.0,41.0,6.0,0.0,4907.166666666667,4907.166666666667,7,81.78611111111111,81.78611111111111,100.0,14.634146341463413,0.0,EUR,7,622.297307,41.0,True
200380,"VARUS, пр. Миколи Бажана 38",Kyiv,2026-08-10,939.7185629999999,64.0,60.0,4.0,4.0,4906.45,4906.45,7,81.77416666666666,81.77416666666666,100.0,6.666666666666667,6.25,EUR,7,939.7185629999999,60.0,True
200380,"VARUS, пр. Миколи Бажана 38",Kyiv,2026-08-17,535.067391,41.0,37.0,1.0,4.0,4906.35,4906.35,7,81.77250000000001,81.77250000000001,100.0,2.7027027027027026,9.75609756097561,EUR,7,535.067391,37.0,True
200380,"VARUS, пр. Миколи Бажана 38",Kyiv,2026-08-24,385.440181,37.0,28.0,4.0,9.0,3634.633341471354,4907.216666666667,7,60.5772223578559,81.78694444444446,74.06710541558901,14.285714285714285,24.324324324324326,EUR,7,385.440181,28.0,True
200380,"VARUS, пр. Миколи Бажана 38",Kyiv,2026-08-31,409.500066,33.0,26.0,6.0,7.0,3955.5,4907.7,7,65.925,81.795,80.5978360535485,23.076923076923077,21.21212121212121,EUR,7,409.500066,26.0,True
200380,"VARUS, пр. Миколи Бажана 38",Kyiv,2026-09-07,556.975236,39.0,34.0,3.0,5.0,4906.5,4906.5,7,81.775,81.775,100.0,8.823529411764707,12.82051282051282,EUR,7,556.975236,34.0,True
200380,"VARUS, пр. Миколи Бажана 38",Kyiv,2026-09-14,324.281215,28.0,24.0,0.0,4.0,4907.133333333333,4907.133333333333,7,81.78555555555555,81.78555555555555,100.0,0.0,14.285714285714285,EUR,7,324.281215,24.0,True
200380,"VARUS, пр. Миколи Бажана 38",Kyiv,2026-09-21,241.363707,20.0,16.0,2.0,4.0,4906.966666666666,4906.966666666666,7,81.78277777777777,81.78277777777777,100.0,12.5,20.0,EUR,7,241.363707,16.0,True
200380,"VARUS, пр. Миколи Бажана 38",Kyiv,2026-09-28,326.087209,20.0,19.0,2.0,1.0,4906.95,4906.95,7,81.7825,81.7825,100.0,10.526315789473683,5.0,EUR,7,326.087209,19.0,True
200380,"VARUS, пр. Миколи Бажана 38",Kyiv,2026-10-05,52.980627999999996,3.0,3.0,0.0,0.0,701.0,701.0,2,11.683333333333334,11.683333333333334,100.0,0.0,0.0,EUR,7,52.980627999999996,3.0,True
200381,"VARUS, вул. Тютюника 39-А",Kyiv,2026-06-29,968.928912,67.0,65.0,5.0,2.0,3505.366666666667,3505.366666666667,5,58.42277777777778,58.42277777777778,100.0,7.6923076923076925,2.9850746268656714,EUR,7,968.928912,65.0,True
200381,"VARUS, вул. Тютюника 39-А",Kyiv,2026-07-06,1272.7937339999999,82.0,76.0,11.0,6.0,4907.016666666666,4907.016666666666,7,81.78361111111111,81.78361111111111,100.0,14.473684210526317,7.317073170731707,EUR,7,1272.7937339999999,76.0,True
200381,"VARUS, вул. Тютюника 39-А",Kyiv,2026-07-13,909.289896,69.0,64.0,7.0,5.0,4906.866666666667,4906.866666666667,7,81.78111111111112,81.78111111111112,100.0,10.9375,7.246376811594203,EUR,7,909.289896,64.0,True
200381,"VARUS, вул. Тютюника 39-А",Kyiv,2026-07-20,1312.782849,96.0,88.0,2.0,8.0,4906.9,4906.9,7,81.78166666666667,81.78166666666667,100.0,2.272727272727273,8.333333333333332,EUR,7,1312.782849,88.0,True
200381,"VARUS, вул. Тютюника 39-А",Kyiv,2026-07-27,1320.9977760000002,95.0,89.0,10.0,6.0,4907.716666666667,4907.716666666667,7,81.79527777777778,81.79527777777778,100.0,11.235955056179774,6.315789473684211,EUR,7,1320.9977760000002,89.0,True
200381,"VARUS, вул. Тютюника 39-А",Kyiv,2026-08-03,1472.701028,109.0,104.0,9.0,5.0,4907.166666666667,4907.166666666667,7,81.78611111111111,81.78611111111111,100.0,8.653846153846153,4.587155963302752,EUR,7,1472.701028,104.0,True
200381,"VARUS, вул. Тютюника 39-А",Kyiv,2026-08-10,1301.494976,91.0,84.0,6.0,7.0,4101.633333333333,4906.45,7,68.36055555555555,81.77416666666666,83.5967620852823,7.142857142857142,7.6923076923076925,EUR,7,1301.494976,84.0,True
200381,"VARUS, вул. Тютюника 39-А",Kyiv,2026-08-17,1699.147175,129.0,118.0,17.0,11.0,4906.35,4906.35,7,81.77250000000001,81.77250000000001,100.0,14.40677966101695,8.527131782945736,EUR,7,1699.147175,118.0,True
200381,"VARUS, вул. Тютюника 39-А",Kyiv,2026-08-24,2175.374114,219.0,164.0,27.0,55.0,4907.216666666667,4907.216666666667,7,81.78694444444446,81.78694444444446,100.0,16.463414634146343,25.11415525114155,EUR,7,2175.374114,164.0,True
200381,"VARUS, вул. Тютюника 39-А",Kyiv,2026-08-31,1942.378814,166.0,130.0,26.0,36.0,3587.7000000000003,4907.7,7,59.795,81.795,73.10349043340058,20.0,21.686746987951807,EUR,7,1942.378814,130.0,True
200381,"VARUS, вул. Тютюника 39-А",Kyiv,2026-09-07,2723.67535,243.0,202.0,32.0,41.0,4906.5,4906.5,7,81.775,81.775,100.0,15.841584158415841,16.872427983539097,EUR,7,2723.67535,202.0,True
200381,"VARUS, вул. Тютюника 39-А",Kyiv,2026-09-14,2013.140193,166.0,142.0,15.0,24.0,4720.6,4907.133333333333,7,78.67666666666668,81.78555555555555,96.1987310989444,10.56338028169014,14.457831325301203,EUR,7,2013.140193,142.0,True
200381,"VARUS, вул. Тютюника 39-А",Kyiv,2026-09-21,2061.156993,155.0,129.0,12.0,26.0,4906.966666666666,4906.966666666666,7,81.78277777777777,81.78277777777777,100.0,9.30232558139535,16.7741935483871,EUR,7,2061.156993,129.0,True
200381,"VARUS, вул. Тютюника 39-А",Kyiv,2026-09-28,1588.7454989999999,146.0,124.0,17.0,22.0,4906.95,4906.95,7,81.7825,81.7825,100.0,13.709677419354838,15.068493150684931,EUR,7,1588.7454989999999,124.0,True
200381,"VARUS, вул. Тютюника 39-А",Kyiv,2026-10-05,444.003205,36.0,28.0,4.0,8.0,701.0,701.0,2,11.683333333333334,11.683333333333334,100.0,14.285714285714285,22.22222222222222,EUR,7,444.003205,28.0,True
200382,"VARUS, вул.Васильківска 34",Kyiv,2026-06-29,547.795738,39.0,36.0,5.0,3.0,2305.166666666667,2925.083333333333,5,38.41944444444445,48.75138888888888,78.80687159909976,13.88888888888889,7.6923076923076925,EUR,7,547.795738,36.0,True
200382,"VARUS, вул.Васильківска 34",Kyiv,2026-07-06,1428.968884,83.0,79.0,10.0,4.0,4907.016666666666,4907.016666666666,7,81.78361111111111,81.78361111111111,100.0,12.658227848101266,4.819277108433735,EUR,7,1428.968884,79.0,True
200382,"VARUS, вул.Васильківска 34",Kyiv,2026-07-13,2303.0389609999997,120.0,112.0,19.0,8.0,4906.866666666667,4906.866666666667,7,81.78111111111112,81.78111111111112,100.0,16.964285714285715,6.666666666666667,EUR,7,2303.0389609999997,112.0,True
200382,"VARUS, вул.Васильківска 34",Kyiv,2026-07-20,1653.135768,94.0,90.0,12.0,4.0,4906.9,4906.9,7,81.78166666666667,81.78166666666667,100.0,13.333333333333334,4.25531914893617,EUR,7,1653.135768,90.0,True
200382,"VARUS, вул.Васильківска 34",Kyiv,2026-07-27,1933.775657,121.0,112.0,9.0,9.0,4907.716666666667,4907.716666666667,7,81.79527777777778,81.79527777777778,100.0,8.035714285714286,7.43801652892562,EUR,7,1933.775657,112.0,True
200382,"VARUS, вул.Васильківска 34",Kyiv,2026-08-03,2051.063843,139.0,120.0,20.0,19.0,4907.166666666667,4907.166666666667,7,81.78611111111111,81.78611111111111,100.0,16.666666666666664,13.66906474820144,EUR,7,2051.063843,120.0,True
200382,"VARUS, вул.Васильківска 34",Kyiv,2026-08-10,1937.3535030000003,129.0,119.0,12.0,10.0,4029.0166666666664,4549.95,7,67.15027777777777,75.8325,88.55078993542054,10.084033613445378,7.751937984496124,EUR,7,1937.3535030000003,119.0,True
200382,"VARUS, вул.Васильківска 34",Kyiv,2026-08-17,2506.859486,158.0,152.0,15.0,6.0,4906.35,4906.35,7,81.77250000000001,81.77250000000001,100.0,9.868421052631579,3.79746835443038,EUR,7,2506.859486,152.0,True
200382,"VARUS, вул.Васильківска 34",Kyiv,2026-08-24,1139.5965299999998,137.0,75.0,6.0,62.0,2859.549967447917,3505.016666666667,7,47.65916612413195,58.41694444444445,81.58448987255173,8.0,45.25547445255474,EUR,7,1139.5965299999998,75.0,True
200382,"VARUS, вул.Васильківска 34",Kyiv,2026-08-31,1792.898162,126.0,111.0,20.0,15.0,4026.6333333333337,4206.366666666667,7,67.11055555555556,70.10611111111112,95.72711207613855,18.01801801801802,11.904761904761903,EUR,7,1792.898162,111.0,True
200382,"VARUS, вул.Васильківска 34",Kyiv,2026-09-07,0.0,15.0,0.0,0.0,15.0,570.4499999999999,685.4833333333333,7,9.507499999999999,11.424722222222222,83.21865350482626,,100.0,EUR,7,0.0,0.0,True
200382,"VARUS, вул.Васильківска 34",Kyiv,2026-09-14,114.570662,11.0,9.0,0.0,2.0,371.0,371.0,7,6.183333333333334,6.183333333333334,100.0,0.0,18.181818181818183,EUR,7,114.570662,9.0,True
200382,"VARUS, вул.Васильківска 34",Kyiv,2026-09-21,1558.405742,103.0,95.0,30.0,8.0,4906.966666666666,4906.966666666666,7,81.78277777777777,81.78277777777777,100.0,31.57894736842105,7.766990291262135,EUR,7,1558.405742,95.0,True
200382,"VARUS, вул.Васильківска 34",Kyiv,2026-09-28,1646.24946,98.0,93.0,11.0,5.0,4906.95,4906.95,7,81.7825,81.7825,100.0,11.827956989247312,5.1020408163265305,EUR,7,1646.24946,93.0,True
200382,"VARUS, вул.Васильківска 34",Kyiv,2026-10-05,479.455196,32.0,30.0,5.0,2.0,701.0,701.0,2,11.683333333333334,11.683333333333334,100.0,16.666666666666664,6.25,EUR,7,479.455196,30.0,True
200383,"VARUS, Вулиця Героїв полку Азов, 12",Kyiv,2026-06-29,546.5074589999999,36.0,36.0,6.0,0.0,3505.366666666667,3505.366666666667,5,58.42277777777778,58.42277777777778,100.0,16.666666666666664,0.0,EUR,7,546.5074589999999,36.0,True
200383,"VARUS, Вулиця Героїв полку Азов, 12",Kyiv,2026-07-06,750.7199439999999,45.0,44.0,6.0,1.0,4659.783333333333,4907.016666666666,7,77.66305555555554,81.78361111111111,94.96163656804372,13.636363636363635,2.2222222222222223,EUR,7,750.7199439999999,44.0,True
200383,"VARUS, Вулиця Героїв полку Азов, 12",Kyiv,2026-07-13,492.410751,31.0,30.0,4.0,1.0,3078.25,4906.866666666667,7,51.30416666666667,81.78111111111112,62.733516296890066,13.333333333333334,3.225806451612903,EUR,7,492.410751,30.0,True
200383,"VARUS, Вулиця Героїв полку Азов, 12",Kyiv,2026-07-20,1037.681226,62.0,60.0,4.0,2.0,4906.9,4906.9,7,81.78166666666667,81.78166666666667,100.0,6.666666666666667,3.225806451612903,EUR,7,1037.681226,60.0,True
200383,"VARUS, Вулиця Героїв полку Азов, 12",Kyiv,2026-07-27,763.279517,48.0,45.0,1.0,3.0,4907.716666666667,4907.716666666667,7,81.79527777777778,81.79527777777778,100.0,2.2222222222222223,6.25,EUR,7,763.279517,45.0,True
200383,"VARUS, Вулиця Героїв полку Азов, 12",Kyiv,2026-08-03,857.310999,56.0,52.0,4.0,4.0,4907.166666666667,4907.166666666667,7,81.78611111111111,81.78611111111111,100.0,7.6923076923076925,7.142857142857142,EUR,7,857.310999,52.0,True
200383,"VARUS, Вулиця Героїв полку Азов, 12",Kyiv,2026-08-10,1580.647985,101.0,90.0,10.0,11.0,4906.45,4906.45,7,81.77416666666666,81.77416666666666,100.0,11.11111111111111,10.891089108910892,EUR,7,1580.647985,90.0,True
200383,"VARUS, Вулиця Героїв полку Азов, 12",Kyiv,2026-08-17,1020.736996,79.0,68.0,15.0,11.0,4906.35,4906.35,7,81.77250000000001,81.77250000000001,100.0,22.058823529411764,13.924050632911392,EUR,7,1020.736996,68.0,True
200383,"VARUS, Вулиця Героїв полку Азов, 12",Kyiv,2026-08-24,1210.6600529999998,128.0,66.0,8.0,62.0,4907.216666666667,4907.216666666667,7,81.78694444444446,81.78694444444446,100.0,12.121212121212121,48.4375,EUR,7,1210.6600529999998,66.0,True
200383,"VARUS, Вулиця Героїв полку Азов, 12",Kyiv,2026-08-31,1142.410203,94.0,65.0,17.0,29.0,4188.116650390625,4907.7,7,69.80194417317709,81.795,85.33766632823166,26.153846153846157,30.851063829787233,EUR,7,1142.410203,65.0,True
200383,"VARUS, Вулиця Героїв полку Азов, 12",Kyiv,2026-09-07,1348.406753,94.0,76.0,15.0,18.0,4906.5,4906.5,7,81.775,81.775,100.0,19.736842105263158,19.148936170212767,EUR,7,1348.406753,76.0,True
200383,"VARUS, Вулиця Героїв полку Азов, 12",Kyiv,2026-09-14,1273.036495,78.0,68.0,6.0,10.0,4907.133333333333,4907.133333333333,7,81.78555555555555,81.78555555555555,100.0,8.823529411764707,12.82051282051282,EUR,7,1273.036495,68.0,True
200383,"VARUS, Вулиця Героїв полку Азов, 12",Kyiv,2026-09-21,1320.365242,78.0,74.0,10.0,4.0,4906.966666666666,4906.966666666666,7,81.78277777777777,81.78277777777777,100.0,13.513513513513514,5.128205128205128,EUR,7,1320.365242,74.0,True
200383,"VARUS, Вулиця Героїв полку Азов, 12",Kyiv,2026-09-28,977.877025,62.0,54.0,6.0,8.0,4906.95,4906.95,7,81.7825,81.7825,100.0,11.11111111111111,12.903225806451612,EUR,7,977.877025,54.0,True
200383,"VARUS, Вулиця Героїв полку Азов, 12",Kyiv,2026-10-05,164.245726,13.0,12.0,3.0,1.0,701.0,701.0,2,11.683333333333334,11.683333333333334,100.0,25.0,7.6923076923076925,EUR,7,164.245726,12.0,True
200384,"VARUS, вул. Костянтинівська 2А",Kyiv,2026-06-29,301.83741599999996,25.0,25.0,4.0,0.0,3505.366666666667,3505.366666666667,5,58.42277777777778,58.42277777777778,100.0,16.0,0.0,EUR,7,301.83741599999996,25.0,True
200384,"VARUS, вул. Костянтинівська 2А",Kyiv,2026-07-06,742.5474929999999,49.0,49.0,7.0,0.0,4907.016666666666,4907.016666666666,7,81.78361111111111,81.78361111111111,100.0,14.285714285714285,0.0,EUR,7,742.5474929999999,49.0,True
200384,"VARUS, вул. Костянтинівська 2А",Kyiv,2026-07-13,547.110338,39.0,37.0,5.0,2.0,4906.866666666667,4906.866666666667,7,81.78111111111112,81.78111111111112,100.0,13.513513513513514,5.128205128205128,EUR,7,547.110338,37.0,True
200384,"VARUS, вул. Костянтинівська 2А",Kyiv,2026-07-20,648.710645,38.0,38.0,2.0,0.0,4906.9,4906.9,7,81.78166666666667,81.78166666666667,100.0,5.263157894736842,0.0,EUR,7,648.710645,38.0,True
200384,"VARUS, вул. Костянтинівська 2А",Kyiv,2026-07-27,731.650977,48.0,46.0,3.0,2.0,4907.716666666667,4907.716666666667,7,81.79527777777778,81.79527777777778,100.0,6.521739130434782,4.166666666666666,EUR,7,731.650977,46.0,True
200384,"VARUS, вул. Костянтинівська 2А",Kyiv,2026-08-03,910.1626479999999,65.0,64.0,4.0,1.0,4907.166666666667,4907.166666666667,7,81.78611111111111,81.78611111111111,100.0,6.25,1.5384615384615385,EUR,7,910.1626479999999,64.0,True
200384,"VARUS, вул. Костянтинівська 2А",Kyiv,2026-08-10,1190.147766,77.0,75.0,7.0,2.0,4906.45,4906.45,7,81.77416666666666,81.77416666666666,100.0,9.333333333333334,2.5974025974025974,EUR,7,1190.147766,75.0,True
200384,"VARUS, вул. Костянтинівська 2А",Kyiv,2026-08-17,1665.9299930000002,104.0,100.0,13.0,4.0,4906.35,4906.35,7,81.77250000000001,81.77250000000001,100.0,13.0,3.8461538461538463,EUR,7,1665.9299930000002,100.0,True
200384,"VARUS, вул. Костянтинівська 2А",Kyiv,2026-08-24,909.8555709999999,66.0,64.0,10.0,2.0,3237.3333333333335,4907.216666666667,7,53.955555555555556,81.78694444444446,65.97086603743466,15.625,3.0303030303030303,EUR,7,909.8555709999999,64.0,True
200384,"VARUS, вул. Костянтинівська 2А",Kyiv,2026-08-31,998.282294,55.0,50.0,3.0,5.0,2589.616666666667,4907.7,7,43.16027777777778,81.795,52.76640109759494,6.0,9.090909090909092,EUR,7,998.282294,50.0,True
200384,"VARUS, вул. Костянтинівська 2А",Kyiv,2026-09-07,0.0,0.0,0.0,0.0,0.0,0.0,4906.5,7,0.0,81.775,0.0,,,EUR,7,0.0,0.0,True
200384,"VARUS, вул. Костянтинівська 2А",Kyiv,2026-09-14,398.989801,28.0,26.0,3.0,2.0,2385.05,4907.133333333333,7,39.75083333333334,81.78555555555555,48.603733340579026,11.538461538461538,7.142857142857142,EUR,7,398.989801,26.0,True
200384,"VARUS, вул. Костянтинівська 2А",Kyiv,2026-09-21,523.17044,33.0,30.0,4.0,3.0,4906.966666666666,4906.966666666666,7,81.78277777777777,81.78277777777777,100.0,13.333333333333334,9.090909090909092,EUR,7,523.17044,30.0,True
200384,"VARUS, вул. Костянтинівська 2А",Kyiv,2026-09-28,708.539364,39.0,38.0,4.0,1.0,4906.95,4906.95,7,81.7825,81.7825,100.0,10.526315789473683,2.564102564102564,EUR,7,708.539364,38.0,True
200384,"VARUS, вул. Костянтинівська 2А",Kyiv,2026-10-05,241.009115,16.0,16.0,4.0,0.0,701.0,701.0,2,11.683333333333334,11.683333333333334,100.0,25.0,0.0,EUR,7,241.009115,16.0,True
200385,"VARUS, Харківське Шосе 160",Kyiv,2026-06-29,271.376497,22.0,22.0,5.0,0.0,3505.366666666667,3505.366666666667,5,58.42277777777778,58.42277777777778,100.0,22.727272727272727,0.0,EUR,7,271.376497,22.0,True
200385,"VARUS, Харківське Шосе 160",Kyiv,2026-07-06,516.9381270000001,32.0,31.0,5.0,1.0,4882.066666666667,4907.016666666666,7,81.36777777777777,81.78361111111111,99.4915444210841,16.129032258064516,3.125,EUR,7,516.9381270000001,31.0,True
200385,"VARUS, Харківське Шосе 160",Kyiv,2026-07-13,380.45506600000004,25.0,25.0,2.0,0.0,4906.866666666667,4906.866666666667,7,81.78111111111112,81.78111111111112,100.0,8.0,0.0,EUR,7,380.45506600000004,25.0,True
200385,"VARUS, Харківське Шосе 160",Kyiv,2026-07-20,380.18135300000006,18.0,17.0,2.0,1.0,4906.9,4906.9,7,81.78166666666667,81.78166666666667,100.0,11.76470588235294,5.555555555555555,EUR,7,380.18135300000006,17.0,True
200385,"VARUS, Харківське Шосе 160",Kyiv,2026-07-27,522.3100529999999,25.0,25.0,2.0,0.0,4907.716666666667,4907.716666666667,7,81.79527777777778,81.79527777777778,100.0,8.0,0.0,EUR,7,522.3100529999999,25.0,True
200385,"VARUS, Харківське Шосе 160",Kyiv,2026-08-03,688.52016,39.0,39.0,3.0,0.0,4907.166666666667,4907.166666666667,7,81.78611111111111,81.78611111111111,100.0,7.6923076923076925,0.0,EUR,7,688.52016,39.0,True
200385,"VARUS, Харківське Шосе 160",Kyiv,2026-08-10,1085.545914,73.0,71.0,14.0,2.0,4906.45,4906.45,7,81.77416666666666,81.77416666666666,100.0,19.718309859154928,2.73972602739726,EUR,7,1085.545914,71.0,True
200385,"VARUS, Харківське Шосе 160",Kyiv,2026-08-17,1027.144805,64.0,64.0,6.0,0.0,4906.35,4906.35,7,81.77250000000001,81.77250000000001,100.0,9.375,0.0,EUR,7,1027.144805,64.0,True
200385,"VARUS, Харківське Шосе 160",Kyiv,2026-08-24,1661.692735,90.0,87.0,24.0,3.0,4907.216666666667,4907.216666666667,7,81.78694444444446,81.78694444444446,100.0,27.586206896551722,3.3333333333333335,EUR,7,1661.692735,87.0,True
200385,"VARUS, Харківське Шосе 160",Kyiv,2026-08-31,1459.309508,80.0,76.0,19.0,4.0,4630.933333333333,4907.7,7,77.18222222222222,81.795,94.36056265324558,25.0,5.0,EUR,7,1459.309508,76.0,True
200385,"VARUS, Харківське Шосе 160",Kyiv,2026-09-07,1188.011442,78.0,76.0,9.0,2.0,4906.5,4906.5,7,81.775,81.775,100.0,11.842105263157894,2.564102564102564,EUR,7,1188.011442,76.0,True
200385,"VARUS, Харківське Шосе 160",Kyiv,2026-09-14,965.11018,65.0,64.0,5.0,1.0,4907.133333333333,4907.133333333333,7,81.78555555555555,81.78555555555555,100.0,7.8125,1.5384615384615385,EUR,7,965.11018,64.0,True
200385,"VARUS, Харківське Шосе 160",Kyiv,2026-09-21,1223.166175,68.0,64.0,16.0,4.0,4906.966666666666,4906.966666666666,7,81.78277777777777,81.78277777777777,100.0,25.0,5.88235294117647,EUR,7,1223.166175,64.0,True
200385,"VARUS, Харківське Шосе 160",Kyiv,2026-09-28,1380.6914729999999,61.0,57.0,10.0,4.0,4906.95,4906.95,7,81.7825,81.7825,100.0,17.543859649122805,6.557377049180328,EUR,7,1380.6914729999999,57.0,True
200385,"VARUS, Харківське Шосе 160",Kyiv,2026-10-05,305.424622,17.0,16.0,2.0,1.0,701.0,701.0,2,11.683333333333334,11.683333333333334,100.0,12.5,5.88235294117647,EUR,7,305.424622,16.0,True
200386,"VARUS, вул.Вишгородска 45а",Kyiv,2026-06-29,1015.381397,70.0,65.0,12.0,5.0,3505.366666666667,3505.366666666667,5,58.42277777777778,58.42277777777778,100.0,18.461538461538463,7.142857142857142,EUR,7,1015.381397,65.0,True
200386,"VARUS, вул.Вишгородска 45а",Kyiv,2026-07-06,1212.7591750000001,83.0,77.0,3.0,6.0,4768.016666666666,4768.016666666666,7,79.46694444444444,79.46694444444444,100.0,3.896103896103896,7.228915662650602,EUR,7,1212.7591750000001,77.0,True
200386,"VARUS, вул.Вишгородска 45а",Kyiv,2026-07-13,908.2839140000001,61.0,60.0,4.0,1.0,4626.866666666667,4626.866666666667,7,77.11444444444444,77.11444444444444,100.0,6.666666666666667,1.639344262295082,EUR,7,908.2839140000001,60.0,True
200386,"VARUS, вул.Вишгородска 45а",Kyiv,2026-07-20,1333.6873589999998,89.0,81.0,12.0,8.0,4626.9,4626.9,7,77.115,77.115,100.0,14.814814814814813,8.98876404494382,EUR,7,1333.6873589999998,81.0,True
200386,"VARUS, вул.Вишгородска 45а",Kyiv,2026-07-27,1671.8565159999998,94.0,91.0,10.0,3.0,4627.716666666667,4627.716666666667,7,77.12861111111111,77.12861111111111,100.0,10.989010989010989,3.1914893617021276,EUR,7,1671.8565159999998,91.0,True
200386,"VARUS, вул.Вишгородска 45а",Kyiv,2026-08-03,1893.043776,120.0,115.0,13.0,5.0,4627.166666666666,4627.166666666666,7,77.11944444444444,77.11944444444444,100.0,11.304347826086957,4.166666666666666,EUR,7,1893.043776,115.0,True
200386,"VARUS, вул.Вишгородска 45а",Kyiv,2026-08-10,2365.247121,162.0,153.0,26.0,9.0,4626.45,4626.45,7,77.1075,77.1075,100.0,16.99346405228758,5.555555555555555,EUR,7,2365.247121,153.0,True
200386,"VARUS, вул.Вишгородска 45а",Kyiv,2026-08-17,2281.7936210000003,144.0,132.0,26.0,12.0,4626.35,4626.35,7,77.10583333333334,77.10583333333334,100.0,19.696969696969695,8.333333333333332,EUR,7,2281.7936210000003,132.0,True
200386,"VARUS, вул.Вишгородска 45а",Kyiv,2026-08-24,1604.1263480000002,95.0,92.0,19.0,3.0,3080.8166666666666,4627.216666666667,7,51.346944444444446,77.12027777777779,66.58034167408053,20.652173913043477,3.1578947368421053,EUR,7,1604.1263480000002,92.0,True
200386,"VARUS, вул.Вишгородска 45а",Kyiv,2026-08-31,2008.4140500000003,119.0,106.0,24.0,13.0,3571.9666666666667,4627.7,7,59.53277777777778,77.12833333333333,77.18665139630198,22.641509433962266,10.92436974789916,EUR,7,2008.4140500000003,106.0,True
200386,"VARUS, вул.Вишгородска 45а",Kyiv,2026-09-07,2252.458813,137.0,119.0,21.0,18.0,4626.5,4626.5,7,77.10833333333333,77.10833333333333,100.0,17.647058823529413,13.138686131386862,EUR,7,2252.458813,119.0,True
200386,"VARUS, вул.Вишгородска 45а",Kyiv,2026-09-14,1558.543808,110.0,102.0,14.0,8.0,4627.133333333333,4627.133333333333,7,77.11888888888889,77.11888888888889,100.0,13.725490196078432,7.2727272727272725,EUR,7,1558.543808,102.0,True
200386,"VARUS, вул.Вишгородска 45а",Kyiv,2026-09-21,1515.8835640000002,103.0,92.0,14.0,11.0,3846.016666666667,4626.983333333334,7,64.10027777777778,77.11638888888889,83.12147223352868,15.217391304347828,10.679611650485436,EUR,7,1515.8835640000002,92.0,True
200386,"VARUS, вул.Вишгородска 45а",Kyiv,2026-09-28,1775.1468920000002,97.0,88.0,17.0,9.0,4626.95,4626.95,7,77.11583333333333,77.11583333333333,100.0,19.318181818181817,9.278350515463918,EUR,7,1775.1468920000002,88.0,True
200386,"VARUS, вул.Вишгородска 45а",Kyiv,2026-10-05,368.975707,23.0,22.0,3.0,1.0,661.0,661.0,2,11.016666666666667,11.016666666666667,100.0,13.636363636363635,4.3478260869565215,EUR,7,368.975707,22.0,True
200387,"VARUS, вул. Драгаманова 40г",Kyiv,2026-06-29,265.385694,19.0,18.0,2.0,1.0,3505.366666666667,3505.366666666667,5,58.42277777777778,58.42277777777778,100.0,11.11111111111111,5.263157894736842,EUR,7,265.385694,18.0,True
200387,"VARUS, вул. Драгаманова 40г",Kyiv,2026-07-06,252.08434599999998,18.0,17.0,3.0,1.0,4907.016666666666,4907.016666666666,7,81.78361111111111,81.78361111111111,100.0,17.647058823529413,5.555555555555555,EUR,7,252.08434599999998,17.0,True
200387,"VARUS, вул. Драгаманова 40г",Kyiv,2026-07-13,251.01120400000002,17.0,16.0,3.0,1.0,4906.866666666667,4906.866666666667,7,81.78111111111112,81.78111111111112,100.0,18.75,5.88235294117647,EUR,7,251.01120400000002,16.0,True
200387,"VARUS, вул. Драгаманова 40г",Kyiv,2026-07-20,203.72924500000002,13.0,13.0,4.0,0.0,4906.9,4906.9,7,81.78166666666667,81.78166666666667,100.0,30.76923076923077,0.0,EUR,7,203.72924500000002,13.0,True
200387,"VARUS, вул. Драгаманова 40г",Kyiv,2026-07-27,111.698383,10.0,10.0,3.0,0.0,4907.716666666667,4907.716666666667,7,81.79527777777778,81.79527777777778,100.0,30.0,0.0,EUR,7,111.698383,10.0,True
200387,"VARUS, вул. Драгаманова 40г",Kyiv,2026-08-03,193.90034699999995,12.0,12.0,2.0,0.0,4907.166666666667,4907.166666666667,7,81.78611111111111,81.78611111111111,100.0,16.666666666666664,0.0,EUR,7,193.90034699999995,12.0,True
200387,"VARUS, вул. Драгаманова 40г",Kyiv,2026-08-10,563.945876,40.0,38.0,7.0,2.0,4906.45,4906.45,7,81.77416666666666,81.77416666666666,100.0,18.421052631578945,5.0,EUR,7,563.945876,38.0,True
200387,"VARUS, вул. Драгаманова 40г",Kyiv,2026-08-17,479.292313,33.0,32.0,7.0,1.0,4906.35,4906.35,7,81.77250000000001,81.77250000000001,100.0,21.875,3.0303030303030303,EUR,7,479.292313,32.0,True
200387,"VARUS, вул. Драгаманова 40г",Kyiv,2026-08-24,737.88203,58.0,47.0,11.0,11.0,4693.216666666667,4907.216666666667,7,78.22027777777778,81.78694444444446,95.63907578294553,23.404255319148938,18.96551724137931,EUR,7,737.88203,47.0,True
200387,"VARUS, вул. Драгаманова 40г",Kyiv,2026-08-31,618.561239,45.0,37.0,6.0,8.0,3955.2833333333333,4907.7,7,65.92138888888888,81.795,80.59342122243278,16.216216216216218,17.77777777777778,EUR,7,618.561239,37.0,True
200387,"VARUS, вул. Драгаманова 40г",Kyiv,2026-09-07,534.174846,37.0,34.0,6.0,3.0,4906.5,4906.5,7,81.775,81.775,100.0,17.647058823529413,8.108108108108109,EUR,7,534.174846,34.0,True
200387,"VARUS, вул. Драгаманова 40г",Kyiv,2026-09-14,446.78289199999995,31.0,24.0,2.0,7.0,4507.383333333333,4927.116666666667,7,75.12305555555555,82.11861111111111,91.48115699851502,8.333333333333332,22.58064516129032,EUR,7,446.78289199999995,24.0,True
200387,"VARUS, вул. Драгаманова 40г",Kyiv,2026-09-21,729.0499880000001,44.0,38.0,3.0,6.0,4906.966666666666,4906.966666666666,7,81.78277777777777,81.78277777777777,100.0,7.894736842105263,13.636363636363635,EUR,7,729.0499880000001,38.0,True
200387,"VARUS, вул. Драгаманова 40г",Kyiv,2026-09-28,432.35910999999993,35.0,32.0,2.0,3.0,4906.95,4906.95,7,81.7825,81.7825,100.0,6.25,8.571428571428571,EUR,7,432.35910999999993,32.0,True
200387,"VARUS, вул. Драгаманова 40г",Kyiv,2026-10-05,123.501633,9.0,9.0,0.0,0.0,701.0,701.0,2,11.683333333333334,11.683333333333334,100.0,0.0,0.0,EUR,7,123.501633,9.0,True
200388,"VARUS, вул. Лесі Українки 30",Kyiv,2026-06-29,0.0,0.0,0.0,0.0,0.0,3505.366666666667,3505.366666666667,5,58.42277777777778,58.42277777777778,100.0,,,EUR,7,0.0,0.0,True
200388,"VARUS, вул. Лесі Українки 30",Kyiv,2026-07-06,0.0,0.0,0.0,0.0,0.0,4907.016666666666,4907.016666666666,7,81.78361111111111,81.78361111111111,100.0,,,EUR,7,0.0,0.0,True
200388,"VARUS, вул. Лесі Українки 30",Kyiv,2026-07-13,0.0,0.0,0.0,0.0,0.0,4906.866666666667,4906.866666666667,7,81.78111111111112,81.78111111111112,100.0,,,EUR,7,0.0,0.0,True
200388,"VARUS, вул. Лесі Українки 30",Kyiv,2026-07-20,0.0,0.0,0.0,0.0,0.0,4906.9,4906.9,7,81.78166666666667,81.78166666666667,100.0,,,EUR,7,0.0,0.0,True
200388,"VARUS, вул. Лесі Українки 30",Kyiv,2026-07-27,0.0,0.0,0.0,0.0,0.0,4907.716666666667,4907.716666666667,7,81.79527777777778,81.79527777777778,100.0,,,EUR,7,0.0,0.0,True
200388,"VARUS, вул. Лесі Українки 30",Kyiv,2026-08-03,0.0,0.0,0.0,0.0,0.0,4907.166666666667,4907.166666666667,7,81.78611111111111,81.78611111111111,100.0,,,EUR,7,0.0,0.0,True
200388,"VARUS, вул. Лесі Українки 30",Kyiv,2026-08-10,0.0,0.0,0.0,0.0,0.0,4906.45,4906.45,7,81.77416666666666,81.77416666666666,100.0,,,EUR,7,0.0,0.0,True
200388,"VARUS, вул. Лесі Українки 30",Kyiv,2026-08-17,528.316273,42.0,22.0,9.0,20.0,3556.916666666667,4306.35,7,59.28194444444445,71.77250000000001,82.59701758256219,40.909090909090914,47.61904761904761,EUR,7,528.316273,22.0,True
200388,"VARUS, вул. Лесі Українки 30",Kyiv,2026-08-24,461.91144499999996,46.0,31.0,4.0,15.0,2544.35,4207.216666666667,7,42.405833333333334,70.12027777777779,60.47584903717025,12.903225806451612,32.608695652173914,EUR,7,461.91144499999996,31.0,True
200388,"VARUS, вул. Лесі Українки 30",Kyiv,2026-08-31,561.368894,53.0,30.0,6.0,23.0,2764.0,4207.7,7,46.06666666666667,70.12833333333333,65.68909380421609,20.0,43.39622641509434,EUR,7,561.368894,30.0,True
200388,"VARUS, вул. Лесі Українки 30",Kyiv,2026-09-07,1010.9220580000001,58.0,55.0,9.0,3.0,4206.5,4206.5,7,70.10833333333333,70.10833333333333,100.0,16.363636363636363,5.172413793103448,EUR,7,1010.9220580000001,55.0,True
200388,"VARUS, вул. Лесі Українки 30",Kyiv,2026-09-14,816.058378,49.0,45.0,4.0,4.0,2806.9666666666667,4207.133333333333,7,46.78277777777778,70.11888888888889,66.719222907126,8.88888888888889,8.16326530612245,EUR,7,816.058378,45.0,True
200388,"VARUS, вул. Лесі Українки 30",Kyiv,2026-09-21,896.6981490000001,78.0,45.0,5.0,33.0,4206.966666666667,4206.966666666667,7,70.11611111111112,70.11611111111112,100.0,11.11111111111111,42.30769230769231,EUR,7,896.6981490000001,45.0,True
200388,"VARUS, вул. Лесі Українки 30",Kyiv,2026-09-28,693.2174789999999,56.0,38.0,4.0,18.0,4206.95,4206.95,7,70.11583333333333,70.11583333333333,100.0,10.526315789473683,32.142857142857146,EUR,7,693.2174789999999,38.0,True
200388,"VARUS, вул. Лесі Українки 30",Kyiv,2026-10-05,78.021818,14.0,6.0,0.0,8.0,601.0,601.0,2,10.016666666666667,10.016666666666667,100.0,0.0,57.14285714285714,EUR,7,78.021818,6.0,True
200389,"VARUS, вул. Срібнокільска 11",Kyiv,2026-06-29,542.49711,37.0,36.0,2.0,1.0,3605.366666666667,3605.366666666667,5,60.089444444444446,60.089444444444446,100.0,5.555555555555555,2.7027027027027026,EUR,7,542.49711,36.0,True
200389,"VARUS, вул. Срібнокільска 11",Kyiv,2026-07-06,477.26807,34.0,34.0,3.0,0.0,5047.016666666666,5047.016666666666,7,84.11694444444444,84.11694444444444,100.0,8.823529411764707,0.0,EUR,7,477.26807,34.0,True
200389,"VARUS, вул. Срібнокільска 11",Kyiv,2026-07-13,741.610648,47.0,47.0,4.0,0.0,5046.866666666667,5046.866666666667,7,84.11444444444444,84.11444444444444,100.0,8.51063829787234,0.0,EUR,7,741.610648,47.0,True
200389,"VARUS, вул. Срібнокільска 11",Kyiv,2026-07-20,645.504784,43.0,40.0,7.0,3.0,5046.9,5046.9,7,84.115,84.115,100.0,17.5,6.976744186046512,EUR,7,645.504784,40.0,True
200389,"VARUS, вул. Срібнокільска 11",Kyiv,2026-07-27,772.827722,49.0,47.0,7.0,2.0,5047.716666666667,5047.716666666667,7,84.12861111111111,84.12861111111111,100.0,14.893617021276595,4.081632653061225,EUR,7,772.827722,47.0,True
200389,"VARUS, вул. Срібнокільска 11",Kyiv,2026-08-03,862.895248,55.0,52.0,8.0,3.0,5047.166666666667,5047.166666666667,7,84.11944444444445,84.11944444444445,100.0,15.384615384615385,5.454545454545454,EUR,7,862.895248,52.0,True
200389,"VARUS, вул. Срібнокільска 11",Kyiv,2026-08-10,1429.5074570000002,84.0,81.0,10.0,3.0,5046.45,5046.45,7,84.1075,84.1075,100.0,12.345679012345679,3.571428571428571,EUR,7,1429.5074570000002,81.0,True
200389,"VARUS, вул. Срібнокільска 11",Kyiv,2026-08-17,1170.789201,69.0,65.0,12.0,4.0,5046.35,5046.35,7,84.10583333333334,84.10583333333334,100.0,18.461538461538463,5.797101449275362,EUR,7,1170.789201,65.0,True
200389,"VARUS, вул. Срібнокільска 11",Kyiv,2026-08-24,528.298489,40.0,34.0,9.0,6.0,3309.8166666666666,5047.216666666667,7,55.16361111111111,84.12027777777779,65.57706722847246,26.47058823529412,15.0,EUR,7,528.298489,34.0,True
200389,"VARUS, вул. Срібнокільска 11",Kyiv,2026-08-31,867.7607050000001,48.0,46.0,13.0,2.0,4076.366666666667,5047.7,7,67.93944444444445,84.12833333333333,80.75691238914094,28.26086956521739,4.166666666666666,EUR,7,867.7607050000001,46.0,True
200389,"VARUS, вул. Срібнокільска 11",Kyiv,2026-09-07,975.2267039999999,53.0,47.0,11.0,6.0,5046.5,5046.5,7,84.10833333333333,84.10833333333333,100.0,23.404255319148938,11.320754716981133,EUR,7,975.2267039999999,47.0,True
200389,"VARUS, вул. Срібнокільска 11",Kyiv,2026-09-14,651.51692,53.0,43.0,8.0,10.0,5047.133333333333,5047.133333333333,7,84.11888888888889,84.11888888888889,100.0,18.6046511627907,18.867924528301888,EUR,7,651.51692,43.0,True
200389,"VARUS, вул. Срібнокільска 11",Kyiv,2026-09-21,895.635242,62.0,58.0,10.0,4.0,5046.966666666666,5046.966666666666,7,84.11611111111111,84.11611111111111,100.0,17.24137931034483,6.451612903225806,EUR,7,895.635242,58.0,True
200389,"VARUS, вул. Срібнокільска 11",Kyiv,2026-09-28,763.0994999999998,62.0,49.0,5.0,13.0,5046.95,5046.95,7,84.11583333333333,84.11583333333333,100.0,10.204081632653061,20.967741935483872,EUR,7,763.0994999999998,49.0,True
200389,"VARUS, вул. Срібнокільска 11",Kyiv,2026-10-05,218.725748,16.0,13.0,3.0,3.0,721.0,721.0,2,12.016666666666667,12.016666666666667,100.0,23.076923076923077,18.75,EUR,7,218.725748,13.0,True
200390,"VARUS, 5-й Зарічний, д.19",Kryvyi Rih,2026-06-29,39.420893,4.0,3.0,0.0,1.0,3505.366666666667,3505.366666666667,5,58.42277777777778,58.42277777777778,100.0,0.0,25.0,EUR,7,39.420893,3.0,True
200390,"VARUS, 5-й Зарічний, д.19",Kryvyi Rih,2026-07-06,96.704854,11.0,11.0,2.0,0.0,4907.016666666666,4907.016666666666,7,81.78361111111111,81.78361111111111,100.0,18.181818181818183,0.0,EUR,7,96.704854,11.0,True
200390,"VARUS, 5-й Зарічний, д.19",Kryvyi Rih,2026-07-13,114.225751,9.0,8.0,1.0,1.0,4906.866666666667,4906.866666666667,7,81.78111111111112,81.78111111111112,100.0,12.5,11.11111111111111,EUR,7,114.225751,8.0,True
200390,"VARUS, 5-й Зарічний, д.19",Kryvyi Rih,2026-07-20,169.43198800000002,11.0,11.0,4.0,0.0,4906.9,4906.9,7,81.78166666666667,81.78166666666667,100.0,36.36363636363637,0.0,EUR,7,169.43198800000002,11.0,True
200390,"VARUS, 5-й Зарічний, д.19",Kryvyi Rih,2026-07-27,331.102621,15.0,15.0,2.0,0.0,4907.716666666667,4907.716666666667,7,81.79527777777778,81.79527777777778,100.0,13.333333333333334,0.0,EUR,7,331.102621,15.0,True
200390,"VARUS, 5-й Зарічний, д.19",Kryvyi Rih,2026-08-03,137.33348,8.0,8.0,2.0,0.0,4907.166666666667,4907.166666666667,7,81.78611111111111,81.78611111111111,100.0,25.0,0.0,EUR,7,137.33348,8.0,True
200390,"VARUS, 5-й Зарічний, д.19",Kryvyi Rih,2026-08-10,538.823166,35.0,34.0,5.0,1.0,4906.45,4906.45,7,81.77416666666666,81.77416666666666,100.0,14.705882352941178,2.857142857142857,EUR,7,538.823166,34.0,True
200390,"VARUS, 5-й Зарічний, д.19",Kryvyi Rih,2026-08-17,286.613864,20.0,18.0,3.0,2.0,4906.35,4906.35,7,81.77250000000001,81.77250000000001,100.0,16.666666666666664,10.0,EUR,7,286.613864,18.0,True
200390,"VARUS, 5-й Зарічний, д.19",Kryvyi Rih,2026-08-24,277.600901,24.0,16.0,2.0,8.0,4907.216666666667,4907.216666666667,7,81.78694444444446,81.78694444444446,100.0,12.5,33.33333333333333,EUR,7,277.600901,16.0,True
200390,"VARUS, 5-й Зарічний, д.19",Kryvyi Rih,2026-08-31,494.662586,30.0,26.0,10.0,4.0,4907.7,4907.7,7,81.795,81.795,100.0,38.46153846153847,13.333333333333334,EUR,7,494.662586,26.0,True
200390,"VARUS, 5-й Зарічний, д.19",Kryvyi Rih,2026-09-07,160.142248,19.0,9.0,4.0,10.0,4906.5,4906.5,7,81.775,81.775,100.0,44.44444444444444,52.63157894736842,EUR,7,160.142248,9.0,True
200390,"VARUS, 5-й Зарічний, д.19",Kryvyi Rih,2026-09-14,285.219629,26.0,13.0,6.0,13.0,4907.133333333333,4907.133333333333,7,81.78555555555555,81.78555555555555,100.0,46.15384615384615,50.0,EUR,7,285.219629,13.0,True
200390,"VARUS, 5-й Зарічний, д.19",Kryvyi Rih,2026-09-21,248.035238,18.0,15.0,3.0,3.0,4906.966666666666,4906.966666666666,7,81.78277777777777,81.78277777777777,100.0,20.0,16.666666666666664,EUR,7,248.035238,15.0,True
200390,"VARUS, 5-й Зарічний, д.19",Kryvyi Rih,2026-09-28,251.037338,14.0,10.0,0.0,4.0,4906.95,4906.95,7,81.7825,81.7825,100.0,0.0,28.57142857142857,EUR,7,251.037338,10.0,True
200390,"VARUS, 5-й Зарічний, д.19",Kryvyi Rih,2026-10-05,116.567825,7.0,7.0,0.0,0.0,701.0,701.0,2,11.683333333333334,11.683333333333334,100.0,0.0,0.0,EUR,7,116.567825,7.0,True
200391,"VARUS, вул. Жилянська 59",Kyiv,2026-06-29,1084.1290760000002,69.0,67.0,4.0,2.0,3505.366666666667,3505.366666666667,5,58.42277777777778,58.42277777777778,100.0,5.970149253731343,2.898550724637681,EUR,7,1084.1290760000002,67.0,True
200391,"VARUS, вул. Жилянська 59",Kyiv,2026-07-06,1511.620647,88.0,86.0,7.0,2.0,4907.016666666666,4907.016666666666,7,81.78361111111111,81.78361111111111,100.0,8.13953488372093,2.272727272727273,EUR,7,1511.620647,86.0,True
200391,"VARUS, вул. Жилянська 59",Kyiv,2026-07-13,1587.4399600000002,108.0,106.0,10.0,2.0,4906.866666666667,4906.866666666667,7,81.78111111111112,81.78111111111112,100.0,9.433962264150944,1.8518518518518516,EUR,7,1587.4399600000002,106.0,True
200391,"VARUS, вул. Жилянська 59",Kyiv,2026-07-20,1995.4524490000001,134.0,134.0,5.0,0.0,4906.9,4906.9,7,81.78166666666667,81.78166666666667,100.0,3.731343283582089,0.0,EUR,7,1995.4524490000001,134.0,True
200391,"VARUS, вул. Жилянська 59",Kyiv,2026-07-27,1655.073352,105.0,103.0,15.0,2.0,4907.716666666667,4907.716666666667,7,81.79527777777778,81.79527777777778,100.0,14.563106796116504,1.9047619047619049,EUR,7,1655.073352,103.0,True
200391,"VARUS, вул. Жилянська 59",Kyiv,2026-08-03,1764.1759640000002,94.0,94.0,18.0,0.0,4907.166666666667,4907.166666666667,7,81.78611111111111,81.78611111111111,100.0,19.148936170212767,0.0,EUR,7,1764.1759640000002,94.0,True
200391,"VARUS, вул. Жилянська 59",Kyiv,2026-08-10,2773.735589,178.0,172.0,37.0,6.0,4906.45,4906.45,7,81.77416666666666,81.77416666666666,100.0,21.511627906976745,3.3707865168539324,EUR,7,2773.735589,172.0,True
200391,"VARUS, вул. Жилянська 59",Kyiv,2026-08-17,1125.495544,143.0,85.0,22.0,58.0,4906.35,4906.35,7,81.77250000000001,81.77250000000001,100.0,25.882352941176475,40.55944055944056,EUR,7,1125.495544,85.0,True
200391,"VARUS, вул. Жилянська 59",Kyiv,2026-08-24,677.6784269999999,86.0,43.0,8.0,43.0,2951.0833333333335,4907.216666666667,7,49.18472222222223,81.78694444444446,60.13762044336063,18.6046511627907,50.0,EUR,7,677.6784269999999,43.0,True
200391,"VARUS, вул. Жилянська 59",Kyiv,2026-08-31,648.258794,67.0,42.0,12.0,25.0,2135.883333333333,2434.2333333333336,7,35.598055555555554,40.57055555555556,87.74357429443903,28.57142857142857,37.3134328358209,EUR,7,648.258794,42.0,True
200391,"VARUS, вул. Жилянська 59",Kyiv,2026-09-07,1001.7886550000001,77.0,69.0,21.0,8.0,2332.2333333333336,3204.5,7,38.87055555555556,53.40833333333333,72.77994486919437,30.434782608695656,10.38961038961039,EUR,7,1001.7886550000001,69.0,True
200391,"VARUS, вул. Жилянська 59",Kyiv,2026-09-14,214.916461,78.0,13.0,5.0,65.0,3295.499967447917,4907.133333333333,7,54.92499945746528,81.78555555555555,67.157334916134,38.46153846153847,83.33333333333334,EUR,7,214.916461,13.0,True
200391,"VARUS, вул. Жилянська 59",Kyiv,2026-09-21,801.6389719999999,101.0,47.0,26.0,54.0,4781.95,4906.966666666666,7,79.69916666666667,81.78277777777777,97.4522617503006,55.319148936170215,53.46534653465347,EUR,7,801.6389719999999,47.0,True
200391,"VARUS, вул. Жилянська 59",Kyiv,2026-09-28,640.911643,57.0,39.0,8.0,18.0,4906.95,4906.95,7,81.7825,81.7825,100.0,20.51282051282051,31.57894736842105,EUR,7,640.911643,39.0,True
200391,"VARUS, вул. Жилянська 59",Kyiv,2026-10-05,185.148518,20.0,16.0,5.0,4.0,701.0,701.0,2,11.683333333333334,11.683333333333334,100.0,31.25,20.0,EUR,7,185.148518,16.0,True
200392,"VARUS, Площа Шахтарської Слави 1",Kryvyi Rih,2026-06-29,403.782635,38.0,37.0,4.0,1.0,3505.366666666667,3505.366666666667,5,58.42277777777778,58.42277777777778,100.0,10.81081081081081,2.631578947368421,EUR,7,403.782635,37.0,True
200392,"VARUS, Площа Шахтарської Слави 1",Kryvyi Rih,2026-07-06,948.256426,68.0,67.0,3.0,1.0,4907.016666666666,4907.016666666666,7,81.78361111111111,81.78361111111111,100.0,4.477611940298507,1.4705882352941175,EUR,7,948.256426,67.0,True
200392,"VARUS, Площа Шахтарської Слави 1",Kryvyi Rih,2026-07-13,856.702862,63.0,62.0,3.0,1.0,4906.866666666667,4906.866666666667,7,81.78111111111112,81.78111111111112,100.0,4.838709677419355,1.5873015873015872,EUR,7,856.702862,62.0,True
200392,"VARUS, Площа Шахтарської Слави 1",Kryvyi Rih,2026-07-20,929.4256150000001,75.0,74.0,2.0,1.0,4906.9,4906.9,7,81.78166666666667,81.78166666666667,100.0,2.7027027027027026,1.3333333333333335,EUR,7,929.4256150000001,74.0,True
200392,"VARUS, Площа Шахтарської Слави 1",Kryvyi Rih,2026-07-27,931.4395039999999,62.0,60.0,4.0,2.0,4907.716666666667,4907.716666666667,7,81.79527777777778,81.79527777777778,100.0,6.666666666666667,3.225806451612903,EUR,7,931.4395039999999,60.0,True
200392,"VARUS, Площа Шахтарської Слави 1",Kryvyi Rih,2026-08-03,694.2013979999999,47.0,45.0,5.0,2.0,3440.8166666666666,4907.166666666667,7,57.346944444444446,81.78611111111111,70.11819447746493,11.11111111111111,4.25531914893617,EUR,7,694.2013979999999,45.0,True
200392,"VARUS, Площа Шахтарської Слави 1",Kryvyi Rih,2026-08-10,94.03221799999999,13.0,9.0,2.0,4.0,3246.533333333333,4906.45,7,54.10888888888888,81.77416666666666,66.16868272036469,22.22222222222222,30.76923076923077,EUR,7,94.03221799999999,9.0,True
200392,"VARUS, Площа Шахтарської Слави 1",Kryvyi Rih,2026-08-17,297.839702,23.0,22.0,2.0,1.0,4906.35,4906.35,7,81.77250000000001,81.77250000000001,100.0,9.090909090909092,4.3478260869565215,EUR,7,297.839702,22.0,True
200392,"VARUS, Площа Шахтарської Слави 1",Kryvyi Rih,2026-08-24,1073.056078,82.0,81.0,12.0,1.0,4907.216666666667,4907.216666666667,7,81.78694444444446,81.78694444444446,100.0,14.814814814814813,1.2195121951219512,EUR,7,1073.056078,81.0,True
200392,"VARUS, Площа Шахтарської Слави 1",Kryvyi Rih,2026-08-31,1302.761282,92.0,89.0,4.0,3.0,4907.7,4907.7,7,81.795,81.795,100.0,4.49438202247191,3.260869565217391,EUR,7,1302.761282,89.0,True
200392,"VARUS, Площа Шахтарської Слави 1",Kryvyi Rih,2026-09-07,1063.225973,84.0,80.0,5.0,4.0,4906.5,4906.5,7,81.775,81.775,100.0,6.25,4.761904761904762,EUR,7,1063.225973,80.0,True
200392,"VARUS, Площа Шахтарської Слави 1",Kryvyi Rih,2026-09-14,666.540929,47.0,44.0,3.0,3.0,3466.7166666666667,4907.133333333333,7,57.77861111111111,81.78555555555555,70.6464738408032,6.8181818181818175,6.382978723404255,EUR,7,666.540929,44.0,True
200392,"VARUS, Площа Шахтарської Слави 1",Kryvyi Rih,2026-09-21,1087.415768,75.0,72.0,6.0,3.0,4906.966666666666,4906.966666666666,7,81.78277777777777,81.78277777777777,100.0,8.333333333333332,4.0,EUR,7,1087.415768,72.0,True
200392,"VARUS, Площа Шахтарської Слави 1",Kryvyi Rih,2026-09-28,1092.136371,76.0,72.0,7.0,4.0,4906.95,4906.95,7,81.7825,81.7825,100.0,9.722222222222223,5.263157894736842,EUR,7,1092.136371,72.0,True
200392,"VARUS, Площа Шахтарської Слави 1",Kryvyi Rih,2026-10-05,417.657294,29.0,29.0,2.0,0.0,701.0,701.0,2,11.683333333333334,11.683333333333334,100.0,6.896551724137931,0.0,EUR,7,417.657294,29.0,True
200393,"VARUS, вул. 200 річчя Кривого Рогу",Kryvyi Rih,2026-06-29,360.797112,22.0,22.0,4.0,0.0,3505.366666666667,3505.366666666667,5,58.42277777777778,58.42277777777778,100.0,18.181818181818183,0.0,EUR,7,360.797112,22.0,True
200393,"VARUS, вул. 200 річчя Кривого Рогу",Kryvyi Rih,2026-07-06,349.841423,26.0,26.0,2.0,0.0,4907.016666666666,4907.016666666666,7,81.78361111111111,81.78361111111111,100.0,7.6923076923076925,0.0,EUR,7,349.841423,26.0,True
200393,"VARUS, вул. 200 річчя Кривого Рогу",Kryvyi Rih,2026-07-13,370.650976,23.0,23.0,4.0,0.0,4906.866666666667,4906.866666666667,7,81.78111111111112,81.78111111111112,100.0,17.391304347826086,0.0,EUR,7,370.650976,23.0,True
200393,"VARUS, вул. 200 річчя Кривого Рогу",Kryvyi Rih,2026-07-20,335.130277,25.0,23.0,2.0,2.0,4906.9,4906.9,7,81.78166666666667,81.78166666666667,100.0,8.695652173913043,8.0,EUR,7,335.130277,23.0,True
200393,"VARUS, вул. 200 річчя Кривого Рогу",Kryvyi Rih,2026-07-27,312.79192900000004,21.0,21.0,2.0,0.0,4907.716666666667,4907.716666666667,7,81.79527777777778,81.79527777777778,100.0,9.523809523809524,0.0,EUR,7,312.79192900000004,21.0,True
200393,"VARUS, вул. 200 річчя Кривого Рогу",Kryvyi Rih,2026-08-03,715.8468690000001,45.0,44.0,7.0,1.0,4907.166666666667,4907.166666666667,7,81.78611111111111,81.78611111111111,100.0,15.909090909090908,2.2222222222222223,EUR,7,715.8468690000001,44.0,True
200393,"VARUS, вул. 200 річчя Кривого Рогу",Kryvyi Rih,2026-08-10,533.503187,46.0,39.0,5.0,7.0,4863.766666666666,4906.45,7,81.06277777777777,81.77416666666666,99.13005669407956,12.82051282051282,15.217391304347828,EUR,7,533.503187,39.0,True
200393,"VARUS, вул. 200 річчя Кривого Рогу",Kryvyi Rih,2026-08-17,195.26876900000002,16.0,16.0,1.0,0.0,3314.666666666667,4906.35,7,55.24444444444445,81.77250000000001,67.55870793291687,6.25,0.0,EUR,7,195.26876900000002,16.0,True
200393,"VARUS, вул. 200 річчя Кривого Рогу",Kryvyi Rih,2026-08-24,678.807757,53.0,48.0,8.0,5.0,4616.8,4907.216666666667,7,76.94666666666667,81.78694444444446,94.08184544531353,16.666666666666664,9.433962264150944,EUR,7,678.807757,48.0,True
200393,"VARUS, вул. 200 річчя Кривого Рогу",Kryvyi Rih,2026-08-31,865.784999,59.0,57.0,11.0,2.0,4907.7,4907.7,7,81.795,81.795,100.0,19.298245614035086,3.389830508474576,EUR,7,865.784999,57.0,True
200393,"VARUS, вул. 200 річчя Кривого Рогу",Kryvyi Rih,2026-09-07,461.908685,40.0,34.0,5.0,6.0,4906.5,4906.5,7,81.775,81.775,100.0,14.705882352941178,15.0,EUR,7,461.908685,34.0,True
200393,"VARUS, вул. 200 річчя Кривого Рогу",Kryvyi Rih,2026-09-14,633.403409,56.0,52.0,9.0,4.0,4907.133333333333,4907.133333333333,7,81.78555555555555,81.78555555555555,100.0,17.307692307692307,7.142857142857142,EUR,7,633.403409,52.0,True
200393,"VARUS, вул. 200 річчя Кривого Рогу",Kryvyi Rih,2026-09-21,375.18997,37.0,33.0,7.0,4.0,4906.966666666666,4906.966666666666,7,81.78277777777777,81.78277777777777,100.0,21.21212121212121,10.81081081081081,EUR,7,375.18997,33.0,True
200393,"VARUS, вул. 200 річчя Кривого Рогу",Kryvyi Rih,2026-09-28,529.730531,39.0,36.0,4.0,3.0,4906.95,4906.95,7,81.7825,81.7825,100.0,11.11111111111111,7.6923076923076925,EUR,7,529.730531,36.0,True
200393,"VARUS, вул. 200 річчя Кривого Рогу",Kryvyi Rih,2026-10-05,167.280508,13.0,12.0,3.0,1.0,701.0,701.0,2,11.683333333333334,11.683333333333334,100.0,25.0,7.6923076923076925,EUR,7,167.280508,12.0,True
200394,"VARUS, пр. Металургів 42А",Kryvyi Rih,2026-06-29,301.79182099999997,21.0,21.0,1.0,0.0,3505.366666666667,3505.366666666667,5,58.42277777777778,58.42277777777778,100.0,4.761904761904762,0.0,EUR,7,301.79182099999997,21.0,True
200394,"VARUS, пр. Металургів 42А",Kryvyi Rih,2026-07-06,322.669047,27.0,27.0,6.0,0.0,4907.016666666666,4907.016666666666,7,81.78361111111111,81.78361111111111,100.0,22.22222222222222,0.0,EUR,7,322.669047,27.0,True
200394,"VARUS, пр. Металургів 42А",Kryvyi Rih,2026-07-13,625.63202,48.0,46.0,2.0,2.0,4906.866666666667,4906.866666666667,7,81.78111111111112,81.78111111111112,100.0,4.3478260869565215,4.166666666666666,EUR,7,625.63202,46.0,True
200394,"VARUS, пр. Металургів 42А",Kryvyi Rih,2026-07-20,569.466038,40.0,40.0,2.0,0.0,4906.9,4906.9,7,81.78166666666667,81.78166666666667,100.0,5.0,0.0,EUR,7,569.466038,40.0,True
200394,"VARUS, пр. Металургів 42А",Kryvyi Rih,2026-07-27,531.344402,30.0,30.0,1.0,0.0,4907.716666666667,4907.716666666667,7,81.79527777777778,81.79527777777778,100.0,3.3333333333333335,0.0,EUR,7,531.344402,30.0,True
200394,"VARUS, пр. Металургів 42А",Kryvyi Rih,2026-08-03,897.315834,65.0,63.0,6.0,2.0,4510.133333333333,4907.166666666667,7,75.16888888888889,81.78611111111111,91.90911252250109,9.523809523809524,3.076923076923077,EUR,7,897.315834,63.0,True
200394,"VARUS, пр. Металургів 42А",Kryvyi Rih,2026-08-10,1715.053755,124.0,118.0,11.0,6.0,3246.3,4906.45,7,54.105000000000004,81.77416666666666,66.16392707558418,9.322033898305085,4.838709677419355,EUR,7,1715.053755,118.0,True
200394,"VARUS, пр. Металургів 42А",Kryvyi Rih,2026-08-17,1330.1352430000002,87.0,87.0,7.0,0.0,4906.35,4906.35,7,81.77250000000001,81.77250000000001,100.0,8.045977011494253,0.0,EUR,7,1330.1352430000002,87.0,True
200394,"VARUS, пр. Металургів 42А",Kryvyi Rih,2026-08-24,1005.6424440000001,60.0,58.0,6.0,2.0,4907.216666666667,4907.216666666667,7,81.78694444444446,81.78694444444446,100.0,10.344827586206897,3.3333333333333335,EUR,7,1005.6424440000001,58.0,True
200394,"VARUS, пр. Металургів 42А",Kryvyi Rih,2026-08-31,739.0671219999999,56.0,56.0,3.0,0.0,4907.7,4907.7,7,81.795,81.795,100.0,5.357142857142857,0.0,EUR,7,739.0671219999999,56.0,True
200394,"VARUS, пр. Металургів 42А",Kryvyi Rih,2026-09-07,942.88723,65.0,64.0,4.0,1.0,4906.5,4906.5,7,81.775,81.775,100.0,6.25,1.5384615384615385,EUR,7,942.88723,64.0,True
200394,"VARUS, пр. Металургів 42А",Kryvyi Rih,2026-09-14,734.6266579999999,53.0,49.0,5.0,4.0,3486.883333333333,4907.133333333333,7,58.11472222222222,81.78555555555555,71.05744018911246,10.204081632653061,7.547169811320755,EUR,7,734.6266579999999,49.0,True
200394,"VARUS, пр. Металургів 42А",Kryvyi Rih,2026-09-21,745.302858,60.0,58.0,8.0,2.0,4906.966666666666,4906.966666666666,7,81.78277777777777,81.78277777777777,100.0,13.793103448275861,3.3333333333333335,EUR,7,745.302858,58.0,True
200394,"VARUS, пр. Металургів 42А",Kryvyi Rih,2026-09-28,908.2010409999999,59.0,57.0,7.0,2.0,4906.95,4906.95,7,81.7825,81.7825,100.0,12.280701754385964,3.389830508474576,EUR,7,908.2010409999999,57.0,True
200394,"VARUS, пр. Металургів 42А",Kryvyi Rih,2026-10-05,176.188466,12.0,12.0,1.0,0.0,701.0,701.0,2,11.683333333333334,11.683333333333334,100.0,8.333333333333332,0.0,EUR,7,176.188466,12.0,True
200395,"VARUS, вул.Терещенко 1Е",Kryvyi Rih,2026-06-29,0.0,0.0,0.0,0.0,0.0,3505.366666666667,3505.366666666667,5,58.42277777777778,58.42277777777778,100.0,,,EUR,7,0.0,0.0,True
200395,"VARUS, вул.Терещенко 1Е",Kryvyi Rih,2026-07-06,0.0,0.0,0.0,0.0,0.0,4907.016666666666,4907.016666666666,7,81.78361111111111,81.78361111111111,100.0,,,EUR,7,0.0,0.0,True
200395,"VARUS, вул.Терещенко 1Е",Kryvyi Rih,2026-07-13,0.0,0.0,0.0,0.0,0.0,4906.866666666667,4906.866666666667,7,81.78111111111112,81.78111111111112,100.0,,,EUR,7,0.0,0.0,True
200395,"VARUS, вул.Терещенко 1Е",Kryvyi Rih,2026-07-20,0.0,0.0,0.0,0.0,0.0,4906.9,4906.9,7,81.78166666666667,81.78166666666667,100.0,,,EUR,7,0.0,0.0,True
200395,"VARUS, вул.Терещенко 1Е",Kryvyi Rih,2026-07-27,0.0,0.0,0.0,0.0,0.0,4907.716666666667,4907.716666666667,7,81.79527777777778,81.79527777777778,100.0,,,EUR,7,0.0,0.0,True
200395,"VARUS, вул.Терещенко 1Е",Kryvyi Rih,2026-08-03,0.0,0.0,0.0,0.0,0.0,4907.166666666667,4907.166666666667,7,81.78611111111111,81.78611111111111,100.0,,,EUR,7,0.0,0.0,True
200395,"VARUS, вул.Терещенко 1Е",Kryvyi Rih,2026-08-10,0.0,0.0,0.0,0.0,0.0,4906.45,4906.45,7,81.77416666666666,81.77416666666666,100.0,,,EUR,7,0.0,0.0,True
200395,"VARUS, вул.Терещенко 1Е",Kryvyi Rih,2026-08-17,0.0,0.0,0.0,0.0,0.0,4906.35,4906.35,7,81.77250000000001,81.77250000000001,100.0,,,EUR,7,0.0,0.0,True
200395,"VARUS, вул.Терещенко 1Е",Kryvyi Rih,2026-08-24,0.0,0.0,0.0,0.0,0.0,4907.216666666667,4907.216666666667,7,81.78694444444446,81.78694444444446,100.0,,,EUR,7,0.0,0.0,True
200395,"VARUS, вул.Терещенко 1Е",Kryvyi Rih,2026-08-31,0.0,0.0,0.0,0.0,0.0,4907.7,4907.7,7,81.795,81.795,100.0,,,EUR,7,0.0,0.0,True
200395,"VARUS, вул.Терещенко 1Е",Kryvyi Rih,2026-09-07,0.0,0.0,0.0,0.0,0.0,4906.5,4906.5,7,81.775,81.775,100.0,,,EUR,7,0.0,0.0,True
200395,"VARUS, вул.Терещенко 1Е",Kryvyi Rih,2026-09-14,0.0,0.0,0.0,0.0,0.0,4907.133333333333,4907.133333333333,7,81.78555555555555,81.78555555555555,100.0,,,EUR,7,0.0,0.0,True
200395,"VARUS, вул.Терещенко 1Е",Kryvyi Rih,2026-09-21,0.0,0.0,0.0,0.0,0.0,4906.966666666666,4906.966666666666,7,81.78277777777777,81.78277777777777,100.0,,,EUR,7,0.0,0.0,True
200395,"VARUS, вул.Терещенко 1Е",Kryvyi Rih,2026-09-28,0.0,0.0,0.0,0.0,0.0,422.45,422.45,7,7.0408333333333335,7.0408333333333335,100.0,,,EUR,7,0.0,0.0,True
200395,"VARUS, вул.Терещенко 1Е",Kryvyi Rih,2026-10-05,0.0,0.0,0.0,0.0,0.0,0.0,0.0,2,0.0,0.0,,,,EUR,7,0.0,0.0,True
200396,"VARUS, мкр Сонячний 41а",Kryvyi Rih,2026-06-29,72.022215,4.0,4.0,0.0,0.0,3505.366666666667,3505.366666666667,5,58.42277777777778,58.42277777777778,100.0,0.0,0.0,EUR,7,72.022215,4.0,True
200396,"VARUS, мкр Сонячний 41а",Kryvyi Rih,2026-07-06,75.299627,6.0,6.0,1.0,0.0,4907.016666666666,4907.016666666666,7,81.78361111111111,81.78361111111111,100.0,16.666666666666664,0.0,EUR,7,75.299627,6.0,True
200396,"VARUS, мкр Сонячний 41а",Kryvyi Rih,2026-07-13,104.344016,7.0,7.0,1.0,0.0,4906.866666666667,4906.866666666667,7,81.78111111111112,81.78111111111112,100.0,14.285714285714285,0.0,EUR,7,104.344016,7.0,True
200396,"VARUS, мкр Сонячний 41а",Kryvyi Rih,2026-07-20,149.584583,9.0,9.0,0.0,0.0,4906.9,4906.9,7,81.78166666666667,81.78166666666667,100.0,0.0,0.0,EUR,7,149.584583,9.0,True
200396,"VARUS, мкр Сонячний 41а",Kryvyi Rih,2026-07-27,139.424423,8.0,8.0,1.0,0.0,4907.716666666667,4907.716666666667,7,81.79527777777778,81.79527777777778,100.0,12.5,0.0,EUR,7,139.424423,8.0,True
200396,"VARUS, мкр Сонячний 41а",Kryvyi Rih,2026-08-03,246.380214,15.0,15.0,2.0,0.0,4907.166666666667,4907.166666666667,7,81.78611111111111,81.78611111111111,100.0,13.333333333333334,0.0,EUR,7,246.380214,15.0,True
200396,"VARUS, мкр Сонячний 41а",Kryvyi Rih,2026-08-10,197.325199,14.0,14.0,2.0,0.0,4906.45,4906.45,7,81.77416666666666,81.77416666666666,100.0,14.285714285714285,0.0,EUR,7,197.325199,14.0,True
200396,"VARUS, мкр Сонячний 41а",Kryvyi Rih,2026-08-17,341.843205,25.0,25.0,3.0,0.0,4906.35,4906.35,7,81.77250000000001,81.77250000000001,100.0,12.0,0.0,EUR,7,341.843205,25.0,True
200396,"VARUS, мкр Сонячний 41а",Kryvyi Rih,2026-08-24,366.153998,20.0,20.0,4.0,0.0,4907.216666666667,4907.216666666667,7,81.78694444444446,81.78694444444446,100.0,20.0,0.0,EUR,7,366.153998,20.0,True
200396,"VARUS, мкр Сонячний 41а",Kryvyi Rih,2026-08-31,260.16713599999997,20.0,20.0,1.0,0.0,4907.7,4907.7,7,81.795,81.795,100.0,5.0,0.0,EUR,7,260.16713599999997,20.0,True
200396,"VARUS, мкр Сонячний 41а",Kryvyi Rih,2026-09-07,131.451288,11.0,10.0,2.0,1.0,4906.5,4906.5,7,81.775,81.775,100.0,20.0,9.090909090909092,EUR,7,131.451288,10.0,True
200396,"VARUS, мкр Сонячний 41а",Kryvyi Rih,2026-09-14,233.170556,19.0,16.0,3.0,3.0,4907.133333333333,4907.133333333333,7,81.78555555555555,81.78555555555555,100.0,18.75,15.789473684210526,EUR,7,233.170556,16.0,True
200396,"VARUS, мкр Сонячний 41а",Kryvyi Rih,2026-09-21,64.857579,6.0,6.0,1.0,0.0,4906.966666666666,4906.966666666666,7,81.78277777777777,81.78277777777777,100.0,16.666666666666664,0.0,EUR,7,64.857579,6.0,True
200396,"VARUS, мкр Сонячний 41а",Kryvyi Rih,2026-09-28,61.58483700000001,7.0,7.0,0.0,0.0,4906.95,4906.95,7,81.7825,81.7825,100.0,0.0,0.0,EUR,7,61.58483700000001,7.0,True
200396,"VARUS, мкр Сонячний 41а",Kryvyi Rih,2026-10-05,69.98715,4.0,4.0,0.0,0.0,701.0,701.0,2,11.683333333333334,11.683333333333334,100.0,0.0,0.0,EUR,7,69.98715,4.0,True
200397,"VARUS, вул. Івана Авраменко 21В",Kryvyi Rih,2026-06-29,223.872663,15.0,15.0,1.0,0.0,3505.366666666667,3505.366666666667,5,58.42277777777778,58.42277777777778,100.0,6.666666666666667,0.0,EUR,7,223.872663,15.0,True
200397,"VARUS, вул. Івана Авраменко 21В",Kryvyi Rih,2026-07-06,563.384046,41.0,40.0,3.0,1.0,4907.016666666666,4907.016666666666,7,81.78361111111111,81.78361111111111,100.0,7.5,2.4390243902439024,EUR,7,563.384046,40.0,True
200397,"VARUS, вул. Івана Авраменко 21В",Kryvyi Rih,2026-07-13,323.293674,23.0,23.0,3.0,0.0,4906.866666666667,4906.866666666667,7,81.78111111111112,81.78111111111112,100.0,13.043478260869565,0.0,EUR,7,323.293674,23.0,True
200397,"VARUS, вул. Івана Авраменко 21В",Kryvyi Rih,2026-07-20,489.49241000000006,30.0,30.0,4.0,0.0,4906.9,4906.9,7,81.78166666666667,81.78166666666667,100.0,13.333333333333334,0.0,EUR,7,489.49241000000006,30.0,True
200397,"VARUS, вул. Івана Авраменко 21В",Kryvyi Rih,2026-07-27,604.169372,32.0,32.0,2.0,0.0,4907.716666666667,4907.716666666667,7,81.79527777777778,81.79527777777778,100.0,6.25,0.0,EUR,7,604.169372,32.0,True
200397,"VARUS, вул. Івана Авраменко 21В",Kryvyi Rih,2026-08-03,505.62884899999995,34.0,33.0,5.0,1.0,4907.166666666667,4907.166666666667,7,81.78611111111111,81.78611111111111,100.0,15.151515151515152,2.941176470588235,EUR,7,505.62884899999995,33.0,True
200397,"VARUS, вул. Івана Авраменко 21В",Kryvyi Rih,2026-08-10,1169.103838,103.0,81.0,18.0,22.0,4906.45,4906.45,7,81.77416666666666,81.77416666666666,100.0,22.22222222222222,21.35922330097087,EUR,7,1169.103838,81.0,True
200397,"VARUS, вул. Івана Авраменко 21В",Kryvyi Rih,2026-08-17,760.662892,43.0,42.0,7.0,1.0,4906.35,4906.35,7,81.77250000000001,81.77250000000001,100.0,16.666666666666664,2.3255813953488373,EUR,7,760.662892,42.0,True
200397,"VARUS, вул. Івана Авраменко 21В",Kryvyi Rih,2026-08-24,649.090436,37.0,36.0,2.0,1.0,3236.3166666666666,4907.216666666667,7,53.93861111111111,81.78694444444446,65.95014825104522,5.555555555555555,2.7027027027027026,EUR,7,649.090436,36.0,True
200397,"VARUS, вул. Івана Авраменко 21В",Kryvyi Rih,2026-08-31,758.716738,35.0,35.0,4.0,0.0,3955.9,4907.7,7,65.93166666666667,81.795,80.60598651099293,11.428571428571429,0.0,EUR,7,758.716738,35.0,True
200397,"VARUS, вул. Івана Авраменко 21В",Kryvyi Rih,2026-09-07,458.008207,35.0,35.0,3.0,0.0,4906.5,4906.5,7,81.775,81.775,100.0,8.571428571428571,0.0,EUR,7,458.008207,35.0,True
200397,"VARUS, вул. Івана Авраменко 21В",Kryvyi Rih,2026-09-14,442.93413999999996,36.0,35.0,5.0,1.0,3470.7833333333333,4907.133333333333,7,57.84638888888889,81.78555555555555,70.72934639368539,14.285714285714285,2.7777777777777777,EUR,7,442.93413999999996,35.0,True
200397,"VARUS, вул. Івана Авраменко 21В",Kryvyi Rih,2026-09-21,756.9297099999999,43.0,43.0,4.0,0.0,4906.966666666666,4906.966666666666,7,81.78277777777777,81.78277777777777,100.0,9.30232558139535,0.0,EUR,7,756.9297099999999,43.0,True
200397,"VARUS, вул. Івана Авраменко 21В",Kryvyi Rih,2026-09-28,708.7393469999998,46.0,46.0,2.0,0.0,4906.95,4906.95,7,81.7825,81.7825,100.0,4.3478260869565215,0.0,EUR,7,708.7393469999998,46.0,True
200397,"VARUS, вул. Івана Авраменко 21В",Kryvyi Rih,2026-10-05,159.749752,14.0,14.0,2.0,0.0,701.0,701.0,2,11.683333333333334,11.683333333333334,100.0,14.285714285714285,0.0,EUR,7,159.749752,14.0,True
200398,"VARUS, вул. Недєліна 43",Kryvyi Rih,2026-06-29,0.0,0.0,0.0,0.0,0.0,3505.366666666667,3505.366666666667,5,58.42277777777778,58.42277777777778,100.0,,,EUR,7,0.0,0.0,True
200398,"VARUS, вул. Недєліна 43",Kryvyi Rih,2026-07-06,0.0,0.0,0.0,0.0,0.0,4907.016666666666,4907.016666666666,7,81.78361111111111,81.78361111111111,100.0,,,EUR,7,0.0,0.0,True
200398,"VARUS, вул. Недєліна 43",Kryvyi Rih,2026-07-13,0.0,0.0,0.0,0.0,0.0,4906.866666666667,4906.866666666667,7,81.78111111111112,81.78111111111112,100.0,,,EUR,7,0.0,0.0,True
200398,"VARUS, вул. Недєліна 43",Kryvyi Rih,2026-07-20,0.0,0.0,0.0,0.0,0.0,4906.9,4906.9,7,81.78166666666667,81.78166666666667,100.0,,,EUR,7,0.0,0.0,True
200398,"VARUS, вул. Недєліна 43",Kryvyi Rih,2026-07-27,0.0,0.0,0.0,0.0,0.0,4907.716666666667,4907.716666666667,7,81.79527777777778,81.79527777777778,100.0,,,EUR,7,0.0,0.0,True
200398,"VARUS, вул. Недєліна 43",Kryvyi Rih,2026-08-03,0.0,0.0,0.0,0.0,0.0,4907.166666666667,4907.166666666667,7,81.78611111111111,81.78611111111111,100.0,,,EUR,7,0.0,0.0,True
200398,"VARUS, вул. Недєліна 43",Kryvyi Rih,2026-08-10,0.0,0.0,0.0,0.0,0.0,4906.45,4906.45,7,81.77416666666666,81.77416666666666,100.0,,,EUR,7,0.0,0.0,True
200398,"VARUS, вул. Недєліна 43",Kryvyi Rih,2026-08-17,0.0,0.0,0.0,0.0,0.0,4906.35,4906.35,7,81.77250000000001,81.77250000000001,100.0,,,EUR,7,0.0,0.0,True
200398,"VARUS, вул. Недєліна 43",Kryvyi Rih,2026-08-24,0.0,0.0,0.0,0.0,0.0,4907.216666666667,4907.216666666667,7,81.78694444444446,81.78694444444446,100.0,,,EUR,7,0.0,0.0,True
200398,"VARUS, вул. Недєліна 43",Kryvyi Rih,2026-08-31,0.0,0.0,0.0,0.0,0.0,4907.7,4907.7,7,81.795,81.795,100.0,,,EUR,7,0.0,0.0,True
200398,"VARUS, вул. Недєліна 43",Kryvyi Rih,2026-09-07,0.0,0.0,0.0,0.0,0.0,4906.5,4906.5,7,81.775,81.775,100.0,,,EUR,7,0.0,0.0,True
200398,"VARUS, вул. Недєліна 43",Kryvyi Rih,2026-09-14,0.0,0.0,0.0,0.0,0.0,4907.133333333333,4907.133333333333,7,81.78555555555555,81.78555555555555,100.0,,,EUR,7,0.0,0.0,True
200398,"VARUS, вул. Недєліна 43",Kryvyi Rih,2026-09-21,0.0,0.0,0.0,0.0,0.0,4906.966666666666,4906.966666666666,7,81.78277777777777,81.78277777777777,100.0,,,EUR,7,0.0,0.0,True
200398,"VARUS, вул. Недєліна 43",Kryvyi Rih,2026-09-28,0.0,0.0,0.0,0.0,0.0,423.55,423.55,7,7.059166666666667,7.059166666666667,100.0,,,EUR,7,0.0,0.0,True
200398,"VARUS, вул. Недєліна 43",Kryvyi Rih,2026-10-05,0.0,0.0,0.0,0.0,0.0,0.0,0.0,2,0.0,0.0,,,,EUR,7,0.0,0.0,True
200399,"VARUS, пр. Добровольського 122/1",Odesa,2026-06-29,195.826411,10.0,10.0,4.0,0.0,3505.366666666667,3505.366666666667,5,58.42277777777778,58.42277777777778,100.0,40.0,0.0,EUR,7,195.826411,10.0,True
200399,"VARUS, пр. Добровольського 122/1",Odesa,2026-07-06,206.872259,13.0,13.0,1.0,0.0,4907.016666666666,4907.016666666666,7,81.78361111111111,81.78361111111111,100.0,7.6923076923076925,0.0,EUR,7,206.872259,13.0,True
200399,"VARUS, пр. Добровольського 122/1",Odesa,2026-07-13,261.024389,15.0,15.0,3.0,0.0,4906.866666666667,4906.866666666667,7,81.78111111111112,81.78111111111112,100.0,20.0,0.0,EUR,7,261.024389,15.0,True
200399,"VARUS, пр. Добровольського 122/1",Odesa,2026-07-20,277.733594,13.0,13.0,4.0,0.0,4906.9,4906.9,7,81.78166666666667,81.78166666666667,100.0,30.76923076923077,0.0,EUR,7,277.733594,13.0,True
200399,"VARUS, пр. Добровольського 122/1",Odesa,2026-07-27,405.29737,20.0,20.0,3.0,0.0,4907.716666666667,4907.716666666667,7,81.79527777777778,81.79527777777778,100.0,15.0,0.0,EUR,7,405.29737,20.0,True
200399,"VARUS, пр. Добровольського 122/1",Odesa,2026-08-03,233.764563,16.0,14.0,1.0,2.0,4907.166666666667,4907.166666666667,7,81.78611111111111,81.78611111111111,100.0,7.142857142857142,12.5,EUR,7,233.764563,14.0,True
200399,"VARUS, пр. Добровольського 122/1",Odesa,2026-08-10,409.28085500000003,30.0,28.0,5.0,2.0,4906.45,4906.45,7,81.77416666666666,81.77416666666666,100.0,17.857142857142858,6.666666666666667,EUR,7,409.28085500000003,28.0,True
200399,"VARUS, пр. Добровольського 122/1",Odesa,2026-08-17,313.996333,27.0,25.0,3.0,2.0,4906.35,4906.35,7,81.77250000000001,81.77250000000001,100.0,12.0,7.4074074074074066,EUR,7,313.996333,25.0,True
200399,"VARUS, пр. Добровольського 122/1",Odesa,2026-08-24,434.430203,30.0,30.0,4.0,0.0,4907.216666666667,4907.216666666667,7,81.78694444444446,81.78694444444446,100.0,13.333333333333334,0.0,EUR,7,434.430203,30.0,True
200399,"VARUS, пр. Добровольського 122/1",Odesa,2026-08-31,416.97516800000005,21.0,20.0,4.0,1.0,4907.7,4907.7,7,81.795,81.795,100.0,20.0,4.761904761904762,EUR,7,416.97516800000005,20.0,True
200399,"VARUS, пр. Добровольського 122/1",Odesa,2026-09-07,219.57673999999997,16.0,16.0,1.0,0.0,4906.5,4906.5,7,81.775,81.775,100.0,6.25,0.0,EUR,7,219.57673999999997,16.0,True
200399,"VARUS, пр. Добровольського 122/1",Odesa,2026-09-14,348.27447199999995,22.0,22.0,1.0,0.0,4907.133333333333,4907.133333333333,7,81.78555555555555,81.78555555555555,100.0,4.545454545454546,0.0,EUR,7,348.27447199999995,22.0,True
200399,"VARUS, пр. Добровольського 122/1",Odesa,2026-09-21,225.89882899999998,21.0,20.0,4.0,1.0,4906.966666666666,4906.966666666666,7,81.78277777777777,81.78277777777777,100.0,20.0,4.761904761904762,EUR,7,225.89882899999998,20.0,True
200399,"VARUS, пр. Добровольського 122/1",Odesa,2026-09-28,262.78881600000005,19.0,16.0,2.0,3.0,4906.95,4906.95,7,81.7825,81.7825,100.0,12.5,15.789473684210526,EUR,7,262.78881600000005,16.0,True
200399,"VARUS, пр. Добровольського 122/1",Odesa,2026-10-05,89.490122,5.0,5.0,1.0,0.0,701.0,701.0,2,11.683333333333334,11.683333333333334,100.0,20.0,0.0,EUR,7,89.490122,5.0,True
200400,"VARUS, Люстдорфська дорога 114",Odesa,2026-06-29,257.549959,18.0,18.0,2.0,0.0,3505.366666666667,3505.366666666667,5,58.42277777777778,58.42277777777778,100.0,11.11111111111111,0.0,EUR,7,257.549959,18.0,True
200400,"VARUS, Люстдорфська дорога 114",Odesa,2026-07-06,483.462938,29.0,28.0,3.0,1.0,4907.016666666666,4907.016666666666,7,81.78361111111111,81.78361111111111,100.0,10.714285714285714,3.4482758620689653,EUR,7,483.462938,28.0,True
200400,"VARUS, Люстдорфська дорога 114",Odesa,2026-07-13,710.930442,34.0,34.0,1.0,0.0,4906.866666666667,4906.866666666667,7,81.78111111111112,81.78111111111112,100.0,2.941176470588235,0.0,EUR,7,710.930442,34.0,True
200400,"VARUS, Люстдорфська дорога 114",Odesa,2026-07-20,813.668121,44.0,42.0,5.0,2.0,4906.9,4906.9,7,81.78166666666667,81.78166666666667,100.0,11.904761904761903,4.545454545454546,EUR,7,813.668121,42.0,True
200400,"VARUS, Люстдорфська дорога 114",Odesa,2026-07-27,853.9509669999999,50.0,47.0,9.0,3.0,4907.716666666667,4907.716666666667,7,81.79527777777778,81.79527777777778,100.0,19.148936170212767,6.0,EUR,7,853.9509669999999,47.0,True
200400,"VARUS, Люстдорфська дорога 114",Odesa,2026-08-03,375.772397,23.0,23.0,5.0,0.0,2999.2,2999.2,7,49.986666666666665,49.986666666666665,100.0,21.73913043478261,0.0,EUR,7,375.772397,23.0,True
200400,"VARUS, Люстдорфська дорога 114",Odesa,2026-08-10,233.954428,12.0,12.0,1.0,0.0,3565.4833333333336,4906.316666666667,7,59.42472222222223,81.77194444444444,72.67128429677389,8.333333333333332,0.0,EUR,7,233.954428,12.0,True
200400,"VARUS, Люстдорфська дорога 114",Odesa,2026-08-17,778.5974100000001,40.0,40.0,6.0,0.0,4906.35,4906.35,7,81.77250000000001,81.77250000000001,100.0,15.0,0.0,EUR,7,778.5974100000001,40.0,True
200400,"VARUS, Люстдорфська дорога 114",Odesa,2026-08-24,487.591675,26.0,19.0,5.0,7.0,4082.0833333333335,4907.1,7,68.03472222222223,81.78500000000001,83.187286448887,26.31578947368421,26.923076923076923,EUR,7,487.591675,19.0,True
200400,"VARUS, Люстдорфська дорога 114",Odesa,2026-08-31,0.0,0.0,0.0,0.0,0.0,4907.7,4907.7,7,81.795,81.795,100.0,,,EUR,7,0.0,0.0,True
200400,"VARUS, Люстдорфська дорога 114",Odesa,2026-09-07,0.0,0.0,0.0,0.0,0.0,4906.5,4906.5,7,81.775,81.775,100.0,,,EUR,7,0.0,0.0,True
200400,"VARUS, Люстдорфська дорога 114",Odesa,2026-09-14,0.0,0.0,0.0,0.0,0.0,4907.133333333333,4907.133333333333,7,81.78555555555555,81.78555555555555,100.0,,,EUR,7,0.0,0.0,True
200400,"VARUS, Люстдорфська дорога 114",Odesa,2026-09-21,0.0,0.0,0.0,0.0,0.0,4906.966666666666,4906.966666666666,7,81.78277777777777,81.78277777777777,100.0,,,EUR,7,0.0,0.0,True
200400,"VARUS, Люстдорфська дорога 114",Odesa,2026-09-28,0.0,0.0,0.0,0.0,0.0,4906.95,4906.95,7,81.7825,81.7825,100.0,,,EUR,7,0.0,0.0,True
200400,"VARUS, Люстдорфська дорога 114",Odesa,2026-10-05,0.0,0.0,0.0,0.0,0.0,701.0,701.0,2,11.683333333333334,11.683333333333334,100.0,,,EUR,7,0.0,0.0,True
200401,"VARUS, вул. Дача Ковалевського 91",Odesa,2026-06-29,0.0,0.0,0.0,0.0,0.0,3505.366666666667,3505.366666666667,5,58.42277777777778,58.42277777777778,100.0,,,EUR,7,0.0,0.0,True
200401,"VARUS, вул. Дача Ковалевського 91",Odesa,2026-07-06,0.0,0.0,0.0,0.0,0.0,4907.016666666666,4907.016666666666,7,81.78361111111111,81.78361111111111,100.0,,,EUR,7,0.0,0.0,True
200401,"VARUS, вул. Дача Ковалевського 91",Odesa,2026-07-13,0.0,0.0,0.0,0.0,0.0,4906.866666666667,4906.866666666667,7,81.78111111111112,81.78111111111112,100.0,,,EUR,7,0.0,0.0,True
200401,"VARUS, вул. Дача Ковалевського 91",Odesa,2026-07-20,0.0,0.0,0.0,0.0,0.0,4906.9,4906.9,7,81.78166666666667,81.78166666666667,100.0,,,EUR,7,0.0,0.0,True
200401,"VARUS, вул. Дача Ковалевського 91",Odesa,2026-07-27,0.0,0.0,0.0,0.0,0.0,4907.716666666667,4907.716666666667,7,81.79527777777778,81.79527777777778,100.0,,,EUR,7,0.0,0.0,True
200401,"VARUS, вул. Дача Ковалевського 91",Odesa,2026-08-03,0.0,0.0,0.0,0.0,0.0,4907.166666666667,4907.166666666667,7,81.78611111111111,81.78611111111111,100.0,,,EUR,7,0.0,0.0,True
200401,"VARUS, вул. Дача Ковалевського 91",Odesa,2026-08-10,0.0,0.0,0.0,0.0,0.0,4906.45,4906.45,7,81.77416666666666,81.77416666666666,100.0,,,EUR,7,0.0,0.0,True
200401,"VARUS, вул. Дача Ковалевського 91",Odesa,2026-08-17,0.0,0.0,0.0,0.0,0.0,4906.35,4906.35,7,81.77250000000001,81.77250000000001,100.0,,,EUR,7,0.0,0.0,True
200401,"VARUS, вул. Дача Ковалевського 91",Odesa,2026-08-24,0.0,0.0,0.0,0.0,0.0,4907.216666666667,4907.216666666667,7,81.78694444444446,81.78694444444446,100.0,,,EUR,7,0.0,0.0,True
200401,"VARUS, вул. Дача Ковалевського 91",Odesa,2026-08-31,0.0,0.0,0.0,0.0,0.0,4907.7,4907.7,7,81.795,81.795,100.0,,,EUR,7,0.0,0.0,True
200401,"VARUS, вул. Дача Ковалевського 91",Odesa,2026-09-07,0.0,0.0,0.0,0.0,0.0,4906.5,4906.5,7,81.775,81.775,100.0,,,EUR,7,0.0,0.0,True
200401,"VARUS, вул. Дача Ковалевського 91",Odesa,2026-09-14,0.0,0.0,0.0,0.0,0.0,4907.133333333333,4907.133333333333,7,81.78555555555555,81.78555555555555,100.0,,,EUR,7,0.0,0.0,True
200401,"VARUS, вул. Дача Ковалевського 91",Odesa,2026-09-21,0.0,0.0,0.0,0.0,0.0,4906.966666666666,4906.966666666666,7,81.78277777777777,81.78277777777777,100.0,,,EUR,7,0.0,0.0,True
200401,"VARUS, вул. Дача Ковалевського 91",Odesa,2026-09-28,0.0,0.0,0.0,0.0,0.0,1767.3333333333333,4906.95,7,29.455555555555556,81.7825,36.0169419564767,,,EUR,7,0.0,0.0,True
200401,"VARUS, вул. Дача Ковалевського 91",Odesa,2026-10-05,0.0,0.0,0.0,0.0,0.0,671.3,701.0,2,11.188333333333333,11.683333333333334,95.76319543509271,,,EUR,7,0.0,0.0,True
200402,"VARUS, вул.Французький бульвар 22",Odesa,2026-06-29,167.374941,16.0,12.0,2.0,4.0,3505.366666666667,3505.366666666667,5,58.42277777777778,58.42277777777778,100.0,16.666666666666664,25.0,EUR,7,167.374941,12.0,True
200402,"VARUS, вул.Французький бульвар 22",Odesa,2026-07-06,206.47276499999998,21.0,16.0,4.0,5.0,4907.016666666666,4907.016666666666,7,81.78361111111111,81.78361111111111,100.0,25.0,23.809523809523807,EUR,7,206.47276499999998,16.0,True
200402,"VARUS, вул.Французький бульвар 22",Odesa,2026-07-13,153.453183,12.0,7.0,0.0,5.0,4906.866666666667,4906.866666666667,7,81.78111111111112,81.78111111111112,100.0,0.0,41.66666666666667,EUR,7,153.453183,7.0,True
200402,"VARUS, вул.Французький бульвар 22",Odesa,2026-07-20,284.5737,23.0,17.0,3.0,6.0,4906.9,4906.9,7,81.78166666666667,81.78166666666667,100.0,17.647058823529413,26.08695652173913,EUR,7,284.5737,17.0,True
200402,"VARUS, вул.Французький бульвар 22",Odesa,2026-07-27,328.041536,20.0,18.0,8.0,2.0,4907.716666666667,4907.716666666667,7,81.79527777777778,81.79527777777778,100.0,44.44444444444444,10.0,EUR,7,328.041536,18.0,True
200402,"VARUS, вул.Французький бульвар 22",Odesa,2026-08-03,384.921206,31.0,24.0,5.0,7.0,4907.166666666667,4907.166666666667,7,81.78611111111111,81.78611111111111,100.0,20.833333333333336,22.58064516129032,EUR,7,384.921206,24.0,True
200402,"VARUS, вул.Французький бульвар 22",Odesa,2026-08-10,509.887089,39.0,35.0,13.0,4.0,4906.45,4906.45,7,81.77416666666666,81.77416666666666,100.0,37.142857142857146,10.256410256410255,EUR,7,509.887089,35.0,True
200402,"VARUS, вул.Французький бульвар 22",Odesa,2026-08-17,454.78853100000003,32.0,29.0,11.0,3.0,4906.35,4906.35,7,81.77250000000001,81.77250000000001,100.0,37.93103448275862,9.375,EUR,7,454.78853100000003,29.0,True
200402,"VARUS, вул.Французький бульвар 22",Odesa,2026-08-24,364.03562,28.0,27.0,8.0,1.0,4907.216666666667,4907.216666666667,7,81.78694444444446,81.78694444444446,100.0,29.629629629629626,3.571428571428571,EUR,7,364.03562,27.0,True
200402,"VARUS, вул.Французький бульвар 22",Odesa,2026-08-31,432.796787,26.0,19.0,7.0,7.0,4907.7,4907.7,7,81.795,81.795,100.0,36.84210526315789,26.923076923076923,EUR,7,432.796787,19.0,True
200402,"VARUS, вул.Французький бульвар 22",Odesa,2026-09-07,288.250277,30.0,20.0,5.0,10.0,4906.5,4906.5,7,81.775,81.775,100.0,25.0,33.33333333333333,EUR,7,288.250277,20.0,True
200402,"VARUS, вул.Французький бульвар 22",Odesa,2026-09-14,236.79846400000002,21.0,12.0,4.0,9.0,4907.133333333333,4907.133333333333,7,81.78555555555555,81.78555555555555,100.0,33.33333333333333,42.857142857142854,EUR,7,236.79846400000002,12.0,True
200402,"VARUS, вул.Французький бульвар 22",Odesa,2026-09-21,101.305877,11.0,9.0,2.0,2.0,4906.966666666666,4906.966666666666,7,81.78277777777777,81.78277777777777,100.0,22.22222222222222,18.181818181818183,EUR,7,101.305877,9.0,True
200402,"VARUS, вул.Французький бульвар 22",Odesa,2026-09-28,68.829172,11.0,7.0,2.0,4.0,4906.95,4906.95,7,81.7825,81.7825,100.0,28.57142857142857,36.36363636363637,EUR,7,68.829172,7.0,True
200402,"VARUS, вул.Французький бульвар 22",Odesa,2026-10-05,23.110306,3.0,2.0,0.0,1.0,701.0,701.0,2,11.683333333333334,11.683333333333334,100.0,0.0,33.33333333333333,EUR,7,23.110306,2.0,True
200403,"VARUS, вул. Соборна 97А",Pavlohrad,2026-06-29,140.19831,11.0,11.0,2.0,0.0,3205.366666666667,3205.366666666667,5,53.42277777777778,53.42277777777778,100.0,18.181818181818183,0.0,EUR,7,140.19831,11.0,True
200403,"VARUS, вул. Соборна 97А",Pavlohrad,2026-07-06,219.96966,17.0,17.0,0.0,0.0,4487.016666666666,4487.016666666666,7,74.78361111111111,74.78361111111111,100.0,0.0,0.0,EUR,7,219.96966,17.0,True
200403,"VARUS, вул. Соборна 97А",Pavlohrad,2026-07-13,228.50731099999996,16.0,16.0,2.0,0.0,4486.866666666667,4486.866666666667,7,74.78111111111112,74.78111111111112,100.0,12.5,0.0,EUR,7,228.50731099999996,16.0,True
200403,"VARUS, вул. Соборна 97А",Pavlohrad,2026-07-20,397.631774,18.0,17.0,4.0,1.0,4484.9,4484.9,7,74.74833333333332,74.74833333333332,100.0,23.52941176470588,5.555555555555555,EUR,7,397.631774,17.0,True
200403,"VARUS, вул. Соборна 97А",Pavlohrad,2026-07-27,221.91613100000004,19.0,19.0,2.0,0.0,4486.716666666667,4486.716666666667,7,74.77861111111112,74.77861111111112,100.0,10.526315789473683,0.0,EUR,7,221.91613100000004,19.0,True
200403,"VARUS, вул. Соборна 97А",Pavlohrad,2026-08-03,334.56713700000006,21.0,21.0,1.0,0.0,4485.166666666666,4485.166666666666,7,74.75277777777777,74.75277777777777,100.0,4.761904761904762,0.0,EUR,7,334.56713700000006,21.0,True
200403,"VARUS, вул. Соборна 97А",Pavlohrad,2026-08-10,381.060046,26.0,26.0,3.0,0.0,4487.016666666666,4487.016666666666,7,74.78361111111111,74.78361111111111,100.0,11.538461538461538,0.0,EUR,7,381.060046,26.0,True
200403,"VARUS, вул. Соборна 97А",Pavlohrad,2026-08-17,200.83329299999997,15.0,15.0,0.0,0.0,4485.35,4485.35,7,74.75583333333334,74.75583333333334,100.0,0.0,0.0,EUR,7,200.83329299999997,15.0,True
200403,"VARUS, вул. Соборна 97А",Pavlohrad,2026-08-24,262.873515,24.0,18.0,5.0,6.0,4487.216666666667,4487.216666666667,7,74.78694444444446,74.78694444444446,100.0,27.77777777777778,25.0,EUR,7,262.873515,18.0,True
200403,"VARUS, вул. Соборна 97А",Pavlohrad,2026-08-31,325.947037,27.0,25.0,5.0,2.0,4487.7,4487.7,7,74.795,74.795,100.0,20.0,7.4074074074074066,EUR,7,325.947037,25.0,True
200403,"VARUS, вул. Соборна 97А",Pavlohrad,2026-09-07,385.552364,20.0,20.0,5.0,0.0,3684.4833333333336,3684.5,7,61.408055555555556,61.40833333333333,99.99954765458905,25.0,0.0,EUR,7,385.552364,20.0,True
200403,"VARUS, вул. Соборна 97А",Pavlohrad,2026-09-14,129.190471,13.0,12.0,6.0,1.0,3188.0,4487.133333333333,7,53.13333333333333,74.78555555555555,71.04758791804716,50.0,7.6923076923076925,EUR,7,129.190471,12.0,True
200403,"VARUS, вул. Соборна 97А",Pavlohrad,2026-09-21,294.633084,17.0,16.0,2.0,1.0,4486.966666666666,4486.966666666666,7,74.78277777777777,74.78277777777777,100.0,12.5,5.88235294117647,EUR,7,294.633084,16.0,True
200403,"VARUS, вул. Соборна 97А",Pavlohrad,2026-09-28,301.68312800000007,18.0,14.0,3.0,4.0,4486.95,4486.95,7,74.7825,74.7825,100.0,21.428571428571427,22.22222222222222,EUR,7,301.68312800000007,14.0,True
200403,"VARUS, вул. Соборна 97А",Pavlohrad,2026-10-05,135.871523,7.0,7.0,0.0,0.0,641.0,641.0,2,10.683333333333334,10.683333333333334,100.0,0.0,0.0,EUR,7,135.871523,7.0,True
200404,"VARUS, вул.Нова 2В",Pavlohrad,2026-06-29,63.507373,7.0,6.0,1.0,1.0,3205.366666666667,3205.366666666667,5,53.42277777777778,53.42277777777778,100.0,16.666666666666664,14.285714285714285,EUR,7,63.507373,6.0,True
200404,"VARUS, вул.Нова 2В",Pavlohrad,2026-07-06,208.258913,15.0,15.0,4.0,0.0,4487.016666666666,4487.016666666666,7,74.78361111111111,74.78361111111111,100.0,26.666666666666668,0.0,EUR,7,208.258913,15.0,True
200404,"VARUS, вул.Нова 2В",Pavlohrad,2026-07-13,200.901423,19.0,19.0,6.0,0.0,4486.866666666667,4486.866666666667,7,74.78111111111112,74.78111111111112,100.0,31.57894736842105,0.0,EUR,7,200.901423,19.0,True
200404,"VARUS, вул.Нова 2В",Pavlohrad,2026-07-20,155.61422000000002,13.0,13.0,1.0,0.0,4484.9,4484.9,7,74.74833333333332,74.74833333333332,100.0,7.6923076923076925,0.0,EUR,7,155.61422000000002,13.0,True
200404,"VARUS, вул.Нова 2В",Pavlohrad,2026-07-27,157.897412,9.0,9.0,0.0,0.0,4486.716666666667,4486.716666666667,7,74.77861111111112,74.77861111111112,100.0,0.0,0.0,EUR,7,157.897412,9.0,True
200404,"VARUS, вул.Нова 2В",Pavlohrad,2026-08-03,364.567631,15.0,15.0,1.0,0.0,4485.166666666666,4485.166666666666,7,74.75277777777777,74.75277777777777,100.0,6.666666666666667,0.0,EUR,7,364.567631,15.0,True
200404,"VARUS, вул.Нова 2В",Pavlohrad,2026-08-10,285.251078,21.0,18.0,1.0,3.0,4487.016666666666,4487.016666666666,7,74.78361111111111,74.78361111111111,100.0,5.555555555555555,14.285714285714285,EUR,7,285.251078,18.0,True
200404,"VARUS, вул.Нова 2В",Pavlohrad,2026-08-17,290.136462,20.0,17.0,0.0,3.0,4485.35,4485.35,7,74.75583333333334,74.75583333333334,100.0,0.0,15.0,EUR,7,290.136462,17.0,True
200404,"VARUS, вул.Нова 2В",Pavlohrad,2026-08-24,339.403159,22.0,20.0,5.0,2.0,4487.216666666667,4487.216666666667,7,74.78694444444446,74.78694444444446,100.0,25.0,9.090909090909092,EUR,7,339.403159,20.0,True
200404,"VARUS, вул.Нова 2В",Pavlohrad,2026-08-31,287.806619,24.0,22.0,3.0,2.0,4487.7,4487.7,7,74.795,74.795,100.0,13.636363636363635,8.333333333333332,EUR,7,287.806619,22.0,True
200404,"VARUS, вул.Нова 2В",Pavlohrad,2026-09-07,629.1171919999999,34.0,32.0,3.0,2.0,4486.5,4486.5,7,74.775,74.775,100.0,9.375,5.88235294117647,EUR,7,629.1171919999999,32.0,True
200404,"VARUS, вул.Нова 2В",Pavlohrad,2026-09-14,377.862225,25.0,22.0,3.0,3.0,3178.133333333333,4487.133333333333,7,52.968888888888884,74.78555555555555,70.82769994205654,13.636363636363635,12.0,EUR,7,377.862225,22.0,True
200404,"VARUS, вул.Нова 2В",Pavlohrad,2026-09-21,316.908149,22.0,21.0,3.0,1.0,4486.966666666666,4486.966666666666,7,74.78277777777777,74.78277777777777,100.0,14.285714285714285,4.545454545454546,EUR,7,316.908149,21.0,True
200404,"VARUS, вул.Нова 2В",Pavlohrad,2026-09-28,324.875812,23.0,23.0,5.0,0.0,4486.95,4486.95,7,74.7825,74.7825,100.0,21.73913043478261,0.0,EUR,7,324.875812,23.0,True
200404,"VARUS, вул.Нова 2В",Pavlohrad,2026-10-05,37.026430999999995,5.0,5.0,2.0,0.0,641.0,641.0,2,10.683333333333334,10.683333333333334,100.0,40.0,0.0,EUR,7,37.026430999999995,5.0,True
200408,"VARUS, пр. Гуляєва полковника ж.м. ""Дружний"" буд. 107/1",Odesa,2026-06-29,297.719248,19.0,18.0,8.0,1.0,3505.366666666667,3505.366666666667,5,58.42277777777778,58.42277777777778,100.0,44.44444444444444,5.263157894736842,EUR,7,297.719248,18.0,True
200408,"VARUS, пр. Гуляєва полковника ж.м. ""Дружний"" буд. 107/1",Odesa,2026-07-06,208.94417600000003,18.0,15.0,2.0,3.0,4907.016666666666,4907.016666666666,7,81.78361111111111,81.78361111111111,100.0,13.333333333333334,16.666666666666664,EUR,7,208.94417600000003,15.0,True
200408,"VARUS, пр. Гуляєва полковника ж.м. ""Дружний"" буд. 107/1",Odesa,2026-07-13,224.073127,16.0,14.0,2.0,2.0,4906.866666666667,4906.866666666667,7,81.78111111111112,81.78111111111112,100.0,14.285714285714285,12.5,EUR,7,224.073127,14.0,True
200408,"VARUS, пр. Гуляєва полковника ж.м. ""Дружний"" буд. 107/1",Odesa,2026-07-20,319.531806,19.0,19.0,5.0,0.0,4906.9,4906.9,7,81.78166666666667,81.78166666666667,100.0,26.31578947368421,0.0,EUR,7,319.531806,19.0,True
200408,"VARUS, пр. Гуляєва полковника ж.м. ""Дружний"" буд. 107/1",Odesa,2026-07-27,410.54102600000004,18.0,18.0,2.0,0.0,4907.716666666667,4907.716666666667,7,81.79527777777778,81.79527777777778,100.0,11.11111111111111,0.0,EUR,7,410.54102600000004,18.0,True
200408,"VARUS, пр. Гуляєва полковника ж.м. ""Дружний"" буд. 107/1",Odesa,2026-08-03,276.91475,20.0,18.0,3.0,2.0,4907.166666666667,4907.166666666667,7,81.78611111111111,81.78611111111111,100.0,16.666666666666664,10.0,EUR,7,276.91475,18.0,True
200408,"VARUS, пр. Гуляєва полковника ж.м. ""Дружний"" буд. 107/1",Odesa,2026-08-10,674.217711,46.0,42.0,7.0,4.0,4906.45,4906.45,7,81.77416666666666,81.77416666666666,100.0,16.666666666666664,8.695652173913043,EUR,7,674.217711,42.0,True
200408,"VARUS, пр. Гуляєва полковника ж.м. ""Дружний"" буд. 107/1",Odesa,2026-08-17,446.18035799999996,35.0,27.0,7.0,8.0,4906.35,4906.35,7,81.77250000000001,81.77250000000001,100.0,25.925925925925924,22.857142857142858,EUR,7,446.18035799999996,27.0,True
200408,"VARUS, пр. Гуляєва полковника ж.м. ""Дружний"" буд. 107/1",Odesa,2026-08-24,865.494722,59.0,51.0,9.0,8.0,4907.216666666667,4907.216666666667,7,81.78694444444446,81.78694444444446,100.0,17.647058823529413,13.559322033898304,EUR,7,865.494722,51.0,True
200408,"VARUS, пр. Гуляєва полковника ж.м. ""Дружний"" буд. 107/1",Odesa,2026-08-31,1037.60036,59.0,55.0,9.0,4.0,4907.7,4907.7,7,81.795,81.795,100.0,16.363636363636363,6.779661016949152,EUR,7,1037.60036,55.0,True
200408,"VARUS, пр. Гуляєва полковника ж.м. ""Дружний"" буд. 107/1",Odesa,2026-09-07,528.939827,41.0,37.0,5.0,4.0,4906.5,4906.5,7,81.775,81.775,100.0,13.513513513513514,9.75609756097561,EUR,7,528.939827,37.0,True
200408,"VARUS, пр. Гуляєва полковника ж.м. ""Дружний"" буд. 107/1",Odesa,2026-09-14,650.7853660000001,47.0,41.0,11.0,6.0,4717.35,4907.133333333333,7,78.6225,81.78555555555555,96.13250098496067,26.82926829268293,12.76595744680851,EUR,7,650.7853660000001,41.0,True
200408,"VARUS, пр. Гуляєва полковника ж.м. ""Дружний"" буд. 107/1",Odesa,2026-09-21,749.5666910000001,43.0,40.0,5.0,3.0,4906.966666666666,4906.966666666666,7,81.78277777777777,81.78277777777777,100.0,12.5,6.976744186046512,EUR,7,749.5666910000001,40.0,True
200408,"VARUS, пр. Гуляєва полковника ж.м. ""Дружний"" буд. 107/1",Odesa,2026-09-28,279.15343499999994,16.0,15.0,1.0,1.0,3687.1833333333334,4906.95,7,61.45305555555556,81.7825,75.14206041091379,6.666666666666667,6.25,EUR,7,279.15343499999994,15.0,True
200408,"VARUS, пр. Гуляєва полковника ж.м. ""Дружний"" буд. 107/1",Odesa,2026-10-05,383.578641,15.0,14.0,0.0,1.0,701.0,701.0,2,11.683333333333334,11.683333333333334,100.0,0.0,6.666666666666667,EUR,7,383.578641,14.0,True
4822490,"VARUS, вул. Таращанська 191а",Bila Tserkva,2026-08-24,0.0,0.0,0.0,0.0,0.0,1738.0,1738.0,3,28.966666666666665,28.966666666666665,100.0,,,EUR,7,0.0,0.0,True
4822490,"VARUS, вул. Таращанська 191а",Bila Tserkva,2026-08-31,0.0,12.0,0.0,0.0,12.0,2924.4,4907.7,7,48.74,81.795,59.58799437618437,,100.0,EUR,7,0.0,0.0,True
4822490,"VARUS, вул. Таращанська 191а",Bila Tserkva,2026-09-07,282.150912,19.0,17.0,4.0,2.0,4614.383333333333,4906.5,7,76.90638888888888,81.775,94.0463330955535,23.52941176470588,10.526315789473683,EUR,7,282.150912,17.0,True
4822490,"VARUS, вул. Таращанська 191а",Bila Tserkva,2026-09-14,371.78339800000003,35.0,33.0,2.0,2.0,4907.133333333333,4907.133333333333,7,81.78555555555555,81.78555555555555,100.0,6.0606060606060606,5.714285714285714,EUR,7,371.78339800000003,33.0,True
4822490,"VARUS, вул. Таращанська 191а",Bila Tserkva,2026-09-21,529.479661,37.0,37.0,7.0,0.0,4906.966666666666,4906.966666666666,7,81.78277777777777,81.78277777777777,100.0,18.91891891891892,0.0,EUR,7,529.479661,37.0,True
4822490,"VARUS, вул. Таращанська 191а",Bila Tserkva,2026-09-28,570.190123,40.0,39.0,2.0,1.0,4906.95,4906.95,7,81.7825,81.7825,100.0,5.128205128205128,2.5,EUR,7,570.190123,39.0,True
4822490,"VARUS, вул. Таращанська 191а",Bila Tserkva,2026-10-05,133.705465,9.0,9.0,2.0,0.0,701.0,701.0,2,11.683333333333334,11.683333333333334,100.0,22.22222222222222,0.0,EUR,7,133.705465,9.0,True
5212564,"VARUS, проспект Соборний, 128",Oleksandriia,2026-09-14,0.0,0.0,0.0,0.0,0.0,0.0,0.0,7,0.0,0.0,,,,EUR,7,0.0,0.0,True
5212564,"VARUS, проспект Соборний, 128",Oleksandriia,2026-09-21,371.72509299999996,35.0,32.0,2.0,3.0,4399.966666666666,4399.966666666666,7,73.33277777777776,73.33277777777776,100.0,6.25,8.571428571428571,EUR,7,371.72509299999996,32.0,True
5212564,"VARUS, проспект Соборний, 128",Oleksandriia,2026-09-28,617.584979,45.0,41.0,4.0,4.0,4906.95,4906.95,7,81.7825,81.7825,100.0,9.75609756097561,8.88888888888889,EUR,7,617.584979,41.0,True
5212564,"VARUS, проспект Соборний, 128",Oleksandriia,2026-10-05,298.768652,20.0,19.0,1.0,1.0,701.0,701.0,2,11.683333333333334,11.683333333333334,100.0,5.263157894736842,5.0,EUR,7,298.768652,19.0,True
862701,"VARUS, пр. Коцюбинського, 70",Vinnytsia,2026-06-29,300.71863399999995,23.0,18.0,4.0,5.0,2566.5333333333333,2609.8,5,42.775555555555556,43.49666666666667,98.34214626919048,22.22222222222222,21.73913043478261,EUR,7,300.71863399999995,18.0,True
862701,"VARUS, пр. Коцюбинського, 70",Vinnytsia,2026-07-06,2536.335183,183.0,172.0,15.0,11.0,4907.016666666666,4907.016666666666,7,81.78361111111111,81.78361111111111,100.0,8.720930232558139,6.0109289617486334,EUR,7,2536.335183,172.0,True
862701,"VARUS, пр. Коцюбинського, 70",Vinnytsia,2026-07-13,2572.3915039999997,168.0,159.0,16.0,9.0,4906.866666666667,4906.866666666667,7,81.78111111111112,81.78111111111112,100.0,10.062893081761008,5.357142857142857,EUR,7,2572.3915039999997,159.0,True
862701,"VARUS, пр. Коцюбинського, 70",Vinnytsia,2026-07-20,3003.734753,182.0,179.0,23.0,3.0,4906.9,4906.9,7,81.78166666666667,81.78166666666667,100.0,12.849162011173185,1.6483516483516485,EUR,7,3003.734753,179.0,True
862701,"VARUS, пр. Коцюбинського, 70",Vinnytsia,2026-07-27,2771.8056999999994,184.0,178.0,42.0,6.0,4907.716666666667,4907.716666666667,7,81.79527777777778,81.79527777777778,100.0,23.595505617977526,3.260869565217391,EUR,7,2771.8056999999994,178.0,True
862701,"VARUS, пр. Коцюбинського, 70",Vinnytsia,2026-08-03,2762.033866,214.0,196.0,38.0,18.0,4907.166666666667,4907.166666666667,7,81.78611111111111,81.78611111111111,100.0,19.387755102040817,8.411214953271028,EUR,7,2762.033866,196.0,True
862701,"VARUS, пр. Коцюбинського, 70",Vinnytsia,2026-08-10,7126.551184,554.0,485.0,83.0,69.0,4654.8,4906.45,7,77.58,81.77416666666666,94.87103710421995,17.11340206185567,12.454873646209386,EUR,7,7126.551184,485.0,True
862701,"VARUS, пр. Коцюбинського, 70",Vinnytsia,2026-08-17,3324.93664,260.0,248.0,37.0,12.0,4906.35,4906.35,7,81.77250000000001,81.77250000000001,100.0,14.919354838709678,4.615384615384616,EUR,7,3324.93664,248.0,True
862701,"VARUS, пр. Коцюбинського, 70",Vinnytsia,2026-08-24,2418.0053150000003,195.0,169.0,24.0,26.0,3239.3166666666666,4907.216666666667,7,53.98861111111111,81.78694444444446,66.01128270268617,14.201183431952662,13.333333333333334,EUR,7,2418.0053150000003,169.0,True
862701,"VARUS, пр. Коцюбинського, 70",Vinnytsia,2026-08-31,2614.3770120000004,188.0,161.0,16.0,27.0,3955.8333333333335,4907.7,7,65.93055555555556,81.795,80.60462810141887,9.937888198757763,14.361702127659576,EUR,7,2614.3770120000004,161.0,True
862701,"VARUS, пр. Коцюбинського, 70",Vinnytsia,2026-09-07,2682.684877,217.0,187.0,25.0,30.0,4453.533333333334,4906.5,7,74.22555555555556,81.775,90.76802880532627,13.368983957219251,13.82488479262673,EUR,7,2682.684877,187.0,True
862701,"VARUS, пр. Коцюбинського, 70",Vinnytsia,2026-09-14,2813.980536,198.0,187.0,27.0,11.0,4730.716666666667,4907.133333333333,7,78.84527777777778,81.78555555555555,96.40489355631938,14.43850267379679,5.555555555555555,EUR,7,2813.980536,187.0,True
862701,"VARUS, пр. Коцюбинського, 70",Vinnytsia,2026-09-21,2622.987012,203.0,181.0,26.0,22.0,4906.966666666666,4906.966666666666,7,81.78277777777777,81.78277777777777,100.0,14.3646408839779,10.83743842364532,EUR,7,2622.987012,181.0,True
862701,"VARUS, пр. Коцюбинського, 70",Vinnytsia,2026-09-28,2267.064269,184.0,163.0,21.0,21.0,4701.849967447916,4906.95,7,78.36416612413194,81.7825,95.82021352261417,12.883435582822086,11.41304347826087,EUR,7,2267.064269,163.0,True
862701,"VARUS, пр. Коцюбинського, 70",Vinnytsia,2026-10-05,846.330837,63.0,58.0,7.0,5.0,701.0,701.0,2,11.683333333333334,11.683333333333334,100.0,12.068965517241379,7.936507936507936,EUR,7,846.330837,58.0,True
